	Total of years	Total of years	Total of years	Total of years	Previous years	Previous years	Previous years	Previous years	2025	2025	2025	2025	2026	2026	2026	2026	2027	2027	2027	2027	2028 and Following	2028 and Following	2028 and Following	2028 and Following	Overall values	Overall values	Overall values	Overall values
Object	Plan	Actual	Variance	Var %	Plan	Actual	Variance	Var %	Plan	Actual	Variance	Var %	Plan	Actual	Variance	Var %	Plan	Actual	Variance	Var %	Plan	Actual	Variance	Var %	Plan	Actual	Variance	Var %
5   PRJ NL-N-TS2-002               TPS-II LEP Stage I &	         6843837475	         3191671109	         3652166366	               53.4	         2855912771	         2811734034	           44178737	                1.5	         3987924704	          379937075	         3607987629	               90.5	                  0	                  0	                  0	                  0	                  0	                  0	                  0	                  0	                  0	                  0	                  0	                  0	         6843837475	         3191671109	         3652166366	               53.4
4   WBS NL-N-TS2-002               TPS-II LEP Stage I &	         6843837475	         3191671109	         3652166366	               53.4	         2855912771	         2811734034	           44178737	                1.5	         3987924704	          379937075	         3607987629	               90.5	                  0	                  0	                  0	                  0	                  0	                  0	                  0	                  0	                  0	                  0	                  0	                  0	         6843837475	         3191671109	         3652166366	               53.4
    WBS NL-N-TS2-002-01            AHS	           71879932	           58360649	           13519283	               18.8	           51879932	           57148332	           -5268400	              -10.2	           20000000	            1212316	           18787684	               93.9	                  0	                  0	                  0	                  0	                  0	                  0	                  0	                  0	                  0	                  0	                  0	                  0	           71879932	           58360649	           13519283	               18.8
    WBS NL-N-TS2-002-01-01         ESP-UNIT-2	           71879932	           22310265	           49569667	               69.0	           51879932	           22310265	           29569667	               57.0	           20000000	                  0	           20000000	              100.0	                  0	                  0	                  0	                  0	                  0	                  0	                  0	                  0	                  0	                  0	                  0	                  0	           71879932	           22310265	           49569667	               69.0
    WBS NL-N-TS2-002-01-03         CS Seamless pipe siz	                  0	           11361324	          -11361324	                  0	                  0	           11361324	          -11361324	                  0	                  0	                  0	                  0	                  0	                  0	                  0	                  0	                  0	                  0	                  0	                  0	                  0	                  0	                  0	                  0	                  0	                  0	           11361324	          -11361324	                  0
    WBS NL-N-TS2-002-01-04         Purchase of ceramic	                  0	            2150545	           -2150545	                  0	                  0	            2150545	           -2150545	                  0	                  0	                  0	                  0	                  0	                  0	                  0	                  0	                  0	                  0	                  0	                  0	                  0	                  0	                  0	                  0	                  0	                  0	            2150545	           -2150545	                  0
    WBS NL-N-TS2-002-01-06         Air BLOCK 1ST STAGE	                  0	            8979800	           -8979800	                  0	                  0	            8979800	           -8979800	                  0	                  0	                  0	                  0	                  0	                  0	                  0	                  0	                  0	                  0	                  0	                  0	                  0	                  0	                  0	                  0	                  0	                  0	            8979800	           -8979800	                  0
    WBS NL-N-TS2-002-01-08         Air Block 1st &2nd s	                  0	            8920800	           -8920800	                  0	                  0	            8920800	           -8920800	                  0	                  0	                  0	                  0	                  0	                  0	                  0	                  0	                  0	                  0	                  0	                  0	                  0	                  0	                  0	                  0	                  0	                  0	            8920800	           -8920800	                  0
    WBS NL-N-TS2-002-01-09         Purchase of Ash inle	                  0	            3425599	           -3425599	                  0	                  0	            3425599	           -3425599	                  0	                  0	                  0	                  0	                  0	                  0	                  0	                  0	                  0	                  0	                  0	                  0	                  0	                  0	                  0	                  0	                  0	                  0	            3425599	           -3425599	                  0
    WBS NL-N-TS2-002-01-10         Purchase of ceramic	                  0	            1212316	           -1212316	                  0	                  0	                  0	                  0	                  0	                  0	            1212316	           -1212316	                  0	                  0	                  0	                  0	                  0	                  0	                  0	                  0	                  0	                  0	                  0	                  0	                  0	                  0	            1212316	           -1212316	                  0
    WBS NL-N-TS2-002-02            CIVIL	          390368961	          269143337	          121225624	               31.1	          258368961	          200652881	           57716080	               22.3	          132000000	           68490456	           63509544	               48.1	                  0	                  0	                  0	                  0	                  0	                  0	                  0	                  0	                  0	                  0	                  0	                  0	          390368961	          269143337	          121225624	               31.1
    WBS NL-N-TS2-002-02-01         Rehabilitation works	          390368961	                  0	          390368961	              100.0	          258368961	                  0	          258368961	              100.0	          132000000	                  0	          132000000	              100.0	                  0	                  0	                  0	                  0	                  0	                  0	                  0	                  0	                  0	                  0	                  0	                  0	          390368961	                  0	          390368961	              100.0
    WBS NL-N-TS2-002-02-02         Rehabilitation works	                  0	           18780349	          -18780349	                  0	                  0	           18780349	          -18780349	                  0	                  0	                  0	                  0	                  0	                  0	                  0	                  0	                  0	                  0	                  0	                  0	                  0	                  0	                  0	                  0	                  0	                  0	           18780349	          -18780349	                  0
    WBS NL-N-TS2-002-02-05         Water  Proofing work	                  0	            6281603	           -6281603	                  0	                  0	            6281603	           -6281603	                  0	                  0	                  0	                  0	                  0	                  0	                  0	                  0	                  0	                  0	                  0	                  0	                  0	                  0	                  0	                  0	                  0	                  0	            6281603	           -6281603	                  0
    WBS NL-N-TS2-002-02-06         Paver block pavement	                  0	            6082931	           -6082931	                  0	                  0	            6082931	           -6082931	                  0	                  0	                  0	                  0	                  0	                  0	                  0	                  0	                  0	                  0	                  0	                  0	                  0	                  0	                  0	                  0	                  0	                  0	            6082931	           -6082931	                  0
    WBS NL-N-TS2-002-02-07         Rehabilitation works	                  0	           20680612	          -20680612	                  0	                  0	           20680612	          -20680612	                  0	                  0	                  0	                  0	                  0	                  0	                  0	                  0	                  0	                  0	                  0	                  0	                  0	                  0	                  0	                  0	                  0	                  0	           20680612	          -20680612	                  0
    WBS NL-N-TS2-002-02-09         Roof& cladding to JT	                  0	            3186642	           -3186642	                  0	                  0	            3186642	           -3186642	                  0	                  0	                  0	                  0	                  0	                  0	                  0	                  0	                  0	                  0	                  0	                  0	                  0	                  0	                  0	                  0	                  0	                  0	            3186642	           -3186642	                  0
    WBS NL-N-TS2-002-02-10         Painting of  Boiler	                  0	            1283419	           -1283419	                  0	                  0	            1283419	           -1283419	                  0	                  0	                  0	                  0	                  0	                  0	                  0	                  0	                  0	                  0	                  0	                  0	                  0	                  0	                  0	                  0	                  0	                  0	            1283419	           -1283419	                  0
    WBS NL-N-TS2-002-02-11         Repair& painting of	                  0	            3896421	           -3896421	                  0	                  0	            3896421	           -3896421	                  0	                  0	                  0	                  0	                  0	                  0	                  0	                  0	                  0	                  0	                  0	                  0	                  0	                  0	                  0	                  0	                  0	                  0	            3896421	           -3896421	                  0
    WBS NL-N-TS2-002-02-12         Coat over existing b	                  0	            1813727	           -1813727	                  0	                  0	            1813727	           -1813727	                  0	                  0	                  0	                  0	                  0	                  0	                  0	                  0	                  0	                  0	                  0	                  0	                  0	                  0	                  0	                  0	                  0	                  0	            1813727	           -1813727	                  0
    WBS NL-N-TS2-002-02-13         Providing golvelume	                  0	            1517071	           -1517071	                  0	                  0	            1517071	           -1517071	                  0	                  0	                  0	                  0	                  0	                  0	                  0	                  0	                  0	                  0	                  0	                  0	                  0	                  0	                  0	                  0	                  0	                  0	            1517071	           -1517071	                  0
    WBS NL-N-TS2-002-02-17         Restoration  sheets	                  0	           12373433	          -12373433	                  0	                  0	           12373433	          -12373433	                  0	                  0	                  0	                  0	                  0	                  0	                  0	                  0	                  0	                  0	                  0	                  0	                  0	                  0	                  0	                  0	                  0	                  0	           12373433	          -12373433	                  0
    WBS NL-N-TS2-002-02-18         Restoration sheet  B	                  0	           12685552	          -12685552	                  0	                  0	           12685552	          -12685552	                  0	                  0	                  0	                  0	                  0	                  0	                  0	                  0	                  0	                  0	                  0	                  0	                  0	                  0	                  0	                  0	                  0	                  0	           12685552	          -12685552	                  0
    WBS NL-N-TS2-002-02-21         Installation&Commiss	                  0	            7944114	           -7944114	                  0	                  0	            7944114	           -7944114	                  0	                  0	                  0	                  0	                  0	                  0	                  0	                  0	                  0	                  0	                  0	                  0	                  0	                  0	                  0	                  0	                  0	                  0	            7944114	           -7944114	                  0
    WBS NL-N-TS2-002-02-22         Upgraditaion of Weig	                  0	             430496	            -430496	                  0	                  0	             430496	            -430496	                  0	                  0	                  0	                  0	                  0	                  0	                  0	                  0	                  0	                  0	                  0	                  0	                  0	                  0	                  0	                  0	                  0	                  0	             430496	            -430496	                  0
    WBS NL-N-TS2-002-02-24         Retrofit outside pla	                  0	           18928675	          -18928675	                  0	                  0	           18928675	          -18928675	                  0	                  0	                  0	                  0	                  0	                  0	                  0	                  0	                  0	                  0	                  0	                  0	                  0	                  0	                  0	                  0	                  0	                  0	           18928675	          -18928675	                  0
    WBS NL-N-TS2-002-02-25         Laterite Platform fo	                  0	            8065283	           -8065283	                  0	                  0	            8065283	           -8065283	                  0	                  0	                  0	                  0	                  0	                  0	                  0	                  0	                  0	                  0	                  0	                  0	                  0	                  0	                  0	                  0	                  0	                  0	            8065283	           -8065283	                  0
    WBS NL-N-TS2-002-02-26         Civil & Structural w	                  0	            1619422	           -1619422	                  0	                  0	            1619422	           -1619422	                  0	                  0	                  0	                  0	                  0	                  0	                  0	                  0	                  0	                  0	                  0	                  0	                  0	                  0	                  0	                  0	                  0	                  0	            1619422	           -1619422	                  0
    WBS NL-N-TS2-002-02-27         Cover Shed for ESP T	                  0	            1692146	           -1692146	                  0	                  0	            1692146	           -1692146	                  0	                  0	                  0	                  0	                  0	                  0	                  0	                  0	                  0	                  0	                  0	                  0	                  0	                  0	                  0	                  0	                  0	                  0	            1692146	           -1692146	                  0
    WBS NL-N-TS2-002-02-28         Unit-5 Lift enclose	                  0	            2520119	           -2520119	                  0	                  0	            2520119	           -2520119	                  0	                  0	                  0	                  0	                  0	                  0	                  0	                  0	                  0	                  0	                  0	                  0	                  0	                  0	                  0	                  0	                  0	                  0	            2520119	           -2520119	                  0
    WBS NL-N-TS2-002-02-30         Repair of J-Row Wall	                  0	             840521	            -840521	                  0	                  0	             840521	            -840521	                  0	                  0	                  0	                  0	                  0	                  0	                  0	                  0	                  0	                  0	                  0	                  0	                  0	                  0	                  0	                  0	                  0	                  0	             840521	            -840521	                  0
    WBS NL-N-TS2-002-02-33         Modification of Powe	                  0	             383179	            -383179	                  0	                  0	             383179	            -383179	                  0	                  0	                  0	                  0	                  0	                  0	                  0	                  0	                  0	                  0	                  0	                  0	                  0	                  0	                  0	                  0	                  0	                  0	             383179	            -383179	                  0
    WBS NL-N-TS2-002-02-34         REPAIR OF LHS TRACKS	                  0	           22496838	          -22496838	                  0	                  0	           10778164	          -10778164	                  0	                  0	           11718674	          -11718674	                  0	                  0	                  0	                  0	                  0	                  0	                  0	                  0	                  0	                  0	                  0	                  0	                  0	                  0	           22496838	          -22496838	                  0
    WBS NL-N-TS2-002-02-35         Manu.&supply of slee	                  0	            7107621	           -7107621	                  0	                  0	            7107621	           -7107621	                  0	                  0	                  0	                  0	                  0	                  0	                  0	                  0	                  0	                  0	                  0	                  0	                  0	                  0	                  0	                  0	                  0	                  0	            7107621	           -7107621	                  0
    WBS NL-N-TS2-002-02-38         Formation of new WBM	                  0	           25595496	          -25595496	                  0	                  0	           11577802	          -11577802	                  0	                  0	           14017694	          -14017694	                  0	                  0	                  0	                  0	                  0	                  0	                  0	                  0	                  0	                  0	                  0	                  0	                  0	                  0	           25595496	          -25595496	                  0
    WBS NL-N-TS2-002-02-39         IMPROVE  BT ROAD TO	                  0	           37674704	          -37674704	                  0	                  0	           37674704	          -37674704	                  0	                  0	                  0	                  0	                  0	                  0	                  0	                  0	                  0	                  0	                  0	                  0	                  0	                  0	                  0	                  0	                  0	                  0	           37674704	          -37674704	                  0
    WBS NL-N-TS2-002-02-40         WIDEN EXISTING OUTER	                  0	            8767833	           -8767833	                  0	                  0	            2508874	           -2508874	                  0	                  0	            6258959	           -6258959	                  0	                  0	                  0	                  0	                  0	                  0	                  0	                  0	                  0	                  0	                  0	                  0	                  0	                  0	            8767833	           -8767833	                  0
    WBS NL-N-TS2-002-02-42         galvaume sheets-LHS	                  0	            8524381	           -8524381	                  0	                  0	                  0	                  0	                  0	                  0	            8524381	           -8524381	                  0	                  0	                  0	                  0	                  0	                  0	                  0	                  0	                  0	                  0	                  0	                  0	                  0	                  0	            8524381	           -8524381	                  0
    WBS NL-N-TS2-002-02-43         galvaume sheets-7AB	                  0	            4447549	           -4447549	                  0	                  0	                  0	                  0	                  0	                  0	            4447549	           -4447549	                  0	                  0	                  0	                  0	                  0	                  0	                  0	                  0	                  0	                  0	                  0	                  0	                  0	                  0	            4447549	           -4447549	                  0
    WBS NL-N-TS2-002-02-49         REPAIR REHABILITA CO	                  0	           23523198	          -23523198	                  0	                  0	                  0	                  0	                  0	                  0	           23523198	          -23523198	                  0	                  0	                  0	                  0	                  0	                  0	                  0	                  0	                  0	                  0	                  0	                  0	                  0	                  0	           23523198	          -23523198	                  0
    WBS NL-N-TS2-002-03            ELECTRICAL O & S	            5600330	           42721890	          -37121560	             -662.8	            5600330	           31970221	          -26369891	             -470.9	                  0	           10751668	          -10751668	                  0	                  0	                  0	                  0	                  0	                  0	                  0	                  0	                  0	                  0	                  0	                  0	                  0	            5600330	           42721890	          -37121560	             -662.8
    WBS NL-N-TS2-002-03-01         Retrofit of relay fo	            5600330	                  0	            5600330	              100.0	            5600330	                  0	            5600330	              100.0	                  0	                  0	                  0	                  0	                  0	                  0	                  0	                  0	                  0	                  0	                  0	                  0	                  0	                  0	                  0	                  0	            5600330	                  0	            5600330	              100.0
    WBS NL-N-TS2-002-03-02         Battery charger 220V	                  0	            4476240	           -4476240	                  0	                  0	            4476240	           -4476240	                  0	                  0	                  0	                  0	                  0	                  0	                  0	                  0	                  0	                  0	                  0	                  0	                  0	                  0	                  0	                  0	                  0	                  0	            4476240	           -4476240	                  0
    WBS NL-N-TS2-002-03-03         Replace  1180AH cap	                  0	           18489989	          -18489989	                  0	                  0	           18489989	          -18489989	                  0	                  0	                  0	                  0	                  0	                  0	                  0	                  0	                  0	                  0	                  0	                  0	                  0	                  0	                  0	                  0	                  0	                  0	           18489989	          -18489989	                  0
    WBS NL-N-TS2-002-03-04         Replace 1285AH cap b	                  0	            6552406	           -6552406	                  0	                  0	            6552406	           -6552406	                  0	                  0	                  0	                  0	                  0	                  0	                  0	                  0	                  0	                  0	                  0	                  0	                  0	                  0	                  0	                  0	                  0	                  0	            6552406	           -6552406	                  0
    WBS NL-N-TS2-002-03-14         48V Thyrister based	                  0	             325000	            -325000	                  0	                  0	             325000	            -325000	                  0	                  0	                  0	                  0	                  0	                  0	                  0	                  0	                  0	                  0	                  0	                  0	                  0	                  0	                  0	                  0	                  0	                  0	             325000	            -325000	                  0
    WBS NL-N-TS2-002-03-21         Control cable 4 core	                  0	             730708	            -730708	                  0	                  0	             730708	            -730708	                  0	                  0	                  0	                  0	                  0	                  0	                  0	                  0	                  0	                  0	                  0	                  0	                  0	                  0	                  0	                  0	                  0	                  0	             730708	            -730708	                  0
    WBS NL-N-TS2-002-03-22         Battery Operated pla	                  0	             719080	            -719080	                  0	                  0	             719080	            -719080	                  0	                  0	                  0	                  0	                  0	                  0	                  0	                  0	                  0	                  0	                  0	                  0	                  0	                  0	                  0	                  0	                  0	                  0	             719080	            -719080	                  0
    WBS NL-N-TS2-002-03-23         1.1kV FRLS-Cu cable	                  0	             561081	            -561081	                  0	                  0	             561081	            -561081	                  0	                  0	                  0	                  0	                  0	                  0	                  0	                  0	                  0	                  0	                  0	                  0	                  0	                  0	                  0	                  0	                  0	                  0	             561081	            -561081	                  0
    WBS NL-N-TS2-002-03-24         1.1 KV FRLS Cu Cable	                  0	            1065668	           -1065668	                  0	                  0	                  0	                  0	                  0	                  0	            1065668	           -1065668	                  0	                  0	                  0	                  0	                  0	                  0	                  0	                  0	                  0	                  0	                  0	                  0	                  0	                  0	            1065668	           -1065668	                  0
    WBS NL-N-TS2-002-03-25         Instrument Air Compr	                  0	             686000	            -686000	                  0	                  0	                  0	                  0	                  0	                  0	             686000	            -686000	                  0	                  0	                  0	                  0	                  0	                  0	                  0	                  0	                  0	                  0	                  0	                  0	                  0	                  0	             686000	            -686000	                  0
    WBS NL-N-TS2-002-03-27         Clamp Meter	                  0	             115718	            -115718	                  0	                  0	             115718	            -115718	                  0	                  0	                  0	                  0	                  0	                  0	                  0	                  0	                  0	                  0	                  0	                  0	                  0	                  0	                  0	                  0	                  0	                  0	             115718	            -115718	                  0
    WBS NL-N-TS2-002-03-29         Electronic controlle	                  0	            9000000	           -9000000	                  0	                  0	                  0	                  0	                  0	                  0	            9000000	           -9000000	                  0	                  0	                  0	                  0	                  0	                  0	                  0	                  0	                  0	                  0	                  0	                  0	                  0	                  0	            9000000	           -9000000	                  0
    WBS NL-N-TS2-002-04            ELECTRICAL MAINTENAN	         1431821491	          753362108	          678459383	               47.4	          996566787	          683541907	          313024880	               31.4	          435254704	           69820201	          365434503	               84.0	                  0	                  0	                  0	                  0	                  0	                  0	                  0	                  0	                  0	                  0	                  0	                  0	         1431821491	          753362108	          678459383	               47.4
    WBS NL-N-TS2-002-04-01         LHS CONTROLS	          701072073	           15941739	          685130334	               97.7	          265817369	           15941739	          249875630	               94.0	          435254704	                  0	          435254704	              100.0	                  0	                  0	                  0	                  0	                  0	                  0	                  0	                  0	                  0	                  0	                  0	                  0	          701072073	           15941739	          685130334	               97.7
    WBS NL-N-TS2-002-04-01-01       Bunker Level Transm	          701072073	                  0	          701072073	              100.0	          265817369	                  0	          265817369	              100.0	          435254704	                  0	          435254704	              100.0	                  0	                  0	                  0	                  0	                  0	                  0	                  0	                  0	                  0	                  0	                  0	                  0	          701072073	                  0	          701072073	              100.0
    WBS NL-N-TS2-002-04-01-02       Bunker Level Transm	                  0	            5130640	           -5130640	                  0	                  0	            5130640	           -5130640	                  0	                  0	                  0	                  0	                  0	                  0	                  0	                  0	                  0	                  0	                  0	                  0	                  0	                  0	                  0	                  0	                  0	                  0	            5130640	           -5130640	                  0
    WBS NL-N-TS2-002-04-01-04      HMI Hardware Worksta	                  0	             700500	            -700500	                  0	                  0	             700500	            -700500	                  0	                  0	                  0	                  0	                  0	                  0	                  0	                  0	                  0	                  0	                  0	                  0	                  0	                  0	                  0	                  0	                  0	                  0	             700500	            -700500	                  0
    WBS NL-N-TS2-002-04-01-13      Procurement of Magne	                  0	            9192000	           -9192000	                  0	                  0	            9192000	           -9192000	                  0	                  0	                  0	                  0	                  0	                  0	                  0	                  0	                  0	                  0	                  0	                  0	                  0	                  0	                  0	                  0	                  0	                  0	            9192000	           -9192000	                  0
    WBS NL-N-TS2-002-04-01-15      Linear Heat Sensing	                  0	             851240	            -851240	                  0	                  0	             851240	            -851240	                  0	                  0	                  0	                  0	                  0	                  0	                  0	                  0	                  0	                  0	                  0	                  0	                  0	                  0	                  0	                  0	                  0	                  0	             851240	            -851240	                  0
    WBS NL-N-TS2-002-04-01-16      Rotex 2/2 Direct Act	                  0	              67360	             -67360	                  0	                  0	              67360	             -67360	                  0	                  0	                  0	                  0	                  0	                  0	                  0	                  0	                  0	                  0	                  0	                  0	                  0	                  0	                  0	                  0	                  0	                  0	              67360	             -67360	                  0
    WBS NL-N-TS2-002-04-02         ESP CONTROLS	                  0	           20276249	          -20276249	                  0	                  0	           20276249	          -20276249	                  0	                  0	                  0	                  0	                  0	                  0	                  0	                  0	                  0	                  0	                  0	                  0	                  0	                  0	                  0	                  0	                  0	                  0	           20276249	          -20276249	                  0
    WBS NL-N-TS2-002-04-02-01       Boiler Lift-5 & 6	                  0	           14573000	          -14573000	                  0	                  0	           14573000	          -14573000	                  0	                  0	                  0	                  0	                  0	                  0	                  0	                  0	                  0	                  0	                  0	                  0	                  0	                  0	                  0	                  0	                  0	                  0	           14573000	          -14573000	                  0
    WBS NL-N-TS2-002-04-02-04      Boiler lift- 2,4 & 7	                  0	            2060705	           -2060705	                  0	                  0	            2060705	           -2060705	                  0	                  0	                  0	                  0	                  0	                  0	                  0	                  0	                  0	                  0	                  0	                  0	                  0	                  0	                  0	                  0	                  0	                  0	            2060705	           -2060705	                  0
    WBS NL-N-TS2-002-04-02-07      Supply,Erection&Comm	                  0	            1400000	           -1400000	                  0	                  0	            1400000	           -1400000	                  0	                  0	                  0	                  0	                  0	                  0	                  0	                  0	                  0	                  0	                  0	                  0	                  0	                  0	                  0	                  0	                  0	                  0	            1400000	           -1400000	                  0
    WBS NL-N-TS2-002-04-02-08      Retrofitting of Unit	                  0	            1112567	           -1112567	                  0	                  0	            1112567	           -1112567	                  0	                  0	                  0	                  0	                  0	                  0	                  0	                  0	                  0	                  0	                  0	                  0	                  0	                  0	                  0	                  0	                  0	                  0	            1112567	           -1112567	                  0
    WBS NL-N-TS2-002-04-02-09      Procurement and inst	                  0	            1129977	           -1129977	                  0	                  0	            1129977	           -1129977	                  0	                  0	                  0	                  0	                  0	                  0	                  0	                  0	                  0	                  0	                  0	                  0	                  0	                  0	                  0	                  0	                  0	                  0	            1129977	           -1129977	                  0
    WBS NL-N-TS2-002-04-03         ELECTRICAL MAINTENAN	          479249418	          322956717	          156292701	               32.6	          479249418	          319198138	          160051280	               33.4	                  0	            3758579	           -3758579	                  0	                  0	                  0	                  0	                  0	                  0	                  0	                  0	                  0	                  0	                  0	                  0	                  0	          479249418	          322956717	          156292701	               32.6
    WBS NL-N-TS2-002-04-03-01      ESP Hoist for stage	          479249418	                  0	          479249418	              100.0	          479249418	                  0	          479249418	              100.0	                  0	                  0	                  0	                  0	                  0	                  0	                  0	                  0	                  0	                  0	                  0	                  0	                  0	                  0	                  0	                  0	          479249418	                  0	          479249418	              100.0
    WBS NL-N-TS2-002-04-03-09      Retrofitting of 6.6K	                  0	           11581426	          -11581426	                  0	                  0	           11581426	          -11581426	                  0	                  0	                  0	                  0	                  0	                  0	                  0	                  0	                  0	                  0	                  0	                  0	                  0	                  0	                  0	                  0	                  0	                  0	           11581426	          -11581426	                  0
    WBS NL-N-TS2-002-04-03-11      GENERATOR STATOR END	                  0	            6826717	           -6826717	                  0	                  0	            6826717	           -6826717	                  0	                  0	                  0	                  0	                  0	                  0	                  0	                  0	                  0	                  0	                  0	                  0	                  0	                  0	                  0	                  0	                  0	                  0	            6826717	           -6826717	                  0
    WBS NL-N-TS2-002-04-03-12      OIP 400 KV Bushing -	                  0	            4311175	           -4311175	                  0	                  0	            4311175	           -4311175	                  0	                  0	                  0	                  0	                  0	                  0	                  0	                  0	                  0	                  0	                  0	                  0	                  0	                  0	                  0	                  0	                  0	                  0	            4311175	           -4311175	                  0
    WBS NL-N-TS2-002-04-03-13      LVBushing for Stage-	                  0	            1947000	           -1947000	                  0	                  0	            1947000	           -1947000	                  0	                  0	                  0	                  0	                  0	                  0	                  0	                  0	                  0	                  0	                  0	                  0	                  0	                  0	                  0	                  0	                  0	                  0	            1947000	           -1947000	                  0
    WBS NL-N-TS2-002-04-03-14      LV Bushing for Stage	                  0	             251234	            -251234	                  0	                  0	             251234	            -251234	                  0	                  0	                  0	                  0	                  0	                  0	                  0	                  0	                  0	                  0	                  0	                  0	                  0	                  0	                  0	                  0	                  0	                  0	             251234	            -251234	                  0
    WBS NL-N-TS2-002-04-03-15      LV Bushing for Stage	                  0	            2920500	           -2920500	                  0	                  0	            2920500	           -2920500	                  0	                  0	                  0	                  0	                  0	                  0	                  0	                  0	                  0	                  0	                  0	                  0	                  0	                  0	                  0	                  0	                  0	                  0	            2920500	           -2920500	                  0
    WBS NL-N-TS2-002-04-03-16      LV Bushing for Stage	                  0	             502468	            -502468	                  0	                  0	             502468	            -502468	                  0	                  0	                  0	                  0	                  0	                  0	                  0	                  0	                  0	                  0	                  0	                  0	                  0	                  0	                  0	                  0	                  0	                  0	             502468	            -502468	                  0
    WBS NL-N-TS2-002-04-03-17      Oil Pump for stage-1	                  0	             389400	            -389400	                  0	                  0	             389400	            -389400	                  0	                  0	                  0	                  0	                  0	                  0	                  0	                  0	                  0	                  0	                  0	                  0	                  0	                  0	                  0	                  0	                  0	                  0	             389400	            -389400	                  0
    WBS NL-N-TS2-002-04-03-18      Oil Pump for stage-2	                  0	             389400	            -389400	                  0	                  0	             389400	            -389400	                  0	                  0	                  0	                  0	                  0	                  0	                  0	                  0	                  0	                  0	                  0	                  0	                  0	                  0	                  0	                  0	                  0	                  0	             389400	            -389400	                  0
    WBS NL-N-TS2-002-04-03-19      160 KVA LDB Transfor	                  0	            1402290	           -1402290	                  0	                  0	            1402290	           -1402290	                  0	                  0	                  0	                  0	                  0	                  0	                  0	                  0	                  0	                  0	                  0	                  0	                  0	                  0	                  0	                  0	                  0	                  0	            1402290	           -1402290	                  0
    WBS NL-N-TS2-002-04-03-21      Retrofitting of Tadi	                  0	            2400000	           -2400000	                  0	                  0	            2400000	           -2400000	                  0	                  0	                  0	                  0	                  0	                  0	                  0	                  0	                  0	                  0	                  0	                  0	                  0	                  0	                  0	                  0	                  0	                  0	            2400000	           -2400000	                  0
    WBS NL-N-TS2-002-04-03-22      Purchase of 12 KV,25	                  0	            3841473	           -3841473	                  0	                  0	            3841473	           -3841473	                  0	                  0	                  0	                  0	                  0	                  0	                  0	                  0	                  0	                  0	                  0	                  0	                  0	                  0	                  0	                  0	                  0	                  0	            3841473	           -3841473	                  0
    WBS NL-N-TS2-002-04-03-23      Generator Seal Rings	                  0	            1517272	           -1517272	                  0	                  0	            1517272	           -1517272	                  0	                  0	                  0	                  0	                  0	                  0	                  0	                  0	                  0	                  0	                  0	                  0	                  0	                  0	                  0	                  0	                  0	                  0	            1517272	           -1517272	                  0
    WBS NL-N-TS2-002-04-03-24      100KVA LTG Transform	                  0	             423738	            -423738	                  0	                  0	             423738	            -423738	                  0	                  0	                  0	                  0	                  0	                  0	                  0	                  0	                  0	                  0	                  0	                  0	                  0	                  0	                  0	                  0	                  0	                  0	             423738	            -423738	                  0
    WBS NL-N-TS2-002-04-03-25      400KVA Bore Well Tra	                  0	             472000	            -472000	                  0	                  0	             472000	            -472000	                  0	                  0	                  0	                  0	                  0	                  0	                  0	                  0	                  0	                  0	                  0	                  0	                  0	                  0	                  0	                  0	                  0	                  0	             472000	            -472000	                  0
    WBS NL-N-TS2-002-04-03-26      Field over voltage c	                  0	             325385	            -325385	                  0	                  0	             325385	            -325385	                  0	                  0	                  0	                  0	                  0	                  0	                  0	                  0	                  0	                  0	                  0	                  0	                  0	                  0	                  0	                  0	                  0	                  0	             325385	            -325385	                  0
    WBS NL-N-TS2-002-04-03-27      Differential Pressur	                  0	            3581660	           -3581660	                  0	                  0	            3581660	           -3581660	                  0	                  0	                  0	                  0	                  0	                  0	                  0	                  0	                  0	                  0	                  0	                  0	                  0	                  0	                  0	                  0	                  0	                  0	            3581660	           -3581660	                  0
    WBS NL-N-TS2-002-04-03-28      Radio Remote Control	                  0	             304464	            -304464	                  0	                  0	             304464	            -304464	                  0	                  0	                  0	                  0	                  0	                  0	                  0	                  0	                  0	                  0	                  0	                  0	                  0	                  0	                  0	                  0	                  0	                  0	             304464	            -304464	                  0
    WBS NL-N-TS2-002-04-03-29      Dielectric Coating a	                  0	            1688344	           -1688344	                  0	                  0	            1688344	           -1688344	                  0	                  0	                  0	                  0	                  0	                  0	                  0	                  0	                  0	                  0	                  0	                  0	                  0	                  0	                  0	                  0	                  0	                  0	            1688344	           -1688344	                  0
    WBS NL-N-TS2-002-04-03-30      Carbon brush holder	                  0	            2041927	           -2041927	                  0	                  0	            2041927	           -2041927	                  0	                  0	                  0	                  0	                  0	                  0	                  0	                  0	                  0	                  0	                  0	                  0	                  0	                  0	                  0	                  0	                  0	                  0	            2041927	           -2041927	                  0
    WBS NL-N-TS2-002-04-03-32      AC Drive suitable fo	                  0	            1716500	           -1716500	                  0	                  0	            1716500	           -1716500	                  0	                  0	                  0	                  0	                  0	                  0	                  0	                  0	                  0	                  0	                  0	                  0	                  0	                  0	                  0	                  0	                  0	                  0	            1716500	           -1716500	                  0
    WBS NL-N-TS2-002-04-03-33      Erection & Commissio	                  0	             525100	            -525100	                  0	                  0	             525100	            -525100	                  0	                  0	                  0	                  0	                  0	                  0	                  0	                  0	                  0	                  0	                  0	                  0	                  0	                  0	                  0	                  0	                  0	                  0	             525100	            -525100	                  0
    WBS NL-N-TS2-002-04-03-34      Complete Overhauling	                  0	             222548	            -222548	                  0	                  0	             222548	            -222548	                  0	                  0	                  0	                  0	                  0	                  0	                  0	                  0	                  0	                  0	                  0	                  0	                  0	                  0	                  0	                  0	                  0	                  0	             222548	            -222548	                  0
    WBS NL-N-TS2-002-04-03-36      Rectification of NGR	                  0	             283200	            -283200	                  0	                  0	             283200	            -283200	                  0	                  0	                  0	                  0	                  0	                  0	                  0	                  0	                  0	                  0	                  0	                  0	                  0	                  0	                  0	                  0	                  0	                  0	             283200	            -283200	                  0
    WBS NL-N-TS2-002-04-03-45      Generator Spares	                  0	             550980	            -550980	                  0	                  0	             550980	            -550980	                  0	                  0	                  0	                  0	                  0	                  0	                  0	                  0	                  0	                  0	                  0	                  0	                  0	                  0	                  0	                  0	                  0	                  0	             550980	            -550980	                  0
    ORD 200306353                  Generator PM work	                  0	                  0	                  0	                  0	                  0	                  0	                  0	                  0	                  0	                  0	                  0	                  0	                  0	                  0	                  0	                  0	                  0	                  0	                  0	                  0	                  0	                  0	                  0	                  0	                  0	                  0	                  0	                  0
    WBS NL-N-TS2-002-04-03-51      Dry Type Indoor Exci	                  0	            8341427	           -8341427	                  0	                  0	            8341427	           -8341427	                  0	                  0	                  0	                  0	                  0	                  0	                  0	                  0	                  0	                  0	                  0	                  0	                  0	                  0	                  0	                  0	                  0	                  0	            8341427	           -8341427	                  0
    WBS NL-N-TS2-002-04-03-52      Inter Connecting Tra	                  0	            2322594	           -2322594	                  0	                  0	            2322594	           -2322594	                  0	                  0	                  0	                  0	                  0	                  0	                  0	                  0	                  0	                  0	                  0	                  0	                  0	                  0	                  0	                  0	                  0	                  0	            2322594	           -2322594	                  0
    WBS NL-N-TS2-002-04-03-56      Main & Stuffing Bell	                  0	             631717	            -631717	                  0	                  0	             631717	            -631717	                  0	                  0	                  0	                  0	                  0	                  0	                  0	                  0	                  0	                  0	                  0	                  0	                  0	                  0	                  0	                  0	                  0	                  0	             631717	            -631717	                  0
    WBS NL-N-TS2-002-04-03-57      Split AC 2 Ton Capac	                  0	            1024960	           -1024960	                  0	                  0	            1024960	           -1024960	                  0	                  0	                  0	                  0	                  0	                  0	                  0	                  0	                  0	                  0	                  0	                  0	                  0	                  0	                  0	                  0	                  0	                  0	            1024960	           -1024960	                  0
    WBS NL-N-TS2-002-04-03-58      Rejuvenation of ESP	                  0	             552240	            -552240	                  0	                  0	             552240	            -552240	                  0	                  0	                  0	                  0	                  0	                  0	                  0	                  0	                  0	                  0	                  0	                  0	                  0	                  0	                  0	                  0	                  0	                  0	             552240	            -552240	                  0
    WBS NL-N-TS2-002-04-03-59      Refregirant H2 Gas D	                  0	            2468560	           -2468560	                  0	                  0	            2057133	           -2057133	                  0	                  0	             411427	            -411427	                  0	                  0	                  0	                  0	                  0	                  0	                  0	                  0	                  0	                  0	                  0	                  0	                  0	                  0	            2468560	           -2468560	                  0
    WBS NL-N-TS2-002-04-03-60      Vacuum Cleaner for H	                  0	              18336	             -18336	                  0	                  0	              18336	             -18336	                  0	                  0	                  0	                  0	                  0	                  0	                  0	                  0	                  0	                  0	                  0	                  0	                  0	                  0	                  0	                  0	                  0	                  0	              18336	             -18336	                  0
    WBS NL-N-TS2-002-04-03-61      REFREGIRANT TYPE H2G	                  0	            2095500	           -2095500	                  0	                  0	            2095500	           -2095500	                  0	                  0	                  0	                  0	                  0	                  0	                  0	                  0	                  0	                  0	                  0	                  0	                  0	                  0	                  0	                  0	                  0	                  0	            2095500	           -2095500	                  0
    WBS NL-N-TS2-002-04-03-62      refurishment of Roto	                  0	          110070559	         -110070559	                  0	                  0	          110070559	         -110070559	                  0	                  0	                  0	                  0	                  0	                  0	                  0	                  0	                  0	                  0	                  0	                  0	                  0	                  0	                  0	                  0	                  0	                  0	          110070559	         -110070559	                  0
    WBS NL-N-TS2-002-04-03-63      Rectification of Uni	                  0	           25075000	          -25075000	                  0	                  0	           25075000	          -25075000	                  0	                  0	                  0	                  0	                  0	                  0	                  0	                  0	                  0	                  0	                  0	                  0	                  0	                  0	                  0	                  0	                  0	                  0	           25075000	          -25075000	                  0
    WBS NL-N-TS2-002-04-03-64      digital Tachometer f	                  0	              51174	             -51174	                  0	                  0	              51174	             -51174	                  0	                  0	                  0	                  0	                  0	                  0	                  0	                  0	                  0	                  0	                  0	                  0	                  0	                  0	                  0	                  0	                  0	                  0	              51174	             -51174	                  0
    WBS NL-N-TS2-002-04-03-65      Top panel mount cool	                  0	            2200500	           -2200500	                  0	                  0	            2200500	           -2200500	                  0	                  0	                  0	                  0	                  0	                  0	                  0	                  0	                  0	                  0	                  0	                  0	                  0	                  0	                  0	                  0	                  0	                  0	            2200500	           -2200500	                  0
    WBS NL-N-TS2-002-04-03-66      11/0.433kv transform	                  0	             501500	            -501500	                  0	                  0	             501500	            -501500	                  0	                  0	                  0	                  0	                  0	                  0	                  0	                  0	                  0	                  0	                  0	                  0	                  0	                  0	                  0	                  0	                  0	                  0	             501500	            -501500	                  0
    WBS NL-N-TS2-002-04-03-67      Seal oil pump for st	                  0	            1337577	           -1337577	                  0	                  0	            1337577	           -1337577	                  0	                  0	                  0	                  0	                  0	                  0	                  0	                  0	                  0	                  0	                  0	                  0	                  0	                  0	                  0	                  0	                  0	                  0	            1337577	           -1337577	                  0
    WBS NL-N-TS2-002-04-03-68      tranformer movement	                  0	            2379430	           -2379430	                  0	                  0	            2379430	           -2379430	                  0	                  0	                  0	                  0	                  0	                  0	                  0	                  0	                  0	                  0	                  0	                  0	                  0	                  0	                  0	                  0	                  0	                  0	            2379430	           -2379430	                  0
    WBS NL-N-TS2-002-04-03-69      Arresting oil leaks	                  0	             231280	            -231280	                  0	                  0	             231280	            -231280	                  0	                  0	                  0	                  0	                  0	                  0	                  0	                  0	                  0	                  0	                  0	                  0	                  0	                  0	                  0	                  0	                  0	                  0	             231280	            -231280	                  0
    WBS NL-N-TS2-002-04-03-70      3X240 sqmm XLPE cabl	                  0	            6101754	           -6101754	                  0	                  0	            6101754	           -6101754	                  0	                  0	                  0	                  0	                  0	                  0	                  0	                  0	                  0	                  0	                  0	                  0	                  0	                  0	                  0	                  0	                  0	                  0	            6101754	           -6101754	                  0
    WBS NL-N-TS2-002-04-03-72      Overhauling work of	                  0	            3109300	           -3109300	                  0	                  0	            3109300	           -3109300	                  0	                  0	                  0	                  0	                  0	                  0	                  0	                  0	                  0	                  0	                  0	                  0	                  0	                  0	                  0	                  0	                  0	                  0	            3109300	           -3109300	                  0
    WBS NL-N-TS2-002-04-03-73      DCS 800 converter FO	                  0	            1911600	           -1911600	                  0	                  0	            1911600	           -1911600	                  0	                  0	                  0	                  0	                  0	                  0	                  0	                  0	                  0	                  0	                  0	                  0	                  0	                  0	                  0	                  0	                  0	                  0	            1911600	           -1911600	                  0
    WBS NL-N-TS2-002-04-03-74      Purchase of 2 T batt	                  0	             505000	            -505000	                  0	                  0	             505000	            -505000	                  0	                  0	                  0	                  0	                  0	                  0	                  0	                  0	                  0	                  0	                  0	                  0	                  0	                  0	                  0	                  0	                  0	                  0	             505000	            -505000	                  0
    WBS NL-N-TS2-002-04-03-75      Replacement of 2650	                  0	            1563795	           -1563795	                  0	                  0	            1563795	           -1563795	                  0	                  0	                  0	                  0	                  0	                  0	                  0	                  0	                  0	                  0	                  0	                  0	                  0	                  0	                  0	                  0	                  0	                  0	            1563795	           -1563795	                  0
    WBS NL-N-TS2-002-04-03-77      Stator water centrif	                  0	             586090	            -586090	                  0	                  0	                  0	                  0	                  0	                  0	             586090	            -586090	                  0	                  0	                  0	                  0	                  0	                  0	                  0	                  0	                  0	                  0	                  0	                  0	                  0	                  0	             586090	            -586090	                  0
    WBS NL-N-TS2-002-04-03-78      ST-Repair & RC of 3.	                  0	            6941940	           -6941940	                  0	                  0	            6941940	           -6941940	                  0	                  0	                  0	                  0	                  0	                  0	                  0	                  0	                  0	                  0	                  0	                  0	                  0	                  0	                  0	                  0	                  0	                  0	            6941940	           -6941940	                  0
    WBS NL-N-TS2-002-04-03-79      Purchase of St-I Dig	                  0	            1803654	           -1803654	                  0	                  0	            1803654	           -1803654	                  0	                  0	                  0	                  0	                  0	                  0	                  0	                  0	                  0	                  0	                  0	                  0	                  0	                  0	                  0	                  0	                  0	                  0	            1803654	           -1803654	                  0
    WBS NL-N-TS2-002-04-03-80      Seal rings Tubine&Ex	                  0	            6194188	           -6194188	                  0	                  0	            6194188	           -6194188	                  0	                  0	                  0	                  0	                  0	                  0	                  0	                  0	                  0	                  0	                  0	                  0	                  0	                  0	                  0	                  0	                  0	                  0	            6194188	           -6194188	                  0
    WBS NL-N-TS2-002-04-03-81      Megger make Coulomet	                  0	            1714951	           -1714951	                  0	                  0	            1714951	           -1714951	                  0	                  0	                  0	                  0	                  0	                  0	                  0	                  0	                  0	                  0	                  0	                  0	                  0	                  0	                  0	                  0	                  0	                  0	            1714951	           -1714951	                  0
    WBS NL-N-TS2-002-04-03-83      MURR make power supp	                  0	             307941	            -307941	                  0	                  0	             307941	            -307941	                  0	                  0	                  0	                  0	                  0	                  0	                  0	                  0	                  0	                  0	                  0	                  0	                  0	                  0	                  0	                  0	                  0	                  0	             307941	            -307941	                  0
    WBS NL-N-TS2-002-04-03-84      Generator Stator Win	                  0	           17006868	          -17006868	                  0	                  0	           17006868	          -17006868	                  0	                  0	                  0	                  0	                  0	                  0	                  0	                  0	                  0	                  0	                  0	                  0	                  0	                  0	                  0	                  0	                  0	                  0	           17006868	          -17006868	                  0
    WBS NL-N-TS2-002-04-03-85      Rotor Fan blades for	                  0	           29557734	          -29557734	                  0	                  0	           29557734	          -29557734	                  0	                  0	                  0	                  0	                  0	                  0	                  0	                  0	                  0	                  0	                  0	                  0	                  0	                  0	                  0	                  0	                  0	                  0	           29557734	          -29557734	                  0
    WBS NL-N-TS2-002-04-03-86      Proc of Submersible	                  0	             204300	            -204300	                  0	                  0	             204300	            -204300	                  0	                  0	                  0	                  0	                  0	                  0	                  0	                  0	                  0	                  0	                  0	                  0	                  0	                  0	                  0	                  0	                  0	                  0	             204300	            -204300	                  0
    WBS NL-N-TS2-002-04-03-88      Retrofitting of Publ	                  0	            1851062	           -1851062	                  0	                  0	                  0	                  0	                  0	                  0	            1851062	           -1851062	                  0	                  0	                  0	                  0	                  0	                  0	                  0	                  0	                  0	                  0	                  0	                  0	                  0	                  0	            1851062	           -1851062	                  0
    WBS NL-N-TS2-002-04-03-91      SCISSOR LIFT	                  0	             910000	            -910000	                  0	                  0	                  0	                  0	                  0	                  0	             910000	            -910000	                  0	                  0	                  0	                  0	                  0	                  0	                  0	                  0	                  0	                  0	                  0	                  0	                  0	                  0	             910000	            -910000	                  0
    WBS NL-N-TS2-002-04-03-92      ST work repair and r	                  0	             687940	            -687940	                  0	                  0	             687940	            -687940	                  0	                  0	                  0	                  0	                  0	                  0	                  0	                  0	                  0	                  0	                  0	                  0	                  0	                  0	                  0	                  0	                  0	                  0	             687940	            -687940	                  0
    WBS NL-N-TS2-002-04-03-93      Electrolytic Cells i	                  0	            3590721	           -3590721	                  0	                  0	            3590721	           -3590721	                  0	                  0	                  0	                  0	                  0	                  0	                  0	                  0	                  0	                  0	                  0	                  0	                  0	                  0	                  0	                  0	                  0	                  0	            3590721	           -3590721	                  0
    WBS NL-N-TS2-002-04-03-94      Hydraulic Torque wre	                  0	            1534639	           -1534639	                  0	                  0	            1534639	           -1534639	                  0	                  0	                  0	                  0	                  0	                  0	                  0	                  0	                  0	                  0	                  0	                  0	                  0	                  0	                  0	                  0	                  0	                  0	            1534639	           -1534639	                  0
    WBS NL-N-TS2-002-04-03-95      10 KV Insulation Tes	                  0	             802164	            -802164	                  0	                  0	             802164	            -802164	                  0	                  0	                  0	                  0	                  0	                  0	                  0	                  0	                  0	                  0	                  0	                  0	                  0	                  0	                  0	                  0	                  0	                  0	             802164	            -802164	                  0
    WBS NL-N-TS2-002-04-03-96      Retrofit & Upgrade t	                  0	            2360667	           -2360667	                  0	                  0	            2360667	           -2360667	                  0	                  0	                  0	                  0	                  0	                  0	                  0	                  0	                  0	                  0	                  0	                  0	                  0	                  0	                  0	                  0	                  0	                  0	            2360667	           -2360667	                  0
    WBS NL-N-TS2-002-04-03-97      Hydogen gas Compress	                  0	           18488301	          -18488301	                  0	                  0	           18488301	          -18488301	                  0	                  0	                  0	                  0	                  0	                  0	                  0	                  0	                  0	                  0	                  0	                  0	                  0	                  0	                  0	                  0	                  0	                  0	           18488301	          -18488301	                  0
    WBS NL-N-TS2-002-04-03-98      Supply,insta and com	                  0	            2477528	           -2477528	                  0	                  0	            2477528	           -2477528	                  0	                  0	                  0	                  0	                  0	                  0	                  0	                  0	                  0	                  0	                  0	                  0	                  0	                  0	                  0	                  0	                  0	                  0	            2477528	           -2477528	                  0
    WBS NL-N-TS2-002-04-03-99      1cX1000 Sq mm Al XLP	                  0	            3026029	           -3026029	                  0	                  0	            3026029	           -3026029	                  0	                  0	                  0	                  0	                  0	                  0	                  0	                  0	                  0	                  0	                  0	                  0	                  0	                  0	                  0	                  0	                  0	                  0	            3026029	           -3026029	                  0
    WBS NL-N-TS2-002-04-04         ELECTRICAL MAINTENAN	          116000000	           37841884	           78158116	               67.4	          116000000	           36621646	           79378354	               68.4	                  0	            1220238	           -1220238	                  0	                  0	                  0	                  0	                  0	                  0	                  0	                  0	                  0	                  0	                  0	                  0	                  0	          116000000	           37841884	           78158116	               67.4
    WBS NL-N-TS2-002-04-04-01       Retrofitting of Sta	          116000000	                  0	          116000000	              100.0	          116000000	                  0	          116000000	              100.0	                  0	                  0	                  0	                  0	                  0	                  0	                  0	                  0	                  0	                  0	                  0	                  0	                  0	                  0	                  0	                  0	          116000000	                  0	          116000000	              100.0
    WBS NL-N-TS2-002-04-04-09      Purchase of Switchge	                  0	            5707638	           -5707638	                  0	                  0	            5707638	           -5707638	                  0	                  0	                  0	                  0	                  0	                  0	                  0	                  0	                  0	                  0	                  0	                  0	                  0	                  0	                  0	                  0	                  0	                  0	            5707638	           -5707638	                  0
    WBS NL-N-TS2-002-04-04-10      Retrofit  of Switchg	                  0	            2239534	           -2239534	                  0	                  0	            2239534	           -2239534	                  0	                  0	                  0	                  0	                  0	                  0	                  0	                  0	                  0	                  0	                  0	                  0	                  0	                  0	                  0	                  0	                  0	                  0	            2239534	           -2239534	                  0
    WBS NL-N-TS2-002-04-04-12      PMCC panel for Stage	                  0	           17123123	          -17123123	                  0	                  0	           17123123	          -17123123	                  0	                  0	                  0	                  0	                  0	                  0	                  0	                  0	                  0	                  0	                  0	                  0	                  0	                  0	                  0	                  0	                  0	                  0	           17123123	          -17123123	                  0
    WBS NL-N-TS2-002-04-04-13      Supply of spares&Rep	                  0	            1873457	           -1873457	                  0	                  0	            1873457	           -1873457	                  0	                  0	                  0	                  0	                  0	                  0	                  0	                  0	                  0	                  0	                  0	                  0	                  0	                  0	                  0	                  0	                  0	                  0	            1873457	           -1873457	                  0
    WBS NL-N-TS2-002-04-04-14      Refurbish of Festoon	                  0	            1429792	           -1429792	                  0	                  0	            1429792	           -1429792	                  0	                  0	                  0	                  0	                  0	                  0	                  0	                  0	                  0	                  0	                  0	                  0	                  0	                  0	                  0	                  0	                  0	                  0	            1429792	           -1429792	                  0
    WBS NL-N-TS2-002-04-04-26      2 ton  Battery power	                  0	             514985	            -514985	                  0	                  0	             514985	            -514985	                  0	                  0	                  0	                  0	                  0	                  0	                  0	                  0	                  0	                  0	                  0	                  0	                  0	                  0	                  0	                  0	                  0	                  0	             514985	            -514985	                  0
    WBS NL-N-TS2-002-04-04-27      2 Ton Battery powere	                  0	             516670	            -516670	                  0	                  0	             516670	            -516670	                  0	                  0	                  0	                  0	                  0	                  0	                  0	                  0	                  0	                  0	                  0	                  0	                  0	                  0	                  0	                  0	                  0	                  0	             516670	            -516670	                  0
    WBS NL-N-TS2-002-04-04-28      Refurbish of 3.5cX30	                  0	             526019	            -526019	                  0	                  0	             526019	            -526019	                  0	                  0	                  0	                  0	                  0	                  0	                  0	                  0	                  0	                  0	                  0	                  0	                  0	                  0	                  0	                  0	                  0	                  0	             526019	            -526019	                  0
    WBS NL-N-TS2-002-04-04-29      Procurement of Dewat	                  0	             136732	            -136732	                  0	                  0	             136732	            -136732	                  0	                  0	                  0	                  0	                  0	                  0	                  0	                  0	                  0	                  0	                  0	                  0	                  0	                  0	                  0	                  0	                  0	                  0	             136732	            -136732	                  0
    WBS NL-N-TS2-002-04-04-30      Procurement of MCM M	                  0	             190000	            -190000	                  0	                  0	             190000	            -190000	                  0	                  0	                  0	                  0	                  0	                  0	                  0	                  0	                  0	                  0	                  0	                  0	                  0	                  0	                  0	                  0	                  0	                  0	             190000	            -190000	                  0
    WBS NL-N-TS2-002-04-04-31      Rotork make actuator	                  0	            1635298	           -1635298	                  0	                  0	            1635298	           -1635298	                  0	                  0	                  0	                  0	                  0	                  0	                  0	                  0	                  0	                  0	                  0	                  0	                  0	                  0	                  0	                  0	                  0	                  0	            1635298	           -1635298	                  0
    WBS NL-N-TS2-002-04-04-32      Procurement of Stage	                  0	            1905927	           -1905927	                  0	                  0	            1905927	           -1905927	                  0	                  0	                  0	                  0	                  0	                  0	                  0	                  0	                  0	                  0	                  0	                  0	                  0	                  0	                  0	                  0	                  0	                  0	            1905927	           -1905927	                  0
    WBS NL-N-TS2-002-04-04-33      Procurement of motor	                  0	            2088814	           -2088814	                  0	                  0	            1408934	           -1408934	                  0	                  0	             679880	            -679880	                  0	                  0	                  0	                  0	                  0	                  0	                  0	                  0	                  0	                  0	                  0	                  0	                  0	                  0	            2088814	           -2088814	                  0
    WBS NL-N-TS2-002-04-04-35      Purchase of 12"/15"/	                  0	             506221	            -506221	                  0	                  0	             281100	            -281100	                  0	                  0	             225121	            -225121	                  0	                  0	                  0	                  0	                  0	                  0	                  0	                  0	                  0	                  0	                  0	                  0	                  0	                  0	             506221	            -506221	                  0
    WBS NL-N-TS2-002-04-04-36      1100V grade,3.5C 35	                  0	             741735	            -741735	                  0	                  0	             741735	            -741735	                  0	                  0	                  0	                  0	                  0	                  0	                  0	                  0	                  0	                  0	                  0	                  0	                  0	                  0	                  0	                  0	                  0	                  0	             741735	            -741735	                  0
    WBS NL-N-TS2-002-04-04-41      WBS-Budget-Repair& R	                  0	             390703	            -390703	                  0	                  0	             390703	            -390703	                  0	                  0	                  0	                  0	                  0	                  0	                  0	                  0	                  0	                  0	                  0	                  0	                  0	                  0	                  0	                  0	                  0	                  0	             390703	            -390703	                  0
    WBS NL-N-TS2-002-04-04-44      Proc-SIRENS ALONG WI	                  0	             315238	            -315238	                  0	                  0	                  0	                  0	                  0	                  0	             315238	            -315238	                  0	                  0	                  0	                  0	                  0	                  0	                  0	                  0	                  0	                  0	                  0	                  0	                  0	                  0	             315238	            -315238	                  0
    WBS NL-N-TS2-002-04-05         SWITCH YARD	           81500000	           87719207	           -6219207	               -7.6	           81500000	           87719207	           -6219207	               -7.6	                  0	                  0	                  0	                  0	                  0	                  0	                  0	                  0	                  0	                  0	                  0	                  0	                  0	                  0	                  0	                  0	           81500000	           87719207	           -6219207	               -7.6
    WBS NL-N-TS2-002-04-05-01       Secondphase 400kV I	           81500000	                  0	           81500000	              100.0	           81500000	                  0	           81500000	              100.0	                  0	                  0	                  0	                  0	                  0	                  0	                  0	                  0	                  0	                  0	                  0	                  0	                  0	                  0	                  0	                  0	           81500000	                  0	           81500000	              100.0
    WBS NL-N-TS2-002-04-05-03      Thermal Imaging Came	                  0	            3657174	           -3657174	                  0	                  0	            3657174	           -3657174	                  0	                  0	                  0	                  0	                  0	                  0	                  0	                  0	                  0	                  0	                  0	                  0	                  0	                  0	                  0	                  0	                  0	                  0	            3657174	           -3657174	                  0
    WBS NL-N-TS2-002-04-05-04       Self propelled Scis	                  0	             465000	            -465000	                  0	                  0	             465000	            -465000	                  0	                  0	                  0	                  0	                  0	                  0	                  0	                  0	                  0	                  0	                  0	                  0	                  0	                  0	                  0	                  0	                  0	                  0	             465000	            -465000	                  0
    WBS NL-N-TS2-002-04-05-11      360KV 20KA DISCHARGE	                  0	            1505226	           -1505226	                  0	                  0	            1505226	           -1505226	                  0	                  0	                  0	                  0	                  0	                  0	                  0	                  0	                  0	                  0	                  0	                  0	                  0	                  0	                  0	                  0	                  0	                  0	            1505226	           -1505226	                  0
    WBS NL-N-TS2-002-04-05-12      245KV CTs Type-I & I	                  0	            8544755	           -8544755	                  0	                  0	            8544755	           -8544755	                  0	                  0	                  0	                  0	                  0	                  0	                  0	                  0	                  0	                  0	                  0	                  0	                  0	                  0	                  0	                  0	                  0	                  0	            8544755	           -8544755	                  0
    WBS NL-N-TS2-002-04-05-13      Clamps for HTLS Cond	                  0	             873047	            -873047	                  0	                  0	             873047	            -873047	                  0	                  0	                  0	                  0	                  0	                  0	                  0	                  0	                  0	                  0	                  0	                  0	                  0	                  0	                  0	                  0	                  0	                  0	             873047	            -873047	                  0
    WBS NL-N-TS2-002-04-05-15      245KV SPRING OPERATE	                  0	            1659479	           -1659479	                  0	                  0	            1659479	           -1659479	                  0	                  0	                  0	                  0	                  0	                  0	                  0	                  0	                  0	                  0	                  0	                  0	                  0	                  0	                  0	                  0	                  0	                  0	            1659479	           -1659479	                  0
    WBS NL-N-TS2-002-04-05-18      400KV Capacitance Vo	                  0	            2458380	           -2458380	                  0	                  0	            2458380	           -2458380	                  0	                  0	                  0	                  0	                  0	                  0	                  0	                  0	                  0	                  0	                  0	                  0	                  0	                  0	                  0	                  0	                  0	                  0	            2458380	           -2458380	                  0
    WBS NL-N-TS2-002-04-05-19      Replacement of fault	                  0	             618910	            -618910	                  0	                  0	             618910	            -618910	                  0	                  0	                  0	                  0	                  0	                  0	                  0	                  0	                  0	                  0	                  0	                  0	                  0	                  0	                  0	                  0	                  0	                  0	             618910	            -618910	                  0
    WBS NL-N-TS2-002-04-05-20      Dead end & Suspensio	                  0	             687595	            -687595	                  0	                  0	             687595	            -687595	                  0	                  0	                  0	                  0	                  0	                  0	                  0	                  0	                  0	                  0	                  0	                  0	                  0	                  0	                  0	                  0	                  0	                  0	             687595	            -687595	                  0
    WBS NL-N-TS2-002-04-05-21      Extension of ABT EMS	                  0	            1592947	           -1592947	                  0	                  0	            1592947	           -1592947	                  0	                  0	                  0	                  0	                  0	                  0	                  0	                  0	                  0	                  0	                  0	                  0	                  0	                  0	                  0	                  0	                  0	                  0	            1592947	           -1592947	                  0
    WBS NL-N-TS2-002-04-05-23       400kV SF6 gas Curre	                  0	            3781897	           -3781897	                  0	                  0	            3781897	           -3781897	                  0	                  0	                  0	                  0	                  0	                  0	                  0	                  0	                  0	                  0	                  0	                  0	                  0	                  0	                  0	                  0	                  0	                  0	            3781897	           -3781897	                  0
    WBS NL-N-TS2-002-04-05-24      Retrofitting of 400K	                  0	           21776117	          -21776117	                  0	                  0	           21776117	          -21776117	                  0	                  0	                  0	                  0	                  0	                  0	                  0	                  0	                  0	                  0	                  0	                  0	                  0	                  0	                  0	                  0	                  0	                  0	           21776117	          -21776117	                  0
    WBS NL-N-TS2-002-04-05-25      Replacement of 420 K	                  0	             191160	            -191160	                  0	                  0	             191160	            -191160	                  0	                  0	                  0	                  0	                  0	                  0	                  0	                  0	                  0	                  0	                  0	                  0	                  0	                  0	                  0	                  0	                  0	                  0	             191160	            -191160	                  0
    WBS NL-N-TS2-002-04-05-26      400KV Spring Operate	                  0	           19846903	          -19846903	                  0	                  0	           19846903	          -19846903	                  0	                  0	                  0	                  0	                  0	                  0	                  0	                  0	                  0	                  0	                  0	                  0	                  0	                  0	                  0	                  0	                  0	                  0	           19846903	          -19846903	                  0
    WBS NL-N-TS2-002-04-05-27      ABT Based Energy Met	                  0	            8724274	           -8724274	                  0	                  0	            8724274	           -8724274	                  0	                  0	                  0	                  0	                  0	                  0	                  0	                  0	                  0	                  0	                  0	                  0	                  0	                  0	                  0	                  0	                  0	                  0	            8724274	           -8724274	                  0
    WBS NL-N-TS2-002-04-05-31      ST work for Repl of	                  0	             547520	            -547520	                  0	                  0	             547520	            -547520	                  0	                  0	                  0	                  0	                  0	                  0	                  0	                  0	                  0	                  0	                  0	                  0	                  0	                  0	                  0	                  0	                  0	                  0	             547520	            -547520	                  0
    WBS NL-N-TS2-002-04-05-32      Reconductoring  Exis	                  0	            1342250	           -1342250	                  0	                  0	            1342250	           -1342250	                  0	                  0	                  0	                  0	                  0	                  0	                  0	                  0	                  0	                  0	                  0	                  0	                  0	                  0	                  0	                  0	                  0	                  0	            1342250	           -1342250	                  0
    WBS NL-N-TS2-002-04-05-33      Supply & Servicing o	                  0	            9446573	           -9446573	                  0	                  0	            9446573	           -9446573	                  0	                  0	                  0	                  0	                  0	                  0	                  0	                  0	                  0	                  0	                  0	                  0	                  0	                  0	                  0	                  0	                  0	                  0	            9446573	           -9446573	                  0
    WBS NL-N-TS2-002-04-06         MRT	           54000000	            8966161	           45033839	               83.4	           54000000	            8966161	           45033839	               83.4	                  0	                  0	                  0	                  0	                  0	                  0	                  0	                  0	                  0	                  0	                  0	                  0	                  0	                  0	                  0	                  0	           54000000	            8966161	           45033839	               83.4
    WBS NL-N-TS2-002-04-06-01      Multi Testing Kit-Tr	           54000000	                  0	           54000000	              100.0	           54000000	                  0	           54000000	              100.0	                  0	                  0	                  0	                  0	                  0	                  0	                  0	                  0	                  0	                  0	                  0	                  0	                  0	                  0	                  0	                  0	           54000000	                  0	           54000000	              100.0
    WBS NL-N-TS2-002-04-06-03      Insulation Resistanc	                  0	            1148068	           -1148068	                  0	                  0	            1148068	           -1148068	                  0	                  0	                  0	                  0	                  0	                  0	                  0	                  0	                  0	                  0	                  0	                  0	                  0	                  0	                  0	                  0	                  0	                  0	            1148068	           -1148068	                  0
    WBS NL-N-TS2-002-04-06-05      DELTA 4110 Megger ma	                  0	            5861591	           -5861591	                  0	                  0	            5861591	           -5861591	                  0	                  0	                  0	                  0	                  0	                  0	                  0	                  0	                  0	                  0	                  0	                  0	                  0	                  0	                  0	                  0	                  0	                  0	            5861591	           -5861591	                  0
    WBS NL-N-TS2-002-04-06-06      Over current/Neutral	                  0	             785560	            -785560	                  0	                  0	             785560	            -785560	                  0	                  0	                  0	                  0	                  0	                  0	                  0	                  0	                  0	                  0	                  0	                  0	                  0	                  0	                  0	                  0	                  0	                  0	             785560	            -785560	                  0
    WBS NL-N-TS2-002-04-06-08      purchase of 3 phase	                  0	            1170942	           -1170942	                  0	                  0	            1170942	           -1170942	                  0	                  0	                  0	                  0	                  0	                  0	                  0	                  0	                  0	                  0	                  0	                  0	                  0	                  0	                  0	                  0	                  0	                  0	            1170942	           -1170942	                  0
    WBS NL-N-TS2-002-04-07         ELECTRICAL MAINTENAN	                  0	          259660151	         -259660151	                  0	                  0	          194818767	         -194818767	                  0	                  0	           64841384	          -64841384	                  0	                  0	                  0	                  0	                  0	                  0	                  0	                  0	                  0	                  0	                  0	                  0	                  0	                  0	          259660151	         -259660151	                  0
    WBS NL-N-TS2-002-04-07-01      DSES-Field discharge	                  0	            1852052	           -1852052	                  0	                  0	            1852052	           -1852052	                  0	                  0	                  0	                  0	                  0	                  0	                  0	                  0	                  0	                  0	                  0	                  0	                  0	                  0	                  0	                  0	                  0	                  0	            1852052	           -1852052	                  0
    WBS NL-N-TS2-002-04-07-02      BHEL HVR T/F ESP STG	                  0	           18074657	          -18074657	                  0	                  0	           18074657	          -18074657	                  0	                  0	                  0	                  0	                  0	                  0	                  0	                  0	                  0	                  0	                  0	                  0	                  0	                  0	                  0	                  0	                  0	                  0	           18074657	          -18074657	                  0
    WBS NL-N-TS2-002-04-07-03      Upgradation of DSES	                  0	           52131546	          -52131546	                  0	                  0	           52131546	          -52131546	                  0	                  0	                  0	                  0	                  0	                  0	                  0	                  0	                  0	                  0	                  0	                  0	                  0	                  0	                  0	                  0	                  0	                  0	           52131546	          -52131546	                  0
    WBS NL-N-TS2-002-04-07-04      Monorail of stage 1	                  0	            1108728	           -1108728	                  0	                  0	            1108728	           -1108728	                  0	                  0	                  0	                  0	                  0	                  0	                  0	                  0	                  0	                  0	                  0	                  0	                  0	                  0	                  0	                  0	                  0	                  0	            1108728	           -1108728	                  0
    WBS NL-N-TS2-002-04-07-05      Purchase of Motorola	                  0	            2213680	           -2213680	                  0	                  0	                  0	                  0	                  0	                  0	            2213680	           -2213680	                  0	                  0	                  0	                  0	                  0	                  0	                  0	                  0	                  0	                  0	                  0	                  0	                  0	                  0	            2213680	           -2213680	                  0
    WBS NL-N-TS2-002-04-07-06      Tranformer oil BDV t	                  0	             997510	            -997510	                  0	                  0	             997510	            -997510	                  0	                  0	                  0	                  0	                  0	                  0	                  0	                  0	                  0	                  0	                  0	                  0	                  0	                  0	                  0	                  0	                  0	                  0	             997510	            -997510	                  0
    WBS NL-N-TS2-002-04-07-09      ST contract work for	                  0	            6042190	           -6042190	                  0	                  0	            6042190	           -6042190	                  0	                  0	                  0	                  0	                  0	                  0	                  0	                  0	                  0	                  0	                  0	                  0	                  0	                  0	                  0	                  0	                  0	                  0	            6042190	           -6042190	                  0
    WBS NL-N-TS2-002-04-07-10      Pur of self propelle	                  0	            4307000	           -4307000	                  0	                  0	                  0	                  0	                  0	                  0	            4307000	           -4307000	                  0	                  0	                  0	                  0	                  0	                  0	                  0	                  0	                  0	                  0	                  0	                  0	                  0	                  0	            4307000	           -4307000	                  0
    WBS NL-N-TS2-002-04-07-11      ST work for Overhaul	                  0	            4570750	           -4570750	                  0	                  0	            4119000	           -4119000	                  0	                  0	             451750	            -451750	                  0	                  0	                  0	                  0	                  0	                  0	                  0	                  0	                  0	                  0	                  0	                  0	                  0	                  0	            4570750	           -4570750	                  0
    WBS NL-N-TS2-002-04-07-12      Purchase of Thermal	                  0	             835209	            -835209	                  0	                  0	             835209	            -835209	                  0	                  0	                  0	                  0	                  0	                  0	                  0	                  0	                  0	                  0	                  0	                  0	                  0	                  0	                  0	                  0	                  0	                  0	             835209	            -835209	                  0
    WBS NL-N-TS2-002-04-07-13      Retrofitting of stag	                  0	            2560111	           -2560111	                  0	                  0	                  0	                  0	                  0	                  0	            2560111	           -2560111	                  0	                  0	                  0	                  0	                  0	                  0	                  0	                  0	                  0	                  0	                  0	                  0	                  0	                  0	            2560111	           -2560111	                  0
    WBS NL-N-TS2-002-04-07-14      HT Motor and cable m	                  0	            3871273	           -3871273	                  0	                  0	            3545306	           -3545306	                  0	                  0	             325967	            -325967	                  0	                  0	                  0	                  0	                  0	                  0	                  0	                  0	                  0	                  0	                  0	                  0	                  0	                  0	            3871273	           -3871273	                  0
    WBS NL-N-TS2-002-04-07-16      Megger make Micro oh	                  0	            1382663	           -1382663	                  0	                  0	            1382663	           -1382663	                  0	                  0	                  0	                  0	                  0	                  0	                  0	                  0	                  0	                  0	                  0	                  0	                  0	                  0	                  0	                  0	                  0	                  0	            1382663	           -1382663	                  0
    WBS NL-N-TS2-002-04-07-17      Online partial disch	                  0	            1806179	           -1806179	                  0	                  0	            1806179	           -1806179	                  0	                  0	                  0	                  0	                  0	                  0	                  0	                  0	                  0	                  0	                  0	                  0	                  0	                  0	                  0	                  0	                  0	                  0	            1806179	           -1806179	                  0
    WBS NL-N-TS2-002-04-07-18      Retrofitting of 6.6	                  0	           24464160	          -24464160	                  0	                  0	           24464160	          -24464160	                  0	                  0	                  0	                  0	                  0	                  0	                  0	                  0	                  0	                  0	                  0	                  0	                  0	                  0	                  0	                  0	                  0	                  0	           24464160	          -24464160	                  0
    WBS NL-N-TS2-002-04-07-21      Condition assesment	                  0	             963635	            -963635	                  0	                  0	            1015390	           -1015390	                  0	                  0	             -51755	              51755	                  0	                  0	                  0	                  0	                  0	                  0	                  0	                  0	                  0	                  0	                  0	                  0	                  0	                  0	             963635	            -963635	                  0
    WBS NL-N-TS2-002-04-07-22      AC drive  for 3 phas	                  0	            5876000	           -5876000	                  0	                  0	            5876000	           -5876000	                  0	                  0	                  0	                  0	                  0	                  0	                  0	                  0	                  0	                  0	                  0	                  0	                  0	                  0	                  0	                  0	                  0	                  0	            5876000	           -5876000	                  0
    WBS NL-N-TS2-002-04-07-25      Rectifi,OH and Testi	                  0	           49520293	          -49520293	                  0	                  0	           49520293	          -49520293	                  0	                  0	                  0	                  0	                  0	                  0	                  0	                  0	                  0	                  0	                  0	                  0	                  0	                  0	                  0	                  0	                  0	                  0	           49520293	          -49520293	                  0
    WBS NL-N-TS2-002-04-07-26      Servicing of Siemens	                  0	            1442056	           -1442056	                  0	                  0	            1442056	           -1442056	                  0	                  0	                  0	                  0	                  0	                  0	                  0	                  0	                  0	                  0	                  0	                  0	                  0	                  0	                  0	                  0	                  0	                  0	            1442056	           -1442056	                  0
    WBS NL-N-TS2-002-04-07-29      Refurb & rewinding o	                  0	            8266608	           -8266608	                  0	                  0	            8266608	           -8266608	                  0	                  0	                  0	                  0	                  0	                  0	                  0	                  0	                  0	                  0	                  0	                  0	                  0	                  0	                  0	                  0	                  0	                  0	            8266608	           -8266608	                  0
    WBS NL-N-TS2-002-04-07-31      Purchase of Circuit	                  0	             112100	            -112100	                  0	                  0	             112100	            -112100	                  0	                  0	                  0	                  0	                  0	                  0	                  0	                  0	                  0	                  0	                  0	                  0	                  0	                  0	                  0	                  0	                  0	                  0	             112100	            -112100	                  0
    WBS NL-N-TS2-002-04-07-33      DCS 800 Converter un	                  0	            1970600	           -1970600	                  0	                  0	            1970600	           -1970600	                  0	                  0	                  0	                  0	                  0	                  0	                  0	                  0	                  0	                  0	                  0	                  0	                  0	                  0	                  0	                  0	                  0	                  0	            1970600	           -1970600	                  0
    WBS NL-N-TS2-002-04-07-34      Repair and Rectifica	                  0	            6166189	           -6166189	                  0	                  0	            6166189	           -6166189	                  0	                  0	                  0	                  0	                  0	                  0	                  0	                  0	                  0	                  0	                  0	                  0	                  0	                  0	                  0	                  0	                  0	                  0	            6166189	           -6166189	                  0
    WBS NL-N-TS2-002-04-07-35      RETROFITTING OF VCs	                  0	            3915211	           -3915211	                  0	                  0	            3660331	           -3660331	                  0	                  0	             254880	            -254880	                  0	                  0	                  0	                  0	                  0	                  0	                  0	                  0	                  0	                  0	                  0	                  0	                  0	                  0	            3915211	           -3915211	                  0
    WBS NL-N-TS2-002-04-07-37      REPAIR-RECTIFICATION	                  0	             419250	            -419250	                  0	                  0	             430000	            -430000	                  0	                  0	             -10750	              10750	                  0	                  0	                  0	                  0	                  0	                  0	                  0	                  0	                  0	                  0	                  0	                  0	                  0	                  0	             419250	            -419250	                  0
    WBS NL-N-TS2-002-04-07-38      PURCHASE OF NEUTRAL	                  0	            1628417	           -1628417	                  0	                  0	                  0	                  0	                  0	                  0	            1628417	           -1628417	                  0	                  0	                  0	                  0	                  0	                  0	                  0	                  0	                  0	                  0	                  0	                  0	                  0	                  0	            1628417	           -1628417	                  0
    WBS NL-N-TS2-002-04-07-42      PURS-LT CONTROL CABL	                  0	             997296	            -997296	                  0	                  0	                  0	                  0	                  0	                  0	             997296	            -997296	                  0	                  0	                  0	                  0	                  0	                  0	                  0	                  0	                  0	                  0	                  0	                  0	                  0	                  0	             997296	            -997296	                  0
    WBS NL-N-TS2-002-04-07-43      PURS-LT CABLES-3RD I	                  0	            1124345	           -1124345	                  0	                  0	                  0	                  0	                  0	                  0	            1124345	           -1124345	                  0	                  0	                  0	                  0	                  0	                  0	                  0	                  0	                  0	                  0	                  0	                  0	                  0	                  0	            1124345	           -1124345	                  0
    WBS NL-N-TS2-002-04-07-44      30 NOS OF VACUUM CIR	                  0	           13025178	          -13025178	                  0	                  0	                  0	                  0	                  0	                  0	           13025178	          -13025178	                  0	                  0	                  0	                  0	                  0	                  0	                  0	                  0	                  0	                  0	                  0	                  0	                  0	                  0	           13025178	          -13025178	                  0
    WBS NL-N-TS2-002-04-07-46      TRANSFORMER MTCE-RLA	                  0	             212400	            -212400	                  0	                  0	                  0	                  0	                  0	                  0	             212400	            -212400	                  0	                  0	                  0	                  0	                  0	                  0	                  0	                  0	                  0	                  0	                  0	                  0	                  0	                  0	             212400	            -212400	                  0
    WBS NL-N-TS2-002-04-07-49      REPAIR & RECT/ 6.6 K	                  0	            5272000	           -5272000	                  0	                  0	                  0	                  0	                  0	                  0	            5272000	           -5272000	                  0	                  0	                  0	                  0	                  0	                  0	                  0	                  0	                  0	                  0	                  0	                  0	                  0	                  0	            5272000	           -5272000	                  0
    WBS NL-N-TS2-002-04-07-52      overhauling 6.6 kv m	                  0	            1109200	           -1109200	                  0	                  0	                  0	                  0	                  0	                  0	            1109200	           -1109200	                  0	                  0	                  0	                  0	                  0	                  0	                  0	                  0	                  0	                  0	                  0	                  0	                  0	                  0	            1109200	           -1109200	                  0
    WBS NL-N-TS2-002-04-07-55      FAULT IDENTIFICATION	                  0	           31421665	          -31421665	                  0	                  0	                  0	                  0	                  0	                  0	           31421665	          -31421665	                  0	                  0	                  0	                  0	                  0	                  0	                  0	                  0	                  0	                  0	                  0	                  0	                  0	                  0	           31421665	          -31421665	                  0
    WBS NL-N-TS2-002-05            BOILER MAINTENANCE	         1322985513	          632824932	          690160582	               52.2	          534915513	          487300319	           47615194	                8.9	          788070000	          145524613	          642545387	               81.5	                  0	                  0	                  0	                  0	                  0	                  0	                  0	                  0	                  0	                  0	                  0	                  0	         1322985513	          632824932	          690160582	               52.2
    WBS NL-N-TS2-002-05-01         SLAG CONVEYOR,ABG &	          963485513	          177295531	          786189982	               81.6	          175415513	          123873039	           51542474	               29.4	          788070000	           53422492	          734647508	               93.2	                  0	                  0	                  0	                  0	                  0	                  0	                  0	                  0	                  0	                  0	                  0	                  0	          963485513	          177295531	          786189982	               81.6
    WBS NL-N-TS2-002-05-01-01      SLAG CONVEYOR CHAIN,	          872985513	           10762695	          862222818	               98.8	           84915513	           10762695	           74152818	               87.3	          788070000	                  0	          788070000	              100.0	                  0	                  0	                  0	                  0	                  0	                  0	                  0	                  0	                  0	                  0	                  0	                  0	          872985513	           10762695	          862222818	               98.8
    WBS NL-N-TS2-002-05-01-02      Replace Str & Cheque	           90500000	            3132330	           87367670	               96.5	           90500000	            3132330	           87367670	               96.5	                  0	                  0	                  0	                  0	                  0	                  0	                  0	                  0	                  0	                  0	                  0	                  0	                  0	                  0	                  0	                  0	           90500000	            3132330	           87367670	               96.5
    WBS NL-N-TS2-002-05-01-03      Procurement of PB El	                  0	            2436741	           -2436741	                  0	                  0	            2436741	           -2436741	                  0	                  0	                  0	                  0	                  0	                  0	                  0	                  0	                  0	                  0	                  0	                  0	                  0	                  0	                  0	                  0	                  0	                  0	            2436741	           -2436741	                  0
    WBS NL-N-TS2-002-05-01-04      Rectification of Uni	                  0	            4598035	           -4598035	                  0	                  0	            4598035	           -4598035	                  0	                  0	                  0	                  0	                  0	                  0	                  0	                  0	                  0	                  0	                  0	                  0	                  0	                  0	                  0	                  0	                  0	                  0	            4598035	           -4598035	                  0
    WBS NL-N-TS2-002-05-01-07      link chain size 22 8	                  0	           33254760	          -33254760	                  0	                  0	           33254760	          -33254760	                  0	                  0	                  0	                  0	                  0	                  0	                  0	                  0	                  0	                  0	                  0	                  0	                  0	                  0	                  0	                  0	                  0	                  0	           33254760	          -33254760	                  0
    WBS NL-N-TS2-002-05-01-08      Round link Chain-14X	                  0	             993504	            -993504	                  0	                  0	             993504	            -993504	                  0	                  0	                  0	                  0	                  0	                  0	                  0	                  0	                  0	                  0	                  0	                  0	                  0	                  0	                  0	                  0	                  0	                  0	             993504	            -993504	                  0
    WBS NL-N-TS2-002-05-01-09      Side/Intermediate Gr	                  0	            4160394	           -4160394	                  0	                  0	            4160394	           -4160394	                  0	                  0	                  0	                  0	                  0	                  0	                  0	                  0	                  0	                  0	                  0	                  0	                  0	                  0	                  0	                  0	                  0	                  0	            4160394	           -4160394	                  0
    WBS NL-N-TS2-002-05-01-10      Roller for ABG 355mm	                  0	            1509025	           -1509025	                  0	                  0	            1509025	           -1509025	                  0	                  0	                  0	                  0	                  0	                  0	                  0	                  0	                  0	                  0	                  0	                  0	                  0	                  0	                  0	                  0	                  0	                  0	            1509025	           -1509025	                  0
    WBS NL-N-TS2-002-05-01-11      Connecting pin for A	                  0	             411500	            -411500	                  0	                  0	             411500	            -411500	                  0	                  0	                  0	                  0	                  0	                  0	                  0	                  0	                  0	                  0	                  0	                  0	                  0	                  0	                  0	                  0	                  0	                  0	             411500	            -411500	                  0
    WBS NL-N-TS2-002-05-01-12      Louver Type Grate Ba	                  0	            6763016	           -6763016	                  0	                  0	            6763016	           -6763016	                  0	                  0	                  0	                  0	                  0	                  0	                  0	                  0	                  0	                  0	                  0	                  0	                  0	                  0	                  0	                  0	                  0	                  0	            6763016	           -6763016	                  0
    WBS NL-N-TS2-002-05-01-13      ABG CAP BEARING A180	                  0	             929791	            -929791	                  0	                  0	             929791	            -929791	                  0	                  0	                  0	                  0	                  0	                  0	                  0	                  0	                  0	                  0	                  0	                  0	                  0	                  0	                  0	                  0	                  0	                  0	             929791	            -929791	                  0
    WBS NL-N-TS2-002-05-01-14      ABG plate link chain	                  0	            3051478	           -3051478	                  0	                  0	            3051478	           -3051478	                  0	                  0	                  0	                  0	                  0	                  0	                  0	                  0	                  0	                  0	                  0	                  0	                  0	                  0	                  0	                  0	                  0	                  0	            3051478	           -3051478	                  0
    WBS NL-N-TS2-002-05-01-15      Repl & Recti of Supp	                  0	            4429696	           -4429696	                  0	                  0	            4429696	           -4429696	                  0	                  0	                  0	                  0	                  0	                  0	                  0	                  0	                  0	                  0	                  0	                  0	                  0	                  0	                  0	                  0	                  0	                  0	            4429696	           -4429696	                  0
    WBS NL-N-TS2-002-05-01-16      Belt Conveyor Idler	                  0	             428599	            -428599	                  0	                  0	             428599	            -428599	                  0	                  0	                  0	                  0	                  0	                  0	                  0	                  0	                  0	                  0	                  0	                  0	                  0	                  0	                  0	                  0	                  0	                  0	             428599	            -428599	                  0
    WBS NL-N-TS2-002-05-01-17      Replacement of damag	                  0	             123408	            -123408	                  0	                  0	             123408	            -123408	                  0	                  0	                  0	                  0	                  0	                  0	                  0	                  0	                  0	                  0	                  0	                  0	                  0	                  0	                  0	                  0	                  0	                  0	             123408	            -123408	                  0
    WBS YESN-TS2-002-05-01-18      ABG Drive Shaft Chai	                  0	            1230871	           -1230871	                  0	                  0	            1230871	           -1230871	                  0	                  0	                  0	                  0	                  0	                  0	                  0	                  0	                  0	                  0	                  0	                  0	                  0	                  0	                  0	                  0	                  0	                  0	            1230871	           -1230871	                  0
    WBS NL-N-TS2-002-05-01-19      Complete set of Spac	                  0	            1064050	           -1064050	                  0	                  0	            1064050	           -1064050	                  0	                  0	                  0	                  0	                  0	                  0	                  0	                  0	                  0	                  0	                  0	                  0	                  0	                  0	                  0	                  0	                  0	                  0	            1064050	           -1064050	                  0
    WBS NL-N-TS2-002-05-01-20      ST contract 5 nos AB	                  0	            7345573	           -7345573	                  0	                  0	            6383728	           -6383728	                  0	                  0	             961845	            -961845	                  0	                  0	                  0	                  0	                  0	                  0	                  0	                  0	                  0	                  0	                  0	                  0	                  0	                  0	            7345573	           -7345573	                  0
    WBS NL-N-TS2-002-05-01-21      RUD Chain coupling c	                  0	            2660000	           -2660000	                  0	                  0	            2660000	           -2660000	                  0	                  0	                  0	                  0	                  0	                  0	                  0	                  0	                  0	                  0	                  0	                  0	                  0	                  0	                  0	                  0	                  0	                  0	            2660000	           -2660000	                  0
    WBS NL-N-TS2-002-05-01-22      ST work for fabricat	                  0	            6491180	           -6491180	                  0	                  0	            6095880	           -6095880	                  0	                  0	             395300	            -395300	                  0	                  0	                  0	                  0	                  0	                  0	                  0	                  0	                  0	                  0	                  0	                  0	                  0	                  0	            6491180	           -6491180	                  0
    WBS NL-N-TS2-002-05-01-23      Louvre Type Grate ba	                  0	           10508223	          -10508223	                  0	                  0	           10508223	          -10508223	                  0	                  0	                  0	                  0	                  0	                  0	                  0	                  0	                  0	                  0	                  0	                  0	                  0	                  0	                  0	                  0	                  0	                  0	           10508223	          -10508223	                  0
    WBS NL-N-TS2-002-05-01-24      Changing /Rectifi of	                  0	           11170189	          -11170189	                  0	                  0	            5013766	           -5013766	                  0	                  0	            6156423	           -6156423	                  0	                  0	                  0	                  0	                  0	                  0	                  0	                  0	                  0	                  0	                  0	                  0	                  0	                  0	           11170189	          -11170189	                  0
    WBS NL-N-TS2-002-05-01-25      Side/Intermediate Gr	                  0	            6621458	           -6621458	                  0	                  0	            6621458	           -6621458	                  0	                  0	                  0	                  0	                  0	                  0	                  0	                  0	                  0	                  0	                  0	                  0	                  0	                  0	                  0	                  0	                  0	                  0	            6621458	           -6621458	                  0
    WBS NL-N-TS2-002-05-01-26      ABG Plate Link Chain	                  0	            3934567	           -3934567	                  0	                  0	            3934567	           -3934567	                  0	                  0	                  0	                  0	                  0	                  0	                  0	                  0	                  0	                  0	                  0	                  0	                  0	                  0	                  0	                  0	                  0	                  0	            3934567	           -3934567	                  0
    WBS NL-N-TS2-002-05-01-27      ABG- COMPLETE SET OF	                  0	            2552517	           -2552517	                  0	                  0	             238059	            -238059	                  0	                  0	            2314458	           -2314458	                  0	                  0	                  0	                  0	                  0	                  0	                  0	                  0	                  0	                  0	                  0	                  0	                  0	                  0	            2552517	           -2552517	                  0
    WBS NL-N-TS2-002-05-01-28      ABG-ROLLER-305MM	                  0	            1114270	           -1114270	                  0	                  0	            1114270	           -1114270	                  0	                  0	                  0	                  0	                  0	                  0	                  0	                  0	                  0	                  0	                  0	                  0	                  0	                  0	                  0	                  0	                  0	                  0	            1114270	           -1114270	                  0
    WBS NL-N-TS2-002-05-01-29      ABG-ROLLER-355MM	                  0	            2659420	           -2659420	                  0	                  0	            2023195	           -2023195	                  0	                  0	             636225	            -636225	                  0	                  0	                  0	                  0	                  0	                  0	                  0	                  0	                  0	                  0	                  0	                  0	                  0	                  0	            2659420	           -2659420	                  0
    WBS NL-N-TS2-002-05-01-30      IMPORTED ROUND LINK	                  0	           40740000	          -40740000	                  0	                  0	                  0	                  0	                  0	                  0	           40740000	          -40740000	                  0	                  0	                  0	                  0	                  0	                  0	                  0	                  0	                  0	                  0	                  0	                  0	                  0	                  0	           40740000	          -40740000	                  0
    WBS NL-N-TS2-002-05-01-31      SEVEN NO OF ABG OVER	                  0	            2218241	           -2218241	                  0	                  0	                  0	                  0	                  0	                  0	            2218241	           -2218241	                  0	                  0	                  0	                  0	                  0	                  0	                  0	                  0	                  0	                  0	                  0	                  0	                  0	                  0	            2218241	           -2218241	                  0
    WBS NL-N-TS2-002-05-02         MILL MAINTENANCE	            9200000	           87215878	          -78015878	             -848.0	            9200000	           78941529	          -69741529	             -758.1	                  0	            8274349	           -8274349	                  0	                  0	                  0	                  0	                  0	                  0	                  0	                  0	                  0	                  0	                  0	                  0	                  0	            9200000	           87215878	          -78015878	             -848.0
    WBS NL-N-TS2-002-05-02-01      MILLS AND PF DUCTS	                  0	           20507860	          -20507860	                  0	                  0	           20507860	          -20507860	                  0	                  0	                  0	                  0	                  0	                  0	                  0	                  0	                  0	                  0	                  0	                  0	                  0	                  0	                  0	                  0	                  0	                  0	           20507860	          -20507860	                  0
    WBS NL-N-TS2-002-05-02-02      Helical Spring &Visc	            9200000	            8138236	            1061764	               11.5	            9200000	            8138236	            1061764	               11.5	                  0	                  0	                  0	                  0	                  0	                  0	                  0	                  0	                  0	                  0	                  0	                  0	                  0	                  0	                  0	                  0	            9200000	            8138236	            1061764	               11.5
    WBS NL-N-TS2-002-05-02-03      Mill double bearing	                  0	             890100	            -890100	                  0	                  0	             890100	            -890100	                  0	                  0	                  0	                  0	                  0	                  0	                  0	                  0	                  0	                  0	                  0	                  0	                  0	                  0	                  0	                  0	                  0	                  0	             890100	            -890100	                  0
    WBS NL-N-TS2-002-05-02-04      PF Duct lifting & Al	                  0	            1486800	           -1486800	                  0	                  0	            1486800	           -1486800	                  0	                  0	                  0	                  0	                  0	                  0	                  0	                  0	                  0	                  0	                  0	                  0	                  0	                  0	                  0	                  0	                  0	                  0	            1486800	           -1486800	                  0
    WBS NL-N-TS2-002-05-02-05      replace of spring un	                  0	            2534640	           -2534640	                  0	                  0	            2534640	           -2534640	                  0	                  0	                  0	                  0	                  0	                  0	                  0	                  0	                  0	                  0	                  0	                  0	                  0	                  0	                  0	                  0	                  0	                  0	            2534640	           -2534640	                  0
    WBS NL-N-TS2-002-05-02-06      Replace recti classi	                  0	            2906355	           -2906355	                  0	                  0	            2936420	           -2936420	                  0	                  0	             -30066	              30066	                  0	                  0	                  0	                  0	                  0	                  0	                  0	                  0	                  0	                  0	                  0	                  0	                  0	                  0	            2906355	           -2906355	                  0
    WBS NL-N-TS2-002-05-02-07      Spring unit/visco da	                  0	            8299187	           -8299187	                  0	                  0	            8299187	           -8299187	                  0	                  0	                  0	                  0	                  0	                  0	                  0	                  0	                  0	                  0	                  0	                  0	                  0	                  0	                  0	                  0	                  0	                  0	            8299187	           -8299187	                  0
    WBS NL-N-TS2-002-05-02-08      Replace of Spring Vi	                  0	            2534640	           -2534640	                  0	                  0	            2534640	           -2534640	                  0	                  0	                  0	                  0	                  0	                  0	                  0	                  0	                  0	                  0	                  0	                  0	                  0	                  0	                  0	                  0	                  0	                  0	            2534640	           -2534640	                  0
    WBS NL-N-TS2-002-05-02-09      Mill Door seal colla	                  0	           11446000	          -11446000	                  0	                  0	           11446000	          -11446000	                  0	                  0	                  0	                  0	                  0	                  0	                  0	                  0	                  0	                  0	                  0	                  0	                  0	                  0	                  0	                  0	                  0	                  0	           11446000	          -11446000	                  0
    WBS NL-N-TS2-002-05-02-10      Voith Turbo/EPK Conn	                  0	            9612273	           -9612273	                  0	                  0	            9612273	           -9612273	                  0	                  0	                  0	                  0	                  0	                  0	                  0	                  0	                  0	                  0	                  0	                  0	                  0	                  0	                  0	                  0	                  0	                  0	            9612273	           -9612273	                  0
    WBS NL-N-TS2-002-05-02-11      MILL DOUBLE BEARING	                  0	           10555373	          -10555373	                  0	                  0	           10555373	          -10555373	                  0	                  0	                  0	                  0	                  0	                  0	                  0	                  0	                  0	                  0	                  0	                  0	                  0	                  0	                  0	                  0	                  0	                  0	           10555373	          -10555373	                  0
    WBS NL-N-TS2-002-05-02-12      REVAMPING-MILL DOOR	                  0	            5740228	           -5740228	                  0	                  0	                  0	                  0	                  0	                  0	            5740228	           -5740228	                  0	                  0	                  0	                  0	                  0	                  0	                  0	                  0	                  0	                  0	                  0	                  0	                  0	                  0	            5740228	           -5740228	                  0
    WBS NL-N-TS2-002-05-02-13      PROC-MILL DOUBLE BEA	                  0	            2564187	           -2564187	                  0	                  0	                  0	                  0	                  0	                  0	            2564187	           -2564187	                  0	                  0	                  0	                  0	                  0	                  0	                  0	                  0	                  0	                  0	                  0	                  0	                  0	                  0	            2564187	           -2564187	                  0
    WBS NL-N-TS2-002-05-03         PRESSURE PARTS	          315300000	          162686600	          152613400	               48.4	          315300000	          121153822	          194146178	               61.6	                  0	           41532778	          -41532778	                  0	                  0	                  0	                  0	                  0	                  0	                  0	                  0	                  0	                  0	                  0	                  0	                  0	          315300000	          162686600	          152613400	               48.4
    WBS NL-N-TS2-002-05-03-01      SH3 Outlet Header (S	          315300000	                  0	          315300000	              100.0	          315300000	                  0	          315300000	              100.0	                  0	                  0	                  0	                  0	                  0	                  0	                  0	                  0	                  0	                  0	                  0	                  0	                  0	                  0	                  0	                  0	          315300000	                  0	          315300000	              100.0
    WBS NL-N-TS2-002-05-03-04      Drum Safety Valves (	                  0	            7404920	           -7404920	                  0	                  0	            7404920	           -7404920	                  0	                  0	                  0	                  0	                  0	                  0	                  0	                  0	                  0	                  0	                  0	                  0	                  0	                  0	                  0	                  0	                  0	                  0	            7404920	           -7404920	                  0
    WBS NL-N-TS2-002-05-03-09      Water Lance Pump	                  0	            1813851	           -1813851	                  0	                  0	            1813851	           -1813851	                  0	                  0	                  0	                  0	                  0	                  0	                  0	                  0	                  0	                  0	                  0	                  0	                  0	                  0	                  0	                  0	                  0	                  0	            1813851	           -1813851	                  0
    WBS NL-N-TS2-002-05-03-12      Automatic Stress Rel	                  0	             372880	            -372880	                  0	                  0	             372880	            -372880	                  0	                  0	                  0	                  0	                  0	                  0	                  0	                  0	                  0	                  0	                  0	                  0	                  0	                  0	                  0	                  0	                  0	                  0	             372880	            -372880	                  0
    WBS NL-N-TS2-002-05-03-13      Portable Rebound Har	                  0	             198240	            -198240	                  0	                  0	             198240	            -198240	                  0	                  0	                  0	                  0	                  0	                  0	                  0	                  0	                  0	                  0	                  0	                  0	                  0	                  0	                  0	                  0	                  0	                  0	             198240	            -198240	                  0
    WBS NL-N-TS2-002-05-03-14      Water Wall Tube & Pa	                  0	             595146	            -595146	                  0	                  0	             595146	            -595146	                  0	                  0	                  0	                  0	                  0	                  0	                  0	                  0	                  0	                  0	                  0	                  0	                  0	                  0	                  0	                  0	                  0	                  0	             595146	            -595146	                  0
    WBS NL-N-TS2-002-05-03-15      Boiler-5 Hanger Insp	                  0	                  0	                  0	                  0	                  0	                  0	                  0	                  0	                  0	                  0	                  0	                  0	                  0	                  0	                  0	                  0	                  0	                  0	                  0	                  0	                  0	                  0	                  0	                  0	                  0	                  0	                  0	                  0
    WBS NL-N-TS2-002-05-03-16      Water Wall Tube,Pane	                  0	            1651571	           -1651571	                  0	                  0	            1651571	           -1651571	                  0	                  0	                  0	                  0	                  0	                  0	                  0	                  0	                  0	                  0	                  0	                  0	                  0	                  0	                  0	                  0	                  0	                  0	            1651571	           -1651571	                  0
    WBS NL-N-TS2-002-05-03-17      Replace of Drain,Ven	                  0	             998841	            -998841	                  0	                  0	             998841	            -998841	                  0	                  0	                  0	                  0	                  0	                  0	                  0	                  0	                  0	                  0	                  0	                  0	                  0	                  0	                  0	                  0	                  0	                  0	             998841	            -998841	                  0
    WBS NL-N-TS2-002-05-03-18      Replacement of WW Pa	                  0	            2204377	           -2204377	                  0	                  0	            2204377	           -2204377	                  0	                  0	                  0	                  0	                  0	                  0	                  0	                  0	                  0	                  0	                  0	                  0	                  0	                  0	                  0	                  0	                  0	                  0	            2204377	           -2204377	                  0
    WBS NL-N-TS2-002-05-03-19      HRH Safety Valve Tap	                  0	            1828206	           -1828206	                  0	                  0	            1828206	           -1828206	                  0	                  0	                  0	                  0	                  0	                  0	                  0	                  0	                  0	                  0	                  0	                  0	                  0	                  0	                  0	                  0	                  0	                  0	            1828206	           -1828206	                  0
    WBS NL-N-TS2-002-05-03-24      Safety Valve Spares	                  0	            2088271	           -2088271	                  0	                  0	            2088271	           -2088271	                  0	                  0	                  0	                  0	                  0	                  0	                  0	                  0	                  0	                  0	                  0	                  0	                  0	                  0	                  0	                  0	                  0	                  0	            2088271	           -2088271	                  0
    WBS NL-N-TS2-002-05-03-25      Thickness Survey -Bo	                  0	            1258353	           -1258353	                  0	                  0	            1258353	           -1258353	                  0	                  0	                  0	                  0	                  0	                  0	                  0	                  0	                  0	                  0	                  0	                  0	                  0	                  0	                  0	                  0	                  0	                  0	            1258353	           -1258353	                  0
    WBS NL-N-TS2-002-05-03-26      Replacement of WW Pa	                  0	           13658204	          -13658204	                  0	                  0	           13658204	          -13658204	                  0	                  0	                  0	                  0	                  0	                  0	                  0	                  0	                  0	                  0	                  0	                  0	                  0	                  0	                  0	                  0	                  0	                  0	           13658204	          -13658204	                  0
    WBS NL-N-TS2-002-05-03-27      Refractory Work insi	                  0	            1387542	           -1387542	                  0	                  0	            1387542	           -1387542	                  0	                  0	                  0	                  0	                  0	                  0	                  0	                  0	                  0	                  0	                  0	                  0	                  0	                  0	                  0	                  0	                  0	                  0	            1387542	           -1387542	                  0
    WBS NL-N-TS2-002-05-03-29      Procurement of fuel	                  0	            6584694	           -6584694	                  0	                  0	            6584694	           -6584694	                  0	                  0	                  0	                  0	                  0	                  0	                  0	                  0	                  0	                  0	                  0	                  0	                  0	                  0	                  0	                  0	                  0	                  0	            6584694	           -6584694	                  0
    WBS NL-N-TS2-002-05-03-30      Replacement of Insul	                  0	           30300223	          -30300223	                  0	                  0	           30300223	          -30300223	                  0	                  0	                  0	                  0	                  0	                  0	                  0	                  0	                  0	                  0	                  0	                  0	                  0	                  0	                  0	                  0	                  0	                  0	           30300223	          -30300223	                  0
    WBS NL-N-TS2-002-05-03-31      Procurement of FCS M	                  0	            2485080	           -2485080	                  0	                  0	            2485080	           -2485080	                  0	                  0	                  0	                  0	                  0	                  0	                  0	                  0	                  0	                  0	                  0	                  0	                  0	                  0	                  0	                  0	                  0	                  0	            2485080	           -2485080	                  0
    WBS NL-N-TS2-002-05-03-32      Hopper S type &Corne	                  0	            7375592	           -7375592	                  0	                  0	            7375592	           -7375592	                  0	                  0	                  0	                  0	                  0	                  0	                  0	                  0	                  0	                  0	                  0	                  0	                  0	                  0	                  0	                  0	                  0	                  0	            7375592	           -7375592	                  0
    WBS NL-N-TS2-002-05-03-33      Replacement of ECO o	                  0	            5168282	           -5168282	                  0	                  0	            5168282	           -5168282	                  0	                  0	                  0	                  0	                  0	                  0	                  0	                  0	                  0	                  0	                  0	                  0	                  0	                  0	                  0	                  0	                  0	                  0	            5168282	           -5168282	                  0
    WBS NL-N-TS2-002-05-03-34      Water lance casing T	                  0	             547054	            -547054	                  0	                  0	             547054	            -547054	                  0	                  0	                  0	                  0	                  0	                  0	                  0	                  0	                  0	                  0	                  0	                  0	                  0	                  0	                  0	                  0	                  0	                  0	             547054	            -547054	                  0
    WBS NL-N-TS2-002-05-03-35      Procurement of FAS M	                  0	            2450860	           -2450860	                  0	                  0	            2450860	           -2450860	                  0	                  0	                  0	                  0	                  0	                  0	                  0	                  0	                  0	                  0	                  0	                  0	                  0	                  0	                  0	                  0	                  0	                  0	            2450860	           -2450860	                  0
    WBS NL-N-TS2-002-05-03-37      Replacement of HRH S	                  0	            1105896	           -1105896	                  0	                  0	            1105896	           -1105896	                  0	                  0	                  0	                  0	                  0	                  0	                  0	                  0	                  0	                  0	                  0	                  0	                  0	                  0	                  0	                  0	                  0	                  0	            1105896	           -1105896	                  0
    WBS NL-N-TS2-002-05-03-38      Replacement of HRH S	                  0	             552948	            -552948	                  0	                  0	             552948	            -552948	                  0	                  0	                  0	                  0	                  0	                  0	                  0	                  0	                  0	                  0	                  0	                  0	                  0	                  0	                  0	                  0	                  0	                  0	             552948	            -552948	                  0
    WBS NL-N-TS2-002-05-03-39      Procurement of SSB C	                  0	            1894450	           -1894450	                  0	                  0	            1894450	           -1894450	                  0	                  0	                  0	                  0	                  0	                  0	                  0	                  0	                  0	                  0	                  0	                  0	                  0	                  0	                  0	                  0	                  0	                  0	            1894450	           -1894450	                  0
    WBS NL-N-TS2-002-05-03-40      Procu of St-II SSB P	                  0	            4773265	           -4773265	                  0	                  0	            4773265	           -4773265	                  0	                  0	                  0	                  0	                  0	                  0	                  0	                  0	                  0	                  0	                  0	                  0	                  0	                  0	                  0	                  0	                  0	                  0	            4773265	           -4773265	                  0
    WBS NL-N-TS2-002-05-03-42      Purchase of pipes an	                  0	            2083255	           -2083255	                  0	                  0	            1396118	           -1396118	                  0	                  0	             687136	            -687136	                  0	                  0	                  0	                  0	                  0	                  0	                  0	                  0	                  0	                  0	                  0	                  0	                  0	                  0	            2083255	           -2083255	                  0
    WBS NL-N-TS2-002-05-03-43      Purchase of pipes an	                  0	            1331753	           -1331753	                  0	                  0	            1331753	           -1331753	                  0	                  0	                  0	                  0	                  0	                  0	                  0	                  0	                  0	                  0	                  0	                  0	                  0	                  0	                  0	                  0	                  0	                  0	            1331753	           -1331753	                  0
    WBS NL-N-TS2-002-05-03-45      Procurement of water	                  0	            1486463	           -1486463	                  0	                  0	            1486463	           -1486463	                  0	                  0	                  0	                  0	                  0	                  0	                  0	                  0	                  0	                  0	                  0	                  0	                  0	                  0	                  0	                  0	                  0	                  0	            1486463	           -1486463	                  0
    WBS NL-N-TS2-002-05-03-46      RLA Study in TPS-II	                  0	             792939	            -792939	                  0	                  0	             792939	            -792939	                  0	                  0	                  0	                  0	                  0	                  0	                  0	                  0	                  0	                  0	                  0	                  0	                  0	                  0	                  0	                  0	                  0	                  0	             792939	            -792939	                  0
    WBS NL-N-TS2-002-05-03-49      Procurement of econo	                  0	            4674004	           -4674004	                  0	                  0	                  0	                  0	                  0	                  0	            4674004	           -4674004	                  0	                  0	                  0	                  0	                  0	                  0	                  0	                  0	                  0	                  0	                  0	                  0	                  0	                  0	            4674004	           -4674004	                  0
    WBS NL-N-TS2-002-05-03-52      Water Lance 8 stage	                  0	            2955348	           -2955348	                  0	                  0	            2955348	           -2955348	                  0	                  0	                  0	                  0	                  0	                  0	                  0	                  0	                  0	                  0	                  0	                  0	                  0	                  0	                  0	                  0	                  0	                  0	            2955348	           -2955348	                  0
    WBS NL-N-TS2-002-05-03-53      Boiler J row pipe su	                  0	            4093923	           -4093923	                  0	                  0	                  0	                  0	                  0	                  0	            4093923	           -4093923	                  0	                  0	                  0	                  0	                  0	                  0	                  0	                  0	                  0	                  0	                  0	                  0	                  0	                  0	            4093923	           -4093923	                  0
    WBS NL-N-TS2-002-05-03-54      Damaged Boiler Auxil	                  0	             838440	            -838440	                  0	                  0	             838440	            -838440	                  0	                  0	                  0	                  0	                  0	                  0	                  0	                  0	                  0	                  0	                  0	                  0	                  0	                  0	                  0	                  0	                  0	                  0	             838440	            -838440	                  0
    WBS NL-N-TS2-002-05-03-57      Replacement of Econo	                  0	            5084161	           -5084161	                  0	                  0	            2193620	           -2193620	                  0	                  0	            2890541	           -2890541	                  0	                  0	                  0	                  0	                  0	                  0	                  0	                  0	                  0	                  0	                  0	                  0	                  0	                  0	            5084161	           -5084161	                  0
    WBS NL-N-TS2-002-05-03-58      Rep of damaged water	                  0	           10913266	          -10913266	                  0	                  0	           10913266	          -10913266	                  0	                  0	                  0	                  0	                  0	                  0	                  0	                  0	                  0	                  0	                  0	                  0	                  0	                  0	                  0	                  0	                  0	                  0	           10913266	          -10913266	                  0
    WBS NL-N-TS2-002-05-03-60      SKY CLIMBERS	                  0	           17911796	          -17911796	                  0	                  0	                  0	                  0	                  0	                  0	           17911796	          -17911796	                  0	                  0	                  0	                  0	                  0	                  0	                  0	                  0	                  0	                  0	                  0	                  0	                  0	                  0	           17911796	          -17911796	                  0
    WBS NL-N-TS2-002-05-03-61      RLA STUDY IN UNIT 1	                  0	             911880	            -911880	                  0	                  0	             547128	            -547128	                  0	                  0	             364752	            -364752	                  0	                  0	                  0	                  0	                  0	                  0	                  0	                  0	                  0	                  0	                  0	                  0	                  0	                  0	             911880	            -911880	                  0
    WBS NL-N-TS2-002-05-03-70       Replacement of dama	                  0	            2329076	           -2329076	                  0	                  0	                  0	                  0	                  0	                  0	            2329076	           -2329076	                  0	                  0	                  0	                  0	                  0	                  0	                  0	                  0	                  0	                  0	                  0	                  0	                  0	                  0	            2329076	           -2329076	                  0
    WBS NL-N-TS2-002-05-03-76      inspection of Struct	                  0	            8581550	           -8581550	                  0	                  0	                  0	                  0	                  0	                  0	            8581550	           -8581550	                  0	                  0	                  0	                  0	                  0	                  0	                  0	                  0	                  0	                  0	                  0	                  0	                  0	                  0	            8581550	           -8581550	                  0
    WBS NL-N-TS2-002-05-04         RAPH & FANS	           35000000	          205626923	         -170626923	             -487.5	           35000000	          163331929	         -128331929	             -366.7	                  0	           42294993	          -42294993	                  0	                  0	                  0	                  0	                  0	                  0	                  0	                  0	                  0	                  0	                  0	                  0	                  0	           35000000	          205626923	         -170626923	             -487.5
    WBS NL-N-TS2-002-05-04-01      RAPH BASKETS AND BEA	           35000000	           20105055	           14894945	               42.6	           35000000	           20105055	           14894945	               42.6	                  0	                  0	                  0	                  0	                  0	                  0	                  0	                  0	                  0	                  0	                  0	                  0	                  0	                  0	                  0	                  0	           35000000	           20105055	           14894945	               42.6
    WBS NL-N-TS2-002-05-04-02      Lub Oil Pump for RAP	                  0	             702336	            -702336	                  0	                  0	             702336	            -702336	                  0	                  0	                  0	                  0	                  0	                  0	                  0	                  0	                  0	                  0	                  0	                  0	                  0	                  0	                  0	                  0	                  0	                  0	             702336	            -702336	                  0
    WBS NL-N-TS2-002-05-04-03      Electric operate Hyd	                  0	            1618272	           -1618272	                  0	                  0	            1618272	           -1618272	                  0	                  0	                  0	                  0	                  0	                  0	                  0	                  0	                  0	                  0	                  0	                  0	                  0	                  0	                  0	                  0	                  0	                  0	            1618272	           -1618272	                  0
    WBS NL-N-TS2-002-05-04-04      Single Bellow Compen	                  0	             446438	            -446438	                  0	                  0	             446438	            -446438	                  0	                  0	                  0	                  0	                  0	                  0	                  0	                  0	                  0	                  0	                  0	                  0	                  0	                  0	                  0	                  0	                  0	                  0	             446438	            -446438	                  0
    WBS NL-N-TS2-002-05-04-06      Electric Power Winch	                  0	            1087716	           -1087716	                  0	                  0	            1087716	           -1087716	                  0	                  0	                  0	                  0	                  0	                  0	                  0	                  0	                  0	                  0	                  0	                  0	                  0	                  0	                  0	                  0	                  0	                  0	            1087716	           -1087716	                  0
    WBS NL-N-TS2-002-05-04-07      Spiral Bevel Gear an	                  0	              95969	             -95969	                  0	                  0	              95969	             -95969	                  0	                  0	                  0	                  0	                  0	                  0	                  0	                  0	                  0	                  0	                  0	                  0	                  0	                  0	                  0	                  0	                  0	                  0	              95969	             -95969	                  0
    ORD 600012767                  replacement of spira	                  0	                  0	                  0	                  0	                  0	                  0	                  0	                  0	                  0	                  0	                  0	                  0	                  0	                  0	                  0	                  0	                  0	                  0	                  0	                  0	                  0	                  0	                  0	                  0	                  0	                  0	                  0	                  0
    WBS NL-N-TS2-002-05-04-10      RAPH Stage-I Gear Bo	                  0	            1060060	           -1060060	                  0	                  0	            1060060	           -1060060	                  0	                  0	                  0	                  0	                  0	                  0	                  0	                  0	                  0	                  0	                  0	                  0	                  0	                  0	                  0	                  0	                  0	                  0	            1060060	           -1060060	                  0
    WBS NL-N-TS2-002-05-04-10-01   Bore corre work GB h	                  0	             348690	            -348690	                  0	                  0	             348690	            -348690	                  0	                  0	                  0	                  0	                  0	                  0	                  0	                  0	                  0	                  0	                  0	                  0	                  0	                  0	                  0	                  0	                  0	                  0	             348690	            -348690	                  0
    WBS NL-N-TS2-002-05-04-10-02   Gear Box spares for	                  0	             711370	            -711370	                  0	                  0	             711370	            -711370	                  0	                  0	                  0	                  0	                  0	                  0	                  0	                  0	                  0	                  0	                  0	                  0	                  0	                  0	                  0	                  0	                  0	                  0	             711370	            -711370	                  0
    WBS NL-N-TS2-002-05-04-14      ID fan Blades with C	                  0	                  0	                  0	                  0	                  0	                  0	                  0	                  0	                  0	                  0	                  0	                  0	                  0	                  0	                  0	                  0	                  0	                  0	                  0	                  0	                  0	                  0	                  0	                  0	                  0	                  0	                  0	                  0
    ORD 200022016                  ID-6B top house open	            2781398	            2781319	                 79	                0.0	            2781398	            2781319	                 79	                0.0	                  0	                  0	                  0	                  0	                  0	                  0	                  0	                  0	                  0	                  0	                  0	                  0	                  0	                  0	                  0	                  0	            2781398	            2781319	                 79	                0.0
    ORD 600003417                  ID B Top housing ope	            3034910	            3024189	              10721	                0.4	            3034910	            3024189	              10721	                0.4	                  0	                  0	                  0	                  0	                  0	                  0	                  0	                  0	                  0	                  0	                  0	                  0	                  0	                  0	                  0	                  0	            3034910	            3024189	              10721	                0.4
    WBS NL-N-TS2-002-05-04-21      RAPH HE Basket	                  0	            9991927	           -9991927	                  0	                  0	            9991927	           -9991927	                  0	                  0	                  0	                  0	                  0	                  0	                  0	                  0	                  0	                  0	                  0	                  0	                  0	                  0	                  0	                  0	                  0	                  0	            9991927	           -9991927	                  0
    WBS NL-N-TS2-002-05-04-24      Dambers Gearbox	                  0	            2451625	           -2451625	                  0	                  0	            2451625	           -2451625	                  0	                  0	                  0	                  0	                  0	                  0	                  0	                  0	                  0	                  0	                  0	                  0	                  0	                  0	                  0	                  0	                  0	                  0	            2451625	           -2451625	                  0
    WBS NL-N-TS2-002-05-04-24-01   Damper Gear box-AD2/	                  0	            2451625	           -2451625	                  0	                  0	            2451625	           -2451625	                  0	                  0	                  0	                  0	                  0	                  0	                  0	                  0	                  0	                  0	                  0	                  0	                  0	                  0	                  0	                  0	                  0	                  0	            2451625	           -2451625	                  0
    WBS NL-N-TS2-002-05-04-28      thochoid lub oil pum	                  0	             375240	            -375240	                  0	                  0	             375240	            -375240	                  0	                  0	                  0	                  0	                  0	                  0	                  0	                  0	                  0	                  0	                  0	                  0	                  0	                  0	                  0	                  0	                  0	                  0	             375240	            -375240	                  0
    WBS NL-N-TS2-002-05-04-29      Lub oil pump for SB&	                  0	            1974000	           -1974000	                  0	                  0	            1974000	           -1974000	                  0	                  0	                  0	                  0	                  0	                  0	                  0	                  0	                  0	                  0	                  0	                  0	                  0	                  0	                  0	                  0	                  0	                  0	            1974000	           -1974000	                  0
    WBS NL-N-TS2-002-05-04-30      Disman and Erection	                  0	             778800	            -778800	                  0	                  0	             778800	            -778800	                  0	                  0	                  0	                  0	                  0	                  0	                  0	                  0	                  0	                  0	                  0	                  0	                  0	                  0	                  0	                  0	                  0	                  0	             778800	            -778800	                  0
    WBS NL-N-TS2-002-05-04-31      Single/Double fold b	                  0	            1595420	           -1595420	                  0	                  0	            1595420	           -1595420	                  0	                  0	                  0	                  0	                  0	                  0	                  0	                  0	                  0	                  0	                  0	                  0	                  0	                  0	                  0	                  0	                  0	                  0	            1595420	           -1595420	                  0
    WBS NL-N-TS2-002-05-04-32      ID Fan Blades	                  0	           10974000	          -10974000	                  0	                  0	           10974000	          -10974000	                  0	                  0	                  0	                  0	                  0	                  0	                  0	                  0	                  0	                  0	                  0	                  0	                  0	                  0	                  0	                  0	                  0	                  0	           10974000	          -10974000	                  0
    WBS NL-N-TS2-002-05-04-33      Replacement of Suppo	                  0	            1237258	           -1237258	                  0	                  0	            1237258	           -1237258	                  0	                  0	                  0	                  0	                  0	                  0	                  0	                  0	                  0	                  0	                  0	                  0	                  0	                  0	                  0	                  0	                  0	                  0	            1237258	           -1237258	                  0
    WBS NL-N-TS2-002-05-04-34      ID Fan Bearing shaft	                  0	            4600000	           -4600000	                  0	                  0	            4600000	           -4600000	                  0	                  0	                  0	                  0	                  0	                  0	                  0	                  0	                  0	                  0	                  0	                  0	                  0	                  0	                  0	                  0	                  0	                  0	            4600000	           -4600000	                  0
    WBS NL-N-TS2-002-05-04-35      FD fan Impeller blad	                  0	            7210000	           -7210000	                  0	                  0	            7210000	           -7210000	                  0	                  0	                  0	                  0	                  0	                  0	                  0	                  0	                  0	                  0	                  0	                  0	                  0	                  0	                  0	                  0	                  0	                  0	            7210000	           -7210000	                  0
    WBS NL-N-TS2-002-05-04-36      ID Fan Pressure Rele	                  0	            2583000	           -2583000	                  0	                  0	            2583000	           -2583000	                  0	                  0	                  0	                  0	                  0	                  0	                  0	                  0	                  0	                  0	                  0	                  0	                  0	                  0	                  0	                  0	                  0	                  0	            2583000	           -2583000	                  0
    WBS NL-N-TS2-002-05-04-37      SEISA GEAR BOX FOR S	                  0	           37524000	          -37524000	                  0	                  0	           37524000	          -37524000	                  0	                  0	                  0	                  0	                  0	                  0	                  0	                  0	                  0	                  0	                  0	                  0	                  0	                  0	                  0	                  0	                  0	                  0	           37524000	          -37524000	                  0
    WBS NL-N-TS2-002-05-04-38      Stage-I RAPH BASKETS	                  0	           56920812	          -56920812	                  0	                  0	           56920812	          -56920812	                  0	                  0	                  0	                  0	                  0	                  0	                  0	                  0	                  0	                  0	                  0	                  0	                  0	                  0	                  0	                  0	                  0	                  0	           56920812	          -56920812	                  0
    WBS NL-N-TS2-002-05-04-39      Assembly of heating	                  0	           41106704	          -41106704	                  0	                  0	                  0	                  0	                  0	                  0	           41106704	          -41106704	                  0	                  0	                  0	                  0	                  0	                  0	                  0	                  0	                  0	                  0	                  0	                  0	                  0	                  0	           41106704	          -41106704	                  0
    WBS NL-N-TS2-002-05-04-40      ID/FD fan lub oil co	                  0	            1188289	           -1188289	                  0	                  0	                  0	                  0	                  0	                  0	            1188289	           -1188289	                  0	                  0	                  0	                  0	                  0	                  0	                  0	                  0	                  0	                  0	                  0	                  0	                  0	                  0	            1188289	           -1188289	                  0
    WBS NL-N-TS2-002-06            C & I	          155345671	          347692218	         -192346547	             -123.8	           27345671	          300599503	         -273253832	             -999.3	          128000000	           47092715	           80907285	               63.2	                  0	                  0	                  0	                  0	                  0	                  0	                  0	                  0	                  0	                  0	                  0	                  0	          155345671	          347692218	         -192346547	             -123.8
    WBS NL-N-TS2-002-06-01         Slag Conveyor camera	          155345671	                  0	          155345671	              100.0	           27345671	                  0	           27345671	              100.0	          128000000	                  0	          128000000	              100.0	                  0	                  0	                  0	                  0	                  0	                  0	                  0	                  0	                  0	                  0	                  0	                  0	          155345671	                  0	          155345671	              100.0
    WBS NL-N-TS2-002-06-02         Temperature transmit	                  0	            1684056	           -1684056	                  0	                  0	            1684056	           -1684056	                  0	                  0	                  0	                  0	                  0	                  0	                  0	                  0	                  0	                  0	                  0	                  0	                  0	                  0	                  0	                  0	                  0	                  0	            1684056	           -1684056	                  0
    WBS NL-N-TS2-002-06-09         Water Lance spares-	                  0	            2303858	           -2303858	                  0	                  0	                  0	                  0	                  0	                  0	            2303858	           -2303858	                  0	                  0	                  0	                  0	                  0	                  0	                  0	                  0	                  0	                  0	                  0	                  0	                  0	                  0	            2303858	           -2303858	                  0
    WBS NL-N-TS2-002-06-13         Flame Scanner (OIL)	                  0	            2277376	           -2277376	                  0	                  0	            2277376	           -2277376	                  0	                  0	                  0	                  0	                  0	                  0	                  0	                  0	                  0	                  0	                  0	                  0	                  0	                  0	                  0	                  0	                  0	                  0	            2277376	           -2277376	                  0
    WBS NL-N-TS2-002-06-14         Thermal Imaging came	                  0	             826000	            -826000	                  0	                  0	             826000	            -826000	                  0	                  0	                  0	                  0	                  0	                  0	                  0	                  0	                  0	                  0	                  0	                  0	                  0	                  0	                  0	                  0	                  0	                  0	             826000	            -826000	                  0
    WBS NL-N-TS2-002-06-15         Zirconia Oxygen Anal	                  0	            8009163	           -8009163	                  0	                  0	            8009163	           -8009163	                  0	                  0	                  0	                  0	                  0	                  0	                  0	                  0	                  0	                  0	                  0	                  0	                  0	                  0	                  0	                  0	                  0	                  0	            8009163	           -8009163	                  0
    WBS NL-N-TS2-002-06-16         Flame Scanner (LIGNI	                  0	            1801231	           -1801231	                  0	                  0	            1801231	           -1801231	                  0	                  0	                  0	                  0	                  0	                  0	                  0	                  0	                  0	                  0	                  0	                  0	                  0	                  0	                  0	                  0	                  0	                  0	            1801231	           -1801231	                  0
    WBS NL-N-TS2-002-06-17         Hydrogen Purity Anal	                  0	            6226614	           -6226614	                  0	                  0	            6226614	           -6226614	                  0	                  0	                  0	                  0	                  0	                  0	                  0	                  0	                  0	                  0	                  0	                  0	                  0	                  0	                  0	                  0	                  0	                  0	            6226614	           -6226614	                  0
    WBS NL-N-TS2-002-06-19         Ultra Sonic Flow Met	                  0	            1100888	           -1100888	                  0	                  0	            1100888	           -1100888	                  0	                  0	                  0	                  0	                  0	                  0	                  0	                  0	                  0	                  0	                  0	                  0	                  0	                  0	                  0	                  0	                  0	                  0	            1100888	           -1100888	                  0
    WBS NL-N-TS2-002-06-23         Coriolis Mass Flow M	                  0	            6646586	           -6646586	                  0	                  0	            6646586	           -6646586	                  0	                  0	                  0	                  0	                  0	                  0	                  0	                  0	                  0	                  0	                  0	                  0	                  0	                  0	                  0	                  0	                  0	                  0	            6646586	           -6646586	                  0
    WBS NL-N-TS2-002-06-24         Opacity Monitors	                  0	            1258557	           -1258557	                  0	                  0	            1258557	           -1258557	                  0	                  0	                  0	                  0	                  0	                  0	                  0	                  0	                  0	                  0	                  0	                  0	                  0	                  0	                  0	                  0	                  0	                  0	            1258557	           -1258557	                  0
    WBS NL-N-TS2-002-06-25         Gas Detectors-Portab	                  0	             139650	            -139650	                  0	                  0	             139650	            -139650	                  0	                  0	                  0	                  0	                  0	                  0	                  0	                  0	                  0	                  0	                  0	                  0	                  0	                  0	                  0	                  0	                  0	                  0	             139650	            -139650	                  0
    WBS NL-N-TS2-002-06-26         Coriolis Flow Meters	                  0	            6153700	           -6153700	                  0	                  0	            6153700	           -6153700	                  0	                  0	                  0	                  0	                  0	                  0	                  0	                  0	                  0	                  0	                  0	                  0	                  0	                  0	                  0	                  0	                  0	                  0	            6153700	           -6153700	                  0
    WBS NL-N-TS2-002-06-27         Hydrogen Dew Point M	                  0	            1138700	           -1138700	                  0	                  0	            1138700	           -1138700	                  0	                  0	                  0	                  0	                  0	                  0	                  0	                  0	                  0	                  0	                  0	                  0	                  0	                  0	                  0	                  0	                  0	                  0	            1138700	           -1138700	                  0
    WBS NL-N-TS2-002-06-28         CPU with LAN & LCM P	                  0	            9027000	           -9027000	                  0	                  0	            9027000	           -9027000	                  0	                  0	                  0	                  0	                  0	                  0	                  0	                  0	                  0	                  0	                  0	                  0	                  0	                  0	                  0	                  0	                  0	                  0	            9027000	           -9027000	                  0
    WBS NL-N-TS2-002-06-29         SWAS with Wet & Dry	                  0	           12916249	          -12916249	                  0	                  0	                  0	                  0	                  0	                  0	           12916249	          -12916249	                  0	                  0	                  0	                  0	                  0	                  0	                  0	                  0	                  0	                  0	                  0	                  0	                  0	                  0	           12916249	          -12916249	                  0
    WBS NL-N-TS2-002-06-30         Hydrogen Gas Density	                  0	             952850	            -952850	                  0	                  0	             952850	            -952850	                  0	                  0	                  0	                  0	                  0	                  0	                  0	                  0	                  0	                  0	                  0	                  0	                  0	                  0	                  0	                  0	                  0	                  0	             952850	            -952850	                  0
    WBS NL-N-TS2-002-06-34         Steam & Water Analys	                  0	            2050722	           -2050722	                  0	                  0	            2050722	           -2050722	                  0	                  0	                  0	                  0	                  0	                  0	                  0	                  0	                  0	                  0	                  0	                  0	                  0	                  0	                  0	                  0	                  0	                  0	            2050722	           -2050722	                  0
    WBS NL-N-TS2-002-06-36         Positioner Cylinder	                  0	            1973640	           -1973640	                  0	                  0	            1973640	           -1973640	                  0	                  0	                  0	                  0	                  0	                  0	                  0	                  0	                  0	                  0	                  0	                  0	                  0	                  0	                  0	                  0	                  0	                  0	            1973640	           -1973640	                  0
    WBS NL-N-TS2-002-06-37         Erection of Venturi&	                  0	            2933775	           -2933775	                  0	                  0	            2933775	           -2933775	                  0	                  0	                  0	                  0	                  0	                  0	                  0	                  0	                  0	                  0	                  0	                  0	                  0	                  0	                  0	                  0	                  0	                  0	            2933775	           -2933775	                  0
    WBS NL-N-TS2-002-06-38         Erection of Venturi&	                  0	            1173694	           -1173694	                  0	                  0	            1173694	           -1173694	                  0	                  0	                  0	                  0	                  0	                  0	                  0	                  0	                  0	                  0	                  0	                  0	                  0	                  0	                  0	                  0	                  0	                  0	            1173694	           -1173694	                  0
    WBS NL-N-TS2-002-06-39         Effluent Outlet  Flo	                  0	             616550	            -616550	                  0	                  0	             616550	            -616550	                  0	                  0	                  0	                  0	                  0	                  0	                  0	                  0	                  0	                  0	                  0	                  0	                  0	                  0	                  0	                  0	                  0	                  0	             616550	            -616550	                  0
    WBS NL-N-TS2-002-06-56         water lanceblowing v	                  0	            1390512	           -1390512	                  0	                  0	            1390512	           -1390512	                  0	                  0	                  0	                  0	                  0	                  0	                  0	                  0	                  0	                  0	                  0	                  0	                  0	                  0	                  0	                  0	                  0	                  0	            1390512	           -1390512	                  0
    WBS NL-N-TS2-002-06-57         Turbo Supervisory in	                  0	            9471243	           -9471243	                  0	                  0	                  0	                  0	                  0	                  0	            9471243	           -9471243	                  0	                  0	                  0	                  0	                  0	                  0	                  0	                  0	                  0	                  0	                  0	                  0	                  0	                  0	            9471243	           -9471243	                  0
    WBS NL-N-TS2-002-06-58         Keltron Make Pneu Ac	                  0	            2227010	           -2227010	                  0	                  0	            2227010	           -2227010	                  0	                  0	                  0	                  0	                  0	                  0	                  0	                  0	                  0	                  0	                  0	                  0	                  0	                  0	                  0	                  0	                  0	                  0	            2227010	           -2227010	                  0
    WBS NL-N-TS2-002-06-59         Purchase of pfb tran	                  0	            2422486	           -2422486	                  0	                  0	            2422486	           -2422486	                  0	                  0	                  0	                  0	                  0	                  0	                  0	                  0	                  0	                  0	                  0	                  0	                  0	                  0	                  0	                  0	                  0	                  0	            2422486	           -2422486	                  0
    WBS NL-N-TS2-002-06-60         Purchase of DCS Spar	                  0	            2404957	           -2404957	                  0	                  0	            2404957	           -2404957	                  0	                  0	                  0	                  0	                  0	                  0	                  0	                  0	                  0	                  0	                  0	                  0	                  0	                  0	                  0	                  0	                  0	                  0	            2404957	           -2404957	                  0
    WBS NL-N-TS2-002-06-61         Purchase of Rockwin	                  0	             434018	            -434018	                  0	                  0	             434018	            -434018	                  0	                  0	                  0	                  0	                  0	                  0	                  0	                  0	                  0	                  0	                  0	                  0	                  0	                  0	                  0	                  0	                  0	                  0	             434018	            -434018	                  0
    WBS NL-N-TS2-002-06-62         Pur & Comm of radar	                  0	             574004	            -574004	                  0	                  0	             574004	            -574004	                  0	                  0	                  0	                  0	                  0	                  0	                  0	                  0	                  0	                  0	                  0	                  0	                  0	                  0	                  0	                  0	                  0	                  0	             574004	            -574004	                  0
    WBS NL-N-TS2-002-06-65         Design Engg manufact	                  0	          194310596	         -194310596	                  0	                  0	          191879140	         -191879140	                  0	                  0	            2431456	           -2431456	                  0	                  0	                  0	                  0	                  0	                  0	                  0	                  0	                  0	                  0	                  0	                  0	                  0	                  0	          194310596	         -194310596	                  0
    WBS NL-N-TS2-002-06-66         Purchase of Metso DN	                  0	            9209900	           -9209900	                  0	                  0	            9209900	           -9209900	                  0	                  0	                  0	                  0	                  0	                  0	                  0	                  0	                  0	                  0	                  0	                  0	                  0	                  0	                  0	                  0	                  0	                  0	            9209900	           -9209900	                  0
    WBS NL-N-TS2-002-06-67         Purchase of Temperat	                  0	            2102551	           -2102551	                  0	                  0	            2102551	           -2102551	                  0	                  0	                  0	                  0	                  0	                  0	                  0	                  0	                  0	                  0	                  0	                  0	                  0	                  0	                  0	                  0	                  0	                  0	            2102551	           -2102551	                  0
    WBS NL-N-TS2-002-06-68         Purchase of Metso DN	                  0	           31964172	          -31964172	                  0	                  0	           31964172	          -31964172	                  0	                  0	                  0	                  0	                  0	                  0	                  0	                  0	                  0	                  0	                  0	                  0	                  0	                  0	                  0	                  0	                  0	                  0	           31964172	          -31964172	                  0
    WBS NL-N-TS2-002-06-70         RTD Input Module for	                  0	           10553599	          -10553599	                  0	                  0	                  0	                  0	                  0	                  0	           10553599	          -10553599	                  0	                  0	                  0	                  0	                  0	                  0	                  0	                  0	                  0	                  0	                  0	                  0	                  0	                  0	           10553599	          -10553599	                  0
    WBS NL-N-TS2-002-06-71         PUR-NOX GAS ANALYZER	                  0	            3221706	           -3221706	                  0	                  0	                  0	                  0	                  0	                  0	            3221706	           -3221706	                  0	                  0	                  0	                  0	                  0	                  0	                  0	                  0	                  0	                  0	                  0	                  0	                  0	                  0	            3221706	           -3221706	                  0
    WBS NL-N-TS2-002-06-73         Purc 16 nos of High	                  0	            6194604	           -6194604	                  0	                  0	                  0	                  0	                  0	                  0	            6194604	           -6194604	                  0	                  0	                  0	                  0	                  0	                  0	                  0	                  0	                  0	                  0	                  0	                  0	                  0	                  0	            6194604	           -6194604	                  0
    WBS NL-N-TS2-002-07            LHS MAINTENANCE	           46300000	          666344939	         -620044939	            -1339.2	           36800000	          651633796	         -614833796	            -1670.7	            9500000	           14711143	           -5211143	              -54.9	                  0	                  0	                  0	                  0	                  0	                  0	                  0	                  0	                  0	                  0	                  0	                  0	           46300000	          666344939	         -620044939	            -1339.2
    WBS NL-N-TS2-002-07-01         CONVEYORS AND SYSTEM	           46300000	           20412230	           25887770	               55.9	           36800000	           20412230	           16387770	               44.5	            9500000	                  0	            9500000	              100.0	                  0	                  0	                  0	                  0	                  0	                  0	                  0	                  0	                  0	                  0	                  0	                  0	           46300000	           20412230	           25887770	               55.9
    WBS NL-N-TS2-002-07-02         LIGNITE YARD RAILS R	                  0	           26848891	          -26848891	                  0	                  0	           26848891	          -26848891	                  0	                  0	                  0	                  0	                  0	                  0	                  0	                  0	                  0	                  0	                  0	                  0	                  0	                  0	                  0	                  0	                  0	                  0	           26848891	          -26848891	                  0
    WBS NL-N-TS2-002-07-03         BELT EQUIPMENT SYSTE	                  0	             705000	            -705000	                  0	                  0	             705000	            -705000	                  0	                  0	                  0	                  0	                  0	                  0	                  0	                  0	                  0	                  0	                  0	                  0	                  0	                  0	                  0	                  0	                  0	                  0	             705000	            -705000	                  0
    WBS NL-N-TS2-002-07-04         Replacement of Two R	                  0	          549498102	         -549498102	                  0	                  0	          549498102	         -549498102	                  0	                  0	                  0	                  0	                  0	                  0	                  0	                  0	                  0	                  0	                  0	                  0	                  0	                  0	                  0	                  0	                  0	                  0	          549498102	         -549498102	                  0
    WBS NL-N-TS2-002-07-05         Vacuum Cleaners for	                  0	            1803474	           -1803474	                  0	                  0	            1803474	           -1803474	                  0	                  0	                  0	                  0	                  0	                  0	                  0	                  0	                  0	                  0	                  0	                  0	                  0	                  0	                  0	                  0	                  0	                  0	            1803474	           -1803474	                  0
    WBS NL-N-TS2-002-07-06         Vulcanizing Equipmen	                  0	            6071696	           -6071696	                  0	                  0	            6071696	           -6071696	                  0	                  0	                  0	                  0	                  0	                  0	                  0	                  0	                  0	                  0	                  0	                  0	                  0	                  0	                  0	                  0	                  0	                  0	            6071696	           -6071696	                  0
    WBS NL-N-TS2-002-07-07         Various Idlers	                  0	           10289088	          -10289088	                  0	                  0	           10289088	          -10289088	                  0	                  0	                  0	                  0	                  0	                  0	                  0	                  0	                  0	                  0	                  0	                  0	                  0	                  0	                  0	                  0	                  0	                  0	           10289088	          -10289088	                  0
    WBS NL-N-TS2-002-07-08         Cam Shafts	                  0	            4196352	           -4196352	                  0	                  0	            4196352	           -4196352	                  0	                  0	                  0	                  0	                  0	                  0	                  0	                  0	                  0	                  0	                  0	                  0	                  0	                  0	                  0	                  0	                  0	                  0	            4196352	           -4196352	                  0
    WBS NL-N-TS2-002-07-09         Structural Repair Wo	                  0	            9221777	           -9221777	                  0	                  0	            9221777	           -9221777	                  0	                  0	                  0	                  0	                  0	                  0	                  0	                  0	                  0	                  0	                  0	                  0	                  0	                  0	                  0	                  0	                  0	                  0	            9221777	           -9221777	                  0
    WBS NL-N-TS2-002-07-10         Compressor for DSS s	                  0	            4496421	           -4496421	                  0	                  0	            4496421	           -4496421	                  0	                  0	                  0	                  0	                  0	                  0	                  0	                  0	                  0	                  0	                  0	                  0	                  0	                  0	                  0	                  0	                  0	                  0	            4496421	           -4496421	                  0
    WBS NL-N-TS2-002-07-11         Rack for Shuttle Con	                  0	             810662	            -810662	                  0	                  0	             810662	            -810662	                  0	                  0	                  0	                  0	                  0	                  0	                  0	                  0	                  0	                  0	                  0	                  0	                  0	                  0	                  0	                  0	                  0	                  0	             810662	            -810662	                  0
    WBS NL-N-TS2-002-07-12         Bunker Grill_size240	                  0	            1613507	           -1613507	                  0	                  0	            1613507	           -1613507	                  0	                  0	                  0	                  0	                  0	                  0	                  0	                  0	                  0	                  0	                  0	                  0	                  0	                  0	                  0	                  0	                  0	                  0	            1613507	           -1613507	                  0
    WBS NL-N-TS2-002-07-13         Gear Box Spares	                  0	            8197748	           -8197748	                  0	                  0	            8197748	           -8197748	                  0	                  0	                  0	                  0	                  0	                  0	                  0	                  0	                  0	                  0	                  0	                  0	                  0	                  0	                  0	                  0	                  0	                  0	            8197748	           -8197748	                  0
    WBS NL-N-TS2-002-07-14         Hydraulic Cylinders	                  0	            1580114	           -1580114	                  0	                  0	            1580114	           -1580114	                  0	                  0	                  0	                  0	                  0	                  0	                  0	                  0	                  0	                  0	                  0	                  0	                  0	                  0	                  0	                  0	                  0	                  0	            1580114	           -1580114	                  0
    WBS NL-N-TS2-002-07-16         Structural repair Wo	                  0	           11745556	          -11745556	                  0	                  0	            5518382	           -5518382	                  0	                  0	            6227174	           -6227174	                  0	                  0	                  0	                  0	                  0	                  0	                  0	                  0	                  0	                  0	                  0	                  0	                  0	                  0	           11745556	          -11745556	                  0
    WBS NL-N-TS2-002-07-17         PROCUREMENT OF GEAR	                  0	            6480109	           -6480109	                  0	                  0	                  0	                  0	                  0	                  0	            6480109	           -6480109	                  0	                  0	                  0	                  0	                  0	                  0	                  0	                  0	                  0	                  0	                  0	                  0	                  0	                  0	            6480109	           -6480109	                  0
    WBS NL-N-TS2-002-07-20         PROCUREMENT-STACKER	                  0	             370350	            -370350	                  0	                  0	             370350	            -370350	                  0	                  0	                  0	                  0	                  0	                  0	                  0	                  0	                  0	                  0	                  0	                  0	                  0	                  0	                  0	                  0	                  0	                  0	             370350	            -370350	                  0
    WBS NL-N-TS2-002-07-24         DECK PLATE FOR CONVE	                  0	            2003861	           -2003861	                  0	                  0	                  0	                  0	                  0	                  0	            2003861	           -2003861	                  0	                  0	                  0	                  0	                  0	                  0	                  0	                  0	                  0	                  0	                  0	                  0	                  0	                  0	            2003861	           -2003861	                  0
    WBS NL-N-TS2-002-08            TURBINE MAINTENANCE	         3202040790	          248160203	         2953880587	               92.2	          868040790	          225826241	          642214549	               74.0	         2334000000	           22333962	         2311666038	               99.0	                  0	                  0	                  0	                  0	                  0	                  0	                  0	                  0	                  0	                  0	                  0	                  0	         3202040790	          248160203	         2953880587	               92.2
    WBS NL-N-TS2-002-08-01         MAIN TURBINE	         3202040790	           40729670	         3161311120	               98.7	          868040790	           34965673	          833075117	               96.0	         2334000000	            5763997	         2328236003	               99.8	                  0	                  0	                  0	                  0	                  0	                  0	                  0	                  0	                  0	                  0	                  0	                  0	         3202040790	           40729670	         3161311120	               98.7
    WBS NL-N-TS2-002-08-01-01      HP Module Purchase	         3202040790	                  0	         3202040790	              100.0	          868040790	                  0	          868040790	              100.0	         2334000000	                  0	         2334000000	              100.0	                  0	                  0	                  0	                  0	                  0	                  0	                  0	                  0	                  0	                  0	                  0	                  0	         3202040790	                  0	         3202040790	              100.0
    WBS NL-N-TS2-002-08-01-04      Turbine Gov system I	                  0	            2009824	           -2009824	                  0	                  0	            2009824	           -2009824	                  0	                  0	                  0	                  0	                  0	                  0	                  0	                  0	                  0	                  0	                  0	                  0	                  0	                  0	                  0	                  0	                  0	                  0	            2009824	           -2009824	                  0
    WBS NL-N-TS2-002-08-01-05      Turbine fasteners &	                  0	            1547158	           -1547158	                  0	                  0	            1547158	           -1547158	                  0	                  0	                  0	                  0	                  0	                  0	                  0	                  0	                  0	                  0	                  0	                  0	                  0	                  0	                  0	                  0	                  0	                  0	            1547158	           -1547158	                  0
    WBS NL-N-TS2-002-08-01-11      Clam pie T lp rotor	                  0	            5224129	           -5224129	                  0	                  0	            5224129	           -5224129	                  0	                  0	                  0	                  0	                  0	                  0	                  0	                  0	                  0	                  0	                  0	                  0	                  0	                  0	                  0	                  0	                  0	                  0	            5224129	           -5224129	                  0
    WBS NL-N-TS2-002-08-01-18      Helical com spring f	                  0	            1232753	           -1232753	                  0	                  0	            1232753	           -1232753	                  0	                  0	                  0	                  0	                  0	                  0	                  0	                  0	                  0	                  0	                  0	                  0	                  0	                  0	                  0	                  0	                  0	                  0	            1232753	           -1232753	                  0
    WBS NL-N-TS2-002-08-01-19      IP Plane fastener GS	                  0	           15367349	          -15367349	                  0	                  0	           15367349	          -15367349	                  0	                  0	                  0	                  0	                  0	                  0	                  0	                  0	                  0	                  0	                  0	                  0	                  0	                  0	                  0	                  0	                  0	                  0	           15367349	          -15367349	                  0
    WBS NL-N-TS2-002-08-01-20      Spares for main Turb	                  0	            5368078	           -5368078	                  0	                  0	            5368078	           -5368078	                  0	                  0	                  0	                  0	                  0	                  0	                  0	                  0	                  0	                  0	                  0	                  0	                  0	                  0	                  0	                  0	                  0	                  0	            5368078	           -5368078	                  0
    WBS NL-N-TS2-002-08-01-22      Planetary unit sub a	                  0	             726500	            -726500	                  0	                  0	             726500	            -726500	                  0	                  0	                  0	                  0	                  0	                  0	                  0	                  0	                  0	                  0	                  0	                  0	                  0	                  0	                  0	                  0	                  0	                  0	             726500	            -726500	                  0
    WBS NL-N-TS2-002-08-01-23      Portable single phas	                  0	              20814	             -20814	                  0	                  0	              20814	             -20814	                  0	                  0	                  0	                  0	                  0	                  0	                  0	                  0	                  0	                  0	                  0	                  0	                  0	                  0	                  0	                  0	                  0	                  0	              20814	             -20814	                  0
    WBS NL-N-TS2-002-08-01-24      MOP Spares,HP stop v	                  0	            4097931	           -4097931	                  0	                  0	                  0	                  0	                  0	                  0	            4097931	           -4097931	                  0	                  0	                  0	                  0	                  0	                  0	                  0	                  0	                  0	                  0	                  0	                  0	                  0	                  0	            4097931	           -4097931	                  0
    WBS NL-N-TS2-002-08-01-26      Boll &Kirch Filter E	                  0	            3469068	           -3469068	                  0	                  0	            3469068	           -3469068	                  0	                  0	                  0	                  0	                  0	                  0	                  0	                  0	                  0	                  0	                  0	                  0	                  0	                  0	                  0	                  0	                  0	                  0	            3469068	           -3469068	                  0
    WBS NL-N-TS2-002-08-01-29      DUROMAR COATING ON S	                  0	            1666066	           -1666066	                  0	                  0	                  0	                  0	                  0	                  0	            1666066	           -1666066	                  0	                  0	                  0	                  0	                  0	                  0	                  0	                  0	                  0	                  0	                  0	                  0	                  0	                  0	            1666066	           -1666066	                  0
    WBS NL-N-TS2-002-08-02         BOILER FEED PUMP	                  0	           47580768	          -47580768	                  0	                  0	           35383393	          -35383393	                  0	                  0	           12197375	          -12197375	                  0	                  0	                  0	                  0	                  0	                  0	                  0	                  0	                  0	                  0	                  0	                  0	                  0	                  0	           47580768	          -47580768	                  0
    WBS NL-N-TS2-002-08-02-02       CWP impellers & brg	                  0	            3442521	           -3442521	                  0	                  0	            3442521	           -3442521	                  0	                  0	                  0	                  0	                  0	                  0	                  0	                  0	                  0	                  0	                  0	                  0	                  0	                  0	                  0	                  0	                  0	                  0	            3442521	           -3442521	                  0
    WBS NL-N-TS2-002-08-02-09      CWP impellers & bear	                  0	            3280820	           -3280820	                  0	                  0	            3280820	           -3280820	                  0	                  0	                  0	                  0	                  0	                  0	                  0	                  0	                  0	                  0	                  0	                  0	                  0	                  0	                  0	                  0	                  0	                  0	            3280820	           -3280820	                  0
    WBS NL-N-TS2-002-08-02-20      Chlorination Plant S	                  0	             817691	            -817691	                  0	                  0	             817691	            -817691	                  0	                  0	                  0	                  0	                  0	                  0	                  0	                  0	                  0	                  0	                  0	                  0	                  0	                  0	                  0	                  0	                  0	                  0	             817691	            -817691	                  0
    WBS NL-N-TS2-002-08-02-21      BFP Wear rings for s	                  0	            1123783	           -1123783	                  0	                  0	            1123783	           -1123783	                  0	                  0	                  0	                  0	                  0	                  0	                  0	                  0	                  0	                  0	                  0	                  0	                  0	                  0	                  0	                  0	                  0	                  0	            1123783	           -1123783	                  0
    WBS NL-N-TS2-002-08-02-23      Boiler Feed Pump Wea	                  0	             602689	            -602689	                  0	                  0	             602689	            -602689	                  0	                  0	                  0	                  0	                  0	                  0	                  0	                  0	                  0	                  0	                  0	                  0	                  0	                  0	                  0	                  0	                  0	                  0	             602689	            -602689	                  0
    WBS NL-N-TS2-002-08-02-24      Condensate Extractio	                  0	            4103745	           -4103745	                  0	                  0	            4103745	           -4103745	                  0	                  0	                  0	                  0	                  0	                  0	                  0	                  0	                  0	                  0	                  0	                  0	                  0	                  0	                  0	                  0	                  0	                  0	            4103745	           -4103745	                  0
    WBS NL-N-TS2-002-08-02-25      Spares for BFP 6WC-1	                  0	            2325187	           -2325187	                  0	                  0	            2325187	           -2325187	                  0	                  0	                  0	                  0	                  0	                  0	                  0	                  0	                  0	                  0	                  0	                  0	                  0	                  0	                  0	                  0	                  0	                  0	            2325187	           -2325187	                  0
    WBS NL-N-TS2-002-08-02-26      Spares for BFP FK6D3	                  0	            2374297	           -2374297	                  0	                  0	            2374297	           -2374297	                  0	                  0	                  0	                  0	                  0	                  0	                  0	                  0	                  0	                  0	                  0	                  0	                  0	                  0	                  0	                  0	                  0	                  0	            2374297	           -2374297	                  0
    WBS NL-N-TS2-002-08-02-27      Spares for st-I BFP	                  0	            2726139	           -2726139	                  0	                  0	            2726139	           -2726139	                  0	                  0	                  0	                  0	                  0	                  0	                  0	                  0	                  0	                  0	                  0	                  0	                  0	                  0	                  0	                  0	                  0	                  0	            2726139	           -2726139	                  0
    WBS NL-N-TS2-002-08-02-28      Spares for BFP Thrus	                  0	            2237567	           -2237567	                  0	                  0	            2237567	           -2237567	                  0	                  0	                  0	                  0	                  0	                  0	                  0	                  0	                  0	                  0	                  0	                  0	                  0	                  0	                  0	                  0	                  0	                  0	            2237567	           -2237567	                  0
    WBS NL-N-TS2-002-08-02-29      BFP Type 6WC 137/C "	                  0	            4459356	           -4459356	                  0	                  0	            4459356	           -4459356	                  0	                  0	                  0	                  0	                  0	                  0	                  0	                  0	                  0	                  0	                  0	                  0	                  0	                  0	                  0	                  0	                  0	                  0	            4459356	           -4459356	                  0
    WBS NL-N-TS2-002-08-02-30      BFP Mech seals Spare	                  0	            2423959	           -2423959	                  0	                  0	            2423959	           -2423959	                  0	                  0	                  0	                  0	                  0	                  0	                  0	                  0	                  0	                  0	                  0	                  0	                  0	                  0	                  0	                  0	                  0	                  0	            2423959	           -2423959	                  0
    WBS NL-N-TS2-002-08-02-31      Duplex Filter for St	                  0	             606015	            -606015	                  0	                  0	             606015	            -606015	                  0	                  0	                  0	                  0	                  0	                  0	                  0	                  0	                  0	                  0	                  0	                  0	                  0	                  0	                  0	                  0	                  0	                  0	             606015	            -606015	                  0
    WBS NL-N-TS2-002-08-02-32      BFP TYPE FK 6D 30 IM	                  0	            1248485	           -1248485	                  0	                  0	            1248485	           -1248485	                  0	                  0	                  0	                  0	                  0	                  0	                  0	                  0	                  0	                  0	                  0	                  0	                  0	                  0	                  0	                  0	                  0	                  0	            1248485	           -1248485	                  0
    WBS NL-N-TS2-002-08-02-33      BFP type FK 6D 30 Di	                  0	            1121255	           -1121255	                  0	                  0	                  0	                  0	                  0	                  0	            1121255	           -1121255	                  0	                  0	                  0	                  0	                  0	                  0	                  0	                  0	                  0	                  0	                  0	                  0	                  0	                  0	            1121255	           -1121255	                  0
    WBS NL-N-TS2-002-08-02-34      BRG Bracket/Lantern	                  0	            2386299	           -2386299	                  0	                  0	            2386299	           -2386299	                  0	                  0	                  0	                  0	                  0	                  0	                  0	                  0	                  0	                  0	                  0	                  0	                  0	                  0	                  0	                  0	                  0	                  0	            2386299	           -2386299	                  0
    WBS NL-N-TS2-002-08-02-36      Spare for BFP workin	                  0	            2690969	           -2690969	                  0	                  0	                  0	                  0	                  0	                  0	            2690969	           -2690969	                  0	                  0	                  0	                  0	                  0	                  0	                  0	                  0	                  0	                  0	                  0	                  0	                  0	                  0	            2690969	           -2690969	                  0
    WBS NL-N-TS2-002-08-02-37      Finostos B Bearing a	                  0	            1224839	           -1224839	                  0	                  0	            1224839	           -1224839	                  0	                  0	                  0	                  0	                  0	                  0	                  0	                  0	                  0	                  0	                  0	                  0	                  0	                  0	                  0	                  0	                  0	                  0	            1224839	           -1224839	                  0
    WBS NL-N-TS2-002-08-02-39      Impeller Shaft and T	                  0	            3045382	           -3045382	                  0	                  0	                  0	                  0	                  0	                  0	            3045382	           -3045382	                  0	                  0	                  0	                  0	                  0	                  0	                  0	                  0	                  0	                  0	                  0	                  0	                  0	                  0	            3045382	           -3045382	                  0
    WBS NL-N-TS2-002-08-02-40      SPARES FOR BFP TYPE	                  0	            2492052	           -2492052	                  0	                  0	                  0	                  0	                  0	                  0	            2492052	           -2492052	                  0	                  0	                  0	                  0	                  0	                  0	                  0	                  0	                  0	                  0	                  0	                  0	                  0	                  0	            2492052	           -2492052	                  0
    WBS NL-N-TS2-002-08-02-45      SPARES FOR BFP EAGLE	                  0	            2847716	           -2847716	                  0	                  0	                  0	                  0	                  0	                  0	            2847716	           -2847716	                  0	                  0	                  0	                  0	                  0	                  0	                  0	                  0	                  0	                  0	                  0	                  0	                  0	                  0	            2847716	           -2847716	                  0
    WBS NL-N-TS2-002-08-03         PIPING & VALVES	                  0	           12525278	          -12525278	                  0	                  0	            8485497	           -8485497	                  0	                  0	            4039782	           -4039782	                  0	                  0	                  0	                  0	                  0	                  0	                  0	                  0	                  0	                  0	                  0	                  0	                  0	                  0	           12525278	          -12525278	                  0
    WBS NL-N-TS2-002-08-03-01      Hand operated valves	                  0	              56050	             -56050	                  0	                  0	              56050	             -56050	                  0	                  0	                  0	                  0	                  0	                  0	                  0	                  0	                  0	                  0	                  0	                  0	                  0	                  0	                  0	                  0	                  0	                  0	              56050	             -56050	                  0
    WBS NL-N-TS2-002-08-03-02      MOV	                  0	             418924	            -418924	                  0	                  0	             418924	            -418924	                  0	                  0	                  0	                  0	                  0	                  0	                  0	                  0	                  0	                  0	                  0	                  0	                  0	                  0	                  0	                  0	                  0	                  0	             418924	            -418924	                  0
    WBS NL-N-TS2-002-08-03-03      PCV	                  0	             350862	            -350862	                  0	                  0	             350862	            -350862	                  0	                  0	                  0	                  0	                  0	                  0	                  0	                  0	                  0	                  0	                  0	                  0	                  0	                  0	                  0	                  0	                  0	                  0	             350862	            -350862	                  0
    WBS NL-N-TS2-002-08-03-04      RC valves replacemen	                  0	            4039782	           -4039782	                  0	                  0	                  0	                  0	                  0	                  0	            4039782	           -4039782	                  0	                  0	                  0	                  0	                  0	                  0	                  0	                  0	                  0	                  0	                  0	                  0	                  0	                  0	            4039782	           -4039782	                  0
    WBS NL-N-TS2-002-08-03-06      Pipes	                  0	              59619	             -59619	                  0	                  0	              59619	             -59619	                  0	                  0	                  0	                  0	                  0	                  0	                  0	                  0	                  0	                  0	                  0	                  0	                  0	                  0	                  0	                  0	                  0	                  0	              59619	             -59619	                  0
    WBS NL-N-TS2-002-08-03-08      Bore Well Pipes Repl	                  0	            7600042	           -7600042	                  0	                  0	            7600042	           -7600042	                  0	                  0	                  0	                  0	                  0	                  0	                  0	                  0	                  0	                  0	                  0	                  0	                  0	                  0	                  0	                  0	                  0	                  0	            7600042	           -7600042	                  0
    WBS NL-N-TS2-002-08-04         AC PLANT	                  0	            9330189	           -9330189	                  0	                  0	            9330189	           -9330189	                  0	                  0	                  0	                  0	                  0	                  0	                  0	                  0	                  0	                  0	                  0	                  0	                  0	                  0	                  0	                  0	                  0	                  0	            9330189	           -9330189	                  0
    WBS NL-N-TS2-002-08-04-02      AC Plant Pumps Spare	                  0	            3698449	           -3698449	                  0	                  0	            3698449	           -3698449	                  0	                  0	                  0	                  0	                  0	                  0	                  0	                  0	                  0	                  0	                  0	                  0	                  0	                  0	                  0	                  0	                  0	                  0	            3698449	           -3698449	                  0
    WBS NL-N-TS2-002-08-04-04      Accel 4-100 compress	                  0	            1654231	           -1654231	                  0	                  0	            1654231	           -1654231	                  0	                  0	                  0	                  0	                  0	                  0	                  0	                  0	                  0	                  0	                  0	                  0	                  0	                  0	                  0	                  0	                  0	                  0	            1654231	           -1654231	                  0
    WBS NL-N-TS2-002-08-04-07      Air washer unit repl	                  0	            2980261	           -2980261	                  0	                  0	            2980261	           -2980261	                  0	                  0	                  0	                  0	                  0	                  0	                  0	                  0	                  0	                  0	                  0	                  0	                  0	                  0	                  0	                  0	                  0	                  0	            2980261	           -2980261	                  0
    WBS NL-N-TS2-002-08-04-08      Kirloskar make KC6 C	                  0	             666848	            -666848	                  0	                  0	             666848	            -666848	                  0	                  0	                  0	                  0	                  0	                  0	                  0	                  0	                  0	                  0	                  0	                  0	                  0	                  0	                  0	                  0	                  0	                  0	             666848	            -666848	                  0
    WBS NL-N-TS2-002-08-04-09      Rep of Unit-2 Air wa	                  0	             330400	            -330400	                  0	                  0	             330400	            -330400	                  0	                  0	                  0	                  0	                  0	                  0	                  0	                  0	                  0	                  0	                  0	                  0	                  0	                  0	                  0	                  0	                  0	                  0	             330400	            -330400	                  0
    WBS NL-N-TS2-002-08-05         MAIN TURBINE CONTRAC	                  0	          134275232	         -134275232	                  0	                  0	          137661489	         -137661489	                  0	                  0	           -3386258	            3386258	                  0	                  0	                  0	                  0	                  0	                  0	                  0	                  0	                  0	                  0	                  0	                  0	                  0	                  0	          134275232	         -134275232	                  0
    WBS NL-N-TS2-002-08-05-01      LEP Works : U-4	                  0	           19059360	          -19059360	                  0	                  0	           19059360	          -19059360	                  0	                  0	                  0	                  0	                  0	                  0	                  0	                  0	                  0	                  0	                  0	                  0	                  0	                  0	                  0	                  0	                  0	                  0	           19059360	          -19059360	                  0
    WBS NL-N-TS2-002-08-05-02      U-4 CONDITION ASSESS	                  0	            2891000	           -2891000	                  0	                  0	            2891000	           -2891000	                  0	                  0	                  0	                  0	                  0	                  0	                  0	                  0	                  0	                  0	                  0	                  0	                  0	                  0	                  0	                  0	                  0	                  0	            2891000	           -2891000	                  0
    WBS NL-N-TS2-002-08-05-03      U-2 WORKS CONTRACTS	                  0	           76702122	          -76702122	                  0	                  0	           76702122	          -76702122	                  0	                  0	                  0	                  0	                  0	                  0	                  0	                  0	                  0	                  0	                  0	                  0	                  0	                  0	                  0	                  0	                  0	                  0	           76702122	          -76702122	                  0
    WBS NL-N-TS2-002-08-05-04      U-2 CONDITION ASSESS	                  0	            1355962	           -1355962	                  0	                  0	            1355962	           -1355962	                  0	                  0	                  0	                  0	                  0	                  0	                  0	                  0	                  0	                  0	                  0	                  0	                  0	                  0	                  0	                  0	                  0	                  0	            1355962	           -1355962	                  0
    WBS NL-N-TS2-002-08-05-05      U-2 INSULATION CONTR	                  0	            1274400	           -1274400	                  0	                  0	            1274400	           -1274400	                  0	                  0	                  0	                  0	                  0	                  0	                  0	                  0	                  0	                  0	                  0	                  0	                  0	                  0	                  0	                  0	                  0	                  0	            1274400	           -1274400	                  0
    WBS NL-N-TS2-002-08-05-07      Unit-4 Insulation Wo	                  0	            1475000	           -1475000	                  0	                  0	            1475000	           -1475000	                  0	                  0	                  0	                  0	                  0	                  0	                  0	                  0	                  0	                  0	                  0	                  0	                  0	                  0	                  0	                  0	                  0	                  0	            1475000	           -1475000	                  0
    WBS NL-N-TS2-002-08-05-09      Unit-6 Condition ass	                  0	            2607800	           -2607800	                  0	                  0	            2607800	           -2607800	                  0	                  0	                  0	                  0	                  0	                  0	                  0	                  0	                  0	                  0	                  0	                  0	                  0	                  0	                  0	                  0	                  0	                  0	            2607800	           -2607800	                  0
    WBS NL-N-TS2-002-08-05-10      Unit-6 Insulation co	                  0	            1983580	           -1983580	                  0	                  0	            1983580	           -1983580	                  0	                  0	                  0	                  0	                  0	                  0	                  0	                  0	                  0	                  0	                  0	                  0	                  0	                  0	                  0	                  0	                  0	                  0	            1983580	           -1983580	                  0
    WBS NL-N-TS2-002-08-05-18      U-6 Turbine Capital	                  0	           25119971	          -25119971	                  0	                  0	           28506229	          -28506229	                  0	                  0	           -3386258	            3386258	                  0	                  0	                  0	                  0	                  0	                  0	                  0	                  0	                  0	                  0	                  0	                  0	                  0	                  0	           25119971	          -25119971	                  0
    WBS NL-N-TS2-002-08-05-19      Duromar coating on c	                  0	            1806037	           -1806037	                  0	                  0	            1806037	           -1806037	                  0	                  0	                  0	                  0	                  0	                  0	                  0	                  0	                  0	                  0	                  0	                  0	                  0	                  0	                  0	                  0	                  0	                  0	            1806037	           -1806037	                  0
    WBS NL-N-TS2-002-08-08         Ciculating Water Pum	                  0	            3719066	           -3719066	                  0	                  0	                  0	                  0	                  0	                  0	            3719066	           -3719066	                  0	                  0	                  0	                  0	                  0	                  0	                  0	                  0	                  0	                  0	                  0	                  0	                  0	                  0	            3719066	           -3719066	                  0
    WBS NL-N-TS2-002-08-08-01      Impeller for Mather	                  0	            3719066	           -3719066	                  0	                  0	                  0	                  0	                  0	                  0	            3719066	           -3719066	                  0	                  0	                  0	                  0	                  0	                  0	                  0	                  0	                  0	                  0	                  0	                  0	                  0	                  0	            3719066	           -3719066	                  0
    WBS NL-N-TS2-002-09            WCTP	            7778386	          145181493	         -137403107	            -1766.5	            2778386	          145181493	         -142403107	            -5125.4	            5000000	                  0	            5000000	              100.0	                  0	                  0	                  0	                  0	                  0	                  0	                  0	                  0	                  0	                  0	                  0	                  0	            7778386	          145181493	         -137403107	            -1766.5
    WBS NL-N-TS2-002-09-01         UV Spectrophotometer	            7778386	                  0	            7778386	              100.0	            2778386	                  0	            2778386	              100.0	            5000000	                  0	            5000000	              100.0	                  0	                  0	                  0	                  0	                  0	                  0	                  0	                  0	                  0	                  0	                  0	                  0	            7778386	                  0	            7778386	              100.0
    WBS NL-N-TS2-002-09-02         Portable Dissolved O	                  0	             612018	            -612018	                  0	                  0	             612018	            -612018	                  0	                  0	                  0	                  0	                  0	                  0	                  0	                  0	                  0	                  0	                  0	                  0	                  0	                  0	                  0	                  0	                  0	                  0	             612018	            -612018	                  0
    WBS NL-N-TS2-002-09-03         CW Treatment System	                  0	          143925726	         -143925726	                  0	                  0	          143925726	         -143925726	                  0	                  0	                  0	                  0	                  0	                  0	                  0	                  0	                  0	                  0	                  0	                  0	                  0	                  0	                  0	                  0	                  0	                  0	          143925726	         -143925726	                  0
    WBS NL-N-TS2-002-09-04         UV-VISIBLE SPECTROME	                  0	             643750	            -643750	                  0	                  0	             643750	            -643750	                  0	                  0	                  0	                  0	                  0	                  0	                  0	                  0	                  0	                  0	                  0	                  0	                  0	                  0	                  0	                  0	                  0	                  0	             643750	            -643750	                  0
    WBS NL-N-TS2-002-10            COMPUTER	           84000000	           10683537	           73316463	               87.3	           63000000	           10683537	           52316463	               83.0	           21000000	                  0	           21000000	              100.0	                  0	                  0	                  0	                  0	                  0	                  0	                  0	                  0	                  0	                  0	                  0	                  0	           84000000	           10683537	           73316463	               87.3
    WBS NL-N-TS2-002-10-01         Simulator for PSTC	           84000000	                  0	           84000000	              100.0	           63000000	                  0	           63000000	              100.0	           21000000	                  0	           21000000	              100.0	                  0	                  0	                  0	                  0	                  0	                  0	                  0	                  0	                  0	                  0	                  0	                  0	           84000000	                  0	           84000000	              100.0
    WBS NL-N-TS2-002-10-02         CCTV & Network for W	                  0	            2527725	           -2527725	                  0	                  0	            2527725	           -2527725	                  0	                  0	                  0	                  0	                  0	                  0	                  0	                  0	                  0	                  0	                  0	                  0	                  0	                  0	                  0	                  0	                  0	                  0	            2527725	           -2527725	                  0
    WBS NL-N-TS2-002-10-03         CCTV Network System	                  0	            8155812	           -8155812	                  0	                  0	            8155812	           -8155812	                  0	                  0	                  0	                  0	                  0	                  0	                  0	                  0	                  0	                  0	                  0	                  0	                  0	                  0	                  0	                  0	                  0	                  0	            8155812	           -8155812	                  0
    WBS NL-N-TS2-002-11            PLANNING & TECHNICAL	                  0	           12446234	          -12446234	                  0	                  0	           12446234	          -12446234	                  0	                  0	                  0	                  0	                  0	                  0	                  0	                  0	                  0	                  0	                  0	                  0	                  0	                  0	                  0	                  0	                  0	                  0	           12446234	          -12446234	                  0
    WBS NL-N-TS2-002-11-01         Study of MoEF Norms	                  0	            2575734	           -2575734	                  0	                  0	            2575734	           -2575734	                  0	                  0	                  0	                  0	                  0	                  0	                  0	                  0	                  0	                  0	                  0	                  0	                  0	                  0	                  0	                  0	                  0	                  0	            2575734	           -2575734	                  0
    WBS NL-N-TS2-002-11-02         Special Purpose Vehi	                  0	            9870500	           -9870500	                  0	                  0	            9870500	           -9870500	                  0	                  0	                  0	                  0	                  0	                  0	                  0	                  0	                  0	                  0	                  0	                  0	                  0	                  0	                  0	                  0	                  0	                  0	            9870500	           -9870500	                  0
    WBS NL-N-TS2-002-12            BOILER AUXILLARY MAI	          118916400	            4749569	          114166831	               96.0	            8816400	            4749569	            4066831	               46.1	          110100000	                  0	          110100000	              100.0	                  0	                  0	                  0	                  0	                  0	                  0	                  0	                  0	                  0	                  0	                  0	                  0	          118916400	            4749569	          114166831	               96.0
    WBS NL-N-TS2-002-12-01         FIRE PROTECTION SYST	          118916400	            2178678	          116737722	               98.2	            8816400	            2178678	            6637722	               75.3	          110100000	                  0	          110100000	              100.0	                  0	                  0	                  0	                  0	                  0	                  0	                  0	                  0	                  0	                  0	                  0	                  0	          118916400	            2178678	          116737722	               98.2
    WBS NL-N-TS2-002-12-01-01      Renovation of Fire A	          118916400	                  0	          118916400	              100.0	            8816400	                  0	            8816400	              100.0	          110100000	                  0	          110100000	              100.0	                  0	                  0	                  0	                  0	                  0	                  0	                  0	                  0	                  0	                  0	                  0	                  0	          118916400	                  0	          118916400	              100.0
    WBS NL-N-TS2-002-12-01-06      9 Ltr Mechanical Foa	                  0	             376998	            -376998	                  0	                  0	             376998	            -376998	                  0	                  0	                  0	                  0	                  0	                  0	                  0	                  0	                  0	                  0	                  0	                  0	                  0	                  0	                  0	                  0	                  0	                  0	             376998	            -376998	                  0
    WBS NL-N-TS2-002-12-01-07      4 Ton capacity Batte	                  0	             705679	            -705679	                  0	                  0	             705679	            -705679	                  0	                  0	                  0	                  0	                  0	                  0	                  0	                  0	                  0	                  0	                  0	                  0	                  0	                  0	                  0	                  0	                  0	                  0	             705679	            -705679	                  0
    WBS NL-N-TS2-002-12-01-08      Procurement of Dry C	                  0	             185000	            -185000	                  0	                  0	             185000	            -185000	                  0	                  0	                  0	                  0	                  0	                  0	                  0	                  0	                  0	                  0	                  0	                  0	                  0	                  0	                  0	                  0	                  0	                  0	             185000	            -185000	                  0
    WBS NL-N-TS2-002-12-01-09      Procurement of Fire	                  0	             891000	            -891000	                  0	                  0	             891000	            -891000	                  0	                  0	                  0	                  0	                  0	                  0	                  0	                  0	                  0	                  0	                  0	                  0	                  0	                  0	                  0	                  0	                  0	                  0	             891000	            -891000	                  0
    WBS NL-N-TS2-002-12-01-10      Procure of Pump/Moto	                  0	              20000	             -20000	                  0	                  0	              20000	             -20000	                  0	                  0	                  0	                  0	                  0	                  0	                  0	                  0	                  0	                  0	                  0	                  0	                  0	                  0	                  0	                  0	                  0	                  0	              20000	             -20000	                  0
    WBS NL-N-TS2-002-12-02         MECHANICAL MAINTENAN	                  0	            2570891	           -2570891	                  0	                  0	            2570891	           -2570891	                  0	                  0	                  0	                  0	                  0	                  0	                  0	                  0	                  0	                  0	                  0	                  0	                  0	                  0	                  0	                  0	                  0	                  0	            2570891	           -2570891	                  0
    WBS NL-N-TS2-002-12-02-03      N2H4 Dozing Pump for	                  0	             358000	            -358000	                  0	                  0	             358000	            -358000	                  0	                  0	                  0	                  0	                  0	                  0	                  0	                  0	                  0	                  0	                  0	                  0	                  0	                  0	                  0	                  0	                  0	                  0	             358000	            -358000	                  0
    WBS NL-N-TS2-002-12-02-08      Battery Operated Pla	                  0	            1031653	           -1031653	                  0	                  0	            1031653	           -1031653	                  0	                  0	                  0	                  0	                  0	                  0	                  0	                  0	                  0	                  0	                  0	                  0	                  0	                  0	                  0	                  0	                  0	                  0	            1031653	           -1031653	                  0
    WBS NL-N-TS2-002-12-02-09      Phospate dozing Pump	                  0	             923238	            -923238	                  0	                  0	             923238	            -923238	                  0	                  0	                  0	                  0	                  0	                  0	                  0	                  0	                  0	                  0	                  0	                  0	                  0	                  0	                  0	                  0	                  0	                  0	             923238	            -923238	                  0
    WBS NL-N-TS2-002-12-02-10      dECANTING SUMP BARE	                  0	             258000	            -258000	                  0	                  0	             258000	            -258000	                  0	                  0	                  0	                  0	                  0	                  0	                  0	                  0	                  0	                  0	                  0	                  0	                  0	                  0	                  0	                  0	                  0	                  0	             258000	            -258000	                  0
    WBS NL-N-TS2-002-13            BOILER OPERATION SER	            1800000	                  0	            1800000	              100.0	            1800000	                  0	            1800000	              100.0	                  0	                  0	                  0	                  0	                  0	                  0	                  0	                  0	                  0	                  0	                  0	                  0	                  0	                  0	                  0	                  0	            1800000	                  0	            1800000	              100.0
    WBS NL-N-TS2-002-14            FINANCE	            5000000	                  0	            5000000	              100.0	                  0	                  0	                  0	                  0	            5000000	                  0	            5000000	              100.0	                  0	                  0	                  0	                  0	                  0	                  0	                  0	                  0	                  0	                  0	                  0	                  0	            5000000	                  0	            5000000	              100.0
    WBS NL-N-TS2-002-14-01         Modernisation of Acc	            5000000	                  0	            5000000	              100.0	                  0	                  0	                  0	                  0	            5000000	                  0	            5000000	              100.0	                  0	                  0	                  0	                  0	                  0	                  0	                  0	                  0	                  0	                  0	                  0	                  0	            5000000	                  0	            5000000	              100.0
