Plan/Actual/Variance	Current data (01.12.2025 16:15:22)
	Total of years	Total of years	Total of years	Total of years	Previous years	Previous years	Previous years	Previous years	2025	2025	2025	2025	2026	2026	2026	2026	2027	2027	2027	2027	2028 and Following	2028 and Following	2028 and Following	2028 and Following	Overall values	Overall values	Overall values	Overall values
Object	Plan	Actual	Variance	Var %	Plan	Actual	Variance	Var %	Plan	Actual	Variance	Var %	Plan	Actual	Variance	Var %	Plan	Actual	Variance	Var %	Plan	Actual	Variance	Var %	Plan	Actual	Variance	Var %
Displayed in	1 INR	1 INR	1 INR	1	1 INR	1 INR	1 INR	1	1 INR	1 INR	1 INR	1	1 INR	1 INR	1 INR	1	1 INR	1 INR	1 INR	1	1 INR	1 INR	1 INR	1	1 INR	1 INR	1 INR	1
6*  PRJ NL-C-BSP-001               300 MW Solar Power P	        17555000001	        13608638288	         3946361713	               22.5	        17555000001	         5647895502	        11907104499	               67.8	                  0	         7960742786	        -7960742786	                  0	                  0	                  0	                  0	                  0	                  0	                  0	                  0	                  0	                  0	                  0	                  0	                  0	        17575000001	        13608638288	         3966361713	               22.6
6*  PRJ NL-C-CRD-002               Lignite to disel cap	            5945634	            3987309	            1958325	               32.9	            5945634	            3987309	            1958325	               32.9	                  0	                  0	                  0	                  0	                  0	                  0	                  0	                  0	                  0	                  0	                  0	                  0	                  0	                  0	                  0	                  0	            5945634	            3987309	            1958325	               32.9
6*  PRJ NL-C-CRD-003               CARD-IITM-Developmen	           18295400	            3679142	           14616258	               79.9	           18295400	            3679142	           14616258	               79.9	                  0	                  0	                  0	                  0	                  0	                  0	                  0	                  0	                  0	                  0	                  0	                  0	                  0	                  0	                  0	                  0	           18295400	            3679142	           14616258	               79.9
6*  PRJ NL-C-CRD-004               CAPEX PROJECT FOR CA	          988500000	          444877841	          543622159	               55.0	          718500000	          373295067	          345204933	               48.0	          270000000	           71582774	          198417226	               73.5	                  0	                  0	                  0	                  0	                  0	                  0	                  0	                  0	                  0	                  0	                  0	                  0	          988500000	          444877841	          543622159	               55.0
6*  PRJ NL-C-KSP-001               Khavda Solar Power P	        33358500000	             375240	        33358124760	              100.0	        33358500000	             375240	        33358124760	              100.0	                  0	                  0	                  0	                  0	                  0	                  0	                  0	                  0	                  0	                  0	                  0	                  0	                  0	                  0	                  0	                  0	        33358500000	             375240	        33358124760	              100.0
6*  PRJ NL-C-LAQ-001               Land Acquisiton Plan	         3303100000	         4006368114	         -703268114	              -21.3	         1400000000	         3726816574	        -2326816574	             -166.2	         1903100000	          279551541	         1623548459	               85.3	                  0	                  0	                  0	                  0	                  0	                  0	                  0	                  0	                  0	                  0	                  0	                  0	         3303100000	         4006368114	         -703268114	              -21.3
6*  PRJ NL-C-MIA-001               EXPANSION OF MINE-IA	         9381454495	          867124978	         8514329516	               90.8	          359054495	          712812588	         -353758093	              -98.5	         9022400000	          154312390	         8868087610	               98.3	                  0	                  0	                  0	                  0	                  0	                  0	                  0	                  0	                  0	                  0	                  0	                  0	         6447854495	          867124978	         5580729516	               86.6
6*  PRJ NL-C-MN1-001               Mine 1 Capex Project	         3390000000	                  0	         3390000000	              100.0	         3390000000	                  0	         3390000000	              100.0	                  0	                  0	                  0	                  0	                  0	                  0	                  0	                  0	                  0	                  0	                  0	                  0	                  0	                  0	                  0	                  0	         3390000000	                  0	         3390000000	              100.0
6*  PRJ NL-C-MN3-001               Mines III Capex Proj	        37557200000	              85892	        37557114108	              100.0	        37557200000	              85892	        37557114108	              100.0	                  0	                  0	                  0	                  0	                  0	                  0	                  0	                  0	                  0	                  0	                  0	                  0	                  0	                  0	                  0	                  0	        37557200000	              85892	        37557114108	              100.0
6*  PRJ NL-C-MTL-001               Talabira II & III OC	          790000000	         2643120478	        -1853120478	             -234.6	          790000000	         2665284485	        -1875284485	             -237.4	                  0	          -22164006	           22164006	                  0	                  0	                  0	                  0	                  0	                  0	                  0	                  0	                  0	                  0	                  0	                  0	                  0	          790000000	         2643120478	        -1853120478	             -234.6
6*  PRJ NL-C-MTL-002               Talabira II & III OC	         7500000000	         1442048206	         6057951794	               80.8	         3500000000	          777361410	         2722638590	               77.8	         4000000000	          664686796	         3335313204	               83.4	                  0	                  0	                  0	                  0	                  0	                  0	                  0	                  0	                  0	                  0	                  0	                  0	         2700000000	         1442048206	         1257951794	               46.6
6*  PRJ NL-C-NDM-001               North Dhadu (Western	         2000000000	                  0	         2000000000	              100.0	                  0	                  0	                  0	                  0	         2000000000	                  0	         2000000000	              100.0	                  0	                  0	                  0	                  0	                  0	                  0	                  0	                  0	                  0	                  0	                  0	                  0	         2000000000	                  0	         2000000000	              100.0
6*  PRJ NL-C-NNT-001               NNTPP CAPEX PROJECT	         3787793152	         1292756866	         2495036286	               65.9	         3787793152	         1292582411	         2495210741	               65.9	                  0	             174455	            -174455	                  0	                  0	                  0	                  0	                  0	                  0	                  0	                  0	                  0	                  0	                  0	                  0	                  0	        11092690297	         1292756866	         9799933431	               88.3
6*  PRJ NL-C-NNT-002               NNTPP Flue Gas Desul	         1451162278	        10140647758	        -8689485480	             -598.8	            1162278	         9707897030	        -9706734752	          -835147.4	         1450000000	          432750728	         1017249272	               70.2	                  0	                  0	                  0	                  0	                  0	                  0	                  0	                  0	                  0	                  0	                  0	                  0	         2811782299	        10140647758	        -7328865459	             -260.6
6*  PRJ NL-C-NPS-001               New Patrapara South	         4805000000	           15653703	         4789346297	               99.7	         4805000000	                  0	         4805000000	              100.0	                  0	           15653703	          -15653703	                  0	                  0	                  0	                  0	                  0	                  0	                  0	                  0	                  0	                  0	                  0	                  0	                  0	         4805000000	           15653703	         4789346297	               99.7
6*  PRJ NL-C-PBD-002               Neyveli 2x65 MW Sola	            6669830	           10289078	           -3619248	              -54.3	            6669830	           10289078	           -3619248	              -54.3	                  0	                  0	                  0	                  0	                  0	                  0	                  0	                  0	                  0	                  0	                  0	                  0	                  0	                  0	                  0	                  0	           10669830	           10289078	             380752	                3.6
6*  PRJ NL-C-SOL-001               Solar 10 MW Power Pr	                  0	          453596292	         -453596292	                  0	                  0	          453596292	         -453596292	                  0	                  0	                  0	                  0	                  0	                  0	                  0	                  0	                  0	                  0	                  0	                  0	                  0	                  0	                  0	                  0	                  0	                  0	          453596292	         -453596292	                  0
6*  PRJ NL-C-SOL-002               Solar 50 MW in Mine	         2951200000	         1646966567	         1304233433	               44.2	         2951200000	         1377480845	         1573719155	               53.3	                  0	          269485722	         -269485722	                  0	                  0	                  0	                  0	                  0	                  0	                  0	                  0	                  0	                  0	                  0	                  0	                  0	         2951200000	         1646966567	         1304233433	               44.2
6*  PRJ NL-C-SOL-003               200 MW Solar Power G	        12139910364	            3754902	        12136155462	              100.0	        12138960364	            1590213	        12137370151	              100.0	             950000	            2164689	           -1214689	             -127.9	                  0	                  0	                  0	                  0	                  0	                  0	                  0	                  0	                  0	                  0	                  0	                  0	        12139910364	            3754902	        12136155462	              100.0
6*  PRJ NL-C-SOL-004               100 MW SOLAR (HYBRID	                  0	            1176000	           -1176000	                  0	                  0	            1176000	           -1176000	                  0	                  0	                  0	                  0	                  0	                  0	                  0	                  0	                  0	                  0	                  0	                  0	                  0	                  0	                  0	                  0	                  0	                  0	            1176000	           -1176000	                  0
6*  PRJ NL-C-T22-001               TPS2 Second Expansio	          668500000	           46879267	          621620733	               93.0	          668500000	           45813963	          622686037	               93.1	                  0	            1065304	           -1065304	                  0	                  0	                  0	                  0	                  0	                  0	                  0	                  0	                  0	                  0	                  0	                  0	                  0	          668500000	           46879267	          621620733	               93.0
6*  PRJ NL-C-T2E-001               Performance Improvem	         2117068191	          960464956	         1156603236	               54.6	         1058534096	          919574789	          138959306	               13.1	         1058534096	           40890167	         1017643929	               96.1	                  0	                  0	                  0	                  0	                  0	                  0	                  0	                  0	                  0	                  0	                  0	                  0	         2117068191	          960464956	         1156603236	               54.6
6*  PRJ NL-C-TAA-001               Mini Smart City	               6767	           17793911	          -17787145	          -262870.7	               6767	            6139688	           -6132921	           -90636.5	                  0	           11654224	          -11654224	                  0	                  0	                  0	                  0	                  0	                  0	                  0	                  0	                  0	                  0	                  0	                  0	                  0	               6598	           17793911	          -17787313	          -269594.6
6*  PRJ NL-C-TPP-001               NLC Talabira Thermal	        20639900000	         7898403336	        12741496664	               61.7	        12192700000	         1567062402	        10625637598	               87.1	         8447200000	         6331340934	         2115859066	               25.0	                  0	                  0	                  0	                  0	                  0	                  0	                  0	                  0	                  0	                  0	                  0	                  0	        20639900000	         7898403336	        12741496664	               61.7
6*  PRJ NL-C-TPP-002               NLC TTPP Main Packag	         1030000000	         1529689520	         -499689520	              -48.5	                  0	         1529689520	        -1529689520	                  0	         1030000000	                  0	         1030000000	              100.0	                  0	                  0	                  0	                  0	                  0	                  0	                  0	                  0	                  0	                  0	                  0	                  0	         1030000000	         1529689520	         -499689520	              -48.5
6*  PRJ NL-C-TS1-001               TS I Switchyard Modi	          307545691	          293119057	           14426634	                4.7	          307545691	          283409806	           24135885	                7.8	                  0	            9709251	           -9709251	                  0	                  0	                  0	                  0	                  0	                  0	                  0	                  0	                  0	                  0	                  0	                  0	                  0	          307545691	          293119057	           14426634	                4.7
6*  PRJ NL-C-WND-001               Wind Turbine Project	                  0	           18416660	          -18416660	                  0	                  0	           18416660	          -18416660	                  0	                  0	                  0	                  0	                  0	                  0	                  0	                  0	                  0	                  0	                  0	                  0	                  0	                  0	                  0	                  0	                  0	                  0	           18416660	          -18416660	                  0
6*  PRJ NL-C-WND-002               50 MW Wind Project	         4207312750	         3131658312	         1075654438	               25.6	         4207312750	         2928210855	         1279101895	               30.4	                  0	          203447457	         -203447457	                  0	                  0	                  0	                  0	                  0	                  0	                  0	                  0	                  0	                  0	                  0	                  0	                  0	         4207312750	         3131658312	         1075654438	               25.6
6*  PRJ NL-F-MAC-001               MACHHAKATA (REVISED)	         4962100000	           24302765	         4937797235	               99.5	         4962100000	          -21870277	         4983970277	              100.4	                  0	           46173042	          -46173042	                  0	                  0	                  0	                  0	                  0	                  0	                  0	                  0	                  0	                  0	                  0	                  0	                  0	         4962100000	           24302765	         4937797235	               99.5
6*  PRJ NL-F-MRP-001               Raipura Phosphorite	          229200000	                  0	          229200000	              100.0	                  0	                  0	                  0	                  0	          229200000	                  0	          229200000	              100.0	                  0	                  0	                  0	                  0	                  0	                  0	                  0	                  0	                  0	                  0	                  0	                  0	          229200000	                  0	          229200000	              100.0
6*  PRJ NL-F-MSP-001               Semhardih Phosphorit	          231600000	                  0	          231600000	              100.0	                  0	                  0	                  0	                  0	          231600000	                  0	          231600000	              100.0	                  0	                  0	                  0	                  0	                  0	                  0	                  0	                  0	                  0	                  0	                  0	                  0	          231600000	                  0	          231600000	              100.0
6*  PRJ NL-F-NDM-001               North Dhadu (Western	         2000000000	           88554809	         1911445191	               95.6	                  0	           77120164	          -77120164	                  0	         2000000000	           11434645	         1988565355	               99.4	                  0	                  0	                  0	                  0	                  0	                  0	                  0	                  0	                  0	                  0	                  0	                  0	         2000000000	           88554809	         1911445191	               95.6
6*  PRJ NL-F-RGP-001               Rajasthan Gurha Powe	                  0	             531000	            -531000	                  0	                  0	                  0	                  0	                  0	                  0	             531000	            -531000	                  0	                  0	                  0	                  0	                  0	                  0	                  0	                  0	                  0	                  0	                  0	                  0	                  0	                  0	             531000	            -531000	                  0
6*  PRJ NL-F-TPP-001               NLC Talabira Thermal	                  0	             902900	            -902900	                  0	                  0	                  0	                  0	                  0	                  0	             902900	            -902900	                  0	                  0	                  0	                  0	                  0	                  0	                  0	                  0	                  0	                  0	                  0	                  0	                  0	                  0	             902900	            -902900	                  0
6*  PRJ NL-M-BMN-001               Barsingsar Mines Cap	            2800000	                  0	            2800000	              100.0	            2700000	                  0	            2700000	              100.0	             100000	                  0	             100000	              100.0	                  0	                  0	                  0	                  0	                  0	                  0	                  0	                  0	                  0	                  0	                  0	                  0	            2700000	                  0	            2700000	              100.0
6*  PRJ NL-M-M1A-001               Mine 1A Capital Mate	          194025092	          124843061	           69182031	               35.7	          194025092	          115301350	           78723742	               40.6	                  0	            9541711	           -9541711	                  0	                  0	                  0	                  0	                  0	                  0	                  0	                  0	                  0	                  0	                  0	                  0	                  0	          194025092	          124843061	           69182031	               35.7
6*  PRJ NL-M-MES-001               Mech. Services Capit	                  0	          203617985	         -203617985	                  0	                  0	          203617985	         -203617985	                  0	                  0	                  0	                  0	                  0	                  0	                  0	                  0	                  0	                  0	                  0	                  0	                  0	                  0	                  0	                  0	                  0	                  0	          203617985	         -203617985	                  0
6*  PRJ NL-M-MN1-001               Mine 1 Capital Mater	          224881217	          421099462	         -196218245	              -87.3	          224881217	          421099462	         -196218245	              -87.3	                  0	                  0	                  0	                  0	                  0	                  0	                  0	                  0	                  0	                  0	                  0	                  0	                  0	                  0	                  0	                  0	          224881217	          421099462	         -196218245	              -87.3
6*  PRJ NL-M-MN2-001               Mine 2 Capital Mater	          110366531	          468932289	         -358565758	             -324.9	          110366531	          415750571	         -305384040	             -276.7	                  0	           53181718	          -53181718	                  0	                  0	                  0	                  0	                  0	                  0	                  0	                  0	                  0	                  0	                  0	                  0	                  0	           88043881	          468932289	         -380888408	             -432.6
6*  PRJ NL-M-NNT-001               NNTP Capital Materia	                  0	          271629947	         -271629947	                  0	                  0	          140901907	         -140901907	                  0	                  0	          130728040	         -130728040	                  0	                  0	                  0	                  0	                  0	                  0	                  0	                  0	                  0	                  0	                  0	                  0	                  0	                  0	          271629947	         -271629947	                  0
6*  PRJ NL-M-PRO-001               PRO Material Project	            5400000	                  0	            5400000	              100.0	            5400000	                  0	            5400000	              100.0	                  0	                  0	                  0	                  0	                  0	                  0	                  0	                  0	                  0	                  0	                  0	                  0	                  0	                  0	                  0	                  0	            5400000	                  0	            5400000	              100.0
6*  PRJ NL-M-SFT-001               Safety Capital Mater	           30000000	            8766352	           21233648	               70.8	           30000000	            8766352	           21233648	               70.8	                  0	                  0	                  0	                  0	                  0	                  0	                  0	                  0	                  0	                  0	                  0	                  0	                  0	                  0	                  0	                  0	           30000000	            8766352	           21233648	               70.8
6*  PRJ NL-M-T2E-001               TPS2Exp - Capital Ma	                  0	          525958753	         -525958753	                  0	                  0	          291864204	         -291864204	                  0	                  0	          234094549	         -234094549	                  0	                  0	                  0	                  0	                  0	                  0	                  0	                  0	                  0	                  0	                  0	                  0	                  0	                  0	          525958753	         -525958753	                  0
6*  PRJ NL-N-BSP-001-01            Barsingsar Thermal N	          901900000	          705480349	          196419651	               21.8	                  0	          442036475	         -442036475	                  0	          901900000	          263443873	          638456127	               70.8	                  0	                  0	                  0	                  0	                  0	                  0	                  0	                  0	                  0	                  0	                  0	                  0	          901900000	          705480349	          196419651	               21.8
6*  PRJ NL-N-CES-001               Central Establishmen	          468116057	          207814107	          260301950	               55.6	          468116057	          207539645	          260576412	               55.7	                  0	             274462	            -274462	                  0	                  0	                  0	                  0	                  0	                  0	                  0	                  0	                  0	                  0	                  0	                  0	                  0	          469980138	          207814107	          262166031	               55.8
6*  PRJ NL-N-CES-002               Manager Corporate Of	           21000000	            1713150	           19286850	               91.8	           21000000	            1713150	           19286850	               91.8	                  0	                  0	                  0	                  0	                  0	                  0	                  0	                  0	                  0	                  0	                  0	                  0	                  0	                  0	                  0	                  0	           21000000	            1713150	           19286850	               91.8
6*  PRJ NL-N-CIS-001               CISF Non-Plan CapEx	           32513000	            2765918	           29747082	               91.5	           19113000	            2000537	           17112463	               89.5	           13400000	             765381	           12634619	               94.3	                  0	                  0	                  0	                  0	                  0	                  0	                  0	                  0	                  0	                  0	                  0	                  0	           32513000	            2765918	           29747082	               91.5
6*  PRJ NL-N-CNT-001               Thermal Contracts No	            3400000	                  0	            3400000	              100.0	                  0	                  0	                  0	                  0	            3400000	                  0	            3400000	              100.0	                  0	                  0	                  0	                  0	                  0	                  0	                  0	                  0	                  0	                  0	                  0	                  0	            3400000	                  0	            3400000	              100.0
6*  PRJ NL-N-COM-001               Computer Services No	          858584968	          123627237	          734957731	               85.6	          758067125	          115280492	          642786633	               84.8	          100517843	            8346745	           92171098	               91.7	                  0	                  0	                  0	                  0	                  0	                  0	                  0	                  0	                  0	                  0	                  0	                  0	          858585853	          123627237	          734958616	               85.6
6*  PRJ NL-N-CON-001               Corporate Contracts	            8695100	            8061953	             633147	                7.3	            8645100	            8014163	             630937	                7.3	              50000	              47790	               2210	                4.4	                  0	                  0	                  0	                  0	                  0	                  0	                  0	                  0	                  0	                  0	                  0	                  0	            8695100	            8061953	             633147	                7.3
6*  PRJ NL-N-CRD-001               CARD/ Disposal/ MM N	          101800000	            8593516	           93206484	               91.6	           66800000	            8102671	           58697329	               87.9	           35000000	             490845	           34509155	               98.6	                  0	                  0	                  0	                  0	                  0	                  0	                  0	                  0	                  0	                  0	                  0	                  0	          101800000	            8593516	           93206484	               91.6
6*  PRJ NL-N-CTO-001               CTO CIVIL NON PLAN	           18230000	                  0	           18230000	              100.0	                  0	                  0	                  0	                  0	           18230000	                  0	           18230000	              100.0	                  0	                  0	                  0	                  0	                  0	                  0	                  0	                  0	                  0	                  0	                  0	                  0	           18230000	                  0	           18230000	              100.0
6*  PRJ NL-N-CWS-001               Central Workshop Non	           83313000	             514456	           82798544	               99.4	           20400000	             423456	           19976544	               97.9	           62913000	              91000	           62822000	               99.9	                  0	                  0	                  0	                  0	                  0	                  0	                  0	                  0	                  0	                  0	                  0	                  0	           83313000	             514456	           82798544	               99.4
6*  PRJ NL-N-EDU-001               Education Non-Plan C	           28200000	              98100	           28101900	               99.7	           14500000	              98100	           14401900	               99.3	           13700000	                  0	           13700000	              100.0	                  0	                  0	                  0	                  0	                  0	                  0	                  0	                  0	                  0	                  0	                  0	                  0	           13700000	              98100	           13601900	               99.3
6*  PRJ NL-N-ENC-001               Electrical &Communic	          109255000	           46314889	           62940111	               57.6	           62955000	           46215706	           16739294	               26.6	           46300000	              99183	           46200817	               99.8	                  0	                  0	                  0	                  0	                  0	                  0	                  0	                  0	                  0	                  0	                  0	                  0	          109255000	           46314889	           62940111	               57.6
6*  PRJ NL-N-FIN-001               Corporate Finance No	            1353800	            2411717	           -1057917	              -78.1	            1353800	            1662032	            -308232	              -22.8	                  0	             749685	            -749685	                  0	                  0	                  0	                  0	                  0	                  0	                  0	                  0	                  0	                  0	                  0	                  0	                  0	            1353800	            2411717	           -1057917	              -78.1
6*  PRJ NL-N-GEO-001               Geology Non Plan CAP	             700000	             430764	             269236	               38.5	             700000	             430764	             269236	               38.5	                  0	                  0	                  0	                  0	                  0	                  0	                  0	                  0	                  0	                  0	                  0	                  0	                  0	                  0	                  0	                  0	             700000	             430764	             269236	               38.5
6*  PRJ NL-N-GHO-001               GH Non Plan CAPEX 20	           80000000	           41559989	           38440012	               48.1	           80000000	           40894900	           39105100	               48.9	                  0	             665089	            -665089	                  0	                  0	                  0	                  0	                  0	                  0	                  0	                  0	                  0	                  0	                  0	                  0	                  0	           80000000	           41559989	           38440012	               48.1
6*  PRJ NL-N-GHO-002               GH Non Plan Capex 20	           61875000	             257238	           61617762	               99.6	                  0	              33600	             -33600	                  0	           61875000	             223638	           61651362	               99.6	                  0	                  0	                  0	                  0	                  0	                  0	                  0	                  0	                  0	                  0	                  0	                  0	           61875000	             257238	           61617762	               99.6
6*  PRJ NL-N-IEC-001               IE Wing Non Plan Cap	           20500000	              14849	           20485151	               99.9	           20500000	              14849	           20485151	               99.9	                  0	                  0	                  0	                  0	                  0	                  0	                  0	                  0	                  0	                  0	                  0	                  0	                  0	                  0	                  0	                  0	           20500000	              14849	           20485151	               99.9
6*  PRJ NL-N-LAQ-001               Land Acquisition Non	          888800000	          661950996	          226849004	               25.5	          873800000	          659610037	          214189963	               24.5	           15000000	            2340959	           12659041	               84.4	                  0	                  0	                  0	                  0	                  0	                  0	                  0	                  0	                  0	                  0	                  0	                  0	          432800000	          661950996	         -229150996	              -52.9
6*  PRJ NL-N-LDC-001               Learning and Develop	          178965000	           45787148	          133177852	               74.4	          104465000	           29966175	           74498825	               71.3	           74500000	           15820973	           58679027	               78.8	                  0	                  0	                  0	                  0	                  0	                  0	                  0	                  0	                  0	                  0	                  0	                  0	          178965000	           45787148	          133177852	               74.4
6*  PRJ NL-N-M1A-001               MINE- IA Non Plan CA	         3350100465	         1027326867	         2322773598	               69.3	         1613800465	          381944839	         1231855626	               76.3	         1736300000	          645382028	         1090917972	               62.8	                  0	                  0	                  0	                  0	                  0	                  0	                  0	                  0	                  0	                  0	                  0	                  0	         3350100465	         1027326867	         2322773598	               69.3
6*  PRJ NL-N-MBR-001               Barsingsar- Mines No	           69330000	           31369207	           37960793	               54.8	           49830000	           25278566	           24551434	               49.3	           19500000	            6090641	           13409359	               68.8	                  0	                  0	                  0	                  0	                  0	                  0	                  0	                  0	                  0	                  0	                  0	                  0	           69330000	           31369207	           37960793	               54.8
6*  PRJ NL-N-MCO-001               MCO Non-Plan CapEx	          156500000	           18781277	          137718723	               88.0	          127500000	           13779076	          113720924	               89.2	           29000000	            5002201	           23997799	               82.8	                  0	                  0	                  0	                  0	                  0	                  0	                  0	                  0	                  0	                  0	                  0	                  0	          127500000	           18781277	          108718723	               85.3
6*  PRJ NL-N-MES-001               Mechanical Services	         7745800000	         4897803657	         2847996343	               36.8	         5755800000	         4050054512	         1705745488	               29.6	         1990000000	          847749145	         1142250856	               57.4	                  0	                  0	                  0	                  0	                  0	                  0	                  0	                  0	                  0	                  0	                  0	                  0	         7745853475	         4897803657	         2848049818	               36.8
6*  PRJ NL-N-MIS-001               Management Services	             100000	                  0	             100000	              100.0	             100000	                  0	             100000	              100.0	                  0	                  0	                  0	                  0	                  0	                  0	                  0	                  0	                  0	                  0	                  0	                  0	                  0	                  0	                  0	                  0	             100000	                  0	             100000	              100.0
6*  PRJ NL-N-MMC-001               MMC Non-Plan CAPEX 2	           40645000	           25654383	           14990617	               36.9	           40645000	           21566661	           19078339	               46.9	                  0	            4087722	           -4087722	                  0	                  0	                  0	                  0	                  0	                  0	                  0	                  0	                  0	                  0	                  0	                  0	                  0	           40645000	           25654383	           14990617	               36.9
6*  PRJ NL-N-MN1-001               MINE- I Non Plan CAP	         5511700000	         1399079473	         4112620527	               74.6	         4263500000	          726191274	         3537308726	               83.0	         1248200000	          672888199	          575311801	               46.1	                  0	                  0	                  0	                  0	                  0	                  0	                  0	                  0	                  0	                  0	                  0	                  0	         5511700000	         1399079473	         4112620527	               74.6
6*  PRJ NL-N-MN2-001               MINE- II Non Plan CA	         8879300000	         2030012609	         6849287391	               77.1	         4198700000	         1314338160	         2884361840	               68.7	         4680600000	          715674449	         3964925551	               84.7	                  0	                  0	                  0	                  0	                  0	                  0	                  0	                  0	                  0	                  0	                  0	                  0	         8879300000	         2030012609	         6849287391	               77.1
6*  PRJ NL-N-NNT-001               NNTPP Non Plan CAPEX	          447388000	         1216944038	         -769556038	             -172.0	                  0	         1027013609	        -1027013609	                  0	          447388000	          189930429	          257457571	               57.5	                  0	                  0	                  0	                  0	                  0	                  0	                  0	                  0	                  0	                  0	                  0	                  0	          447388000	         1216944038	         -769556038	             -172.0
6*  PRJ NL-N-OSM-001               OSMG Non Plan CAPEX	          381205000	            7688750	          373516250	               98.0	          254205000	            7688750	          246516250	               97.0	          127000000	                  0	          127000000	              100.0	                  0	                  0	                  0	                  0	                  0	                  0	                  0	                  0	                  0	                  0	                  0	                  0	          381205000	            7688750	          373516250	               98.0
6*  PRJ NL-N-PBD-001               P & BD Non-Plan CapE	           52250000	                  0	           52250000	              100.0	           52250000	                  0	           52250000	              100.0	                  0	                  0	                  0	                  0	                  0	                  0	                  0	                  0	                  0	                  0	                  0	                  0	                  0	                  0	                  0	                  0	           52250000	                  0	           52250000	              100.0
6*  PRJ NL-N-PRO-001               PRO Non-Plan CapEx	           70000000	           22687413	           47312587	               67.6	                  0	            8335422	           -8335422	                  0	           70000000	           14351991	           55648009	               79.5	                  0	                  0	                  0	                  0	                  0	                  0	                  0	                  0	                  0	                  0	                  0	                  0	           70000000	           22687413	           47312587	               67.6
6*  PRJ NL-N-PSE-001               Power Station Engg.	            5088000	            2906297	            2181703	               42.9	            2588000	            1395266	            1192734	               46.1	            2500000	            1511031	             988969	               39.6	                  0	                  0	                  0	                  0	                  0	                  0	                  0	                  0	                  0	                  0	                  0	                  0	            5088000	            2906297	            2181703	               42.9
6*  PRJ NL-N-PST-001               Power Station Traini	          179064895	            7058066	          172006829	               96.1	            9364895	            6355287	            3009608	               32.1	          169700000	             702779	          168997221	               99.6	                  0	                  0	                  0	                  0	                  0	                  0	                  0	                  0	                  0	                  0	                  0	                  0	          179064895	            7058066	          172006829	               96.1
6*  PRJ NL-N-REP-001               Renewable Power Proj	           93600000	          206407129	         -112807129	             -120.5	           93600000	          201205526	         -107605526	             -115.0	                  0	            5201603	           -5201603	                  0	                  0	                  0	                  0	                  0	                  0	                  0	                  0	                  0	                  0	                  0	                  0	                  0	           70300000	          206407129	         -136107129	             -193.6
6*  PRJ NL-N-ROC-001               RMO Chennai Non Plan	          187600000	           17929902	          169670098	               90.4	          187600000	           17929902	          169670098	               90.4	                  0	                  0	                  0	                  0	                  0	                  0	                  0	                  0	                  0	                  0	                  0	                  0	                  0	                  0	                  0	                  0	           82800000	           17929902	           64870098	               78.3
6*  PRJ NL-N-SFT-001               Safety Non Plan CAPE	          129821000	            5581939	          124239061	               95.7	          129821000	            3286887	          126534113	               97.5	                  0	            2295052	           -2295052	                  0	                  0	                  0	                  0	                  0	                  0	                  0	                  0	                  0	                  0	                  0	                  0	                  0	          129821000	            5581939	          124239061	               95.7
6*  PRJ NL-N-SFT-002               Central Safety Non-P	           54995000	                  0	           54995000	              100.0	                  0	                  0	                  0	                  0	           54995000	                  0	           54995000	              100.0	                  0	                  0	                  0	                  0	                  0	                  0	                  0	                  0	                  0	                  0	                  0	                  0	           54995000	                  0	           54995000	              100.0
6*  PRJ NL-N-SOL-001               10MW Solar Power Pla	                  0	                  0	                  0	                  0	                  0	                  0	                  0	                  0	                  0	                  0	                  0	                  0	                  0	                  0	                  0	                  0	                  0	                  0	                  0	                  0	                  0	                  0	                  0	                  0	            9000000	                  0	            9000000	              100.0
6*  PRJ NL-N-T1E-001               TPS-I Exp Non Plan C	         3622840616	          773947350	         2848893266	               78.6	         2721840616	          594717037	         2127123579	               78.2	          901000000	          179230314	          721769686	               80.1	                  0	                  0	                  0	                  0	                  0	                  0	                  0	                  0	                  0	                  0	                  0	                  0	         2015190616	          773947350	         1241243266	               61.6
6*  PRJ NL-N-T2E-001               TPS2Exp - Non Plan C	          910885299	          349078770	          561806529	               61.7	          681116786	          309071068	          372045718	               54.6	          229768513	           40007702	          189760811	               82.6	                  0	                  0	                  0	                  0	                  0	                  0	                  0	                  0	                  0	                  0	                  0	                  0	          910885299	          349078770	          561806529	               61.7
6*  PRJ NL-N-TAA-001               TA Non Plan CAPEX	          180527000	           44533238	          135993762	               75.3	          180527000	           44533238	          135993762	               75.3	                  0	                  0	                  0	                  0	                  0	                  0	                  0	                  0	                  0	                  0	                  0	                  0	                  0	                  0	                  0	                  0	          176227000	           44533238	          131693762	               74.7
6*  PRJ NL-N-TAA-002               TA Non-Plan CapEx Op	                  0	           10493523	          -10493523	                  0	                  0	           10493523	          -10493523	                  0	                  0	                  0	                  0	                  0	                  0	                  0	                  0	                  0	                  0	                  0	                  0	                  0	                  0	                  0	                  0	                  0	            6786213	           10493523	           -3707310	              -54.6
6*  PRJ NL-N-TAA-003               TA Non-Plan Capital	          573137000	          471623785	          101513215	               17.7	          446562000	          269681755	          176880245	               39.6	          126575000	          201942029	          -75367029	              -59.5	                  0	                  0	                  0	                  0	                  0	                  0	                  0	                  0	                  0	                  0	                  0	                  0	          572887000	          471623785	          101263215	               17.7
6*  PRJ NL-N-TRN-001               Transport Non Plan C	         1525600000	          890511018	          635088982	               41.6	         1525600000	          588507464	          937092536	               61.4	                  0	          302003554	         -302003554	                  0	                  0	                  0	                  0	                  0	                  0	                  0	                  0	                  0	                  0	                  0	                  0	                  0	         1566600000	          890511018	          676088982	               43.2
6*  PRJ NL-N-TS1-001               TPS- I Non Plan CAPE	           16180000	           10222177	            5957823	               36.8	           16180000	           10222177	            5957823	               36.8	                  0	                  0	                  0	                  0	                  0	                  0	                  0	                  0	                  0	                  0	                  0	                  0	                  0	                  0	                  0	                  0	           16180000	           10222177	            5957823	               36.8
6*  PRJ NL-N-TS2-001               TPS-II Non Plan CAPE	           11000000	           16719450	           -5719450	              -52.0	                  0	           15106908	          -15106908	                  0	           11000000	            1612542	            9387458	               85.3	                  0	                  0	                  0	                  0	                  0	                  0	                  0	                  0	                  0	                  0	                  0	                  0	           11000000	           16719450	           -5719450	              -52.0
6*  PRJ NL-N-TS2-002               TPS-II LEP Stage I &	         6843837475	         3200263442	         3643574032	               53.2	         2855912771	         2811734034	           44178737	                1.5	         3987924704	          388529409	         3599395295	               90.3	                  0	                  0	                  0	                  0	                  0	                  0	                  0	                  0	                  0	                  0	                  0	                  0	         6843837475	         3200263442	         3643574032	               53.2
6*  PRJ NL-N-VIG-001               Vigilance Non-Plan C	            1174432	            7388064	           -6213632	             -529.1	            1174432	            7388064	           -6213632	             -529.1	                  0	                  0	                  0	                  0	                  0	                  0	                  0	                  0	                  0	                  0	                  0	                  0	                  0	                  0	                  0	                  0	            1174432	            7388064	           -6213632	             -529.1
6*  PRJ NL-O-TS2-001               TS2 Unit 3 Annual Mt	            1022013	                  0	            1022013	              100.0	            1022013	                  0	            1022013	              100.0	                  0	                  0	                  0	                  0	                  0	                  0	                  0	                  0	                  0	                  0	                  0	                  0	                  0	                  0	                  0	                  0	            1022013	                  0	            1022013	              100.0
6*  PRJ NL-S-CSR-001               NLC CSR Projects 201	                  0	          746959873	         -746959873	                  0	                  0	          746959873	         -746959873	                  0	                  0	                  0	                  0	                  0	                  0	                  0	                  0	                  0	                  0	                  0	                  0	                  0	                  0	                  0	                  0	                  0	                  0	          746959873	         -746959873	                  0
6*  PRJ NL-S-CSR-003               CSR Master Project 2	            7404000	            4403987	            3000013	               40.5	            7404000	            4403987	            3000013	               40.5	                  0	                  0	                  0	                  0	                  0	                  0	                  0	                  0	                  0	                  0	                  0	                  0	                  0	                  0	                  0	                  0	          250000000	            4403987	          245596013	               98.2
6*  PRJ NL-S-CSR-005               CSR Administrative O	            4500000	           20400124	          -15900124	             -353.3	            4500000	           20400124	          -15900124	             -353.3	                  0	                  0	                  0	                  0	                  0	                  0	                  0	                  0	                  0	                  0	                  0	                  0	                  0	                  0	                  0	                  0	            4500000	           20400124	          -15900124	             -353.3
6*  PRJ NL-S-CSR-007               CSR PBD Proc thro GE	            1040646	                  0	            1040646	              100.0	            1040646	                  0	            1040646	              100.0	                  0	                  0	                  0	                  0	                  0	                  0	                  0	                  0	                  0	                  0	                  0	                  0	                  0	                  0	                  0	                  0	            1040646	                  0	            1040646	              100.0
6*  PRJ NL-S-CSR-008               O2 Plants in Tamilna	                  0	           27980751	          -27980751	                  0	                  0	           27980751	          -27980751	                  0	                  0	                  0	                  0	                  0	                  0	                  0	                  0	                  0	                  0	                  0	                  0	                  0	                  0	                  0	                  0	                  0	                  0	           27980751	          -27980751	                  0
6*  PRJ NL-S-CSR-009               O2 Plants in Karnata	                  0	           44806785	          -44806785	                  0	                  0	           44806785	          -44806785	                  0	                  0	                  0	                  0	                  0	                  0	                  0	                  0	                  0	                  0	                  0	                  0	                  0	                  0	                  0	                  0	                  0	                  0	           44806785	          -44806785	                  0
6*  PRJ NL-S-CSR-010               O2 Plants in Rajasth	                  0	           38576718	          -38576718	                  0	                  0	           38576718	          -38576718	                  0	                  0	                  0	                  0	                  0	                  0	                  0	                  0	                  0	                  0	                  0	                  0	                  0	                  0	                  0	                  0	                  0	                  0	           38576718	          -38576718	                  0
6*  PRJ NL-S-CSR-011               O2 Plants in Odisha	                  0	            2256610	           -2256610	                  0	                  0	            2256610	           -2256610	                  0	                  0	                  0	                  0	                  0	                  0	                  0	                  0	                  0	                  0	                  0	                  0	                  0	                  0	                  0	                  0	                  0	                  0	            2256610	           -2256610	                  0
6*  PRJ NL-S-CSR-012               O2 Concentrators in	                  0	           21802057	          -21802057	                  0	                  0	           21802057	          -21802057	                  0	                  0	                  0	                  0	                  0	                  0	                  0	                  0	                  0	                  0	                  0	                  0	                  0	                  0	                  0	                  0	                  0	                  0	           21802057	          -21802057	                  0
6*  PRJ NL-S-CSR-013               O2 Concentrators in	                  0	           10812883	          -10812883	                  0	                  0	           10812883	          -10812883	                  0	                  0	                  0	                  0	                  0	                  0	                  0	                  0	                  0	                  0	                  0	                  0	                  0	                  0	                  0	                  0	                  0	                  0	           10812883	          -10812883	                  0
6*  PRJ NL-S-CSR-017               Hired BLS Ambulance	                  0	            5833542	           -5833542	                  0	                  0	            5833542	           -5833542	                  0	                  0	                  0	                  0	                  0	                  0	                  0	                  0	                  0	                  0	                  0	                  0	                  0	                  0	                  0	                  0	                  0	                  0	            5833542	           -5833542	                  0
6*  PRJ NL-S-CSR-018               Mask,Sanitizer,Soap	                  0	             220000	            -220000	                  0	                  0	             220000	            -220000	                  0	                  0	                  0	                  0	                  0	                  0	                  0	                  0	                  0	                  0	                  0	                  0	                  0	                  0	                  0	                  0	                  0	                  0	             220000	            -220000	                  0
6*  PRJ NL-S-CSR-019               Sanitizer,Soap Soln	                  0	             769641	            -769641	                  0	                  0	             769641	            -769641	                  0	                  0	                  0	                  0	                  0	                  0	                  0	                  0	                  0	                  0	                  0	                  0	                  0	                  0	                  0	                  0	                  0	                  0	             769641	            -769641	                  0
6*  PRJ NL-S-CSR-020               CC Eqpmt Andaman Nic	                  0	             109728	            -109728	                  0	                  0	             109728	            -109728	                  0	                  0	                  0	                  0	                  0	                  0	                  0	                  0	                  0	                  0	                  0	                  0	                  0	                  0	                  0	                  0	                  0	                  0	             109728	            -109728	                  0
6*  PRJ NL-S-CSR-021               SERI PPE kits to Cud	                  0	            3219980	           -3219980	                  0	                  0	            3219980	           -3219980	                  0	                  0	                  0	                  0	                  0	                  0	                  0	                  0	                  0	                  0	                  0	                  0	                  0	                  0	                  0	                  0	                  0	                  0	            3219980	           -3219980	                  0
6*  PRJ NL-S-CSR-022               Santhigiri Ashram- C	                  0	            1000000	           -1000000	                  0	                  0	            1000000	           -1000000	                  0	                  0	                  0	                  0	                  0	                  0	                  0	                  0	                  0	                  0	                  0	                  0	                  0	                  0	                  0	                  0	                  0	                  0	            1000000	           -1000000	                  0
6*  PRJ NL-S-CSR-023               PPE Kits to GH - Kat	                  0	            1385203	           -1385203	                  0	                  0	            1385203	           -1385203	                  0	                  0	                  0	                  0	                  0	                  0	                  0	                  0	                  0	                  0	                  0	                  0	                  0	                  0	                  0	                  0	                  0	                  0	            1385203	           -1385203	                  0
6*  PRJ NL-S-CSR-024               COVID 19 Measures FD	                  0	           11121517	          -11121517	                  0	                  0	           11121517	          -11121517	                  0	                  0	                  0	                  0	                  0	                  0	                  0	                  0	                  0	                  0	                  0	                  0	                  0	                  0	                  0	                  0	                  0	                  0	           11121517	          -11121517	                  0
6*  PRJ NL-S-CSR-027               Medical Camps	                  0	            2425160	           -2425160	                  0	                  0	            2425160	           -2425160	                  0	                  0	                  0	                  0	                  0	                  0	                  0	                  0	                  0	                  0	                  0	                  0	                  0	                  0	                  0	                  0	                  0	                  0	            2425160	           -2425160	                  0
6*  PRJ NL-S-CSR-028               Swachhta Packwada ac	                  0	             942279	            -942279	                  0	                  0	             942279	            -942279	                  0	                  0	                  0	                  0	                  0	                  0	                  0	                  0	                  0	                  0	                  0	                  0	                  0	                  0	                  0	                  0	                  0	                  0	             942279	            -942279	                  0
6*  PRJ NL-S-CSR-029               Nutritional Support	                  0	            2519728	           -2519728	                  0	                  0	            2519728	           -2519728	                  0	                  0	                  0	                  0	                  0	                  0	                  0	                  0	                  0	                  0	                  0	                  0	                  0	                  0	                  0	                  0	                  0	                  0	            2519728	           -2519728	                  0
6*  PRJ NL-S-CSR-030               Posak - HIV+ve Socie	                  0	            1389846	           -1389846	                  0	                  0	            1389846	           -1389846	                  0	                  0	                  0	                  0	                  0	                  0	                  0	                  0	                  0	                  0	                  0	                  0	                  0	                  0	                  0	                  0	                  0	                  0	            1389846	           -1389846	                  0
6*  PRJ NL-S-CSR-031               Food Supliments to O	                  0	             832584	            -832584	                  0	                  0	             832584	            -832584	                  0	                  0	                  0	                  0	                  0	                  0	                  0	                  0	                  0	                  0	                  0	                  0	                  0	                  0	                  0	                  0	                  0	                  0	             832584	            -832584	                  0
6*  PRJ NL-S-CSR-032               Food Supp. Annai Ter	                  0	             162903	            -162903	                  0	                  0	             162903	            -162903	                  0	                  0	                  0	                  0	                  0	                  0	                  0	                  0	                  0	                  0	                  0	                  0	                  0	                  0	                  0	                  0	                  0	                  0	             162903	            -162903	                  0
6*  PRJ NL-S-CSR-033               Trauma Care Centre a	                  0	            1404091	           -1404091	                  0	                  0	            1404091	           -1404091	                  0	                  0	                  0	                  0	                  0	                  0	                  0	                  0	                  0	                  0	                  0	                  0	                  0	                  0	                  0	                  0	                  0	                  0	            1404091	           -1404091	                  0
6*  PRJ NL-S-CSR-035               Beti Bachao Scheme,	                  0	             199953	            -199953	                  0	                  0	             199953	            -199953	                  0	                  0	                  0	                  0	                  0	                  0	                  0	                  0	                  0	                  0	                  0	                  0	                  0	                  0	                  0	                  0	                  0	                  0	             199953	            -199953	                  0
6*  PRJ NL-S-CSR-036               Medical Camps at Bar	                  0	             291100	            -291100	                  0	                  0	             291100	            -291100	                  0	                  0	                  0	                  0	                  0	                  0	                  0	                  0	                  0	                  0	                  0	                  0	                  0	                  0	                  0	                  0	                  0	                  0	             291100	            -291100	                  0
6*  PRJ NL-S-CSR-037               Medical Services on	                  0	           13093566	          -13093566	                  0	                  0	           13093566	          -13093566	                  0	                  0	                  0	                  0	                  0	                  0	                  0	                  0	                  0	                  0	                  0	                  0	                  0	                  0	                  0	                  0	                  0	                  0	           13093566	          -13093566	                  0
6*  PRJ NL-S-CSR-038               2Nos of RCC OHT at K	                  0	             455622	            -455622	                  0	                  0	             455622	            -455622	                  0	                  0	                  0	                  0	                  0	                  0	                  0	                  0	                  0	                  0	                  0	                  0	                  0	                  0	                  0	                  0	                  0	                  0	             455622	            -455622	                  0
6*  PRJ NL-S-CSR-039               Railway toilets by R	                  0	           43624950	          -43624950	                  0	                  0	           43624950	          -43624950	                  0	                  0	                  0	                  0	                  0	                  0	                  0	                  0	                  0	                  0	                  0	                  0	                  0	                  0	                  0	                  0	                  0	                  0	           43624950	          -43624950	                  0
6*  PRJ NL-S-CSR-040               Hygiene and Healthca	                  0	            7074958	           -7074958	                  0	                  0	            7074958	           -7074958	                  0	                  0	                  0	                  0	                  0	                  0	                  0	                  0	                  0	                  0	                  0	                  0	                  0	                  0	                  0	                  0	                  0	                  0	            7074958	           -7074958	                  0
6*  PRJ NL-S-CSR-041               Education Support Se	                  0	            2433648	           -2433648	                  0	                  0	            2433648	           -2433648	                  0	                  0	                  0	                  0	                  0	                  0	                  0	                  0	                  0	                  0	                  0	                  0	                  0	                  0	                  0	                  0	                  0	                  0	            2433648	           -2433648	                  0
6*  PRJ NL-S-CSR-042               Beti Padhao Scheme B	                  0	             199912	            -199912	                  0	                  0	             199912	            -199912	                  0	                  0	                  0	                  0	                  0	                  0	                  0	                  0	                  0	                  0	                  0	                  0	                  0	                  0	                  0	                  0	                  0	                  0	             199912	            -199912	                  0
6*  PRJ NL-S-CSR-043               Scholarship for Girl	                  0	             724166	            -724166	                  0	                  0	             724166	            -724166	                  0	                  0	                  0	                  0	                  0	                  0	                  0	                  0	                  0	                  0	                  0	                  0	                  0	                  0	                  0	                  0	                  0	                  0	             724166	            -724166	                  0
6*  PRJ NL-S-CSR-044               Tution Fees for SC,	                  0	           45899030	          -45899030	                  0	                  0	           45899030	          -45899030	                  0	                  0	                  0	                  0	                  0	                  0	                  0	                  0	                  0	                  0	                  0	                  0	                  0	                  0	                  0	                  0	                  0	                  0	           45899030	          -45899030	                  0
6*  PRJ NL-S-CSR-045               Educational Assistan	                  0	            4454000	           -4454000	                  0	                  0	            4454000	           -4454000	                  0	                  0	                  0	                  0	                  0	                  0	                  0	                  0	                  0	                  0	                  0	                  0	                  0	                  0	                  0	                  0	                  0	                  0	            4454000	           -4454000	                  0
6*  PRJ NL-S-CSR-046               Educational promotio	                  0	             468393	            -468393	                  0	                  0	             468393	            -468393	                  0	                  0	                  0	                  0	                  0	                  0	                  0	                  0	                  0	                  0	                  0	                  0	                  0	                  0	                  0	                  0	                  0	                  0	             468393	            -468393	                  0
6*  PRJ NL-S-CSR-047               Educational Assistan	                  0	           14885566	          -14885566	                  0	                  0	           14885566	          -14885566	                  0	                  0	                  0	                  0	                  0	                  0	                  0	                  0	                  0	                  0	                  0	                  0	                  0	                  0	                  0	                  0	                  0	                  0	           14885566	          -14885566	                  0
6*  PRJ NL-S-CSR-048               Financial Assistance	                  0	           50000000	          -50000000	                  0	                  0	           50000000	          -50000000	                  0	                  0	                  0	                  0	                  0	                  0	                  0	                  0	                  0	                  0	                  0	                  0	                  0	                  0	                  0	                  0	                  0	                  0	           50000000	          -50000000	                  0
6*  PRJ NL-S-CSR-049               Fin. Asst. Sarada Ni	                  0	            9250000	           -9250000	                  0	                  0	            9250000	           -9250000	                  0	                  0	                  0	                  0	                  0	                  0	                  0	                  0	                  0	                  0	                  0	                  0	                  0	                  0	                  0	                  0	                  0	                  0	            9250000	           -9250000	                  0
6*  PRJ NL-S-CSR-050               Skill Development fo	                  0	             382664	            -382664	                  0	                  0	             382664	            -382664	                  0	                  0	                  0	                  0	                  0	                  0	                  0	                  0	                  0	                  0	                  0	                  0	                  0	                  0	                  0	                  0	                  0	                  0	             382664	            -382664	                  0
6*  PRJ NL-S-CSR-051               Fin. Asst. Gram Vika	                  0	            7969150	           -7969150	                  0	                  0	            7969150	           -7969150	                  0	                  0	                  0	                  0	                  0	                  0	                  0	                  0	                  0	                  0	                  0	                  0	                  0	                  0	                  0	                  0	                  0	                  0	            7969150	           -7969150	                  0
6*  PRJ NL-S-CSR-053               Conducting of sports	                  0	            1067841	           -1067841	                  0	                  0	            1067841	           -1067841	                  0	                  0	                  0	                  0	                  0	                  0	                  0	                  0	                  0	                  0	                  0	                  0	                  0	                  0	                  0	                  0	                  0	                  0	            1067841	           -1067841	                  0
6*  PRJ NL-S-CSR-054               Fin. Asst. to Olympi	                  0	            1500000	           -1500000	                  0	                  0	            1500000	           -1500000	                  0	                  0	                  0	                  0	                  0	                  0	                  0	                  0	                  0	                  0	                  0	                  0	                  0	                  0	                  0	                  0	                  0	                  0	            1500000	           -1500000	                  0
6*  PRJ NL-S-CSR-056               Janapravesh by NLC B	                  0	            6889941	           -6889941	                  0	                  0	            6889941	           -6889941	                  0	                  0	                  0	                  0	                  0	                  0	                  0	                  0	                  0	                  0	                  0	                  0	                  0	                  0	                  0	                  0	                  0	                  0	            6889941	           -6889941	                  0
6*  PRJ NL-S-CSR-058               Administrative Overh	                  0	           19825000	          -19825000	                  0	                  0	           19825000	          -19825000	                  0	                  0	                  0	                  0	                  0	                  0	                  0	                  0	                  0	                  0	                  0	                  0	                  0	                  0	                  0	                  0	                  0	                  0	           19825000	          -19825000	                  0
6*  PRJ NL-S-CSR-059               High School Transfor	                  0	           88500000	          -88500000	                  0	                  0	           88500000	          -88500000	                  0	                  0	                  0	                  0	                  0	                  0	                  0	                  0	                  0	                  0	                  0	                  0	                  0	                  0	                  0	                  0	                  0	                  0	           88500000	          -88500000	                  0
6*  PRJ NL-S-CSR-060               Swachhta Activities	                  0	             836869	            -836869	                  0	                  0	             836869	            -836869	                  0	                  0	                  0	                  0	                  0	                  0	                  0	                  0	                  0	                  0	                  0	                  0	                  0	                  0	                  0	                  0	                  0	                  0	             836869	            -836869	                  0
6*  PRJ NL-S-CSR-061               Lab equipments AU	                  0	           16416780	          -16416780	                  0	                  0	           16416780	          -16416780	                  0	                  0	                  0	                  0	                  0	                  0	                  0	                  0	                  0	                  0	                  0	                  0	                  0	                  0	                  0	                  0	                  0	                  0	           16416780	          -16416780	                  0
6*  PRJ NL-S-CSR-062               Facilities Diploma M	                  0	            4859674	           -4859674	                  0	                  0	            4859674	           -4859674	                  0	                  0	                  0	                  0	                  0	                  0	                  0	                  0	                  0	                  0	                  0	                  0	                  0	                  0	                  0	                  0	                  0	                  0	            4859674	           -4859674	                  0
6*  PRJ NL-S-CSR-063               Trauma Care Centre K	                  0	           13136885	          -13136885	                  0	                  0	           13136885	          -13136885	                  0	                  0	                  0	                  0	                  0	                  0	                  0	                  0	                  0	                  0	                  0	                  0	                  0	                  0	                  0	                  0	                  0	                  0	           13136885	          -13136885	                  0
6*  PRJ NL-S-CSR-064               TB Sanatorium GF Cud	                  0	            8388348	           -8388348	                  0	                  0	            8388348	           -8388348	                  0	                  0	                  0	                  0	                  0	                  0	                  0	                  0	                  0	                  0	                  0	                  0	                  0	                  0	                  0	                  0	                  0	                  0	            8388348	           -8388348	                  0
6*  PRJ NL-S-CSR-065               OHT Kannadi Village	                  0	            1117577	           -1117577	                  0	                  0	            1117577	           -1117577	                  0	                  0	                  0	                  0	                  0	                  0	                  0	                  0	                  0	                  0	                  0	                  0	                  0	                  0	                  0	                  0	                  0	                  0	            1117577	           -1117577	                  0
6*  PRJ NL-S-CSR-066               O2 Generator Shed TN	                  0	            4794561	           -4794561	                  0	                  0	            4794561	           -4794561	                  0	                  0	                  0	                  0	                  0	                  0	                  0	                  0	                  0	                  0	                  0	                  0	                  0	                  0	                  0	                  0	                  0	                  0	            4794561	           -4794561	                  0
6*  PRJ NL-S-CSR-067               Public Toilet Blocks	                  0	           23797528	          -23797528	                  0	                  0	           23797528	          -23797528	                  0	                  0	                  0	                  0	                  0	                  0	                  0	                  0	                  0	                  0	                  0	                  0	                  0	                  0	                  0	                  0	                  0	                  0	           23797528	          -23797528	                  0
6*  PRJ NL-S-CSR-068               FA Saradha Niketan C	                  0	            9250000	           -9250000	                  0	                  0	            9250000	           -9250000	                  0	                  0	                  0	                  0	                  0	                  0	                  0	                  0	                  0	                  0	                  0	                  0	                  0	                  0	                  0	                  0	                  0	                  0	            9250000	           -9250000	                  0
6*  PRJ NL-S-CSR-069               FATO Gram Vikas Soci	                  0	           11953725	          -11953725	                  0	                  0	           11953725	          -11953725	                  0	                  0	                  0	                  0	                  0	                  0	                  0	                  0	                  0	                  0	                  0	                  0	                  0	                  0	                  0	                  0	                  0	                  0	           11953725	          -11953725	                  0
6*  PRJ NL-S-CSR-070               AMC for BOV, RTS, SP	                  0	             962273	            -962273	                  0	                  0	             962273	            -962273	                  0	                  0	                  0	                  0	                  0	                  0	                  0	                  0	                  0	                  0	                  0	                  0	                  0	                  0	                  0	                  0	                  0	                  0	             962273	            -962273	                  0
6*  PRJ NL-S-CSR-072               Conducting Medical C	                  0	            7109356	           -7109356	                  0	                  0	            7109356	           -7109356	                  0	                  0	                  0	                  0	                  0	                  0	                  0	                  0	                  0	                  0	                  0	                  0	                  0	                  0	                  0	                  0	                  0	                  0	            7109356	           -7109356	                  0
6*  PRJ NL-S-CSR-073               Sneha Opportunity Sc	                  0	            7000000	           -7000000	                  0	                  0	            7000000	           -7000000	                  0	                  0	                  0	                  0	                  0	                  0	                  0	                  0	                  0	                  0	                  0	                  0	                  0	                  0	                  0	                  0	                  0	                  0	            7000000	           -7000000	                  0
6*  PRJ NL-S-CSR-074               FATO Athma Deepam So	                  0	             600000	            -600000	                  0	                  0	             600000	            -600000	                  0	                  0	                  0	                  0	                  0	                  0	                  0	                  0	                  0	                  0	                  0	                  0	                  0	                  0	                  0	                  0	                  0	                  0	             600000	            -600000	                  0
6*  PRJ NL-S-CSR-076               2 Class room Kollidu	                  0	            1736450	           -1736450	                  0	                  0	            1736450	           -1736450	                  0	                  0	                  0	                  0	                  0	                  0	                  0	                  0	                  0	                  0	                  0	                  0	                  0	                  0	                  0	                  0	                  0	                  0	            1736450	           -1736450	                  0
6*  PRJ NL-S-CSR-077               4 Class Room Kurinji	                  0	            1330560	           -1330560	                  0	                  0	            1330560	           -1330560	                  0	                  0	                  0	                  0	                  0	                  0	                  0	                  0	                  0	                  0	                  0	                  0	                  0	                  0	                  0	                  0	                  0	                  0	            1330560	           -1330560	                  0
6*  PRJ NL-S-CSR-078               Urgent Activities wi	                  0	            5433344	           -5433344	                  0	                  0	            5433344	           -5433344	                  0	                  0	                  0	                  0	                  0	                  0	                  0	                  0	                  0	                  0	                  0	                  0	                  0	                  0	                  0	                  0	                  0	                  0	            5433344	           -5433344	                  0
6*  PRJ NL-S-CSR-079               Blood Donation Camps	                  0	             940716	            -940716	                  0	                  0	             940716	            -940716	                  0	                  0	                  0	                  0	                  0	                  0	                  0	                  0	                  0	                  0	                  0	                  0	                  0	                  0	                  0	                  0	                  0	                  0	             940716	            -940716	                  0
6*  PRJ NL-S-CSR-080               Medical Camps Barsin	                  0	             489063	            -489063	                  0	                  0	             489063	            -489063	                  0	                  0	                  0	                  0	                  0	                  0	                  0	                  0	                  0	                  0	                  0	                  0	                  0	                  0	                  0	                  0	                  0	                  0	             489063	            -489063	                  0
6*  PRJ NL-S-CSR-081               OP Treament to Near	                  0	           21198558	          -21198558	                  0	                  0	           21198558	          -21198558	                  0	                  0	                  0	                  0	                  0	                  0	                  0	                  0	                  0	                  0	                  0	                  0	                  0	                  0	                  0	                  0	                  0	                  0	           21198558	          -21198558	                  0
6*  PRJ NL-S-CSR-084               Infrastructure at PH	                  0	             445250	            -445250	                  0	                  0	             445250	            -445250	                  0	                  0	                  0	                  0	                  0	                  0	                  0	                  0	                  0	                  0	                  0	                  0	                  0	                  0	                  0	                  0	                  0	                  0	             445250	            -445250	                  0
6*  PRJ NL-S-CSR-085               Nutrisional support-	                  0	            4872361	           -4872361	                  0	                  0	            4872361	           -4872361	                  0	                  0	                  0	                  0	                  0	                  0	                  0	                  0	                  0	                  0	                  0	                  0	                  0	                  0	                  0	                  0	                  0	                  0	            4872361	           -4872361	                  0
6*  PRJ NL-S-CSR-087               Medical Equipment fo	                  0	                  0	                  0	                  0	                  0	                  0	                  0	                  0	                  0	                  0	                  0	                  0	                  0	                  0	                  0	                  0	                  0	                  0	                  0	                  0	                  0	                  0	                  0	                  0	                  0	                  0	                  0	                  0
6*  PRJ NL-S-CSR-088               OASIS & Annai Theras	                  0	            2539780	           -2539780	                  0	                  0	            2539780	           -2539780	                  0	                  0	                  0	                  0	                  0	                  0	                  0	                  0	                  0	                  0	                  0	                  0	                  0	                  0	                  0	                  0	                  0	                  0	            2539780	           -2539780	                  0
6*  PRJ NL-S-CSR-089               Financial Asstance t	                  0	            4000000	           -4000000	                  0	                  0	            4000000	           -4000000	                  0	                  0	                  0	                  0	                  0	                  0	                  0	                  0	                  0	                  0	                  0	                  0	                  0	                  0	                  0	                  0	                  0	                  0	            4000000	           -4000000	                  0
6*  PRJ NL-S-CSR-090               FA2 Bharat Seva.Sang	                  0	           13833000	          -13833000	                  0	                  0	           13833000	          -13833000	                  0	                  0	                  0	                  0	                  0	                  0	                  0	                  0	                  0	                  0	                  0	                  0	                  0	                  0	                  0	                  0	                  0	                  0	           13833000	          -13833000	                  0
6*  PRJ NL-S-CSR-092               FA2 DSK Kottayam Ker	                  0	            3500000	           -3500000	                  0	                  0	            3500000	           -3500000	                  0	                  0	                  0	                  0	                  0	                  0	                  0	                  0	                  0	                  0	                  0	                  0	                  0	                  0	                  0	                  0	                  0	                  0	            3500000	           -3500000	                  0
6*  PRJ NL-S-CSR-093               Consumable&Charges f	                  0	              50150	             -50150	                  0	                  0	              50150	             -50150	                  0	                  0	                  0	                  0	                  0	                  0	                  0	                  0	                  0	                  0	                  0	                  0	                  0	                  0	                  0	                  0	                  0	                  0	              50150	             -50150	                  0
6*  PRJ NL-S-CSR-094               FA to Sri Dhanvantha	                  0	            1000000	           -1000000	                  0	                  0	            1000000	           -1000000	                  0	                  0	                  0	                  0	                  0	                  0	                  0	                  0	                  0	                  0	                  0	                  0	                  0	                  0	                  0	                  0	                  0	                  0	            1000000	           -1000000	                  0
6*  PRJ NL-S-CSR-095               Improvement works Ba	                  0	            3476253	           -3476253	                  0	                  0	            3476253	           -3476253	                  0	                  0	                  0	                  0	                  0	                  0	                  0	                  0	                  0	                  0	                  0	                  0	                  0	                  0	                  0	                  0	                  0	                  0	            3476253	           -3476253	                  0
6*  PRJ NL-S-CSR-107               Hygiene & Healthcare	                  0	            6195901	           -6195901	                  0	                  0	            6195901	           -6195901	                  0	                  0	                  0	                  0	                  0	                  0	                  0	                  0	                  0	                  0	                  0	                  0	                  0	                  0	                  0	                  0	                  0	                  0	            6195901	           -6195901	                  0
6*  PRJ NL-S-CSR-112               Awareness motivation	                  0	            3466179	           -3466179	                  0	                  0	            3466179	           -3466179	                  0	                  0	                  0	                  0	                  0	                  0	                  0	                  0	                  0	                  0	                  0	                  0	                  0	                  0	                  0	                  0	                  0	                  0	            3466179	           -3466179	                  0
6*  PRJ NL-S-CSR-113               1 std girl students	                  0	             199882	            -199882	                  0	                  0	             199882	            -199882	                  0	                  0	                  0	                  0	                  0	                  0	                  0	                  0	                  0	                  0	                  0	                  0	                  0	                  0	                  0	                  0	                  0	                  0	             199882	            -199882	                  0
6*  PRJ NL-S-CSR-114               Scholarship to girl	                  0	             829290	            -829290	                  0	                  0	             829290	            -829290	                  0	                  0	                  0	                  0	                  0	                  0	                  0	                  0	                  0	                  0	                  0	                  0	                  0	                  0	                  0	                  0	                  0	                  0	             829290	            -829290	                  0
6*  PRJ NL-S-CSR-115               Tution Fees SC,ST,OB	                  0	           35448250	          -35448250	                  0	                  0	           35448250	          -35448250	                  0	                  0	                  0	                  0	                  0	                  0	                  0	                  0	                  0	                  0	                  0	                  0	                  0	                  0	                  0	                  0	                  0	                  0	           35448250	          -35448250	                  0
6*  PRJ NL-S-CSR-116               Activities for promo	                  0	             986901	            -986901	                  0	                  0	             986901	            -986901	                  0	                  0	                  0	                  0	                  0	                  0	                  0	                  0	                  0	                  0	                  0	                  0	                  0	                  0	                  0	                  0	                  0	                  0	             986901	            -986901	                  0
6*  PRJ NL-S-CSR-117               Educational assistan	                  0	            7321468	           -7321468	                  0	                  0	            7321468	           -7321468	                  0	                  0	                  0	                  0	                  0	                  0	                  0	                  0	                  0	                  0	                  0	                  0	                  0	                  0	                  0	                  0	                  0	                  0	            7321468	           -7321468	                  0
6*  PRJ NL-S-CSR-119               Toilet blocks,smart	                  0	             945680	            -945680	                  0	                  0	             945680	            -945680	                  0	                  0	                  0	                  0	                  0	                  0	                  0	                  0	                  0	                  0	                  0	                  0	                  0	                  0	                  0	                  0	                  0	                  0	             945680	            -945680	                  0
6*  PRJ NL-S-CSR-120               Classrooms,toilets-	                  0	             655673	            -655673	                  0	                  0	             655673	            -655673	                  0	                  0	                  0	                  0	                  0	                  0	                  0	                  0	                  0	                  0	                  0	                  0	                  0	                  0	                  0	                  0	                  0	                  0	             655673	            -655673	                  0
6*  PRJ NL-S-CSR-122               FA JES for neyveli o	                  0	           50000000	          -50000000	                  0	                  0	           50000000	          -50000000	                  0	                  0	                  0	                  0	                  0	                  0	                  0	                  0	                  0	                  0	                  0	                  0	                  0	                  0	                  0	                  0	                  0	                  0	           50000000	          -50000000	                  0
6*  PRJ NL-S-CSR-126               Smartclass GS Kumbak	                  0	            2099308	           -2099308	                  0	                  0	            2099308	           -2099308	                  0	                  0	                  0	                  0	                  0	                  0	                  0	                  0	                  0	                  0	                  0	                  0	                  0	                  0	                  0	                  0	                  0	                  0	            2099308	           -2099308	                  0
6*  PRJ NL-S-CSR-128               Infrastructures to L	                  0	                  0	                  0	                  0	                  0	                  0	                  0	                  0	                  0	                  0	                  0	                  0	                  0	                  0	                  0	                  0	                  0	                  0	                  0	                  0	                  0	                  0	                  0	                  0	                  0	                  0	                  0	                  0
6*  PRJ NL-S-CSR-130               FA Kasturba New Delh	                  0	            3000000	           -3000000	                  0	                  0	            3000000	           -3000000	                  0	                  0	                  0	                  0	                  0	                  0	                  0	                  0	                  0	                  0	                  0	                  0	                  0	                  0	                  0	                  0	                  0	                  0	            3000000	           -3000000	                  0
6*  PRJ NL-S-CSR-133               Skill development pr	                  0	             427714	            -427714	                  0	                  0	             427714	            -427714	                  0	                  0	                  0	                  0	                  0	                  0	                  0	                  0	                  0	                  0	                  0	                  0	                  0	                  0	                  0	                  0	                  0	                  0	             427714	            -427714	                  0
6*  PRJ NL-S-CSR-134               FA to VIKS Hyderabad	                  0	             300000	            -300000	                  0	                  0	             300000	            -300000	                  0	                  0	                  0	                  0	                  0	                  0	                  0	                  0	                  0	                  0	                  0	                  0	                  0	                  0	                  0	                  0	                  0	                  0	             300000	            -300000	                  0
6*  PRJ NL-S-CSR-135               Camel festival 2023	                  0	             200000	            -200000	                  0	                  0	             200000	            -200000	                  0	                  0	                  0	                  0	                  0	                  0	                  0	                  0	                  0	                  0	                  0	                  0	                  0	                  0	                  0	                  0	                  0	                  0	             200000	            -200000	                  0
6*  PRJ NL-S-CSR-137               Tokyo Olympics Jodhk	                  0	            4339133	           -4339133	                  0	                  0	            4339133	           -4339133	                  0	                  0	                  0	                  0	                  0	                  0	                  0	                  0	                  0	                  0	                  0	                  0	                  0	                  0	                  0	                  0	                  0	                  0	            4339133	           -4339133	                  0
6*  PRJ NL-S-CSR-139               Sports meet Bikaner	                  0	             948861	            -948861	                  0	                  0	             948861	            -948861	                  0	                  0	                  0	                  0	                  0	                  0	                  0	                  0	                  0	                  0	                  0	                  0	                  0	                  0	                  0	                  0	                  0	                  0	             948861	            -948861	                  0
6*  PRJ NL-S-CSR-141               13 wells Bhanpura vi	                  0	            1904775	           -1904775	                  0	                  0	            1904775	           -1904775	                  0	                  0	                  0	                  0	                  0	                  0	                  0	                  0	                  0	                  0	                  0	                  0	                  0	                  0	                  0	                  0	                  0	                  0	            1904775	           -1904775	                  0
6*  PRJ NL-S-CSR-143               Road repair work The	                  0	                  0	                  0	                  0	                  0	                  0	                  0	                  0	                  0	                  0	                  0	                  0	                  0	                  0	                  0	                  0	                  0	                  0	                  0	                  0	                  0	                  0	                  0	                  0	                  0	                  0	                  0	                  0
6*  PRJ NL-S-CSR-146               Barsingsar-Udairamsa	                  0	           18317185	          -18317185	                  0	                  0	           18317185	          -18317185	                  0	                  0	                  0	                  0	                  0	                  0	                  0	                  0	                  0	                  0	                  0	                  0	                  0	                  0	                  0	                  0	                  0	                  0	           18317185	          -18317185	                  0
6*  PRJ NL-S-CSR-147               Boxculvert,Rcc vents	                  0	             392295	            -392295	                  0	                  0	             392295	            -392295	                  0	                  0	                  0	                  0	                  0	                  0	                  0	                  0	                  0	                  0	                  0	                  0	                  0	                  0	                  0	                  0	                  0	                  0	             392295	            -392295	                  0
6*  PRJ NL-S-CSR-151               Administrative Overh	                  0	           20135000	          -20135000	                  0	                  0	           20135000	          -20135000	                  0	                  0	                  0	                  0	                  0	                  0	                  0	                  0	                  0	                  0	                  0	                  0	                  0	                  0	                  0	                  0	                  0	                  0	           20135000	          -20135000	                  0
6*  PRJ NL-S-CSR-152               TraumaCare First Flo	                  0	            9646349	           -9646349	                  0	                  0	            9646349	           -9646349	                  0	                  0	                  0	                  0	                  0	                  0	                  0	                  0	                  0	                  0	                  0	                  0	                  0	                  0	                  0	                  0	                  0	                  0	            9646349	           -9646349	                  0
6*  PRJ NL-S-CSR-153               Upgradation of PHCs	                  0	            1201246	           -1201246	                  0	                  0	            1201246	           -1201246	                  0	                  0	                  0	                  0	                  0	                  0	                  0	                  0	                  0	                  0	                  0	                  0	                  0	                  0	                  0	                  0	                  0	                  0	            1201246	           -1201246	                  0
6*  PRJ NL-S-CSR-154               Imp. works Gov PHC C	                  0	            2706033	           -2706033	                  0	                  0	            2706033	           -2706033	                  0	                  0	                  0	                  0	                  0	                  0	                  0	                  0	                  0	                  0	                  0	                  0	                  0	                  0	                  0	                  0	                  0	                  0	            2706033	           -2706033	                  0
6*  PRJ NL-S-CSR-155               D.G.Set O2 plant  Vi	                  0	            1576462	           -1576462	                  0	                  0	            1576462	           -1576462	                  0	                  0	                  0	                  0	                  0	                  0	                  0	                  0	                  0	                  0	                  0	                  0	                  0	                  0	                  0	                  0	                  0	                  0	            1576462	           -1576462	                  0
6*  PRJ NL-S-CSR-157               Consumbales charges	                  0	              29500	             -29500	                  0	                  0	              29500	             -29500	                  0	                  0	                  0	                  0	                  0	                  0	                  0	                  0	                  0	                  0	                  0	                  0	                  0	                  0	                  0	                  0	                  0	                  0	              29500	             -29500	                  0
6*  PRJ NL-S-CSR-158               Tin shed water tank	                  0	            2223128	           -2223128	                  0	                  0	            2223128	           -2223128	                  0	                  0	                  0	                  0	                  0	                  0	                  0	                  0	                  0	                  0	                  0	                  0	                  0	                  0	                  0	                  0	                  0	                  0	            2223128	           -2223128	                  0
6*  PRJ NL-S-CSR-159               OHT & Borewell U.Adh	                  0	            2684562	           -2684562	                  0	                  0	            2684562	           -2684562	                  0	                  0	                  0	                  0	                  0	                  0	                  0	                  0	                  0	                  0	                  0	                  0	                  0	                  0	                  0	                  0	                  0	                  0	            2684562	           -2684562	                  0
6*  PRJ NL-S-CSR-160                OHT Mummudicholagan	                  0	            1255730	           -1255730	                  0	                  0	            1255730	           -1255730	                  0	                  0	                  0	                  0	                  0	                  0	                  0	                  0	                  0	                  0	                  0	                  0	                  0	                  0	                  0	                  0	                  0	                  0	            1255730	           -1255730	                  0
6*  PRJ NL-S-CSR-161                OHT Borewell Vegako	                  0	            1053102	           -1053102	                  0	                  0	            1053102	           -1053102	                  0	                  0	                  0	                  0	                  0	                  0	                  0	                  0	                  0	                  0	                  0	                  0	                  0	                  0	                  0	                  0	                  0	                  0	            1053102	           -1053102	                  0
6*  PRJ NL-S-CSR-162               OHT borewell Seplant	                  0	            2120626	           -2120626	                  0	                  0	            2120626	           -2120626	                  0	                  0	                  0	                  0	                  0	                  0	                  0	                  0	                  0	                  0	                  0	                  0	                  0	                  0	                  0	                  0	                  0	                  0	            2120626	           -2120626	                  0
6*  PRJ NL-S-CSR-165               OHT Annavalli  Vazhi	                  0	            2697008	           -2697008	                  0	                  0	            2697008	           -2697008	                  0	                  0	                  0	                  0	                  0	                  0	                  0	                  0	                  0	                  0	                  0	                  0	                  0	                  0	                  0	                  0	                  0	                  0	            2697008	           -2697008	                  0
6*  PRJ NL-S-CSR-166               OHT ValliMaduram,Ma.	                  0	            8466986	           -8466986	                  0	                  0	            8466986	           -8466986	                  0	                  0	                  0	                  0	                  0	                  0	                  0	                  0	                  0	                  0	                  0	                  0	                  0	                  0	                  0	                  0	                  0	                  0	            8466986	           -8466986	                  0
6*  PRJ NL-S-CSR-167               Drinking water borew	                  0	             712378	            -712378	                  0	                  0	             712378	            -712378	                  0	                  0	                  0	                  0	                  0	                  0	                  0	                  0	                  0	                  0	                  0	                  0	                  0	                  0	                  0	                  0	                  0	                  0	             712378	            -712378	                  0
6*  PRJ NL-S-CSR-169               Public Toilet Blocks	                  0	           -6081498	            6081498	                  0	                  0	           -6081498	            6081498	                  0	                  0	                  0	                  0	                  0	                  0	                  0	                  0	                  0	                  0	                  0	                  0	                  0	                  0	                  0	                  0	                  0	                  0	           -6081498	            6081498	                  0
6*  PRJ NL-S-CSR-170               swachh iconic places	                  0	            5038362	           -5038362	                  0	                  0	            5038362	           -5038362	                  0	                  0	                  0	                  0	                  0	                  0	                  0	                  0	                  0	                  0	                  0	                  0	                  0	                  0	                  0	                  0	                  0	                  0	            5038362	           -5038362	                  0
6*  PRJ NL-S-CSR-172               Toilets @ Kattukudal	                  0	             848341	            -848341	                  0	                  0	             848341	            -848341	                  0	                  0	                  0	                  0	                  0	                  0	                  0	                  0	                  0	                  0	                  0	                  0	                  0	                  0	                  0	                  0	                  0	                  0	             848341	            -848341	                  0
6*  PRJ NL-S-CSR-173                6 toilet blocks aro	                  0	            3545624	           -3545624	                  0	                  0	            3545624	           -3545624	                  0	                  0	                  0	                  0	                  0	                  0	                  0	                  0	                  0	                  0	                  0	                  0	                  0	                  0	                  0	                  0	                  0	                  0	            3545624	           -3545624	                  0
6*  PRJ NL-S-CSR-175               2 classroom PUMS Paz	                  0	            4059371	           -4059371	                  0	                  0	            4059371	           -4059371	                  0	                  0	                  0	                  0	                  0	                  0	                  0	                  0	                  0	                  0	                  0	                  0	                  0	                  0	                  0	                  0	                  0	                  0	            4059371	           -4059371	                  0
6*  PRJ NL-S-CSR-176               4 classroom Gov BHSS	                  0	            3172200	           -3172200	                  0	                  0	            3172200	           -3172200	                  0	                  0	                  0	                  0	                  0	                  0	                  0	                  0	                  0	                  0	                  0	                  0	                  0	                  0	                  0	                  0	                  0	                  0	            3172200	           -3172200	                  0
6*  PRJ NL-S-CSR-178               Toilets tin shed hal	                  0	             408849	            -408849	                  0	                  0	             408849	            -408849	                  0	                  0	                  0	                  0	                  0	                  0	                  0	                  0	                  0	                  0	                  0	                  0	                  0	                  0	                  0	                  0	                  0	                  0	             408849	            -408849	                  0
6*  PRJ NL-S-CSR-179               clasroom Vanathiraya	                  0	            1557481	           -1557481	                  0	                  0	            1557481	           -1557481	                  0	                  0	                  0	                  0	                  0	                  0	                  0	                  0	                  0	                  0	                  0	                  0	                  0	                  0	                  0	                  0	                  0	                  0	            1557481	           -1557481	                  0
6*  PRJ NL-S-CSR-180               Library GHS Melakupp	                  0	            5764169	           -5764169	                  0	                  0	            5764169	           -5764169	                  0	                  0	                  0	                  0	                  0	                  0	                  0	                  0	                  0	                  0	                  0	                  0	                  0	                  0	                  0	                  0	                  0	                  0	            5764169	           -5764169	                  0
6*  PRJ NL-S-CSR-181               Reimb. purch Lab equ	                  0	           10129934	          -10129934	                  0	                  0	           10129934	          -10129934	                  0	                  0	                  0	                  0	                  0	                  0	                  0	                  0	                  0	                  0	                  0	                  0	                  0	                  0	                  0	                  0	                  0	                  0	           10129934	          -10129934	                  0
6*  PRJ NL-S-CSR-182               Toilet Clasroom GHS	                  0	            1181482	           -1181482	                  0	                  0	            1181482	           -1181482	                  0	                  0	                  0	                  0	                  0	                  0	                  0	                  0	                  0	                  0	                  0	                  0	                  0	                  0	                  0	                  0	                  0	                  0	            1181482	           -1181482	                  0
6*  PRJ NL-S-CSR-184               Fin support SSVMPS B	                  0	            8700000	           -8700000	                  0	                  0	            8700000	           -8700000	                  0	                  0	                  0	                  0	                  0	                  0	                  0	                  0	                  0	                  0	                  0	                  0	                  0	                  0	                  0	                  0	                  0	                  0	            8700000	           -8700000	                  0
6*  PRJ NL-S-CSR-185               Infrastructure Libra	                  0	             538209	            -538209	                  0	                  0	             538209	            -538209	                  0	                  0	                  0	                  0	                  0	                  0	                  0	                  0	                  0	                  0	                  0	                  0	                  0	                  0	                  0	                  0	                  0	                  0	             538209	            -538209	                  0
6*  PRJ NL-S-CSR-186               Infrastructure Middl	                  0	             377930	            -377930	                  0	                  0	             377930	            -377930	                  0	                  0	                  0	                  0	                  0	                  0	                  0	                  0	                  0	                  0	                  0	                  0	                  0	                  0	                  0	                  0	                  0	                  0	             377930	            -377930	                  0
6*  PRJ NL-S-CSR-188               2 clsroom PUMS Adaya	                  0	            2939786	           -2939786	                  0	                  0	            2939786	           -2939786	                  0	                  0	                  0	                  0	                  0	                  0	                  0	                  0	                  0	                  0	                  0	                  0	                  0	                  0	                  0	                  0	                  0	                  0	            2939786	           -2939786	                  0
6*  PRJ NL-S-CSR-189               infra Gov school, Sw	                  0	             925928	            -925928	                  0	                  0	             925928	            -925928	                  0	                  0	                  0	                  0	                  0	                  0	                  0	                  0	                  0	                  0	                  0	                  0	                  0	                  0	                  0	                  0	                  0	                  0	             925928	            -925928	                  0
6*  PRJ NL-S-CSR-190               Infra. GHSS Lalamdes	                  0	             277241	            -277241	                  0	                  0	             277241	            -277241	                  0	                  0	                  0	                  0	                  0	                  0	                  0	                  0	                  0	                  0	                  0	                  0	                  0	                  0	                  0	                  0	                  0	                  0	             277241	            -277241	                  0
6*  PRJ NL-S-CSR-191               Infra.Gov MahatmaGan	                  0	             295613	            -295613	                  0	                  0	             295613	            -295613	                  0	                  0	                  0	                  0	                  0	                  0	                  0	                  0	                  0	                  0	                  0	                  0	                  0	                  0	                  0	                  0	                  0	                  0	             295613	            -295613	                  0
6*  PRJ NL-S-CSR-192               FA Atma Deepam Socie	                  0	             900000	            -900000	                  0	                  0	             900000	            -900000	                  0	                  0	                  0	                  0	                  0	                  0	                  0	                  0	                  0	                  0	                  0	                  0	                  0	                  0	                  0	                  0	                  0	                  0	             900000	            -900000	                  0
6*  PRJ NL-S-CSR-193               FA VIKS Hyderabad	                  0	             700000	            -700000	                  0	                  0	             700000	            -700000	                  0	                  0	                  0	                  0	                  0	                  0	                  0	                  0	                  0	                  0	                  0	                  0	                  0	                  0	                  0	                  0	                  0	                  0	             700000	            -700000	                  0
6*  PRJ NL-S-CSR-194               FA Santhigiri Ashram	                  0	             300000	            -300000	                  0	                  0	             300000	            -300000	                  0	                  0	                  0	                  0	                  0	                  0	                  0	                  0	                  0	                  0	                  0	                  0	                  0	                  0	                  0	                  0	                  0	                  0	             300000	            -300000	                  0
6*  PRJ NL-S-CSR-195               Sewing Machines to W	                  0	           12004224	          -12004224	                  0	                  0	           12004224	          -12004224	                  0	                  0	                  0	                  0	                  0	                  0	                  0	                  0	                  0	                  0	                  0	                  0	                  0	                  0	                  0	                  0	                  0	                  0	           12004224	          -12004224	                  0
6*  PRJ NL-S-CSR-198               olympians Sirsa, Jod	                  0	             367293	            -367293	                  0	                  0	             367293	            -367293	                  0	                  0	                  0	                  0	                  0	                  0	                  0	                  0	                  0	                  0	                  0	                  0	                  0	                  0	                  0	                  0	                  0	                  0	             367293	            -367293	                  0
6*  PRJ NL-S-CSR-200               BT road to Bharathi	                  0	            2577466	           -2577466	                  0	                  0	            2577466	           -2577466	                  0	                  0	                  0	                  0	                  0	                  0	                  0	                  0	                  0	                  0	                  0	                  0	                  0	                  0	                  0	                  0	                  0	                  0	            2577466	           -2577466	                  0
6*  PRJ NL-S-CSR-202               Therkumelur to Vadal	                  0	            3006778	           -3006778	                  0	                  0	            3006778	           -3006778	                  0	                  0	                  0	                  0	                  0	                  0	                  0	                  0	                  0	                  0	                  0	                  0	                  0	                  0	                  0	                  0	                  0	                  0	            3006778	           -3006778	                  0
6*  PRJ NL-S-CSR-204               BT Road  Kunankurich	                  0	             256520	            -256520	                  0	                  0	             256520	            -256520	                  0	                  0	                  0	                  0	                  0	                  0	                  0	                  0	                  0	                  0	                  0	                  0	                  0	                  0	                  0	                  0	                  0	                  0	             256520	            -256520	                  0
6*  PRJ NL-S-CSR-205               Barsingsar-UdairamBy	                  0	            1076352	           -1076352	                  0	                  0	            1076352	           -1076352	                  0	                  0	                  0	                  0	                  0	                  0	                  0	                  0	                  0	                  0	                  0	                  0	                  0	                  0	                  0	                  0	                  0	                  0	            1076352	           -1076352	                  0
6*  PRJ NL-S-CSR-206               widening of Sengal O	                  0	           15419857	          -15419857	                  0	                  0	           15419857	          -15419857	                  0	                  0	                  0	                  0	                  0	                  0	                  0	                  0	                  0	                  0	                  0	                  0	                  0	                  0	                  0	                  0	                  0	                  0	           15419857	          -15419857	                  0
6*  PRJ NL-S-CSR-207               Baseline survey	                  0	             644575	            -644575	                  0	                  0	             644575	            -644575	                  0	                  0	                  0	                  0	                  0	                  0	                  0	                  0	                  0	                  0	                  0	                  0	                  0	                  0	                  0	                  0	                  0	                  0	             644575	            -644575	                  0
6*  PRJ NL-S-CSR-208               FA Gram Vikas Societ	                  0	           19045750	          -19045750	                  0	                  0	           19045750	          -19045750	                  0	                  0	                  0	                  0	                  0	                  0	                  0	                  0	                  0	                  0	                  0	                  0	                  0	                  0	                  0	                  0	                  0	                  0	           19045750	          -19045750	                  0
6*  PRJ NL-S-CSR-211               FA Aravinda Charitab	                  0	            6809220	           -6809220	                  0	                  0	            6809220	           -6809220	                  0	                  0	                  0	                  0	                  0	                  0	                  0	                  0	                  0	                  0	                  0	                  0	                  0	                  0	                  0	                  0	                  0	                  0	            6809220	           -6809220	                  0
6*  PRJ NL-S-CSR-212               urgent/new CSR Activ	                  0	           40970524	          -40970524	                  0	                  0	           41060953	          -41060953	                  0	                  0	             -90429	              90429	                  0	                  0	                  0	                  0	                  0	                  0	                  0	                  0	                  0	                  0	                  0	                  0	                  0	                  0	           40970524	          -40970524	                  0
6*  PRJ NL-S-CSR-213               Poshak to HIV +Ve  S	                  0	            4072628	           -4072628	                  0	                  0	            4072628	           -4072628	                  0	                  0	                  0	                  0	                  0	                  0	                  0	                  0	                  0	                  0	                  0	                  0	                  0	                  0	                  0	                  0	                  0	                  0	            4072628	           -4072628	                  0
6*  PRJ NL-S-CSR-214               Blood Donation camp	                  0	            1332047	           -1332047	                  0	                  0	            1332047	           -1332047	                  0	                  0	                  0	                  0	                  0	                  0	                  0	                  0	                  0	                  0	                  0	                  0	                  0	                  0	                  0	                  0	                  0	                  0	            1332047	           -1332047	                  0
6*  PRJ NL-S-CSR-215               Year Long Swachhata	                  0	             243852	            -243852	                  0	                  0	             243852	            -243852	                  0	                  0	                  0	                  0	                  0	                  0	                  0	                  0	                  0	                  0	                  0	                  0	                  0	                  0	                  0	                  0	                  0	                  0	             243852	            -243852	                  0
6*  PRJ NL-S-CSR-220               Conducting Medical c	                  0	            7994462	           -7994462	                  0	                  0	            7994462	           -7994462	                  0	                  0	                  0	                  0	                  0	                  0	                  0	                  0	                  0	                  0	                  0	                  0	                  0	                  0	                  0	                  0	                  0	                  0	            7994462	           -7994462	                  0
6*  PRJ NL-S-CSR-221               HC PM Cmp public res	                  0	           22397285	          -22397285	                  0	                  0	           22397285	          -22397285	                  0	                  0	                  0	                  0	                  0	                  0	                  0	                  0	                  0	                  0	                  0	                  0	                  0	                  0	                  0	                  0	                  0	                  0	           22397285	          -22397285	                  0
6*  PRJ NL-S-CSR-222               Breakfast Scheme to	                  0	            5592720	           -5592720	                  0	                  0	            5592720	           -5592720	                  0	                  0	                  0	                  0	                  0	                  0	                  0	                  0	                  0	                  0	                  0	                  0	                  0	                  0	                  0	                  0	                  0	                  0	            5592720	           -5592720	                  0
6*  PRJ NL-S-CSR-225               Camps in Project aff	                  0	            1113312	           -1113312	                  0	                  0	            1113312	           -1113312	                  0	                  0	                  0	                  0	                  0	                  0	                  0	                  0	                  0	                  0	                  0	                  0	                  0	                  0	                  0	                  0	                  0	                  0	            1113312	           -1113312	                  0
6*  PRJ NL-S-CSR-227               Wheel chair etc in P	                  0	            4711796	           -4711796	                  0	                  0	            4717475	           -4717475	                  0	                  0	              -5679	               5679	                  0	                  0	                  0	                  0	                  0	                  0	                  0	                  0	                  0	                  0	                  0	                  0	                  0	                  0	            4711796	           -4711796	                  0
6*  PRJ NL-S-CSR-228               Periodical health ch	                  0	             616900	            -616900	                  0	                  0	             616900	            -616900	                  0	                  0	                  0	                  0	                  0	                  0	                  0	                  0	                  0	                  0	                  0	                  0	                  0	                  0	                  0	                  0	                  0	                  0	             616900	            -616900	                  0
6*  PRJ NL-S-CSR-229               Beti Bachao scheme,	                  0	             199937	            -199937	                  0	                  0	             199937	            -199937	                  0	                  0	                  0	                  0	                  0	                  0	                  0	                  0	                  0	                  0	                  0	                  0	                  0	                  0	                  0	                  0	                  0	                  0	             199937	            -199937	                  0
6*  PRJ NL-S-CSR-230               Infra. development P	                  0	            2950839	           -2950839	                  0	                  0	            2950839	           -2950839	                  0	                  0	                  0	                  0	                  0	                  0	                  0	                  0	                  0	                  0	                  0	                  0	                  0	                  0	                  0	                  0	                  0	                  0	            2950839	           -2950839	                  0
6*  PRJ NL-S-CSR-238               OHT,Vadakumelur Panc	                  0	            1900689	           -1900689	                  0	                  0	            1900689	           -1900689	                  0	                  0	                  0	                  0	                  0	                  0	                  0	                  0	                  0	                  0	                  0	                  0	                  0	                  0	                  0	                  0	                  0	                  0	            1900689	           -1900689	                  0
6*  PRJ NL-S-CSR-241               OHT for Annagramam e	                  0	            2504866	           -2504866	                  0	                  0	            2504866	           -2504866	                  0	                  0	                  0	                  0	                  0	                  0	                  0	                  0	                  0	                  0	                  0	                  0	                  0	                  0	                  0	                  0	                  0	                  0	            2504866	           -2504866	                  0
6*  PRJ NL-S-CSR-242               OHT for Vegakollai V	                  0	            1050270	           -1050270	                  0	                  0	            1050270	           -1050270	                  0	                  0	                  0	                  0	                  0	                  0	                  0	                  0	                  0	                  0	                  0	                  0	                  0	                  0	                  0	                  0	                  0	                  0	            1050270	           -1050270	                  0
6*  PRJ NL-S-CSR-243               OHT,Borewell in Kilp	                  0	            1749225	           -1749225	                  0	                  0	            1749225	           -1749225	                  0	                  0	                  0	                  0	                  0	                  0	                  0	                  0	                  0	                  0	                  0	                  0	                  0	                  0	                  0	                  0	                  0	                  0	            1749225	           -1749225	                  0
6*  PRJ NL-S-CSR-255               Toilet block in GHSS	                  0	               2000	              -2000	                  0	                  0	               2000	              -2000	                  0	                  0	                  0	                  0	                  0	                  0	                  0	                  0	                  0	                  0	                  0	                  0	                  0	                  0	                  0	                  0	                  0	                  0	               2000	              -2000	                  0
6*  PRJ NL-S-CSR-260               Hygiene&Health Care	                  0	           14903518	          -14903518	                  0	                  0	           14903518	          -14903518	                  0	                  0	                  0	                  0	                  0	                  0	                  0	                  0	                  0	                  0	                  0	                  0	                  0	                  0	                  0	                  0	                  0	                  0	           14903518	          -14903518	                  0
6*  PRJ NL-S-CSR-263               waste collection equ	                  0	            4999652	           -4999652	                  0	                  0	            4999652	           -4999652	                  0	                  0	                  0	                  0	                  0	                  0	                  0	                  0	                  0	                  0	                  0	                  0	                  0	                  0	                  0	                  0	                  0	                  0	            4999652	           -4999652	                  0
6*  PRJ NL-S-CSR-264               Swachhata activities	                  0	            8854032	           -8854032	                  0	                  0	            8854032	           -8854032	                  0	                  0	                  0	                  0	                  0	                  0	                  0	                  0	                  0	                  0	                  0	                  0	                  0	                  0	                  0	                  0	                  0	                  0	            8854032	           -8854032	                  0
6*  PRJ NL-S-CSR-267               Van etc-PMS HSS,S&H	                  0	            1130800	           -1130800	                  0	                  0	            1130800	           -1130800	                  0	                  0	                  0	                  0	                  0	                  0	                  0	                  0	                  0	                  0	                  0	                  0	                  0	                  0	                  0	                  0	                  0	                  0	            1130800	           -1130800	                  0
6*  PRJ NL-S-CSR-269               Tiles - classroom,GH	                  0	                 -5	                  5	                  0	                  0	                 -5	                  5	                  0	                  0	                  0	                  0	                  0	                  0	                  0	                  0	                  0	                  0	                  0	                  0	                  0	                  0	                  0	                  0	                  0	                  0	                 -5	                  5	                  0
6*  PRJ NL-S-CSR-270               Tution fee for JSC S	                  0	           34849700	          -34849700	                  0	                  0	           34849700	          -34849700	                  0	                  0	                  0	                  0	                  0	                  0	                  0	                  0	                  0	                  0	                  0	                  0	                  0	                  0	                  0	                  0	                  0	                  0	           34849700	          -34849700	                  0
6*  PRJ NL-S-CSR-271               Awareness, motivatio	                  0	            5273408	           -5273408	                  0	                  0	            5273408	           -5273408	                  0	                  0	                  0	                  0	                  0	                  0	                  0	                  0	                  0	                  0	                  0	                  0	                  0	                  0	                  0	                  0	                  0	                  0	            5273408	           -5273408	                  0
6*  PRJ NL-S-CSR-272               Promoting Education,	                  0	            3796448	           -3796448	                  0	                  0	            3796448	           -3796448	                  0	                  0	                  0	                  0	                  0	                  0	                  0	                  0	                  0	                  0	                  0	                  0	                  0	                  0	                  0	                  0	                  0	                  0	            3796448	           -3796448	                  0
6*  PRJ NL-S-CSR-273               Educational Assistan	                  0	            9181534	           -9181534	                  0	                  0	            9181534	           -9181534	                  0	                  0	                  0	                  0	                  0	                  0	                  0	                  0	                  0	                  0	                  0	                  0	                  0	                  0	                  0	                  0	                  0	                  0	            9181534	           -9181534	                  0
6*  PRJ NL-S-CSR-274               Smart class for Govt	                  0	            3962794	           -3962794	                  0	                  0	            3962794	           -3962794	                  0	                  0	                  0	                  0	                  0	                  0	                  0	                  0	                  0	                  0	                  0	                  0	                  0	                  0	                  0	                  0	                  0	                  0	            3962794	           -3962794	                  0
6*  PRJ NL-S-CSR-276               Scholarships to girl	                  0	            1072095	           -1072095	                  0	                  0	            1072095	           -1072095	                  0	                  0	                  0	                  0	                  0	                  0	                  0	                  0	                  0	                  0	                  0	                  0	                  0	                  0	                  0	                  0	                  0	                  0	            1072095	           -1072095	                  0
6*  PRJ NL-S-CSR-277               School kits, Beti Pa	                  0	             198024	            -198024	                  0	                  0	             198024	            -198024	                  0	                  0	                  0	                  0	                  0	                  0	                  0	                  0	                  0	                  0	                  0	                  0	                  0	                  0	                  0	                  0	                  0	                  0	             198024	            -198024	                  0
6*  PRJ NL-S-CSR-278               Classroom in GovPS B	                  0	             789729	            -789729	                  0	                  0	             789729	            -789729	                  0	                  0	                  0	                  0	                  0	                  0	                  0	                  0	                  0	                  0	                  0	                  0	                  0	                  0	                  0	                  0	                  0	                  0	             789729	            -789729	                  0
6*  PRJ NL-S-CSR-279               Classroom Gov SSS, B	                  0	             826202	            -826202	                  0	                  0	             826202	            -826202	                  0	                  0	                  0	                  0	                  0	                  0	                  0	                  0	                  0	                  0	                  0	                  0	                  0	                  0	                  0	                  0	                  0	                  0	             826202	            -826202	                  0
6*  PRJ NL-S-CSR-280               Library in Bithnok	                  0	            1180663	           -1180663	                  0	                  0	            1180663	           -1180663	                  0	                  0	                  0	                  0	                  0	                  0	                  0	                  0	                  0	                  0	                  0	                  0	                  0	                  0	                  0	                  0	                  0	                  0	            1180663	           -1180663	                  0
6*  PRJ NL-S-CSR-281               Addl. classrooms etc	                  0	             960078	            -960078	                  0	                  0	             960078	            -960078	                  0	                  0	                  0	                  0	                  0	                  0	                  0	                  0	                  0	                  0	                  0	                  0	                  0	                  0	                  0	                  0	                  0	                  0	             960078	            -960078	                  0
6*  PRJ NL-S-CSR-282               Infra. @Govt. school	                  0	            2169484	           -2169484	                  0	                  0	            2169484	           -2169484	                  0	                  0	                  0	                  0	                  0	                  0	                  0	                  0	                  0	                  0	                  0	                  0	                  0	                  0	                  0	                  0	                  0	                  0	            2169484	           -2169484	                  0
6*  PRJ NL-S-CSR-283               Classroom in Gov SSS	                  0	             825642	            -825642	                  0	                  0	             825642	            -825642	                  0	                  0	                  0	                  0	                  0	                  0	                  0	                  0	                  0	                  0	                  0	                  0	                  0	                  0	                  0	                  0	                  0	                  0	             825642	            -825642	                  0
6*  PRJ NL-S-CSR-284               Classroom etc-Gov SS	                  0	            1056714	           -1056714	                  0	                  0	            1056714	           -1056714	                  0	                  0	                  0	                  0	                  0	                  0	                  0	                  0	                  0	                  0	                  0	                  0	                  0	                  0	                  0	                  0	                  0	                  0	            1056714	           -1056714	                  0
6*  PRJ NL-S-CSR-287               FA to SOS, Neyveli	                  0	            6000000	           -6000000	                  0	                  0	            6000000	           -6000000	                  0	                  0	                  0	                  0	                  0	                  0	                  0	                  0	                  0	                  0	                  0	                  0	                  0	                  0	                  0	                  0	                  0	                  0	            6000000	           -6000000	                  0
6*  PRJ NL-S-CSR-289               Upgradation faciliti	                  0	            4862691	           -4862691	                  0	                  0	            4862691	           -4862691	                  0	                  0	                  0	                  0	                  0	                  0	                  0	                  0	                  0	                  0	                  0	                  0	                  0	                  0	                  0	                  0	                  0	                  0	            4862691	           -4862691	                  0
6*  PRJ NL-S-CSR-292               FA NeyamVeterinaryWe	                  0	            1500000	           -1500000	                  0	                  0	            1500000	           -1500000	                  0	                  0	                  0	                  0	                  0	                  0	                  0	                  0	                  0	                  0	                  0	                  0	                  0	                  0	                  0	                  0	                  0	                  0	            1500000	           -1500000	                  0
6*  PRJ NL-S-CSR-293               Swamy Sagajanantha M	                  0	            4710746	           -4710746	                  0	                  0	            4669058	           -4669058	                  0	                  0	              41688	             -41688	                  0	                  0	                  0	                  0	                  0	                  0	                  0	                  0	                  0	                  0	                  0	                  0	                  0	                  0	            4710746	           -4710746	                  0
6*  PRJ NL-S-CSR-294               Camel festival Janua	                  0	             200000	            -200000	                  0	                  0	             200000	            -200000	                  0	                  0	                  0	                  0	                  0	                  0	                  0	                  0	                  0	                  0	                  0	                  0	                  0	                  0	                  0	                  0	                  0	                  0	             200000	            -200000	                  0
6*  PRJ NL-S-CSR-295               FA to  Armed Forces	                  0	             500000	            -500000	                  0	                  0	             500000	            -500000	                  0	                  0	                  0	                  0	                  0	                  0	                  0	                  0	                  0	                  0	                  0	                  0	                  0	                  0	                  0	                  0	                  0	                  0	             500000	            -500000	                  0
6*  PRJ NL-S-CSR-296               Upgradation of Gym,S	                  0	             869923	            -869923	                  0	                  0	             869923	            -869923	                  0	                  0	                  0	                  0	                  0	                  0	                  0	                  0	                  0	                  0	                  0	                  0	                  0	                  0	                  0	                  0	                  0	                  0	             869923	            -869923	                  0
6*  PRJ NL-S-CSR-297               Sports meet, Bikaner	                  0	            1491674	           -1491674	                  0	                  0	            1491674	           -1491674	                  0	                  0	                  0	                  0	                  0	                  0	                  0	                  0	                  0	                  0	                  0	                  0	                  0	                  0	                  0	                  0	                  0	                  0	            1491674	           -1491674	                  0
6*  PRJ NL-S-CSR-302               Checkdam@Periya Odai	                  0	           90989393	          -90989393	                  0	                  0	           90989393	          -90989393	                  0	                  0	                  0	                  0	                  0	                  0	                  0	                  0	                  0	                  0	                  0	                  0	                  0	                  0	                  0	                  0	                  0	                  0	           90989393	          -90989393	                  0
6*  PRJ NL-S-CSR-303               Flood protection wor	                  0	           93000000	          -93000000	                  0	                  0	           93000000	          -93000000	                  0	                  0	                  0	                  0	                  0	                  0	                  0	                  0	                  0	                  0	                  0	                  0	                  0	                  0	                  0	                  0	                  0	                  0	           93000000	          -93000000	                  0
6*  PRJ NL-S-CSR-304               Desilting/renovation	                  0	            4897722	           -4897722	                  0	                  0	            4897722	           -4897722	                  0	                  0	                  0	                  0	                  0	                  0	                  0	                  0	                  0	                  0	                  0	                  0	                  0	                  0	                  0	                  0	                  0	                  0	            4897722	           -4897722	                  0
6*  PRJ NL-S-CSR-306               Regular Activities o	                  0	          384958984	         -384958984	                  0	                  0	          374758108	         -374758108	                  0	                  0	           10200876	          -10200876	                  0	                  0	                  0	                  0	                  0	                  0	                  0	                  0	                  0	                  0	                  0	                  0	                  0	                  0	          384958984	         -384958984	                  0
6*  PRJ NL-S-CSR-308               Regular Activities o	                  0	          197898765	         -197898765	                  0	                  0	                  0	                  0	                  0	                  0	          197898765	         -197898765	                  0	                  0	                  0	                  0	                  0	                  0	                  0	                  0	                  0	                  0	                  0	                  0	                  0	                  0	          197898765	         -197898765	                  0
6*  PRJ NR-C-BSS-001               NIRL BSS TN 250 MW /	                  0	            1168200	           -1168200	                  0	                  0	                  0	                  0	                  0	                  0	            1168200	           -1168200	                  0	                  0	                  0	                  0	                  0	                  0	                  0	                  0	                  0	                  0	                  0	                  0	                  0	                  0	            1168200	           -1168200	                  0
6*  PRJ NR-C-SOL-002               NIRL 600 MW Solar Po	        12700000000	         6650180243	         6049819757	               47.6	                  0	         3037918323	        -3037918323	                  0	        12700000000	         3612261920	         9087738080	               71.6	                  0	                  0	                  0	                  0	                  0	                  0	                  0	                  0	                  0	                  0	                  0	                  0	        12700000000	         6650180243	         6049819757	               47.6
6*  PRJ NR-C-SOL-003               810 MW SPP - Pugal R	             800000	         1859644600	        -1858844600	          -232355.6	                  0	             613600	            -613600	                  0	             800000	         1859031000	        -1858231000	          -232278.9	                  0	                  0	                  0	                  0	                  0	                  0	                  0	                  0	                  0	                  0	                  0	                  0	             800000	         1859644600	        -1858844600	          -232355.6
6*  PRJ NT-C-NTP-002               NTPL Thermal Project	                  0	           16627790	          -16627790	                  0	                  0	           15493560	          -15493560	                  0	                  0	            1134230	           -1134230	                  0	                  0	                  0	                  0	                  0	                  0	                  0	                  0	                  0	                  0	                  0	                  0	                  0	                  0	           16627790	          -16627790	                  0
6*  PRJ NT-C-NTP-003               NTPL Flue Gas Desulp	                  0	         7560950873	        -7560950873	                  0	                  0	         6855453569	        -6855453569	                  0	                  0	          705497304	         -705497304	                  0	                  0	                  0	                  0	                  0	                  0	                  0	                  0	                  0	                  0	                  0	                  0	                  0	         7668252769	         7560950873	          107301896	                1.4
6*  PRJ NT-M-NTP-001               NTPL Capital Spares	                  0	          287364530	         -287364530	                  0	                  0	          276218493	         -276218493	                  0	                  0	           11146038	          -11146038	                  0	                  0	                  0	                  0	                  0	                  0	                  0	                  0	                  0	                  0	                  0	                  0	                  0	                  0	          287364530	         -287364530	                  0
6*  PRJ NT-N-NTP-001               NTPL Non-Plan CAPEX	         1002175000	         1244926137	         -242751137	              -24.2	         1002175000	          851206308	          150968692	               15.1	                  0	          393719829	         -393719829	                  0	                  0	                  0	                  0	                  0	                  0	                  0	                  0	                  0	                  0	                  0	                  0	                  0	         1002175000	         1244926137	         -242751137	              -24.2
6*  PRJ NT-N-NTP-002               NTPL Non-plan CAPEX	                  0	           71371791	          -71371791	                  0	                  0	           71371791	          -71371791	                  0	                  0	                  0	                  0	                  0	                  0	                  0	                  0	                  0	                  0	                  0	                  0	                  0	                  0	                  0	                  0	                  0	                  0	           71371791	          -71371791	                  0
6*  PRJ NT-N-NTP-003               NTPL Non-Plan CAPEX	                  0	            6059090	           -6059090	                  0	                  0	            6059090	           -6059090	                  0	                  0	                  0	                  0	                  0	                  0	                  0	                  0	                  0	                  0	                  0	                  0	                  0	                  0	                  0	                  0	                  0	                  0	            6059090	           -6059090	                  0
6*  PRJ NT-N-NTP-004               NTPL Non-Plan CAPEX	                  0	            2121388	           -2121388	                  0	                  0	            2121388	           -2121388	                  0	                  0	                  0	                  0	                  0	                  0	                  0	                  0	                  0	                  0	                  0	                  0	                  0	                  0	                  0	                  0	                  0	                  0	            2121388	           -2121388	                  0
6*  PRJ NT-N-NTP-005               NTPL Non-Plan CAPEX	                  0	            7589737	           -7589737	                  0	                  0	            7589737	           -7589737	                  0	                  0	                  0	                  0	                  0	                  0	                  0	                  0	                  0	                  0	                  0	                  0	                  0	                  0	                  0	                  0	                  0	                  0	            7589737	           -7589737	                  0
6*  PRJ NT-O-NTP-001               NTPL MOH Unit-I FY20	          200677379	                  0	          200677379	              100.0	          200677379	                  0	          200677379	              100.0	                  0	                  0	                  0	                  0	                  0	                  0	                  0	                  0	                  0	                  0	                  0	                  0	                  0	                  0	                  0	                  0	          200677379	                  0	          200677379	              100.0
6*  PRJ NT-S-NTP-001               NTPL CSR Projects	                  0	           56592589	          -56592589	                  0	                  0	           51443863	          -51443863	                  0	                  0	            5148727	           -5148727	                  0	                  0	                  0	                  0	                  0	                  0	                  0	                  0	                  0	                  0	                  0	                  0	                  0	                  0	           56592589	          -56592589	                  0
6*  PRJ NU-C-GTP-001               NUPPL Thermal Projec	                  0	        45927101256	       -45927101256	                  0	                  0	        45326815025	       -45326815025	                  0	                  0	          600286231	         -600286231	                  0	                  0	                  0	                  0	                  0	                  0	                  0	                  0	                  0	                  0	                  0	                  0	                  0	                  0	        45927101256	       -45927101256	                  0
6*  PRJ NU-C-GTP-003               NUPPL Thermal Projec	                  0	        47868341905	       -47868341905	                  0	                  0	        43723458279	       -43723458279	                  0	                  0	         4144883627	        -4144883627	                  0	                  0	                  0	                  0	                  0	                  0	                  0	                  0	                  0	                  0	                  0	                  0	                  0	                  0	        47868341905	       -47868341905	                  0
6*  PRJ NU-C-MPS-001               PSCB Mines	          438500000	          143640058	          294859942	               67.2	          438500000	           76575003	          361924997	               82.5	                  0	           67065055	          -67065055	                  0	                  0	                  0	                  0	                  0	                  0	                  0	                  0	                  0	                  0	                  0	                  0	                  0	          432600000	          143640058	          288959942	               66.8
6*  PRJ NU-F-MPS-001               PSCB Feasibility Pro	         1771976000	                  0	         1771976000	              100.0	         1771976000	                  0	         1771976000	              100.0	                  0	                  0	                  0	                  0	                  0	                  0	                  0	                  0	                  0	                  0	                  0	                  0	                  0	                  0	                  0	                  0	          885988000	                  0	          885988000	              100.0
Result	       238985402537	       185607981316	        53377421220	               22.3	       177463281381	       152567404976	        24895876405	               14.0	        61522121156	        33040576340	        28481544815	               46.3	                  0	                  0	                  0	                  0	                  0	                  0	                  0	                  0	                  0	                  0	                  0	                  0	       244756762307	       185607981316	        59148780991	               24.2
