Budget/Actual/Commitmt/Rem.Plan/Assigned	Current data (26.11.2025 12:24:01)
 Plan version        0     Plan/Act - Version
	Total of years	Total of years	Total of years	Total of years	Total of years	Previous years	Previous years	Previous years	Previous years	Previous years	2025	2025	2025	2025	2025	2026	2026	2026	2026	2026	2027	2027	2027	2027	2027	2028 and Following	2028 and Following	2028 and Following	2028 and Following	2028 and Following	Overall values	Overall values	Overall values	Overall values	Overall values
Object	Budget	Actual	Commitment	Assigned	Available	Budget	Actual	Commitment	Assigned	Available	Budget	Actual	Commitment	Assigned	Available	Budget	Actual	Commitment	Assigned	Available	Budget	Actual	Commitment	Assigned	Available	Budget	Actual	Commitment	Assigned	Available	Budget	Actual	Commitment	Assigned	Available
Displayed in	1 INR	1 INR	1 INR	1 INR	1 INR	1 INR	1 INR	1 INR	1 INR	1 INR	1 INR	1 INR	1 INR	1 INR	1 INR	1 INR	1 INR	1 INR	1 INR	1 INR	1 INR	1 INR	1 INR	1 INR	1 INR	1 INR	1 INR	1 INR	1 INR	1 INR	1 INR	1 INR	1 INR	1 INR	1 INR
6*  300 MW Solar Power P PRJ NL-C-BSP-001	     19137257519.84	     13608638287.68	      1713458119.83	     15322096407.51	      3815161112.33	      5647895501.63	      5647895501.63	               0.00	      5647895501.63	               0.00	     13489362018.21	      7960742786.05	      1713458119.83	      9674200905.88	      3815161112.33	               0.00	               0.00	               0.00	               0.00	               0.00	               0.00	               0.00	               0.00	               0.00	               0.00	               0.00	               0.00	               0.00	               0.00	               0.00	     19137257519.84	     13608638287.68	      1713458119.83	     15322096407.51	      3815161112.33
6*  CARD R&D Project     PRJ NL-C-CRD-001	               0.00	               0.00	               0.00	               0.00	               0.00	               0.00	               0.00	               0.00	               0.00	               0.00	               0.00	               0.00	               0.00	               0.00	               0.00	               0.00	               0.00	               0.00	               0.00	               0.00	               0.00	               0.00	               0.00	               0.00	               0.00	               0.00	               0.00	               0.00	               0.00	               0.00	               0.00	               0.00	               0.00	               0.00	               0.00
6*  Lignite to disel cap PRJ NL-C-CRD-002	         3987309.00	         3987309.00	               0.00	         3987309.00	               0.00	         3987309.00	         3987309.00	               0.00	         3987309.00	               0.00	               0.00	               0.00	               0.00	               0.00	               0.00	               0.00	               0.00	               0.00	               0.00	               0.00	               0.00	               0.00	               0.00	               0.00	               0.00	               0.00	               0.00	               0.00	               0.00	               0.00	         3987309.00	         3987309.00	               0.00	         3987309.00	               0.00
6*  CARD-IITM-Developmen PRJ NL-C-CRD-003	        13294998.85	         3679142.06	         9615856.79	        13294998.85	               0.00	        13294998.85	         3679142.06	         9615856.79	        13294998.85	               0.00	               0.00	               0.00	               0.00	               0.00	               0.00	               0.00	               0.00	               0.00	               0.00	               0.00	               0.00	               0.00	               0.00	               0.00	               0.00	               0.00	               0.00	               0.00	               0.00	               0.00	        13294998.85	         3679142.06	         9615856.79	        13294998.85	               0.00
6*  CAPEX PROJECT FOR CA PRJ NL-C-CRD-004	       769271204.22	       437194841.17	       323619937.14	       760814778.31	         8456425.91	       373295066.78	       373295066.78	         1057303.50	       374352370.28	        -1057303.50	       395976137.44	        63899774.39	       259847228.92	       323747003.31	        72229134.13	               0.00	               0.00	               0.00	               0.00	               0.00	               0.00	               0.00	        62715404.72	        62715404.72	       -62715404.72	               0.00	               0.00	               0.00	               0.00	               0.00	       769271204.22	       437194841.17	       323619937.14	       760814778.31	         8456425.91
6*  Green Hydrogen 4MW S PRJ NL-C-H01-001	       864200000.00	               0.00	       864200000.00	       864200000.00	               0.00	               0.00	               0.00	               0.00	               0.00	               0.00	       864200000.00	               0.00	               0.00	               0.00	       864200000.00	               0.00	               0.00	               0.00	               0.00	               0.00	               0.00	               0.00	       822800000.00	       822800000.00	      -822800000.00	               0.00	               0.00	        41400000.00	        41400000.00	       -41400000.00	       864200000.00	               0.00	       864200000.00	       864200000.00	               0.00
6*  Khavda Solar Power P PRJ NL-C-KSP-001	          398300.04	          375240.00	           23060.04	          398300.04	               0.00	          398300.04	          375240.00	           23060.04	          398300.04	               0.00	               0.00	               0.00	               0.00	               0.00	               0.00	               0.00	               0.00	               0.00	               0.00	               0.00	               0.00	               0.00	               0.00	               0.00	               0.00	               0.00	               0.00	               0.00	               0.00	               0.00	          398300.04	          375240.00	           23060.04	          398300.04	               0.00
6*  Land Acquisiton Plan PRJ NL-C-LAQ-001	      5996638355.41	      4006368114.40	        35311533.77	      4041679648.17	      1954958707.24	      3726816573.64	      3726816573.64	               0.00	      3726816573.64	               0.00	      2269821781.77	       279551540.76	        35311533.77	       314863074.53	      1954958707.24	               0.00	               0.00	               0.00	               0.00	               0.00	               0.00	               0.00	               0.00	               0.00	               0.00	               0.00	               0.00	               0.00	               0.00	               0.00	      5996638355.41	      4006368114.40	        35311533.77	      4041679648.17	      1954958707.24
6*  EXPANSION OF MINE-IA PRJ NL-C-MIA-001	      5838265488.62	       864926185.01	      2297925574.82	      3162851759.83	      2675413728.79	       713897061.55	       712812587.82	       369157636.37	      1081970224.19	      -368073162.64	      5124368427.07	       152113597.19	      1928767938.45	      2080881535.64	      3043486891.43	               0.00	               0.00	               0.00	               0.00	               0.00	               0.00	               0.00	               0.00	               0.00	               0.00	               0.00	               0.00	               0.00	               0.00	               0.00	      5838265488.62	       864926185.01	      2297925574.82	      3162851759.83	      2675413728.79
6*  Mine 1 Capex Project PRJ NL-C-MN1-001	               0.00	               0.00	               0.00	               0.00	               0.00	               0.00	               0.00	               0.00	               0.00	               0.00	               0.00	               0.00	               0.00	               0.00	               0.00	               0.00	               0.00	               0.00	               0.00	               0.00	               0.00	               0.00	               0.00	               0.00	               0.00	               0.00	               0.00	               0.00	               0.00	               0.00	               0.00	               0.00	               0.00	               0.00	               0.00
6*  Mines III Capex Proj PRJ NL-C-MN3-001	         1335900.00	           85892.20	               0.00	           85892.20	         1250007.80	           85900.00	           85892.20	               0.00	           85892.20	               7.80	         1250000.00	               0.00	               0.00	               0.00	         1250000.00	               0.00	               0.00	               0.00	               0.00	               0.00	               0.00	               0.00	               0.00	               0.00	               0.00	               0.00	               0.00	               0.00	               0.00	               0.00	         1335900.00	           85892.20	               0.00	           85892.20	         1250007.80
6*  Talabira II & III OC PRJ NL-C-MTL-001	      1640000000.00	      2643120478.36	       818648752.97	      3461769231.33	     -1821769231.33	      1640000000.00	      2665284484.55	       818648752.97	      3483933237.52	     -1843933237.52	               0.00	       -22164006.19	               0.00	       -22164006.19	        22164006.19	               0.00	               0.00	               0.00	               0.00	               0.00	               0.00	               0.00	               0.00	               0.00	               0.00	               0.00	               0.00	               0.00	               0.00	               0.00	      1640000000.00	      2643120478.36	       818648752.97	      3461769231.33	     -1821769231.33
6*  Talabira II & III OC PRJ NL-C-MTL-002	      3999726855.31	      1442048206.35	       751835556.35	      2193883762.70	      1805843092.61	       855819787.87	       777361410.11	               0.00	       777361410.11	        78458377.76	      3143907067.44	       664686796.24	       751835556.35	      1416522352.59	      1727384714.85	               0.00	               0.00	               0.00	               0.00	               0.00	               0.00	               0.00	               0.00	               0.00	               0.00	               0.00	               0.00	               0.00	               0.00	               0.00	      3999726855.31	      1442048206.35	       751835556.35	      2193883762.70	      1805843092.61
6*  North Dhadu (Western PRJ NL-C-NDM-001	      1000000000.00	               0.00	        49617021.53	        49617021.53	       950382978.47	               0.00	               0.00	               0.00	               0.00	               0.00	      1000000000.00	               0.00	        49617021.53	        49617021.53	       950382978.47	               0.00	               0.00	               0.00	               0.00	               0.00	               0.00	               0.00	               0.00	               0.00	               0.00	               0.00	               0.00	               0.00	               0.00	               0.00	      1000000000.00	               0.00	        49617021.53	        49617021.53	       950382978.47
6*  NNTPP CAPEX PROJECT  PRJ NL-C-NNT-001	      2120002000.00	      1292756865.95	       662814866.84	      1955571732.79	       164430267.21	      1295641300.24	      1292582411.03	               0.00	      1292582411.03	         3058889.21	       824360699.76	          174454.92	       662814866.84	       662989321.76	       161371378.00	               0.00	               0.00	               0.00	               0.00	               0.00	               0.00	               0.00	               0.00	               0.00	               0.00	               0.00	               0.00	               0.00	               0.00	               0.00	      2120002000.00	      1292756865.95	       662814866.84	      1955571732.79	       164430267.21
6*  NNTPP Flue Gas Desul PRJ NL-C-NNT-002	     11314238700.61	     10140589669.09	      1121680427.98	     11262270097.07	        51968603.54	      9467705622.64	      9707897030.08	       207977215.02	      9915874245.10	      -448168622.46	      1846533077.97	       432692639.01	       913703212.96	      1346395851.97	       500137226.00	               0.00	               0.00	               0.00	               0.00	               0.00	               0.00	               0.00	               0.00	               0.00	               0.00	               0.00	               0.00	               0.00	               0.00	               0.00	     11314238700.61	     10140589669.09	      1121680427.98	     11262270097.07	        51968603.54
6*  New Patrapara South  PRJ NL-C-NPS-001	      2400000000.00	        15653702.60	         3644000.00	        19297702.60	      2380702297.40	               0.00	               0.00	               0.00	               0.00	               0.00	      2400000000.00	        15653702.60	         3644000.00	        19297702.60	      2380702297.40	               0.00	               0.00	               0.00	               0.00	               0.00	               0.00	               0.00	               0.00	               0.00	               0.00	               0.00	               0.00	               0.00	               0.00	               0.00	      2400000000.00	        15653702.60	         3644000.00	        19297702.60	      2380702297.40
6*  IREDA-CPSU Scheme Ph PRJ NL-C-PBD-001	        60180000.00	               0.00	               0.00	               0.00	        60180000.00	        60180000.00	               0.00	               0.00	               0.00	        60180000.00	               0.00	               0.00	               0.00	               0.00	               0.00	               0.00	               0.00	               0.00	               0.00	               0.00	               0.00	               0.00	               0.00	               0.00	               0.00	               0.00	               0.00	               0.00	               0.00	               0.00	        60180000.00	               0.00	               0.00	               0.00	        60180000.00
6*  Neyveli 2x65 MW Sola PRJ NL-C-PBD-002	        10669830.00	        10289078.01	          380751.03	        10669829.04	               0.96	        10669830.00	        10289078.01	          380751.03	        10669829.04	               0.96	               0.00	               0.00	               0.00	               0.00	               0.00	               0.00	               0.00	               0.00	               0.00	               0.00	               0.00	               0.00	               0.00	               0.00	               0.00	               0.00	               0.00	               0.00	               0.00	               0.00	        10669830.00	        10289078.01	          380751.03	        10669829.04	               0.96
6*  Solar 10 MW Power Pr PRJ NL-C-SOL-001	       175000000.00	       453596291.78	       144501373.34	       598097665.12	      -423097665.12	       175000000.00	       453596291.78	       144501373.34	       598097665.12	      -423097665.12	               0.00	               0.00	               0.00	               0.00	               0.00	               0.00	               0.00	               0.00	               0.00	               0.00	               0.00	               0.00	               0.00	               0.00	               0.00	               0.00	               0.00	               0.00	               0.00	               0.00	       175000000.00	       453596291.78	       144501373.34	       598097665.12	      -423097665.12
6*  Solar 50 MW in Mine  PRJ NL-C-SOL-002	      1807443528.00	      1646966566.78	       160459672.50	      1807426239.28	           17288.72	      1377480844.92	      1377480844.92	               0.00	      1377480844.92	               0.00	       429962683.08	       269485721.86	       160459672.50	       429945394.36	           17288.72	               0.00	               0.00	               0.00	               0.00	               0.00	               0.00	               0.00	               0.00	               0.00	               0.00	               0.00	               0.00	               0.00	               0.00	               0.00	      1807443528.00	      1646966566.78	       160459672.50	      1807426239.28	           17288.72
6*  200 MW Solar Power G PRJ NL-C-SOL-003	        12322960.04	         3754901.52	         2165404.55	         5920306.07	         6402653.97	         1590212.52	         1590212.52	               0.00	         1590212.52	               0.00	        10732747.52	         2164689.00	         2165404.55	         4330093.55	         6402653.97	               0.00	               0.00	               0.00	               0.00	               0.00	               0.00	               0.00	               0.00	               0.00	               0.00	               0.00	               0.00	               0.00	               0.00	               0.00	        12322960.04	         3754901.52	         2165404.55	         5920306.07	         6402653.97
6*  100 MW SOLAR (HYBRID PRJ NL-C-SOL-004	      1350000000.00	         1176000.00	          574000.00	         1750000.00	      1348250000.00	         1176000.00	         1176000.00	               0.00	         1176000.00	               0.00	      1348824000.00	               0.00	          574000.00	          574000.00	      1348250000.00	               0.00	               0.00	               0.00	               0.00	               0.00	               0.00	               0.00	               0.00	               0.00	               0.00	               0.00	               0.00	               0.00	               0.00	               0.00	      1350000000.00	         1176000.00	          574000.00	         1750000.00	      1348250000.00
6*  2.5 MW RTS & 1 MW FT PRJ NL-C-SOL-005	       163900000.00	               0.00	       450290806.41	       450290806.41	      -286390806.41	               0.00	               0.00	               0.00	               0.00	               0.00	       163900000.00	               0.00	       450290806.41	       450290806.41	      -286390806.41	               0.00	               0.00	               0.00	               0.00	               0.00	               0.00	               0.00	               0.00	               0.00	               0.00	               0.00	               0.00	               0.00	               0.00	               0.00	       163900000.00	               0.00	       450290806.41	       450290806.41	      -286390806.41
6*  400 KW RTS at BTPS   PRJ NL-C-SOL-006	               0.00	               0.00	        27554970.56	        27554970.56	       -27554970.56	               0.00	               0.00	               0.00	               0.00	               0.00	               0.00	               0.00	        26138970.56	        26138970.56	       -26138970.56	               0.00	               0.00	               0.00	               0.00	               0.00	               0.00	               0.00	               0.00	               0.00	               0.00	               0.00	               0.00	         1416000.00	         1416000.00	        -1416000.00	               0.00	               0.00	        27554970.56	        27554970.56	       -27554970.56
6*  TPS2 Second Expansio PRJ NL-C-T22-001	     89654229250.70	        46879266.72	     89600837800.00	     89647717066.72	         6512183.98	        36461699.94	        45813962.72	               0.00	        45813962.72	        -9352262.78	     89617767550.76	         1065304.00	     89600837800.00	     89601903104.00	        15864446.76	               0.00	               0.00	               0.00	               0.00	               0.00	               0.00	               0.00	               0.00	               0.00	               0.00	               0.00	               0.00	               0.00	               0.00	               0.00	     89654229250.70	        46879266.72	     89600837800.00	     89647717066.72	         6512183.98
6*  Performance Improvem PRJ NL-C-T2E-001	      2066995587.28	       960464955.98	        49051127.03	      1009516083.01	      1057479504.27	       919574789.34	       919574789.34	               0.00	       919574789.34	               0.00	      1147420797.94	        40890166.64	        49051127.03	        89941293.67	      1057479504.27	               0.00	               0.00	               0.00	               0.00	               0.00	               0.00	               0.00	               0.00	               0.00	               0.00	               0.00	               0.00	               0.00	               0.00	               0.00	      2066995587.28	       960464955.98	        49051127.03	      1009516083.01	      1057479504.27
6*  Mini Smart City      PRJ NL-C-TAA-001	       173380000.00	        17793911.17	        27751497.99	        45545409.16	       127834590.84	         6139687.50	         6139687.50	               0.00	         6139687.50	               0.00	       167240312.50	        11654223.67	        27751497.99	        39405721.66	       127834590.84	               0.00	               0.00	               0.00	               0.00	               0.00	               0.00	               0.00	               0.00	               0.00	               0.00	               0.00	               0.00	               0.00	               0.00	               0.00	       173380000.00	        17793911.17	        27751497.99	        45545409.16	       127834590.84
6*  NLC Talabira Thermal PRJ NL-C-TPP-001	     12754172402.37	      7897558746.62	      3406494223.33	     11304052969.95	      1450119432.42	      2548966718.39	      1567062401.84	       147074944.59	      1714137346.43	       834829371.96	     10205205683.98	      6330496344.78	      3259419278.74	      9589915623.52	       615290060.46	               0.00	               0.00	               0.00	               0.00	               0.00	               0.00	               0.00	               0.00	               0.00	               0.00	               0.00	               0.00	               0.00	               0.00	               0.00	     12754172402.37	      7897558746.62	      3406494223.33	     11304052969.95	      1450119432.42
6*  NLC TTPP Main Packag PRJ NL-C-TPP-002	      9595668774.40	      1529689520.00	      8060089254.40	      9589778774.40	         5890000.00	      5995668774.40	      1529689520.00	               0.00	      1529689520.00	      4465979254.40	      3600000000.00	               0.00	      8060089254.40	      8060089254.40	     -4460089254.40	               0.00	               0.00	               0.00	               0.00	               0.00	               0.00	               0.00	               0.00	               0.00	               0.00	               0.00	               0.00	               0.00	               0.00	               0.00	      9595668774.40	      1529689520.00	      8060089254.40	      9589778774.40	         5890000.00
6*  TS I Switchyard Modi PRJ NL-C-TS1-001	       310612947.59	       293119056.89	        17488406.06	       310607462.95	            5484.64	       310612947.59	       283409806.11	        17488406.06	       300898212.17	         9714735.42	               0.00	         9709250.78	               0.00	         9709250.78	        -9709250.78	               0.00	               0.00	               0.00	               0.00	               0.00	               0.00	               0.00	               0.00	               0.00	               0.00	               0.00	               0.00	               0.00	               0.00	               0.00	       310612947.59	       293119056.89	        17488406.06	       310607462.95	            5484.64
6*  Wind Turbine Project PRJ NL-C-WND-001	        23203970.00	        18416660.00	         4604165.00	        23020825.00	          183145.00	        23203970.00	        18416660.00	         4604165.00	        23020825.00	          183145.00	               0.00	               0.00	               0.00	               0.00	               0.00	               0.00	               0.00	               0.00	               0.00	               0.00	               0.00	               0.00	               0.00	               0.00	               0.00	               0.00	               0.00	               0.00	               0.00	               0.00	        23203970.00	        18416660.00	         4604165.00	        23020825.00	          183145.00
6*  50 MW Wind Project   PRJ NL-C-WND-002	      3439334918.15	      3131658312.02	       230393732.17	      3362052044.19	        77282873.96	      2928210854.69	      2928210854.69	               0.00	      2928210854.69	               0.00	       511124063.46	       203447457.33	       230393732.17	       433841189.50	        77282873.96	               0.00	               0.00	               0.00	               0.00	               0.00	               0.00	               0.00	               0.00	               0.00	               0.00	               0.00	               0.00	               0.00	               0.00	               0.00	      3439334918.15	      3131658312.02	       230393732.17	      3362052044.19	        77282873.96
6*  MACHHAKATA (REVISED) PRJ NL-F-MAC-001	      2264148400.00	        24302764.89	       483511070.73	       507813835.62	      1756334564.38	       368607886.40	       -21870277.48	       410994000.00	       389123722.52	       -20515836.12	      1895540513.60	        46173042.37	        58451573.46	       104624615.83	      1790915897.77	               0.00	               0.00	         5575500.00	         5575500.00	        -5575500.00	               0.00	               0.00	               0.00	               0.00	               0.00	               0.00	               0.00	         8489997.27	         8489997.27	        -8489997.27	      2264148400.00	        24302764.89	       483511070.73	       507813835.62	      1756334564.38
6*  Raipura Phosphorite  PRJ NL-F-MRP-001	       233500000.00	               0.00	        33356533.13	        33356533.13	       200143466.87	               0.00	               0.00	               0.00	               0.00	               0.00	       233500000.00	               0.00	        33356533.13	        33356533.13	       200143466.87	               0.00	               0.00	               0.00	               0.00	               0.00	               0.00	               0.00	               0.00	               0.00	               0.00	               0.00	               0.00	               0.00	               0.00	               0.00	       233500000.00	               0.00	        33356533.13	        33356533.13	       200143466.87
6*  Semhardih Phosphorit PRJ NL-F-MSP-001	       231600000.00	               0.00	        32759124.50	        32759124.50	       198840875.50	               0.00	               0.00	               0.00	               0.00	               0.00	       231600000.00	               0.00	        32759124.50	        32759124.50	       198840875.50	               0.00	               0.00	               0.00	               0.00	               0.00	               0.00	               0.00	               0.00	               0.00	               0.00	               0.00	               0.00	               0.00	               0.00	               0.00	       231600000.00	               0.00	        32759124.50	        32759124.50	       198840875.50
6*  North Dhadu (Western PRJ NL-F-NDM-001	      1282716098.47	        88554808.76	       245758227.09	       334313035.85	       948403062.62	        77248977.09	        77120163.89	           30000.00	        77150163.89	           98813.20	      1205467121.38	        11434644.87	       245728227.09	       257162871.96	       948304249.42	               0.00	               0.00	               0.00	               0.00	               0.00	               0.00	               0.00	               0.00	               0.00	               0.00	               0.00	               0.00	               0.00	               0.00	               0.00	      1282716098.47	        88554808.76	       245758227.09	       334313035.85	       948403062.62
6*  Rajasthan Gurha Powe PRJ NL-F-RGP-001	         3726735.00	          531000.00	          472000.00	         1003000.00	         2723735.00	               0.00	               0.00	               0.00	               0.00	               0.00	         3726735.00	          531000.00	          472000.00	         1003000.00	         2723735.00	               0.00	               0.00	               0.00	               0.00	               0.00	               0.00	               0.00	               0.00	               0.00	               0.00	               0.00	               0.00	               0.00	               0.00	               0.00	         3726735.00	          531000.00	          472000.00	         1003000.00	         2723735.00
6*  NLC Talabira Thermal PRJ NL-F-TPP-001	        59621587.00	          902899.66	        58718687.07	        59621586.73	               0.27	               0.00	               0.00	               0.00	               0.00	               0.00	        59621587.00	          902899.66	        58718687.07	        59621586.73	               0.27	               0.00	               0.00	               0.00	               0.00	               0.00	               0.00	               0.00	               0.00	               0.00	               0.00	               0.00	               0.00	               0.00	               0.00	               0.00	        59621587.00	          902899.66	        58718687.07	        59621586.73	               0.27
6*  Barsingsar Mines Cap PRJ NL-M-BMN-001	         2700000.00	               0.00	               0.00	               0.00	         2700000.00	         2700000.00	               0.00	               0.00	               0.00	         2700000.00	               0.00	               0.00	               0.00	               0.00	               0.00	               0.00	               0.00	               0.00	               0.00	               0.00	               0.00	               0.00	               0.00	               0.00	               0.00	               0.00	               0.00	               0.00	               0.00	               0.00	         2700000.00	               0.00	               0.00	               0.00	         2700000.00
6*  Mine 1A Capital Mate PRJ NL-M-M1A-001	       212961902.14	       124843061.33	        17249410.51	       142092471.84	        70869430.30	       212961902.14	       115301350.17	        17249410.51	       132550760.68	        80411141.46	               0.00	         9541711.16	               0.00	         9541711.16	        -9541711.16	               0.00	               0.00	               0.00	               0.00	               0.00	               0.00	               0.00	               0.00	               0.00	               0.00	               0.00	               0.00	               0.00	               0.00	               0.00	       214561902.14	       124843061.33	        17249410.51	       142092471.84	        72469430.30
6*  Mech. Services Capit PRJ NL-M-MES-001	       262789970.00	       203617984.96	         8484193.70	       212102178.66	        50687791.34	       262789970.00	       203617984.96	         8484193.70	       212102178.66	        50687791.34	               0.00	               0.00	               0.00	               0.00	               0.00	               0.00	               0.00	               0.00	               0.00	               0.00	               0.00	               0.00	               0.00	               0.00	               0.00	               0.00	               0.00	               0.00	               0.00	               0.00	       262789970.00	       203617984.96	         8484193.70	       212102178.66	        50687791.34
6*  Mine 1 Capital Mater PRJ NL-M-MN1-001	       544311577.58	       421099462.04	        14525503.84	       435624965.88	       108686611.70	       544311577.58	       421099462.04	         6319686.84	       427419148.88	       116892428.70	               0.00	               0.00	         8205817.00	         8205817.00	        -8205817.00	               0.00	               0.00	               0.00	               0.00	               0.00	               0.00	               0.00	               0.00	               0.00	               0.00	               0.00	               0.00	               0.00	               0.00	               0.00	       545911586.58	       421099462.04	        14525503.84	       435624965.88	       110286620.70
6*  Mine 2 Capital Mater PRJ NL-M-MN2-001	       831745340.61	       468932288.50	        24438279.05	       493370567.55	       338374773.06	       831745340.61	       415750570.87	         8026645.05	       423777215.92	       407968124.69	               0.00	        53181717.63	        16411634.00	        69593351.63	       -69593351.63	               0.00	               0.00	               0.00	               0.00	               0.00	               0.00	               0.00	               0.00	               0.00	               0.00	               0.00	               0.00	               0.00	               0.00	               0.00	       831745340.61	       468932288.50	        24438279.05	       493370567.55	       338374773.06
6*  NNTP Capital Materia PRJ NL-M-NNT-001	      1246930688.53	       268822130.86	       228956659.43	       497778790.29	       749151898.24	       140901906.53	       140901906.53	          816300.00	       141718206.53	         -816300.00	      1106028782.00	       127920224.33	       218338569.41	       346258793.74	       759769988.26	               0.00	               0.00	         9801790.02	         9801790.02	        -9801790.02	               0.00	               0.00	               0.00	               0.00	               0.00	               0.00	               0.00	               0.00	               0.00	               0.00	      1246930688.53	       268822130.86	       228956659.43	       497778790.29	       749151898.24
6*  PRO Material Project PRJ NL-M-PRO-001	               0.00	               0.00	               0.00	               0.00	               0.00	               0.00	               0.00	               0.00	               0.00	               0.00	               0.00	               0.00	               0.00	               0.00	               0.00	               0.00	               0.00	               0.00	               0.00	               0.00	               0.00	               0.00	               0.00	               0.00	               0.00	               0.00	               0.00	               0.00	               0.00	               0.00	               0.00	               0.00	               0.00	               0.00	               0.00
6*  Safety Capital Mater PRJ NL-M-SFT-001	         8766352.12	         8766352.12	               0.00	         8766352.12	               0.00	         8766352.12	         8766352.12	               0.00	         8766352.12	               0.00	               0.00	               0.00	               0.00	               0.00	               0.00	               0.00	               0.00	               0.00	               0.00	               0.00	               0.00	               0.00	               0.00	               0.00	               0.00	               0.00	               0.00	               0.00	               0.00	               0.00	         8766352.12	         8766352.12	               0.00	         8766352.12	               0.00
6*  TPS 1 Exp. Capital M PRJ NL-M-T1E-001	        40000000.00	               0.00	               0.00	               0.00	        40000000.00	        40000000.00	               0.00	               0.00	               0.00	        40000000.00	               0.00	               0.00	               0.00	               0.00	               0.00	               0.00	               0.00	               0.00	               0.00	               0.00	               0.00	               0.00	               0.00	               0.00	               0.00	               0.00	               0.00	               0.00	               0.00	               0.00	        40000000.00	               0.00	               0.00	               0.00	        40000000.00
6*  TPS2Exp - Capital Ma PRJ NL-M-T2E-001	      1054331325.68	       524137964.75	       197454959.50	       721592924.25	       332738401.43	       291864203.68	       291864203.68	               0.00	       291864203.68	               0.00	       762467122.00	       232273761.07	       178079866.50	       410353627.57	       352113494.43	               0.00	               0.00	        19375093.00	        19375093.00	       -19375093.00	               0.00	               0.00	               0.00	               0.00	               0.00	               0.00	               0.00	               0.00	               0.00	               0.00	      1054331325.68	       524137964.75	       197454959.50	       721592924.25	       332738401.43
6*  Board Section Non-Pl PRJ NL-N-BOD-001	          150000.00	               0.00	          106200.00	          106200.00	           43800.00	               0.00	               0.00	               0.00	               0.00	               0.00	          150000.00	               0.00	          106200.00	          106200.00	           43800.00	               0.00	               0.00	               0.00	               0.00	               0.00	               0.00	               0.00	               0.00	               0.00	               0.00	               0.00	               0.00	               0.00	               0.00	               0.00	          150000.00	               0.00	          106200.00	          106200.00	           43800.00
6*  Barsingsar Thermal N PRJ NL-N-BSP-001-01	      1742662595.61	       708445823.77	       730897603.04	      1439343429.42	       303319166.19	       443494090.94	       442036475.33	        16428713.36	       458465188.69	       -14971097.75	      1299168504.67	       266409348.44	       455994683.91	       722404034.96	       576764469.71	               0.00	               0.00	       251335773.82	       251335773.82	      -251335773.82	               0.00	               0.00	         7138431.95	         7138431.95	        -7138431.95	               0.00	               0.00	               0.00	               0.00	               0.00	      1751041776.61	       708445823.77	       730897603.04	      1439343429.42	       311698347.19
6*  Central Establishmen PRJ NL-N-CES-001	       324078232.16	       207814106.64	         8392613.64	       216206720.28	       107871511.88	       324078232.16	       207539644.63	         8392613.64	       215932258.27	       108145973.89	               0.00	          274462.01	               0.00	          274462.01	         -274462.01	               0.00	               0.00	               0.00	               0.00	               0.00	               0.00	               0.00	               0.00	               0.00	               0.00	               0.00	               0.00	               0.00	               0.00	               0.00	       370898588.67	       207814106.64	         8392613.64	       216206720.28	       154691868.39
6*  Manager Corporate Of PRJ NL-N-CES-002	         1767875.53	         1713150.02	           53421.00	         1766571.02	            1304.51	         1767875.53	         1713150.02	           53421.00	         1766571.02	            1304.51	               0.00	               0.00	               0.00	               0.00	               0.00	               0.00	               0.00	               0.00	               0.00	               0.00	               0.00	               0.00	               0.00	               0.00	               0.00	               0.00	               0.00	               0.00	               0.00	               0.00	         1767875.53	         1713150.02	           53421.00	         1766571.02	            1304.51
6*  CISF Non-Plan CapEx  PRJ NL-N-CIS-001	        20223037.03	         2758071.63	         4883081.97	         7641153.60	        12581883.43	         2000536.57	         2000536.57	               0.00	         2000536.57	               0.00	        18222500.46	          757535.06	         4883081.97	         5640617.03	        12581883.43	               0.00	               0.00	               0.00	               0.00	               0.00	               0.00	               0.00	               0.00	               0.00	               0.00	               0.00	               0.00	               0.00	               0.00	               0.00	        20223037.03	         2758071.63	         4883081.97	         7641153.60	        12581883.43
6*  Thermal Contracts No PRJ NL-N-CNT-001	         3400000.00	               0.00	          732235.18	          732235.18	         2667764.82	               0.00	               0.00	               0.00	               0.00	               0.00	         3400000.00	               0.00	          732235.18	          732235.18	         2667764.82	               0.00	               0.00	               0.00	               0.00	               0.00	               0.00	               0.00	               0.00	               0.00	               0.00	               0.00	               0.00	               0.00	               0.00	               0.00	         3400000.00	               0.00	          732235.18	          732235.18	         2667764.82
6*  Computer Services No PRJ NL-N-COM-001	       186583156.27	       123552897.11	        56991460.59	       180544357.70	         6038798.57	       115280492.09	       115280492.09	               0.00	       115280492.09	               0.00	        71302664.18	         8272405.02	        56991460.59	        65263865.61	         6038798.57	               0.00	               0.00	               0.00	               0.00	               0.00	               0.00	               0.00	               0.00	               0.00	               0.00	               0.00	               0.00	               0.00	               0.00	               0.00	       186583156.27	       123552897.11	        56991460.59	       180544357.70	         6038798.57
6*  Corporate Contracts  PRJ NL-N-CON-001	        10508580.72	         8061952.72	          535318.37	         8597271.09	         1911309.63	         8014162.72	         8014162.72	               0.00	         8014162.72	               0.00	         2494418.00	           47790.00	          535318.37	          583108.37	         1911309.63	               0.00	               0.00	               0.00	               0.00	               0.00	               0.00	               0.00	               0.00	               0.00	               0.00	               0.00	               0.00	               0.00	               0.00	               0.00	        10508580.72	         8061952.72	          535318.37	         8597271.09	         1911309.63
6*  CARD/ Disposal/ MM N PRJ NL-N-CRD-001	        29934699.44	         8593516.25	         3686688.82	        12280205.07	        17654494.37	         8102671.26	         8102671.26	               0.00	         8102671.26	               0.00	        21832028.18	          490844.99	         3686688.82	         4177533.81	        17654494.37	               0.00	               0.00	               0.00	               0.00	               0.00	               0.00	               0.00	               0.00	               0.00	               0.00	               0.00	               0.00	               0.00	               0.00	               0.00	        29934699.44	         8593516.25	         3686688.82	        12280205.07	        17654494.37
6*  CTO CIVIL NON PLAN   PRJ NL-N-CTO-001	         9100000.00	               0.00	          253344.00	          253344.00	         8846656.00	               0.00	               0.00	               0.00	               0.00	               0.00	         9100000.00	               0.00	          253344.00	          253344.00	         8846656.00	               0.00	               0.00	               0.00	               0.00	               0.00	               0.00	               0.00	               0.00	               0.00	               0.00	               0.00	               0.00	               0.00	               0.00	               0.00	         9100000.00	               0.00	          253344.00	          253344.00	         8846656.00
6*  Central Workshop Non PRJ NL-N-CWS-001	        90898754.88	          514455.69	        28561569.00	        29076024.69	        61822730.19	          423455.88	          423455.87	               0.00	          423455.87	               0.01	        90475299.00	           90999.82	        28561569.00	        28652568.82	        61822730.18	               0.00	               0.00	               0.00	               0.00	               0.00	               0.00	               0.00	               0.00	               0.00	               0.00	               0.00	               0.00	               0.00	               0.00	               0.00	        90898754.88	          514455.69	        28561569.00	        29076024.69	        61822730.19
6*  Education Non-Plan C PRJ NL-N-EDU-001	        15588290.24	           98100.04	         8840190.20	         8938290.24	         6650000.00	           98100.04	           98100.04	               0.00	           98100.04	               0.00	        15490190.20	               0.00	         8840190.20	         8840190.20	         6650000.00	               0.00	               0.00	               0.00	               0.00	               0.00	               0.00	               0.00	               0.00	               0.00	               0.00	               0.00	               0.00	               0.00	               0.00	               0.00	        15588290.24	           98100.04	         8840190.20	         8938290.24	         6650000.00
6*  Electrical &Communic PRJ NL-N-ENC-001	        97462523.62	        46314888.85	        17297287.02	        63612175.87	        33850347.75	        46215705.76	        46215705.76	               0.00	        46215705.76	               0.00	        51246817.86	           99183.09	        17297287.02	        17396470.11	        33850347.75	               0.00	               0.00	               0.00	               0.00	               0.00	               0.00	               0.00	               0.00	               0.00	               0.00	               0.00	               0.00	               0.00	               0.00	               0.00	        97462523.62	        46314888.85	        17297287.02	        63612175.87	        33850347.75
6*  Corporate Finance No PRJ NL-N-FIN-001	         3750000.00	         2411717.33	           73396.00	         2485113.33	         1264886.67	         1662032.15	         1662032.15	               0.00	         1662032.15	               0.00	         2087967.85	          749685.18	           73396.00	          823081.18	         1264886.67	               0.00	               0.00	               0.00	               0.00	               0.00	               0.00	               0.00	               0.00	               0.00	               0.00	               0.00	               0.00	               0.00	               0.00	               0.00	         3750000.00	         2411717.33	           73396.00	         2485113.33	         1264886.67
6*  Geology Non Plan CAP PRJ NL-N-GEO-001	          700000.00	          430764.01	               0.00	          430764.01	          269235.99	          700000.00	          430764.01	               0.00	          430764.01	          269235.99	               0.00	               0.00	               0.00	               0.00	               0.00	               0.00	               0.00	               0.00	               0.00	               0.00	               0.00	               0.00	               0.00	               0.00	               0.00	               0.00	               0.00	               0.00	               0.00	               0.00	          700000.00	          430764.01	               0.00	          430764.01	          269235.99
6*  GH Non Plan CAPEX 20 PRJ NL-N-GHO-001	        56335967.62	        41559988.50	        16154091.16	        57714079.66	        -1378112.04	        33989273.32	        40894899.84	          240000.01	        41134899.85	        -7145626.53	        22346694.30	          665088.66	        15914091.15	        16579179.81	         5767514.49	               0.00	               0.00	               0.00	               0.00	               0.00	               0.00	               0.00	               0.00	               0.00	               0.00	               0.00	               0.00	               0.00	               0.00	               0.00	        56441592.76	        41559988.50	        16154091.16	        57714079.66	        -1272486.90
6*  GH Non Plan Capex 20 PRJ NL-N-GHO-002	        44023423.93	          257237.94	        19186092.65	        19443330.59	        24580093.34	           33600.00	           33600.00	               0.00	           33600.00	               0.00	        43989823.93	          223637.94	        19186092.65	        19409730.59	        24580093.34	               0.00	               0.00	               0.00	               0.00	               0.00	               0.00	               0.00	               0.00	               0.00	               0.00	               0.00	               0.00	               0.00	               0.00	               0.00	        44023423.93	          257237.94	        19186092.65	        19443330.59	        24580093.34
6*  IE Wing Non Plan Cap PRJ NL-N-IEC-001	          300000.00	           14848.95	               0.00	           14848.95	          285151.05	          300000.00	           14848.95	               0.00	           14848.95	          285151.05	               0.00	               0.00	               0.00	               0.00	               0.00	               0.00	               0.00	               0.00	               0.00	               0.00	               0.00	               0.00	               0.00	               0.00	               0.00	               0.00	               0.00	               0.00	               0.00	               0.00	          300000.00	           14848.95	               0.00	           14848.95	          285151.05
6*  Land Acquisition Non PRJ NL-N-LAQ-001	       779933081.14	       661950996.04	        97624483.74	       759575479.78	        20357601.36	       660710234.10	       659610037.17	               0.00	       659610037.17	         1100196.93	       119222847.04	         2340958.87	        97624483.74	        99965442.61	        19257404.43	               0.00	               0.00	               0.00	               0.00	               0.00	               0.00	               0.00	               0.00	               0.00	               0.00	               0.00	               0.00	               0.00	               0.00	               0.00	       779933081.14	       661950996.04	        97624483.74	       759575479.78	        20357601.36
6*  Learning and Develop PRJ NL-N-LDC-001	       117843583.99	        44643353.61	        21138890.81	        65782244.42	        52061339.57	        29966174.89	        29966174.89	               0.00	        29966174.89	               0.00	        87877409.10	        14677178.72	        21138890.81	        35816069.53	        52061339.57	               0.00	               0.00	               0.00	               0.00	               0.00	               0.00	               0.00	               0.00	               0.00	               0.00	               0.00	               0.00	               0.00	               0.00	               0.00	       117843583.99	        44643353.61	        21138890.81	        65782244.42	        52061339.57
6*  MINE- IA Non Plan CA PRJ NL-N-M1A-001	      2872918409.03	      1017752047.91	       484815456.75	      1502567504.66	      1370350904.37	       382514985.84	       381944839.09	             933.38	       381945772.47	          569213.37	      2490403423.19	       635807208.82	       357942828.50	       993750037.32	      1496653385.87	               0.00	               0.00	       126871694.87	       126871694.87	      -126871694.87	               0.00	               0.00	               0.00	               0.00	               0.00	               0.00	               0.00	               0.00	               0.00	               0.00	      2872918409.03	      1017752047.91	       484815456.75	      1502567504.66	      1370350904.37
6*  Barsingsar- Mines No PRJ NL-N-MBR-001	        56819189.32	        31320415.31	        17011736.27	        48332151.58	         8487037.74	        25278566.41	        25278566.41	         2268217.67	        27546784.08	        -2268217.67	        31540622.91	         6041848.90	        14743518.60	        20785367.50	        10755255.41	               0.00	               0.00	               0.00	               0.00	               0.00	               0.00	               0.00	               0.00	               0.00	               0.00	               0.00	               0.00	               0.00	               0.00	               0.00	        56979589.32	        31320415.31	        17011736.27	        48332151.58	         8647437.74
6*  MCO Non-Plan CapEx   PRJ NL-N-MCO-001	        45559643.42	        18781276.83	         1224797.00	        20006073.83	        25553569.59	        13779076.12	        13779076.12	               0.00	        13779076.12	               0.00	        31780567.30	         5002200.71	         1224797.00	         6226997.71	        25553569.59	               0.00	               0.00	               0.00	               0.00	               0.00	               0.00	               0.00	               0.00	               0.00	               0.00	               0.00	               0.00	               0.00	               0.00	               0.00	        48431144.72	        18781276.83	         1224797.00	        20006073.83	        28425070.89
6*  Mechanical Services  PRJ NL-N-MES-001	      6059171979.33	      4897803656.82	       428215578.48	      5326019235.30	       733152744.03	      4050054512.33	      4050054512.33	               0.00	      4050054512.33	               0.00	      2009117467.00	       847749144.49	       362145699.90	      1209894844.39	       799222622.61	               0.00	               0.00	        66069878.58	        66069878.58	       -66069878.58	               0.00	               0.00	               0.00	               0.00	               0.00	               0.00	               0.00	               0.00	               0.00	               0.00	      6059171979.33	      4897803656.82	       428215578.48	      5326019235.30	       733152744.03
6*  Management Services  PRJ NL-N-MIS-001	               0.00	               0.00	               0.00	               0.00	               0.00	               0.00	               0.00	               0.00	               0.00	               0.00	               0.00	               0.00	               0.00	               0.00	               0.00	               0.00	               0.00	               0.00	               0.00	               0.00	               0.00	               0.00	               0.00	               0.00	               0.00	               0.00	               0.00	               0.00	               0.00	               0.00	               0.00	               0.00	               0.00	               0.00	               0.00
6*  MMC Non-Plan CAPEX 2 PRJ NL-N-MMC-001	        60215054.74	        25257902.82	        12470985.49	        37728888.31	        22486166.43	        21566661.05	        21566660.97	        10506356.67	        32073017.64	       -10506356.59	        38648393.69	         3691241.85	         1964628.82	         5655870.67	        32992523.02	               0.00	               0.00	               0.00	               0.00	               0.00	               0.00	               0.00	               0.00	               0.00	               0.00	               0.00	               0.00	               0.00	               0.00	               0.00	        60215054.74	        25257902.82	        12470985.49	        37728888.31	        22486166.43
6*  MINE- I Non Plan CAP PRJ NL-N-MN1-001	      2473760462.24	      1395490191.50	       756160686.26	      2151650877.76	       322109584.48	       726191273.83	       726191273.83	          752000.00	       726943273.83	         -752000.00	      1747569188.41	       669298917.67	       705251628.56	      1374550546.23	       373018642.18	               0.00	               0.00	        50157057.70	        50157057.70	       -50157057.70	               0.00	               0.00	               0.00	               0.00	               0.00	               0.00	               0.00	               0.00	               0.00	               0.00	      2473760462.24	      1395490191.50	       756160686.26	      2151650877.76	       322109584.48
6*  MINE- II Non Plan CA PRJ NL-N-MN2-001	      8308637273.41	      2025986485.18	      3302971922.85	      5328958408.03	      2979678865.38	      1314338160.20	      1314338160.20	          329000.03	      1314667160.23	         -329000.03	      6994299113.21	       711648324.98	      3190586912.82	      3902235237.80	      3092063875.41	               0.00	               0.00	       112056010.00	       112056010.00	      -112056010.00	               0.00	               0.00	               0.00	               0.00	               0.00	               0.00	               0.00	               0.00	               0.00	               0.00	      8308637273.41	      2025986485.18	      3302971922.85	      5328958408.03	      2979678865.38
6*  NNTPP Non Plan CAPEX PRJ NL-N-NNT-001	      2168102769.67	      1214093470.12	       363172436.49	      1577265906.61	       590836863.06	      1029281006.62	      1027013609.04	               0.00	      1027013609.04	         2267397.58	      1138821763.05	       187079861.08	       363172436.49	       550252297.57	       588569465.48	               0.00	               0.00	               0.00	               0.00	               0.00	               0.00	               0.00	               0.00	               0.00	               0.00	               0.00	               0.00	               0.00	               0.00	               0.00	      2168102769.67	      1214093470.12	       363172436.49	      1577265906.61	       590836863.06
6*  OSMG Non Plan CAPEX  PRJ NL-N-OSM-001	        71342992.39	         7688749.52	          154242.87	         7842992.39	        63500000.00	         7688749.52	         7688749.52	               0.00	         7688749.52	               0.00	        63654242.87	               0.00	          154242.87	          154242.87	        63500000.00	               0.00	               0.00	               0.00	               0.00	               0.00	               0.00	               0.00	               0.00	               0.00	               0.00	               0.00	               0.00	               0.00	               0.00	               0.00	        71342992.39	         7688749.52	          154242.87	         7842992.39	        63500000.00
6*  P & BD Non-Plan CapE PRJ NL-N-PBD-001	        19711403.00	               0.00	         5433460.53	         5433460.53	        14277942.47	               0.00	               0.00	               0.00	               0.00	               0.00	        19711403.00	               0.00	         5433460.53	         5433460.53	        14277942.47	               0.00	               0.00	               0.00	               0.00	               0.00	               0.00	               0.00	               0.00	               0.00	               0.00	               0.00	               0.00	               0.00	               0.00	               0.00	        19711403.00	               0.00	         5433460.53	         5433460.53	        14277942.47
6*  PRO Non-Plan CapEx   PRJ NL-N-PRO-001	        60996959.46	        22687412.95	         1029383.47	        23716796.42	        37280163.04	         8335422.08	         8335422.08	               0.00	         8335422.08	               0.00	        52661537.38	        14351990.87	         1029383.47	        15381374.34	        37280163.04	               0.00	               0.00	               0.00	               0.00	               0.00	               0.00	               0.00	               0.00	               0.00	               0.00	               0.00	               0.00	               0.00	               0.00	               0.00	        60996959.46	        22687412.95	         1029383.47	        23716796.42	        37280163.04
6*  Power Station Engg.  PRJ NL-N-PSE-001	         5285355.79	         2906296.53	          581760.00	         3488056.53	         1797299.26	         2785355.79	         1395265.79	          116000.00	         1511265.79	         1274090.00	         2500000.00	         1511030.74	          465760.00	         1976790.74	          523209.26	               0.00	               0.00	               0.00	               0.00	               0.00	               0.00	               0.00	               0.00	               0.00	               0.00	               0.00	               0.00	               0.00	               0.00	               0.00	         5285355.79	         2906296.53	          581760.00	         3488056.53	         1797299.26
6*  Power Station Traini PRJ NL-N-PST-001	        96345240.42	         7058066.26	         5470357.17	        12528423.43	        83816816.99	         6355287.45	         6355287.45	          200014.00	         6555301.45	         -200014.00	        89989952.97	          702778.81	         5270343.17	         5973121.98	        84016830.99	               0.00	               0.00	               0.00	               0.00	               0.00	               0.00	               0.00	               0.00	               0.00	               0.00	               0.00	               0.00	               0.00	               0.00	               0.00	        96345240.42	         7058066.26	         5470357.17	        12528423.43	        83816816.99
6*  Renewable Power Proj PRJ NL-N-REP-001	       359539269.08	       206407129.30	       104628646.45	       311035775.75	        48503493.33	       201307327.87	       201205526.08	               0.00	       201205526.08	          101801.79	       158231941.21	         5201603.22	       104628646.45	       109830249.67	        48401691.54	               0.00	               0.00	               0.00	               0.00	               0.00	               0.00	               0.00	               0.00	               0.00	               0.00	               0.00	               0.00	               0.00	               0.00	               0.00	       359539269.08	       206407129.30	       104628646.45	       311035775.75	        48503493.33
6*  RMO Chennai Non Plan PRJ NL-N-ROC-001	       106484901.74	        17929901.85	        37712915.52	        55642817.37	        50842084.37	        18905346.74	        17929902.25	               0.00	        17929902.25	          975444.49	        87579555.00	              -0.40	        37712915.52	        37712915.12	        49866639.88	               0.00	               0.00	               0.00	               0.00	               0.00	               0.00	               0.00	               0.00	               0.00	               0.00	               0.00	               0.00	               0.00	               0.00	               0.00	       106484901.74	        17929901.85	        37712915.52	        55642817.37	        50842084.37
6*  Security and Fire No PRJ NL-N-SEC-001	         2200000.00	               0.00	               0.00	               0.00	         2200000.00	         2200000.00	               0.00	               0.00	               0.00	         2200000.00	               0.00	               0.00	               0.00	               0.00	               0.00	               0.00	               0.00	               0.00	               0.00	               0.00	               0.00	               0.00	               0.00	               0.00	               0.00	               0.00	               0.00	               0.00	               0.00	               0.00	         2200000.00	               0.00	               0.00	               0.00	         2200000.00
6*  Safety Non Plan CAPE PRJ NL-N-SFT-001	        98796843.27	         5581939.32	        37600664.74	        43182604.06	        55614239.21	         3286886.83	         3286886.83	               0.00	         3286886.83	               0.00	        95509956.44	         2295052.49	        37600664.74	        39895717.23	        55614239.21	               0.00	               0.00	               0.00	               0.00	               0.00	               0.00	               0.00	               0.00	               0.00	               0.00	               0.00	               0.00	               0.00	               0.00	               0.00	        98796843.27	         5581939.32	        37600664.74	        43182604.06	        55614239.21
6*  Central Safety Non-P PRJ NL-N-SFT-002	               0.00	               0.00	          326520.00	          326520.00	         -326520.00	               0.00	               0.00	               0.00	               0.00	               0.00	               0.00	               0.00	          326520.00	          326520.00	         -326520.00	               0.00	               0.00	               0.00	               0.00	               0.00	               0.00	               0.00	               0.00	               0.00	               0.00	               0.00	               0.00	               0.00	               0.00	               0.00	               0.00	               0.00	          326520.00	          326520.00	         -326520.00
6*  10MW Solar Power Pla PRJ NL-N-SOL-001	         9000000.00	               0.00	         1125600.00	         1125600.00	         7874400.00	         9000000.00	               0.00	         1125600.00	         1125600.00	         7874400.00	               0.00	               0.00	               0.00	               0.00	               0.00	               0.00	               0.00	               0.00	               0.00	               0.00	               0.00	               0.00	               0.00	               0.00	               0.00	               0.00	               0.00	               0.00	               0.00	               0.00	         9000000.00	               0.00	         1125600.00	         1125600.00	         7874400.00
6*  TPS-I Exp Non Plan C PRJ NL-N-T1E-001	      1681740328.49	       764983986.60	       522929351.85	      1287913338.45	       393826990.04	       594717037.21	       594717036.81	        16937000.00	       611654036.81	       -16936999.60	      1087023291.28	       170266949.79	       476467656.95	       646734606.74	       440288684.54	               0.00	               0.00	        29524694.90	        29524694.90	       -29524694.90	               0.00	               0.00	               0.00	               0.00	               0.00	               0.00	               0.00	               0.00	               0.00	               0.00	      1681740328.49	       764983986.60	       522929351.85	      1287913338.45	       393826990.04
6*  TPS2Exp - Non Plan C PRJ NL-N-T2E-001	       645718288.86	       349078770.11	       242095188.15	       591173958.26	        54544330.60	       309071188.74	       309071068.21	               0.00	       309071068.21	             120.53	       336647100.12	        40007701.90	       240732963.72	       280740665.62	        55906434.50	               0.00	               0.00	         1362224.43	         1362224.43	        -1362224.43	               0.00	               0.00	               0.00	               0.00	               0.00	               0.00	               0.00	               0.00	               0.00	               0.00	       646948906.38	       349078770.11	       242095188.15	       591173958.26	        55774948.12
6*  TA Non Plan CAPEX    PRJ NL-N-TAA-001	       133298173.56	        44533237.53	         5490296.46	        50023533.99	        83274639.57	       133298173.56	        44533237.53	         5490296.46	        50023533.99	        83274639.57	               0.00	               0.00	               0.00	               0.00	               0.00	               0.00	               0.00	               0.00	               0.00	               0.00	               0.00	               0.00	               0.00	               0.00	               0.00	               0.00	               0.00	               0.00	               0.00	               0.00	       133298173.56	        44533237.53	         5490296.46	        50023533.99	        83274639.57
6*  TA Non-Plan CapEx Op PRJ NL-N-TAA-002	        10493522.50	        10493522.50	               0.00	        10493522.50	               0.00	        10493522.50	        10493522.50	               0.00	        10493522.50	               0.00	               0.00	               0.00	               0.00	               0.00	               0.00	               0.00	               0.00	               0.00	               0.00	               0.00	               0.00	               0.00	               0.00	               0.00	               0.00	               0.00	               0.00	               0.00	               0.00	               0.00	        10493522.50	        10493522.50	               0.00	        10493522.50	               0.00
6*  TA Non-Plan Capital  PRJ NL-N-TAA-003	       880804323.03	       471623784.58	       123156896.51	       594780681.09	       286023641.94	       269681755.23	       269681755.23	               0.00	       269681755.23	               0.00	       611122567.80	       201942029.35	       123156896.51	       325098925.86	       286023641.94	               0.00	               0.00	               0.00	               0.00	               0.00	               0.00	               0.00	               0.00	               0.00	               0.00	               0.00	               0.00	               0.00	               0.00	               0.00	       880804323.03	       471623784.58	       123156896.51	       594780681.09	       286023641.94
6*  Transport Non Plan C PRJ NL-N-TRN-001	      1025861866.42	       890511018.41	        64461385.23	       954972403.64	        70889462.78	       588507464.39	       588507464.39	               0.00	       588507464.39	               0.00	       437354402.03	       302003554.02	        64461385.23	       366464939.25	        70889462.78	               0.00	               0.00	               0.00	               0.00	               0.00	               0.00	               0.00	               0.00	               0.00	               0.00	               0.00	               0.00	               0.00	               0.00	               0.00	      1025861866.42	       890511018.41	        64461385.23	       954972403.64	        70889462.78
6*  TPS- I Non Plan CAPE PRJ NL-N-TS1-001	        14036299.40	        10222177.34	          215900.00	        10438077.34	         3598222.06	        14036299.40	        10222177.34	          215900.00	        10438077.34	         3598222.06	               0.00	               0.00	               0.00	               0.00	               0.00	               0.00	               0.00	               0.00	               0.00	               0.00	               0.00	               0.00	               0.00	               0.00	               0.00	               0.00	               0.00	               0.00	               0.00	               0.00	        14036299.40	        10222177.34	          215900.00	        10438077.34	         3598222.06
6*  TPS-II Non Plan CAPE PRJ NL-N-TS2-001	        32068981.69	        16719450.04	        12139386.22	        28858836.26	         3210145.43	        15106908.25	        15106908.26	               0.00	        15106908.26	              -0.01	        16962073.44	         1612541.78	        12139386.22	        13751928.00	         3210145.44	               0.00	               0.00	               0.00	               0.00	               0.00	               0.00	               0.00	               0.00	               0.00	               0.00	               0.00	               0.00	               0.00	               0.00	               0.00	        32068981.69	        16719450.04	        12139386.22	        28858836.26	         3210145.43
6*  TPS-II LEP Stage I & PRJ NL-N-TS2-002	      8252832435.73	      3191671108.53	      4385396580.24	      7577078409.76	       675754025.97	      2820744260.07	      2811734033.52	        49719980.02	      2861464734.53	       -40720474.46	      5432088175.66	       379937075.01	      3091324063.53	      3471261138.54	      1960827037.12	               0.00	               0.00	      1244352536.69	      1244352536.69	     -1244352536.69	               0.00	               0.00	               0.00	               0.00	               0.00	               0.00	               0.00	               0.00	               0.00	               0.00	      8252936622.64	      3191671108.53	      4385396580.24	      7577078409.76	       675858212.88
6*  Vigilance Non-Plan C PRJ NL-N-VIG-001	         9569117.95	         7388063.85	           26655.84	         7414719.69	         2154398.26	         9569117.95	         7388063.85	           26655.84	         7414719.69	         2154398.26	               0.00	               0.00	               0.00	               0.00	               0.00	               0.00	               0.00	               0.00	               0.00	               0.00	               0.00	               0.00	               0.00	               0.00	               0.00	               0.00	               0.00	               0.00	               0.00	               0.00	         9569117.95	         7388063.85	           26655.84	         7414719.69	         2154398.26
6*  TS2 Unit 3 Annual Mt PRJ NL-O-TS2-001	               0.00	               0.00	               0.00	         1022012.50	        -1022012.50	               0.00	               0.00	               0.00	         1022012.50	        -1022012.50	               0.00	               0.00	               0.00	               0.00	               0.00	               0.00	               0.00	               0.00	               0.00	               0.00	               0.00	               0.00	               0.00	               0.00	               0.00	               0.00	               0.00	               0.00	               0.00	               0.00	               0.00	               0.00	               0.00	         1022012.50	        -1022012.50
6*  NLC CSR Projects 201 PRJ NL-S-CSR-001	      1009817000.00	       746959873.22	               0.00	       746959873.22	       262857126.78	      1009817000.00	       746959873.22	               0.00	       746959873.22	       262857126.78	               0.00	               0.00	               0.00	               0.00	               0.00	               0.00	               0.00	               0.00	               0.00	               0.00	               0.00	               0.00	               0.00	               0.00	               0.00	               0.00	               0.00	               0.00	               0.00	               0.00	      1009817000.00	       746959873.22	               0.00	       746959873.22	       262857126.78
6*  CSR Master Project 2 PRJ NL-S-CSR-003	       250000000.00	         4403986.96	          204157.51	         4608144.47	       245391855.53	       250000000.00	         4403986.96	          204157.51	         4608144.47	       245391855.53	               0.00	               0.00	               0.00	               0.00	               0.00	               0.00	               0.00	               0.00	               0.00	               0.00	               0.00	               0.00	               0.00	               0.00	               0.00	               0.00	               0.00	               0.00	               0.00	               0.00	       250000000.00	         4403986.96	          204157.51	         4608144.47	       245391855.53
6*  CSR Administrative O PRJ NL-S-CSR-005	        20765115.43	        20400124.16	          365115.43	        20765239.59	            -124.16	        20765115.43	        20400124.16	          365115.43	        20765239.59	            -124.16	               0.00	               0.00	               0.00	               0.00	               0.00	               0.00	               0.00	               0.00	               0.00	               0.00	               0.00	               0.00	               0.00	               0.00	               0.00	               0.00	               0.00	               0.00	               0.00	               0.00	        20765115.43	        20400124.16	          365115.43	        20765239.59	            -124.16
6*  CSR Activity 1.2 (15 PRJ NL-S-CSR-006	         1000000.00	               0.00	               0.00	               0.00	         1000000.00	         1000000.00	               0.00	               0.00	               0.00	         1000000.00	               0.00	               0.00	               0.00	               0.00	               0.00	               0.00	               0.00	               0.00	               0.00	               0.00	               0.00	               0.00	               0.00	               0.00	               0.00	               0.00	               0.00	               0.00	               0.00	               0.00	         2000000.00	               0.00	               0.00	               0.00	         2000000.00
6*  CSR PBD Proc thro GE PRJ NL-S-CSR-007	               0.00	               0.00	               0.00	               0.00	               0.00	               0.00	               0.00	               0.00	               0.00	               0.00	               0.00	               0.00	               0.00	               0.00	               0.00	               0.00	               0.00	               0.00	               0.00	               0.00	               0.00	               0.00	               0.00	               0.00	               0.00	               0.00	               0.00	               0.00	               0.00	               0.00	               0.00	               0.00	               0.00	               0.00	               0.00
6*  O2 Plants in Tamilna PRJ NL-S-CSR-008	        31000000.00	        27980750.53	         2082089.96	        30062840.49	          937159.51	        31000000.00	        27980750.53	         2082089.96	        30062840.49	          937159.51	               0.00	               0.00	               0.00	               0.00	               0.00	               0.00	               0.00	               0.00	               0.00	               0.00	               0.00	               0.00	               0.00	               0.00	               0.00	               0.00	               0.00	               0.00	               0.00	               0.00	        31000000.00	        27980750.53	         2082089.96	        30062840.49	          937159.51
6*  O2 Plants in Karnata PRJ NL-S-CSR-009	        47320000.00	        44806785.32	         1577826.81	        46384612.13	          935387.87	        47320000.00	        44806785.32	         1577826.81	        46384612.13	          935387.87	               0.00	               0.00	               0.00	               0.00	               0.00	               0.00	               0.00	               0.00	               0.00	               0.00	               0.00	               0.00	               0.00	               0.00	               0.00	               0.00	               0.00	               0.00	               0.00	               0.00	        47320000.00	        44806785.32	         1577826.81	        46384612.13	          935387.87
6*  O2 Plants in Rajasth PRJ NL-S-CSR-010	        42020000.00	        38576717.95	         1885287.17	        40462005.12	         1557994.88	        42020000.00	        38576717.95	         1885287.17	        40462005.12	         1557994.88	               0.00	               0.00	               0.00	               0.00	               0.00	               0.00	               0.00	               0.00	               0.00	               0.00	               0.00	               0.00	               0.00	               0.00	               0.00	               0.00	               0.00	               0.00	               0.00	               0.00	        42020000.00	        38576717.95	         1885287.17	        40462005.12	         1557994.88
6*  O2 Plants in Odisha  PRJ NL-S-CSR-011	         7120000.00	         2256610.19	         3509135.59	         5765745.78	         1354254.22	         7120000.00	         2256610.19	         3509135.59	         5765745.78	         1354254.22	               0.00	               0.00	               0.00	               0.00	               0.00	               0.00	               0.00	               0.00	               0.00	               0.00	               0.00	               0.00	               0.00	               0.00	               0.00	               0.00	               0.00	               0.00	               0.00	               0.00	         7120000.00	         2256610.19	         3509135.59	         5765745.78	         1354254.22
6*  O2 Concentrators in  PRJ NL-S-CSR-012	        28000000.00	        21802057.16	               0.00	        21802057.16	         6197942.84	        28000000.00	        21802057.16	               0.00	        21802057.16	         6197942.84	               0.00	               0.00	               0.00	               0.00	               0.00	               0.00	               0.00	               0.00	               0.00	               0.00	               0.00	               0.00	               0.00	               0.00	               0.00	               0.00	               0.00	               0.00	               0.00	               0.00	        28000000.00	        21802057.16	               0.00	        21802057.16	         6197942.84
6*  O2 Concentrators in  PRJ NL-S-CSR-013	        14000000.00	        10812883.00	               0.00	        10812883.00	         3187117.00	        14000000.00	        10812883.00	               0.00	        10812883.00	         3187117.00	               0.00	               0.00	               0.00	               0.00	               0.00	               0.00	               0.00	               0.00	               0.00	               0.00	               0.00	               0.00	               0.00	               0.00	               0.00	               0.00	               0.00	               0.00	               0.00	               0.00	        14000000.00	        10812883.00	               0.00	        10812883.00	         3187117.00
6*  O2 Concentrators in  PRJ NL-S-CSR-014	               0.00	               0.00	               0.00	               0.00	               0.00	               0.00	               0.00	               0.00	               0.00	               0.00	               0.00	               0.00	               0.00	               0.00	               0.00	               0.00	               0.00	               0.00	               0.00	               0.00	               0.00	               0.00	               0.00	               0.00	               0.00	               0.00	               0.00	               0.00	               0.00	               0.00	               0.00	               0.00	               0.00	               0.00	               0.00
6*  O2 Cylinders & Conce PRJ NL-S-CSR-015	               0.00	               0.00	               0.00	               0.00	               0.00	               0.00	               0.00	               0.00	               0.00	               0.00	               0.00	               0.00	               0.00	               0.00	               0.00	               0.00	               0.00	               0.00	               0.00	               0.00	               0.00	               0.00	               0.00	               0.00	               0.00	               0.00	               0.00	               0.00	               0.00	               0.00	               0.00	               0.00	               0.00	               0.00	               0.00
6*  ICU Beds,Ventillator PRJ NL-S-CSR-016	               0.00	               0.00	               0.00	               0.00	               0.00	               0.00	               0.00	               0.00	               0.00	               0.00	               0.00	               0.00	               0.00	               0.00	               0.00	               0.00	               0.00	               0.00	               0.00	               0.00	               0.00	               0.00	               0.00	               0.00	               0.00	               0.00	               0.00	               0.00	               0.00	               0.00	               0.00	               0.00	               0.00	               0.00	               0.00
6*  Hired BLS Ambulance  PRJ NL-S-CSR-017	         5904000.00	         5833542.49	               0.00	         5833542.49	           70457.51	         5904000.00	         5833542.49	               0.00	         5833542.49	           70457.51	               0.00	               0.00	               0.00	               0.00	               0.00	               0.00	               0.00	               0.00	               0.00	               0.00	               0.00	               0.00	               0.00	               0.00	               0.00	               0.00	               0.00	               0.00	               0.00	               0.00	         5904000.00	         5833542.49	               0.00	         5833542.49	           70457.51
6*  Mask,Sanitizer,Soap  PRJ NL-S-CSR-018	          220000.00	          220000.00	               0.00	          220000.00	               0.00	          220000.00	          220000.00	               0.00	          220000.00	               0.00	               0.00	               0.00	               0.00	               0.00	               0.00	               0.00	               0.00	               0.00	               0.00	               0.00	               0.00	               0.00	               0.00	               0.00	               0.00	               0.00	               0.00	               0.00	               0.00	               0.00	          220000.00	          220000.00	               0.00	          220000.00	               0.00
6*  Sanitizer,Soap Soln  PRJ NL-S-CSR-019	          797000.00	          769640.52	               0.00	          769640.52	           27359.48	          797000.00	          769640.52	               0.00	          769640.52	           27359.48	               0.00	               0.00	               0.00	               0.00	               0.00	               0.00	               0.00	               0.00	               0.00	               0.00	               0.00	               0.00	               0.00	               0.00	               0.00	               0.00	               0.00	               0.00	               0.00	               0.00	          797000.00	          769640.52	               0.00	          769640.52	           27359.48
6*  CC Eqpmt Andaman Nic PRJ NL-S-CSR-020	          110000.00	          109727.77	               0.00	          109727.77	             272.23	          110000.00	          109727.77	               0.00	          109727.77	             272.23	               0.00	               0.00	               0.00	               0.00	               0.00	               0.00	               0.00	               0.00	               0.00	               0.00	               0.00	               0.00	               0.00	               0.00	               0.00	               0.00	               0.00	               0.00	               0.00	               0.00	          110000.00	          109727.77	               0.00	          109727.77	             272.23
6*  SERI PPE kits to Cud PRJ NL-S-CSR-021	         3220000.00	         3219980.00	               0.00	         3219980.00	              20.00	         3220000.00	         3219980.00	               0.00	         3219980.00	              20.00	               0.00	               0.00	               0.00	               0.00	               0.00	               0.00	               0.00	               0.00	               0.00	               0.00	               0.00	               0.00	               0.00	               0.00	               0.00	               0.00	               0.00	               0.00	               0.00	               0.00	         3220000.00	         3219980.00	               0.00	         3219980.00	              20.00
6*  Santhigiri Ashram- C PRJ NL-S-CSR-022	         1000000.00	         1000000.00	               0.00	         1000000.00	               0.00	         1000000.00	         1000000.00	               0.00	         1000000.00	               0.00	               0.00	               0.00	               0.00	               0.00	               0.00	               0.00	               0.00	               0.00	               0.00	               0.00	               0.00	               0.00	               0.00	               0.00	               0.00	               0.00	               0.00	               0.00	               0.00	               0.00	         1000000.00	         1000000.00	               0.00	         1000000.00	               0.00
6*  PPE Kits to GH - Kat PRJ NL-S-CSR-023	         6000000.00	         1385203.49	         1893527.00	         3278730.49	         2721269.51	         6000000.00	         1385203.49	         1893527.00	         3278730.49	         2721269.51	               0.00	               0.00	               0.00	               0.00	               0.00	               0.00	               0.00	               0.00	               0.00	               0.00	               0.00	               0.00	               0.00	               0.00	               0.00	               0.00	               0.00	               0.00	               0.00	               0.00	         6000000.00	         1385203.49	         1893527.00	         3278730.49	         2721269.51
6*  COVID 19 Measures FD PRJ NL-S-CSR-024	        20000000.00	        11121516.62	               0.00	        11121516.62	         8878483.38	        20000000.00	        11121516.62	               0.00	        11121516.62	         8878483.38	               0.00	               0.00	               0.00	               0.00	               0.00	               0.00	               0.00	               0.00	               0.00	               0.00	               0.00	               0.00	               0.00	               0.00	               0.00	               0.00	               0.00	               0.00	               0.00	               0.00	        20000000.00	        11121516.62	               0.00	        11121516.62	         8878483.38
6*  Covid Care Hospital  PRJ NL-S-CSR-025	               0.00	               0.00	               0.00	               0.00	               0.00	               0.00	               0.00	               0.00	               0.00	               0.00	               0.00	               0.00	               0.00	               0.00	               0.00	               0.00	               0.00	               0.00	               0.00	               0.00	               0.00	               0.00	               0.00	               0.00	               0.00	               0.00	               0.00	               0.00	               0.00	               0.00	               0.00	               0.00	               0.00	               0.00	               0.00
6*  HLL Biotech Ltd      PRJ NL-S-CSR-026	               0.00	               0.00	               0.00	               0.00	               0.00	               0.00	               0.00	               0.00	               0.00	               0.00	               0.00	               0.00	               0.00	               0.00	               0.00	               0.00	               0.00	               0.00	               0.00	               0.00	               0.00	               0.00	               0.00	               0.00	               0.00	               0.00	               0.00	               0.00	               0.00	               0.00	               0.00	               0.00	               0.00	               0.00	               0.00
6*  Medical Camps        PRJ NL-S-CSR-027	         2500000.00	         2425160.28	               0.00	         2425160.28	           74839.72	         2500000.00	         2425160.28	               0.00	         2425160.28	           74839.72	               0.00	               0.00	               0.00	               0.00	               0.00	               0.00	               0.00	               0.00	               0.00	               0.00	               0.00	               0.00	               0.00	               0.00	               0.00	               0.00	               0.00	               0.00	               0.00	               0.00	         2500000.00	         2425160.28	               0.00	         2425160.28	           74839.72
6*  Swachhta Packwada ac PRJ NL-S-CSR-028	         1000000.00	          942278.86	               0.00	          942278.86	           57721.14	         1000000.00	          942278.86	               0.00	          942278.86	           57721.14	               0.00	               0.00	               0.00	               0.00	               0.00	               0.00	               0.00	               0.00	               0.00	               0.00	               0.00	               0.00	               0.00	               0.00	               0.00	               0.00	               0.00	               0.00	               0.00	               0.00	         1000000.00	          942278.86	               0.00	          942278.86	           57721.14
6*  Nutritional Support  PRJ NL-S-CSR-029	         4000000.00	         2519727.84	         1173152.66	         3692880.50	          307119.50	         4000000.00	         2519727.84	         1173152.66	         3692880.50	          307119.50	               0.00	               0.00	               0.00	               0.00	               0.00	               0.00	               0.00	               0.00	               0.00	               0.00	               0.00	               0.00	               0.00	               0.00	               0.00	               0.00	               0.00	               0.00	               0.00	               0.00	         4000000.00	         2519727.84	         1173152.66	         3692880.50	          307119.50
6*  Posak - HIV+ve Socie PRJ NL-S-CSR-030	         1750000.00	         1389845.60	               0.00	         1389845.60	          360154.40	         1750000.00	         1389845.60	               0.00	         1389845.60	          360154.40	               0.00	               0.00	               0.00	               0.00	               0.00	               0.00	               0.00	               0.00	               0.00	               0.00	               0.00	               0.00	               0.00	               0.00	               0.00	               0.00	               0.00	               0.00	               0.00	               0.00	         1750000.00	         1389845.60	               0.00	         1389845.60	          360154.40
6*  Food Supliments to O PRJ NL-S-CSR-031	         1200000.00	          832583.92	               0.00	          832583.92	          367416.08	         1200000.00	          832583.92	               0.00	          832583.92	          367416.08	               0.00	               0.00	               0.00	               0.00	               0.00	               0.00	               0.00	               0.00	               0.00	               0.00	               0.00	               0.00	               0.00	               0.00	               0.00	               0.00	               0.00	               0.00	               0.00	               0.00	         1200000.00	          832583.92	               0.00	          832583.92	          367416.08
6*  Food Supp. Annai Ter PRJ NL-S-CSR-032	          350000.00	          162903.10	               0.00	          162903.10	          187096.90	          350000.00	          162903.10	               0.00	          162903.10	          187096.90	               0.00	               0.00	               0.00	               0.00	               0.00	               0.00	               0.00	               0.00	               0.00	               0.00	               0.00	               0.00	               0.00	               0.00	               0.00	               0.00	               0.00	               0.00	               0.00	               0.00	          350000.00	          162903.10	               0.00	          162903.10	          187096.90
6*  Trauma Care Centre a PRJ NL-S-CSR-033	        15000000.00	         1404091.16	        11950961.60	        13355052.76	         1644947.24	        15000000.00	         1404091.16	        11950961.60	        13355052.76	         1644947.24	               0.00	               0.00	               0.00	               0.00	               0.00	               0.00	               0.00	               0.00	               0.00	               0.00	               0.00	               0.00	               0.00	               0.00	               0.00	               0.00	               0.00	               0.00	               0.00	               0.00	        15000000.00	         1404091.16	        11950961.60	        13355052.76	         1644947.24
6*  TB Sanitorium at Cap PRJ NL-S-CSR-034	        12000000.00	               0.00	               0.00	               0.00	        12000000.00	        12000000.00	               0.00	               0.00	               0.00	        12000000.00	               0.00	               0.00	               0.00	               0.00	               0.00	               0.00	               0.00	               0.00	               0.00	               0.00	               0.00	               0.00	               0.00	               0.00	               0.00	               0.00	               0.00	               0.00	               0.00	               0.00	        12000000.00	               0.00	               0.00	               0.00	        12000000.00
6*  Beti Bachao Scheme,  PRJ NL-S-CSR-035	          200000.00	          199953.12	               0.00	          199953.12	              46.88	          200000.00	          199953.12	               0.00	          199953.12	              46.88	               0.00	               0.00	               0.00	               0.00	               0.00	               0.00	               0.00	               0.00	               0.00	               0.00	               0.00	               0.00	               0.00	               0.00	               0.00	               0.00	               0.00	               0.00	               0.00	               0.00	          200000.00	          199953.12	               0.00	          199953.12	              46.88
6*  Medical Camps at Bar PRJ NL-S-CSR-036	          300000.00	          291100.00	               0.00	          291100.00	            8900.00	          300000.00	          291100.00	               0.00	          291100.00	            8900.00	               0.00	               0.00	               0.00	               0.00	               0.00	               0.00	               0.00	               0.00	               0.00	               0.00	               0.00	               0.00	               0.00	               0.00	               0.00	               0.00	               0.00	               0.00	               0.00	               0.00	          300000.00	          291100.00	               0.00	          291100.00	            8900.00
6*  Medical Services on  PRJ NL-S-CSR-037	        23800000.00	        13093566.43	               0.00	        13093566.43	        10706433.57	        23800000.00	        13093566.43	               0.00	        13093566.43	        10706433.57	               0.00	               0.00	               0.00	               0.00	               0.00	               0.00	               0.00	               0.00	               0.00	               0.00	               0.00	               0.00	               0.00	               0.00	               0.00	               0.00	               0.00	               0.00	               0.00	               0.00	        23800000.00	        13093566.43	               0.00	        13093566.43	        10706433.57
6*  2Nos of RCC OHT at K PRJ NL-S-CSR-038	         2000000.00	          455621.64	         1287847.38	         1743469.02	          256530.98	         2000000.00	          455621.64	         1287847.38	         1743469.02	          256530.98	               0.00	               0.00	               0.00	               0.00	               0.00	               0.00	               0.00	               0.00	               0.00	               0.00	               0.00	               0.00	               0.00	               0.00	               0.00	               0.00	               0.00	               0.00	               0.00	               0.00	         2000000.00	          455621.64	         1287847.38	         1743469.02	          256530.98
6*  Railway toilets by R PRJ NL-S-CSR-039	       118981000.00	        43624950.00	        75356050.00	       118981000.00	               0.00	       118981000.00	        43624950.00	        75356050.00	       118981000.00	               0.00	               0.00	               0.00	               0.00	               0.00	               0.00	               0.00	               0.00	               0.00	               0.00	               0.00	               0.00	               0.00	               0.00	               0.00	               0.00	               0.00	               0.00	               0.00	               0.00	               0.00	       118981000.00	        43624950.00	        75356050.00	       118981000.00	               0.00
6*  Hygiene and Healthca PRJ NL-S-CSR-040	         8150000.00	         7074958.25	          547910.74	         7622868.99	          527131.01	         8150000.00	         7074958.25	          547910.74	         7622868.99	          527131.01	               0.00	               0.00	               0.00	               0.00	               0.00	               0.00	               0.00	               0.00	               0.00	               0.00	               0.00	               0.00	               0.00	               0.00	               0.00	               0.00	               0.00	               0.00	               0.00	               0.00	         8150000.00	         7074958.25	          547910.74	         7622868.99	          527131.01
6*  Education Support Se PRJ NL-S-CSR-041	         6430000.00	         2433647.90	           97468.00	         2531115.90	         3898884.10	         6430000.00	         2433647.90	           97468.00	         2531115.90	         3898884.10	               0.00	               0.00	               0.00	               0.00	               0.00	               0.00	               0.00	               0.00	               0.00	               0.00	               0.00	               0.00	               0.00	               0.00	               0.00	               0.00	               0.00	               0.00	               0.00	               0.00	         6430000.00	         2433647.90	           97468.00	         2531115.90	         3898884.10
6*  Beti Padhao Scheme B PRJ NL-S-CSR-042	          200000.00	          199912.27	               0.00	          199912.27	              87.73	          200000.00	          199912.27	               0.00	          199912.27	              87.73	               0.00	               0.00	               0.00	               0.00	               0.00	               0.00	               0.00	               0.00	               0.00	               0.00	               0.00	               0.00	               0.00	               0.00	               0.00	               0.00	               0.00	               0.00	               0.00	               0.00	          200000.00	          199912.27	               0.00	          199912.27	              87.73
6*  Scholarship for Girl PRJ NL-S-CSR-043	         1400000.00	          724166.00	               0.00	          724166.00	          675834.00	         1400000.00	          724166.00	               0.00	          724166.00	          675834.00	               0.00	               0.00	               0.00	               0.00	               0.00	               0.00	               0.00	               0.00	               0.00	               0.00	               0.00	               0.00	               0.00	               0.00	               0.00	               0.00	               0.00	               0.00	               0.00	               0.00	         1400000.00	          724166.00	               0.00	          724166.00	          675834.00
6*  Tution Fees for SC,  PRJ NL-S-CSR-044	        47000000.00	        45899030.00	               0.00	        45899030.00	         1100970.00	        47000000.00	        45899030.00	               0.00	        45899030.00	         1100970.00	               0.00	               0.00	               0.00	               0.00	               0.00	               0.00	               0.00	               0.00	               0.00	               0.00	               0.00	               0.00	               0.00	               0.00	               0.00	               0.00	               0.00	               0.00	               0.00	               0.00	        47000000.00	        45899030.00	               0.00	        45899030.00	         1100970.00
6*  Educational Assistan PRJ NL-S-CSR-045	         4846000.00	         4454000.00	               0.00	         4454000.00	          392000.00	         4846000.00	         4454000.00	               0.00	         4454000.00	          392000.00	               0.00	               0.00	               0.00	               0.00	               0.00	               0.00	               0.00	               0.00	               0.00	               0.00	               0.00	               0.00	               0.00	               0.00	               0.00	               0.00	               0.00	               0.00	               0.00	               0.00	         4846000.00	         4454000.00	               0.00	         4454000.00	          392000.00
6*  Educational promotio PRJ NL-S-CSR-046	         3400000.00	          468393.00	               0.00	          468393.00	         2931607.00	         3400000.00	          468393.00	               0.00	          468393.00	         2931607.00	               0.00	               0.00	               0.00	               0.00	               0.00	               0.00	               0.00	               0.00	               0.00	               0.00	               0.00	               0.00	               0.00	               0.00	               0.00	               0.00	               0.00	               0.00	               0.00	               0.00	         3400000.00	          468393.00	               0.00	          468393.00	         2931607.00
6*  Educational Assistan PRJ NL-S-CSR-047	        18614000.00	        14885566.00	               0.00	        14885566.00	         3728434.00	        18614000.00	        14885566.00	               0.00	        14885566.00	         3728434.00	               0.00	               0.00	               0.00	               0.00	               0.00	               0.00	               0.00	               0.00	               0.00	               0.00	               0.00	               0.00	               0.00	               0.00	               0.00	               0.00	               0.00	               0.00	               0.00	               0.00	        18614000.00	        14885566.00	               0.00	        14885566.00	         3728434.00
6*  Financial Assistance PRJ NL-S-CSR-048	        50000000.00	        50000000.00	               0.00	        50000000.00	               0.00	        50000000.00	        50000000.00	               0.00	        50000000.00	               0.00	               0.00	               0.00	               0.00	               0.00	               0.00	               0.00	               0.00	               0.00	               0.00	               0.00	               0.00	               0.00	               0.00	               0.00	               0.00	               0.00	               0.00	               0.00	               0.00	               0.00	        50000000.00	        50000000.00	               0.00	        50000000.00	               0.00
6*  Fin. Asst. Sarada Ni PRJ NL-S-CSR-049	        18500000.00	         9250000.00	         9250000.00	        18500000.00	               0.00	        18500000.00	         9250000.00	         9250000.00	        18500000.00	               0.00	               0.00	               0.00	               0.00	               0.00	               0.00	               0.00	               0.00	               0.00	               0.00	               0.00	               0.00	               0.00	               0.00	               0.00	               0.00	               0.00	               0.00	               0.00	               0.00	               0.00	        18500000.00	         9250000.00	         9250000.00	        18500000.00	               0.00
6*  Skill Development fo PRJ NL-S-CSR-050	        10500000.00	          382663.61	           18902.12	          401565.73	        10098434.27	        10500000.00	          382663.61	           18902.12	          401565.73	        10098434.27	               0.00	               0.00	               0.00	               0.00	               0.00	               0.00	               0.00	               0.00	               0.00	               0.00	               0.00	               0.00	               0.00	               0.00	               0.00	               0.00	               0.00	               0.00	               0.00	               0.00	        10500000.00	          382663.61	           18902.12	          401565.73	        10098434.27
6*  Fin. Asst. Gram Vika PRJ NL-S-CSR-051	        20903000.00	         7969150.00	        11953725.00	        19922875.00	          980125.00	        20903000.00	         7969150.00	        11953725.00	        19922875.00	          980125.00	               0.00	               0.00	               0.00	               0.00	               0.00	               0.00	               0.00	               0.00	               0.00	               0.00	               0.00	               0.00	               0.00	               0.00	               0.00	               0.00	               0.00	               0.00	               0.00	               0.00	        20903000.00	         7969150.00	        11953725.00	        19922875.00	          980125.00
6*  Camel festival in Bi PRJ NL-S-CSR-052	          100000.00	               0.00	               0.00	               0.00	          100000.00	          100000.00	               0.00	               0.00	               0.00	          100000.00	               0.00	               0.00	               0.00	               0.00	               0.00	               0.00	               0.00	               0.00	               0.00	               0.00	               0.00	               0.00	               0.00	               0.00	               0.00	               0.00	               0.00	               0.00	               0.00	               0.00	          100000.00	               0.00	               0.00	               0.00	          100000.00
6*  Conducting of sports PRJ NL-S-CSR-053	         6000000.00	         1067841.42	           51230.00	         1119071.42	         4880928.58	         6000000.00	         1067841.42	           51230.00	         1119071.42	         4880928.58	               0.00	               0.00	               0.00	               0.00	               0.00	               0.00	               0.00	               0.00	               0.00	               0.00	               0.00	               0.00	               0.00	               0.00	               0.00	               0.00	               0.00	               0.00	               0.00	               0.00	         6000000.00	         1067841.42	           51230.00	         1119071.42	         4880928.58
6*  Fin. Asst. to Olympi PRJ NL-S-CSR-054	         1500000.00	         1500000.00	               0.00	         1500000.00	               0.00	         1500000.00	         1500000.00	               0.00	         1500000.00	               0.00	               0.00	               0.00	               0.00	               0.00	               0.00	               0.00	               0.00	               0.00	               0.00	               0.00	               0.00	               0.00	               0.00	               0.00	               0.00	               0.00	               0.00	               0.00	               0.00	               0.00	         1500000.00	         1500000.00	               0.00	         1500000.00	               0.00
6*  Amenities Developmen PRJ NL-S-CSR-055	        28734884.57	               0.00	               0.00	               0.00	        28734884.57	        28734884.57	               0.00	               0.00	               0.00	        28734884.57	               0.00	               0.00	               0.00	               0.00	               0.00	               0.00	               0.00	               0.00	               0.00	               0.00	               0.00	               0.00	               0.00	               0.00	               0.00	               0.00	               0.00	               0.00	               0.00	               0.00	        28734884.57	               0.00	               0.00	               0.00	        28734884.57
6*  Janapravesh by NLC B PRJ NL-S-CSR-056	         7200000.00	         6889940.64	               0.00	         6889940.64	          310059.36	         7200000.00	         6889940.64	               0.00	         6889940.64	          310059.36	               0.00	               0.00	               0.00	               0.00	               0.00	               0.00	               0.00	               0.00	               0.00	               0.00	               0.00	               0.00	               0.00	               0.00	               0.00	               0.00	               0.00	               0.00	               0.00	               0.00	         7200000.00	         6889940.64	               0.00	         6889940.64	          310059.36
6*  Baseline survey Eval PRJ NL-S-CSR-057	         6000000.00	               0.00	               0.00	               0.00	         6000000.00	         6000000.00	               0.00	               0.00	               0.00	         6000000.00	               0.00	               0.00	               0.00	               0.00	               0.00	               0.00	               0.00	               0.00	               0.00	               0.00	               0.00	               0.00	               0.00	               0.00	               0.00	               0.00	               0.00	               0.00	               0.00	               0.00	         6000000.00	               0.00	               0.00	               0.00	         6000000.00
6*  Administrative Overh PRJ NL-S-CSR-058	        20825000.00	        19825000.00	          634321.96	        20459321.96	          365678.04	        20825000.00	        19825000.00	          634321.96	        20459321.96	          365678.04	               0.00	               0.00	               0.00	               0.00	               0.00	               0.00	               0.00	               0.00	               0.00	               0.00	               0.00	               0.00	               0.00	               0.00	               0.00	               0.00	               0.00	               0.00	               0.00	               0.00	        20825000.00	        19825000.00	          634321.96	        20459321.96	          365678.04
6*  High School Transfor PRJ NL-S-CSR-059	        88500000.00	        88500000.00	               0.00	        88500000.00	               0.00	        88500000.00	        88500000.00	               0.00	        88500000.00	               0.00	               0.00	               0.00	               0.00	               0.00	               0.00	               0.00	               0.00	               0.00	               0.00	               0.00	               0.00	               0.00	               0.00	               0.00	               0.00	               0.00	               0.00	               0.00	               0.00	               0.00	        88500000.00	        88500000.00	               0.00	        88500000.00	               0.00
6*  Swachhta Activities  PRJ NL-S-CSR-060	         1000000.00	          836868.56	               0.00	          836868.56	          163131.44	         1000000.00	          836868.56	               0.00	          836868.56	          163131.44	               0.00	               0.00	               0.00	               0.00	               0.00	               0.00	               0.00	               0.00	               0.00	               0.00	               0.00	               0.00	               0.00	               0.00	               0.00	               0.00	               0.00	               0.00	               0.00	               0.00	         1000000.00	          836868.56	               0.00	          836868.56	          163131.44
6*  Lab equipments AU    PRJ NL-S-CSR-061	        26700000.00	        16416779.84	               0.00	        16416779.84	        10283220.16	        26700000.00	        16416779.84	               0.00	        16416779.84	        10283220.16	               0.00	               0.00	               0.00	               0.00	               0.00	               0.00	               0.00	               0.00	               0.00	               0.00	               0.00	               0.00	               0.00	               0.00	               0.00	               0.00	               0.00	               0.00	               0.00	               0.00	        26700000.00	        16416779.84	               0.00	        16416779.84	        10283220.16
6*  Facilities Diploma M PRJ NL-S-CSR-062	         5000000.00	         4859674.03	               0.00	         4859674.03	          140325.97	         5000000.00	         4859674.03	               0.00	         4859674.03	          140325.97	               0.00	               0.00	               0.00	               0.00	               0.00	               0.00	               0.00	               0.00	               0.00	               0.00	               0.00	               0.00	               0.00	               0.00	               0.00	               0.00	               0.00	               0.00	               0.00	               0.00	         5000000.00	         4859674.03	               0.00	         4859674.03	          140325.97
6*  Trauma Care Centre K PRJ NL-S-CSR-063	        23000000.00	        13136885.45	         2347572.91	        15484458.36	         7515541.64	        23000000.00	        13136885.45	         2347572.91	        15484458.36	         7515541.64	               0.00	               0.00	               0.00	               0.00	               0.00	               0.00	               0.00	               0.00	               0.00	               0.00	               0.00	               0.00	               0.00	               0.00	               0.00	               0.00	               0.00	               0.00	               0.00	               0.00	        23000000.00	        13136885.45	         2347572.91	        15484458.36	         7515541.64
6*  TB Sanatorium GF Cud PRJ NL-S-CSR-064	        12000000.00	         8388348.34	         1318614.51	         9706962.85	         2293037.15	        12000000.00	         8388348.34	         1318614.51	         9706962.85	         2293037.15	               0.00	               0.00	               0.00	               0.00	               0.00	               0.00	               0.00	               0.00	               0.00	               0.00	               0.00	               0.00	               0.00	               0.00	               0.00	               0.00	               0.00	               0.00	               0.00	               0.00	        12000000.00	         8388348.34	         1318614.51	         9706962.85	         2293037.15
6*  OHT Kannadi Village  PRJ NL-S-CSR-065	         1130000.00	         1117576.75	               0.00	         1117576.75	           12423.25	         1130000.00	         1117576.75	               0.00	         1117576.75	           12423.25	               0.00	               0.00	               0.00	               0.00	               0.00	               0.00	               0.00	               0.00	               0.00	               0.00	               0.00	               0.00	               0.00	               0.00	               0.00	               0.00	               0.00	               0.00	               0.00	               0.00	         1130000.00	         1117576.75	               0.00	         1117576.75	           12423.25
6*  O2 Generator Shed TN PRJ NL-S-CSR-066	         4795000.00	         4794560.77	               0.00	         4794560.77	             439.23	         4795000.00	         4794560.77	               0.00	         4794560.77	             439.23	               0.00	               0.00	               0.00	               0.00	               0.00	               0.00	               0.00	               0.00	               0.00	               0.00	               0.00	               0.00	               0.00	               0.00	               0.00	               0.00	               0.00	               0.00	               0.00	               0.00	         4795000.00	         4794560.77	               0.00	         4794560.77	             439.23
6*  Public Toilet Blocks PRJ NL-S-CSR-067	        75400000.00	        23797528.00	        42550000.00	        66347528.00	         9052472.00	        75400000.00	        23797528.00	        42550000.00	        66347528.00	         9052472.00	               0.00	               0.00	               0.00	               0.00	               0.00	               0.00	               0.00	               0.00	               0.00	               0.00	               0.00	               0.00	               0.00	               0.00	               0.00	               0.00	               0.00	               0.00	               0.00	               0.00	        75400000.00	        23797528.00	        42550000.00	        66347528.00	         9052472.00
6*  FA Saradha Niketan C PRJ NL-S-CSR-068	         9250000.00	         9250000.00	               0.00	         9250000.00	               0.00	         9250000.00	         9250000.00	               0.00	         9250000.00	               0.00	               0.00	               0.00	               0.00	               0.00	               0.00	               0.00	               0.00	               0.00	               0.00	               0.00	               0.00	               0.00	               0.00	               0.00	               0.00	               0.00	               0.00	               0.00	               0.00	               0.00	         9250000.00	         9250000.00	               0.00	         9250000.00	               0.00
6*  FATO Gram Vikas Soci PRJ NL-S-CSR-069	        12934000.00	        11953725.00	               0.00	        11953725.00	          980275.00	        12934000.00	        11953725.00	               0.00	        11953725.00	          980275.00	               0.00	               0.00	               0.00	               0.00	               0.00	               0.00	               0.00	               0.00	               0.00	               0.00	               0.00	               0.00	               0.00	               0.00	               0.00	               0.00	               0.00	               0.00	               0.00	               0.00	        12934000.00	        11953725.00	               0.00	        11953725.00	          980275.00
6*  AMC for BOV, RTS, SP PRJ NL-S-CSR-070	         1600000.00	          962273.09	               0.00	          962273.09	          637726.91	         1600000.00	          962273.09	               0.00	          962273.09	          637726.91	               0.00	               0.00	               0.00	               0.00	               0.00	               0.00	               0.00	               0.00	               0.00	               0.00	               0.00	               0.00	               0.00	               0.00	               0.00	               0.00	               0.00	               0.00	               0.00	               0.00	         1600000.00	          962273.09	               0.00	          962273.09	          637726.91
6*  Tution Fees Diploma  PRJ NL-S-CSR-071	         3000000.00	               0.00	               0.00	               0.00	         3000000.00	         3000000.00	               0.00	               0.00	               0.00	         3000000.00	               0.00	               0.00	               0.00	               0.00	               0.00	               0.00	               0.00	               0.00	               0.00	               0.00	               0.00	               0.00	               0.00	               0.00	               0.00	               0.00	               0.00	               0.00	               0.00	               0.00	         3000000.00	               0.00	               0.00	               0.00	         3000000.00
6*  Conducting Medical C PRJ NL-S-CSR-072	         7150000.00	         7109356.34	               0.00	         7109356.34	           40643.66	         7150000.00	         7109356.34	               0.00	         7109356.34	           40643.66	               0.00	               0.00	               0.00	               0.00	               0.00	               0.00	               0.00	               0.00	               0.00	               0.00	               0.00	               0.00	               0.00	               0.00	               0.00	               0.00	               0.00	               0.00	               0.00	               0.00	         7150000.00	         7109356.34	               0.00	         7109356.34	           40643.66
6*  Sneha Opportunity Sc PRJ NL-S-CSR-073	         7000000.00	         7000000.00	               0.00	         7000000.00	               0.00	         7000000.00	         7000000.00	               0.00	         7000000.00	               0.00	               0.00	               0.00	               0.00	               0.00	               0.00	               0.00	               0.00	               0.00	               0.00	               0.00	               0.00	               0.00	               0.00	               0.00	               0.00	               0.00	               0.00	               0.00	               0.00	               0.00	         7000000.00	         7000000.00	               0.00	         7000000.00	               0.00
6*  FATO Athma Deepam So PRJ NL-S-CSR-074	         1500000.00	          600000.00	          900000.00	         1500000.00	               0.00	         1500000.00	          600000.00	          900000.00	         1500000.00	               0.00	               0.00	               0.00	               0.00	               0.00	               0.00	               0.00	               0.00	               0.00	               0.00	               0.00	               0.00	               0.00	               0.00	               0.00	               0.00	               0.00	               0.00	               0.00	               0.00	               0.00	         1500000.00	          600000.00	          900000.00	         1500000.00	               0.00
6*  FA TO SADVSRN Trust  PRJ NL-S-CSR-075	         2000000.00	               0.00	               0.00	               0.00	         2000000.00	         2000000.00	               0.00	               0.00	               0.00	         2000000.00	               0.00	               0.00	               0.00	               0.00	               0.00	               0.00	               0.00	               0.00	               0.00	               0.00	               0.00	               0.00	               0.00	               0.00	               0.00	               0.00	               0.00	               0.00	               0.00	               0.00	         2000000.00	               0.00	               0.00	               0.00	         2000000.00
6*  2 Class room Kollidu PRJ NL-S-CSR-076	         5800000.00	         1736449.99	         3987770.36	         5724220.35	           75779.65	         5800000.00	         1736449.99	         3987770.36	         5724220.35	           75779.65	               0.00	               0.00	               0.00	               0.00	               0.00	               0.00	               0.00	               0.00	               0.00	               0.00	               0.00	               0.00	               0.00	               0.00	               0.00	               0.00	               0.00	               0.00	               0.00	               0.00	         5800000.00	         1736449.99	         3987770.36	         5724220.35	           75779.65
6*  4 Class Room Kurinji PRJ NL-S-CSR-077	         6000000.00	         1330560.17	         3793880.14	         5124440.31	          875559.69	         6000000.00	         1330560.17	         3793880.14	         5124440.31	          875559.69	               0.00	               0.00	               0.00	               0.00	               0.00	               0.00	               0.00	               0.00	               0.00	               0.00	               0.00	               0.00	               0.00	               0.00	               0.00	               0.00	               0.00	               0.00	               0.00	               0.00	         6000000.00	         1330560.17	         3793880.14	         5124440.31	          875559.69
6*  Urgent Activities wi PRJ NL-S-CSR-078	        17600000.00	         5433343.92	         2282181.87	         7715525.79	         9884474.21	        17600000.00	         5433343.92	         2282181.87	         7715525.79	         9884474.21	               0.00	               0.00	               0.00	               0.00	               0.00	               0.00	               0.00	               0.00	               0.00	               0.00	               0.00	               0.00	               0.00	               0.00	               0.00	               0.00	               0.00	               0.00	               0.00	               0.00	        17600000.00	         5433343.92	         2282181.87	         7715525.79	         9884474.21
6*  Blood Donation Camps PRJ NL-S-CSR-079	         1000000.00	          940716.28	               0.00	          940716.28	           59283.72	         1000000.00	          940716.28	               0.00	          940716.28	           59283.72	               0.00	               0.00	               0.00	               0.00	               0.00	               0.00	               0.00	               0.00	               0.00	               0.00	               0.00	               0.00	               0.00	               0.00	               0.00	               0.00	               0.00	               0.00	               0.00	               0.00	         1000000.00	          940716.28	               0.00	          940716.28	           59283.72
6*  Medical Camps Barsin PRJ NL-S-CSR-080	          600000.00	          489063.05	               0.00	          489063.05	          110936.95	          600000.00	          489063.05	               0.00	          489063.05	          110936.95	               0.00	               0.00	               0.00	               0.00	               0.00	               0.00	               0.00	               0.00	               0.00	               0.00	               0.00	               0.00	               0.00	               0.00	               0.00	               0.00	               0.00	               0.00	               0.00	               0.00	          600000.00	          489063.05	               0.00	          489063.05	          110936.95
6*  OP Treament to Near  PRJ NL-S-CSR-081	        23650000.00	        21198557.86	               0.00	        21198557.86	         2451442.14	        23650000.00	        21198557.86	               0.00	        21198557.86	         2451442.14	               0.00	               0.00	               0.00	               0.00	               0.00	               0.00	               0.00	               0.00	               0.00	               0.00	               0.00	               0.00	               0.00	               0.00	               0.00	               0.00	               0.00	               0.00	               0.00	               0.00	        23650000.00	        21198557.86	               0.00	        21198557.86	         2451442.14
6*  Upgradation of near  PRJ NL-S-CSR-082	         1500000.00	               0.00	         1344805.92	         1344805.92	          155194.08	         1500000.00	               0.00	         1344805.92	         1344805.92	          155194.08	               0.00	               0.00	               0.00	               0.00	               0.00	               0.00	               0.00	               0.00	               0.00	               0.00	               0.00	               0.00	               0.00	               0.00	               0.00	               0.00	               0.00	               0.00	               0.00	               0.00	         1500000.00	               0.00	         1344805.92	         1344805.92	          155194.08
6*  Improvement works fo PRJ NL-S-CSR-083	         3000000.00	               0.00	               0.00	               0.00	         3000000.00	         3000000.00	               0.00	               0.00	               0.00	         3000000.00	               0.00	               0.00	               0.00	               0.00	               0.00	               0.00	               0.00	               0.00	               0.00	               0.00	               0.00	               0.00	               0.00	               0.00	               0.00	               0.00	               0.00	               0.00	               0.00	               0.00	         3000000.00	               0.00	               0.00	               0.00	         3000000.00
6*  Infrastructure at PH PRJ NL-S-CSR-084	          500000.00	          445250.00	           33000.00	          478250.00	           21750.00	          500000.00	          445250.00	           33000.00	          478250.00	           21750.00	               0.00	               0.00	               0.00	               0.00	               0.00	               0.00	               0.00	               0.00	               0.00	               0.00	               0.00	               0.00	               0.00	               0.00	               0.00	               0.00	               0.00	               0.00	               0.00	               0.00	          500000.00	          445250.00	           33000.00	          478250.00	           21750.00
6*  Nutrisional support- PRJ NL-S-CSR-085	         9000000.00	         4872361.37	         1289659.67	         6162021.04	         2837978.96	         9000000.00	         4872361.37	         1289659.67	         6162021.04	         2837978.96	               0.00	               0.00	               0.00	               0.00	               0.00	               0.00	               0.00	               0.00	               0.00	               0.00	               0.00	               0.00	               0.00	               0.00	               0.00	               0.00	               0.00	               0.00	               0.00	               0.00	         9000000.00	         4872361.37	         1289659.67	         6162021.04	         2837978.96
6*  D.G. Set Villupuram  PRJ NL-S-CSR-086	         2175000.00	               0.00	               0.00	               0.00	         2175000.00	         2175000.00	               0.00	               0.00	               0.00	         2175000.00	               0.00	               0.00	               0.00	               0.00	               0.00	               0.00	               0.00	               0.00	               0.00	               0.00	               0.00	               0.00	               0.00	               0.00	               0.00	               0.00	               0.00	               0.00	               0.00	               0.00	         2175000.00	               0.00	               0.00	               0.00	         2175000.00
6*  Medical Equipment fo PRJ NL-S-CSR-087	          500000.00	               0.00	               0.00	               0.00	          500000.00	          500000.00	               0.00	               0.00	               0.00	          500000.00	               0.00	               0.00	               0.00	               0.00	               0.00	               0.00	               0.00	               0.00	               0.00	               0.00	               0.00	               0.00	               0.00	               0.00	               0.00	               0.00	               0.00	               0.00	               0.00	               0.00	          500000.00	               0.00	               0.00	               0.00	          500000.00
6*  OASIS & Annai Theras PRJ NL-S-CSR-088	         2600000.00	         2539780.00	               0.00	         2539780.00	           60220.00	         2600000.00	         2539780.00	               0.00	         2539780.00	           60220.00	               0.00	               0.00	               0.00	               0.00	               0.00	               0.00	               0.00	               0.00	               0.00	               0.00	               0.00	               0.00	               0.00	               0.00	               0.00	               0.00	               0.00	               0.00	               0.00	               0.00	         2600000.00	         2539780.00	               0.00	         2539780.00	           60220.00
6*  Financial Asstance t PRJ NL-S-CSR-089	         4000000.00	         4000000.00	               0.00	         4000000.00	               0.00	         4000000.00	         4000000.00	               0.00	         4000000.00	               0.00	               0.00	               0.00	               0.00	               0.00	               0.00	               0.00	               0.00	               0.00	               0.00	               0.00	               0.00	               0.00	               0.00	               0.00	               0.00	               0.00	               0.00	               0.00	               0.00	               0.00	         4000000.00	         4000000.00	               0.00	         4000000.00	               0.00
6*  FA2 Bharat Seva.Sang PRJ NL-S-CSR-090	        13833000.00	        13833000.00	               0.00	        13833000.00	               0.00	        13833000.00	        13833000.00	               0.00	        13833000.00	               0.00	               0.00	               0.00	               0.00	               0.00	               0.00	               0.00	               0.00	               0.00	               0.00	               0.00	               0.00	               0.00	               0.00	               0.00	               0.00	               0.00	               0.00	               0.00	               0.00	               0.00	        13833000.00	        13833000.00	               0.00	        13833000.00	               0.00
6*  Ramakrishna Mutt - R PRJ NL-S-CSR-091	         6000000.00	               0.00	               0.00	               0.00	         6000000.00	         6000000.00	               0.00	               0.00	               0.00	         6000000.00	               0.00	               0.00	               0.00	               0.00	               0.00	               0.00	               0.00	               0.00	               0.00	               0.00	               0.00	               0.00	               0.00	               0.00	               0.00	               0.00	               0.00	               0.00	               0.00	               0.00	         6000000.00	               0.00	               0.00	               0.00	         6000000.00
6*  FA2 DSK Kottayam Ker PRJ NL-S-CSR-092	         3500000.00	         3500000.00	               0.00	         3500000.00	               0.00	         3500000.00	         3500000.00	               0.00	         3500000.00	               0.00	               0.00	               0.00	               0.00	               0.00	               0.00	               0.00	               0.00	               0.00	               0.00	               0.00	               0.00	               0.00	               0.00	               0.00	               0.00	               0.00	               0.00	               0.00	               0.00	               0.00	         3500000.00	         3500000.00	               0.00	         3500000.00	               0.00
6*  Consumable&Charges f PRJ NL-S-CSR-093	         1000000.00	           50150.00	               0.00	           50150.00	          949850.00	         1000000.00	           50150.00	               0.00	           50150.00	          949850.00	               0.00	               0.00	               0.00	               0.00	               0.00	               0.00	               0.00	               0.00	               0.00	               0.00	               0.00	               0.00	               0.00	               0.00	               0.00	               0.00	               0.00	               0.00	               0.00	               0.00	         1000000.00	           50150.00	               0.00	           50150.00	          949850.00
6*  FA to Sri Dhanvantha PRJ NL-S-CSR-094	         1000000.00	         1000000.00	               0.00	         1000000.00	               0.00	         1000000.00	         1000000.00	               0.00	         1000000.00	               0.00	               0.00	               0.00	               0.00	               0.00	               0.00	               0.00	               0.00	               0.00	               0.00	               0.00	               0.00	               0.00	               0.00	               0.00	               0.00	               0.00	               0.00	               0.00	               0.00	               0.00	         1000000.00	         1000000.00	               0.00	         1000000.00	               0.00
6*  Improvement works Ba PRJ NL-S-CSR-095	         4500000.00	         3476252.90	          851578.59	         4327831.49	          172168.51	         4500000.00	         3476252.90	          851578.59	         4327831.49	          172168.51	               0.00	               0.00	               0.00	               0.00	               0.00	               0.00	               0.00	               0.00	               0.00	               0.00	               0.00	               0.00	               0.00	               0.00	               0.00	               0.00	               0.00	               0.00	               0.00	               0.00	         4500000.00	         3476252.90	          851578.59	         4327831.49	          172168.51
6*  OHT for U.Athanur Vi PRJ NL-S-CSR-096	         2500000.00	               0.00	         1598450.05	         1598450.05	          901549.95	         2500000.00	               0.00	         1598450.05	         1598450.05	          901549.95	               0.00	               0.00	               0.00	               0.00	               0.00	               0.00	               0.00	               0.00	               0.00	               0.00	               0.00	               0.00	               0.00	               0.00	               0.00	               0.00	               0.00	               0.00	               0.00	               0.00	         2500000.00	               0.00	         1598450.05	         1598450.05	          901549.95
6*  OHT in Mummudi Chola PRJ NL-S-CSR-097	         2500000.00	               0.00	         2058541.98	         2058541.98	          441458.02	         2500000.00	               0.00	         2058541.98	         2058541.98	          441458.02	               0.00	               0.00	               0.00	               0.00	               0.00	               0.00	               0.00	               0.00	               0.00	               0.00	               0.00	               0.00	               0.00	               0.00	               0.00	               0.00	               0.00	               0.00	               0.00	               0.00	         2500000.00	               0.00	         2058541.98	         2058541.98	          441458.02
6*  OHT and Borewell Veg PRJ NL-S-CSR-098	         2500000.00	               0.00	          361938.90	          361938.90	         2138061.10	         2500000.00	               0.00	          361938.90	          361938.90	         2138061.10	               0.00	               0.00	               0.00	               0.00	               0.00	               0.00	               0.00	               0.00	               0.00	               0.00	               0.00	               0.00	               0.00	               0.00	               0.00	               0.00	               0.00	               0.00	               0.00	               0.00	         2500000.00	               0.00	          361938.90	          361938.90	         2138061.10
6*  OHT and Borewell at  PRJ NL-S-CSR-099	         4000000.00	               0.00	               0.00	               0.00	         4000000.00	         4000000.00	               0.00	               0.00	               0.00	         4000000.00	               0.00	               0.00	               0.00	               0.00	               0.00	               0.00	               0.00	               0.00	               0.00	               0.00	               0.00	               0.00	               0.00	               0.00	               0.00	               0.00	               0.00	               0.00	               0.00	               0.00	         4000000.00	               0.00	               0.00	               0.00	         4000000.00
6*  BWl@Govt.School Karu PRJ NL-S-CSR-100	         4000000.00	               0.00	               0.00	               0.00	         4000000.00	         4000000.00	               0.00	               0.00	               0.00	         4000000.00	               0.00	               0.00	               0.00	               0.00	               0.00	               0.00	               0.00	               0.00	               0.00	               0.00	               0.00	               0.00	               0.00	               0.00	               0.00	               0.00	               0.00	               0.00	               0.00	               0.00	         4000000.00	               0.00	               0.00	               0.00	         4000000.00
6*  OHT at Annavalli Ura PRJ NL-S-CSR-101	         4000000.00	               0.00	               0.00	               0.00	         4000000.00	         4000000.00	               0.00	               0.00	               0.00	         4000000.00	               0.00	               0.00	               0.00	               0.00	               0.00	               0.00	               0.00	               0.00	               0.00	               0.00	               0.00	               0.00	               0.00	               0.00	               0.00	               0.00	               0.00	               0.00	               0.00	               0.00	         4000000.00	               0.00	               0.00	               0.00	         4000000.00
6*  Borewell at Vadalur  PRJ NL-S-CSR-102	         2500000.00	               0.00	               0.00	               0.00	         2500000.00	         2500000.00	               0.00	               0.00	               0.00	         2500000.00	               0.00	               0.00	               0.00	               0.00	               0.00	               0.00	               0.00	               0.00	               0.00	               0.00	               0.00	               0.00	               0.00	               0.00	               0.00	               0.00	               0.00	               0.00	               0.00	               0.00	         2500000.00	               0.00	               0.00	               0.00	         2500000.00
6*  OHT in Valli madhura PRJ NL-S-CSR-103	         2500000.00	               0.00	               0.00	               0.00	         2500000.00	         2500000.00	               0.00	               0.00	               0.00	         2500000.00	               0.00	               0.00	               0.00	               0.00	               0.00	               0.00	               0.00	               0.00	               0.00	               0.00	               0.00	               0.00	               0.00	               0.00	               0.00	               0.00	               0.00	               0.00	               0.00	               0.00	         2500000.00	               0.00	               0.00	               0.00	         2500000.00
6*  OHT in Ma Pudaiyur M PRJ NL-S-CSR-104	         4000000.00	               0.00	               0.00	               0.00	         4000000.00	         4000000.00	               0.00	               0.00	               0.00	         4000000.00	               0.00	               0.00	               0.00	               0.00	               0.00	               0.00	               0.00	               0.00	               0.00	               0.00	               0.00	               0.00	               0.00	               0.00	               0.00	               0.00	               0.00	               0.00	               0.00	               0.00	         4000000.00	               0.00	               0.00	               0.00	         4000000.00
6*  OHT in Elamangalam,  PRJ NL-S-CSR-105	         4000000.00	               0.00	               0.00	               0.00	         4000000.00	         4000000.00	               0.00	               0.00	               0.00	         4000000.00	               0.00	               0.00	               0.00	               0.00	               0.00	               0.00	               0.00	               0.00	               0.00	               0.00	               0.00	               0.00	               0.00	               0.00	               0.00	               0.00	               0.00	               0.00	               0.00	               0.00	         4000000.00	               0.00	               0.00	               0.00	         4000000.00
6*  Borewell for kotteri PRJ NL-S-CSR-106	         1200000.00	               0.00	               0.00	               0.00	         1200000.00	         1200000.00	               0.00	               0.00	               0.00	         1200000.00	               0.00	               0.00	               0.00	               0.00	               0.00	               0.00	               0.00	               0.00	               0.00	               0.00	               0.00	               0.00	               0.00	               0.00	               0.00	               0.00	               0.00	               0.00	               0.00	               0.00	         1200000.00	               0.00	               0.00	               0.00	         1200000.00
6*  Hygiene & Healthcare PRJ NL-S-CSR-107	         9500000.00	         6195900.97	          629530.40	         6825431.37	         2674568.63	         9500000.00	         6195900.97	          629530.40	         6825431.37	         2674568.63	               0.00	               0.00	               0.00	               0.00	               0.00	               0.00	               0.00	               0.00	               0.00	               0.00	               0.00	               0.00	               0.00	               0.00	               0.00	               0.00	               0.00	               0.00	               0.00	               0.00	         9500000.00	         6195900.97	          629530.40	         6825431.37	         2674568.63
6*  Toilet blocks for sc PRJ NL-S-CSR-108	         6000000.00	               0.00	               0.00	               0.00	         6000000.00	         6000000.00	               0.00	               0.00	               0.00	         6000000.00	               0.00	               0.00	               0.00	               0.00	               0.00	               0.00	               0.00	               0.00	               0.00	               0.00	               0.00	               0.00	               0.00	               0.00	               0.00	               0.00	               0.00	               0.00	               0.00	               0.00	         6000000.00	               0.00	               0.00	               0.00	         6000000.00
6*  Toilet blocks,OHT Go PRJ NL-S-CSR-109	         1086000.00	               0.00	          889406.51	          889406.51	          196593.49	         1086000.00	               0.00	          889406.51	          889406.51	          196593.49	               0.00	               0.00	               0.00	               0.00	               0.00	               0.00	               0.00	               0.00	               0.00	               0.00	               0.00	               0.00	               0.00	               0.00	               0.00	               0.00	               0.00	               0.00	               0.00	               0.00	         1086000.00	               0.00	          889406.51	          889406.51	          196593.49
6*  Swachhata activities PRJ NL-S-CSR-110	        10000000.00	               0.00	         1350000.00	         1350000.00	         8650000.00	        10000000.00	               0.00	         1350000.00	         1350000.00	         8650000.00	               0.00	               0.00	               0.00	               0.00	               0.00	               0.00	               0.00	               0.00	               0.00	               0.00	               0.00	               0.00	               0.00	               0.00	               0.00	               0.00	               0.00	               0.00	               0.00	               0.00	        10000000.00	               0.00	         1350000.00	         1350000.00	         8650000.00
6*  Toilet blocks Alangu PRJ NL-S-CSR-111	         3500000.00	               0.00	               0.00	               0.00	         3500000.00	         3500000.00	               0.00	               0.00	               0.00	         3500000.00	               0.00	               0.00	               0.00	               0.00	               0.00	               0.00	               0.00	               0.00	               0.00	               0.00	               0.00	               0.00	               0.00	               0.00	               0.00	               0.00	               0.00	               0.00	               0.00	               0.00	         3500000.00	               0.00	               0.00	               0.00	         3500000.00
6*  Awareness motivation PRJ NL-S-CSR-112	         8000000.00	         3466178.74	               0.00	         3466178.74	         4533821.26	         8000000.00	         3466178.74	               0.00	         3466178.74	         4533821.26	               0.00	               0.00	               0.00	               0.00	               0.00	               0.00	               0.00	               0.00	               0.00	               0.00	               0.00	               0.00	               0.00	               0.00	               0.00	               0.00	               0.00	               0.00	               0.00	               0.00	         8000000.00	         3466178.74	               0.00	         3466178.74	         4533821.26
6*  1 std girl students  PRJ NL-S-CSR-113	          200000.00	          199881.84	               0.04	          199881.88	             118.12	          200000.00	          199881.84	               0.04	          199881.88	             118.12	               0.00	               0.00	               0.00	               0.00	               0.00	               0.00	               0.00	               0.00	               0.00	               0.00	               0.00	               0.00	               0.00	               0.00	               0.00	               0.00	               0.00	               0.00	               0.00	               0.00	          200000.00	          199881.84	               0.04	          199881.88	             118.12
6*  Scholarship to girl  PRJ NL-S-CSR-114	          850000.00	          829289.97	             327.02	          829616.99	           20383.01	          850000.00	          829289.97	             327.02	          829616.99	           20383.01	               0.00	               0.00	               0.00	               0.00	               0.00	               0.00	               0.00	               0.00	               0.00	               0.00	               0.00	               0.00	               0.00	               0.00	               0.00	               0.00	               0.00	               0.00	               0.00	               0.00	          850000.00	          829289.97	             327.02	          829616.99	           20383.01
6*  Tution Fees SC,ST,OB PRJ NL-S-CSR-115	        48606000.00	        35448250.00	               0.00	        35448250.00	        13157750.00	        48606000.00	        35448250.00	               0.00	        35448250.00	        13157750.00	               0.00	               0.00	               0.00	               0.00	               0.00	               0.00	               0.00	               0.00	               0.00	               0.00	               0.00	               0.00	               0.00	               0.00	               0.00	               0.00	               0.00	               0.00	               0.00	               0.00	        48606000.00	        35448250.00	               0.00	        35448250.00	        13157750.00
6*  Activities for promo PRJ NL-S-CSR-116	         5000000.00	          986901.25	           20053.75	         1006955.00	         3993045.00	         5000000.00	          986901.25	           20053.75	         1006955.00	         3993045.00	               0.00	               0.00	               0.00	               0.00	               0.00	               0.00	               0.00	               0.00	               0.00	               0.00	               0.00	               0.00	               0.00	               0.00	               0.00	               0.00	               0.00	               0.00	               0.00	               0.00	         5000000.00	          986901.25	           20053.75	         1006955.00	         3993045.00
6*  Educational assistan PRJ NL-S-CSR-117	        12200000.00	         7321468.00	               0.00	         7321468.00	         4878532.00	        12200000.00	         7321468.00	               0.00	         7321468.00	         4878532.00	               0.00	               0.00	               0.00	               0.00	               0.00	               0.00	               0.00	               0.00	               0.00	               0.00	               0.00	               0.00	               0.00	               0.00	               0.00	               0.00	               0.00	               0.00	               0.00	               0.00	        12200000.00	         7321468.00	               0.00	         7321468.00	         4878532.00
6*  Compound wall GHS Sa PRJ NL-S-CSR-118	         1000000.00	               0.00	               0.00	               0.00	         1000000.00	         1000000.00	               0.00	               0.00	               0.00	         1000000.00	               0.00	               0.00	               0.00	               0.00	               0.00	               0.00	               0.00	               0.00	               0.00	               0.00	               0.00	               0.00	               0.00	               0.00	               0.00	               0.00	               0.00	               0.00	               0.00	               0.00	         1000000.00	               0.00	               0.00	               0.00	         1000000.00
6*  Toilet blocks,smart  PRJ NL-S-CSR-119	         1500000.00	          945679.90	          532540.91	         1478220.81	           21779.19	         1500000.00	          945679.90	          532540.91	         1478220.81	           21779.19	               0.00	               0.00	               0.00	               0.00	               0.00	               0.00	               0.00	               0.00	               0.00	               0.00	               0.00	               0.00	               0.00	               0.00	               0.00	               0.00	               0.00	               0.00	               0.00	               0.00	         1500000.00	          945679.90	          532540.91	         1478220.81	           21779.19
6*  Classrooms,toilets-  PRJ NL-S-CSR-120	         2543000.00	          655672.70	         1344091.36	         1999764.06	          543235.94	         2543000.00	          655672.70	         1344091.36	         1999764.06	          543235.94	               0.00	               0.00	               0.00	               0.00	               0.00	               0.00	               0.00	               0.00	               0.00	               0.00	               0.00	               0.00	               0.00	               0.00	               0.00	               0.00	               0.00	               0.00	               0.00	               0.00	         2543000.00	          655672.70	         1344091.36	         1999764.06	          543235.94
6*  OHT,Library,etc. Mel PRJ NL-S-CSR-121	         5000000.00	               0.00	         4227586.52	         4227586.52	          772413.48	         5000000.00	               0.00	         4227586.52	         4227586.52	          772413.48	               0.00	               0.00	               0.00	               0.00	               0.00	               0.00	               0.00	               0.00	               0.00	               0.00	               0.00	               0.00	               0.00	               0.00	               0.00	               0.00	               0.00	               0.00	               0.00	               0.00	         5000000.00	               0.00	         4227586.52	         4227586.52	          772413.48
6*  FA JES for neyveli o PRJ NL-S-CSR-122	        50000000.00	        50000000.00	               0.00	        50000000.00	               0.00	        50000000.00	        50000000.00	               0.00	        50000000.00	               0.00	               0.00	               0.00	               0.00	               0.00	               0.00	               0.00	               0.00	               0.00	               0.00	               0.00	               0.00	               0.00	               0.00	               0.00	               0.00	               0.00	               0.00	               0.00	               0.00	               0.00	        50000000.00	        50000000.00	               0.00	        50000000.00	               0.00
6*  Compound wall,etc fo PRJ NL-S-CSR-123	         2000000.00	               0.00	               0.00	               0.00	         2000000.00	         2000000.00	               0.00	               0.00	               0.00	         2000000.00	               0.00	               0.00	               0.00	               0.00	               0.00	               0.00	               0.00	               0.00	               0.00	               0.00	               0.00	               0.00	               0.00	               0.00	               0.00	               0.00	               0.00	               0.00	               0.00	               0.00	         2000000.00	               0.00	               0.00	               0.00	         2000000.00
6*  2 classroom PUES Kee PRJ NL-S-CSR-124	         3000000.00	               0.00	               0.00	               0.00	         3000000.00	         3000000.00	               0.00	               0.00	               0.00	         3000000.00	               0.00	               0.00	               0.00	               0.00	               0.00	               0.00	               0.00	               0.00	               0.00	               0.00	               0.00	               0.00	               0.00	               0.00	               0.00	               0.00	               0.00	               0.00	               0.00	               0.00	         3000000.00	               0.00	               0.00	               0.00	         3000000.00
6*  FA Tribal area Odish PRJ NL-S-CSR-125	         8700000.00	               0.00	               0.00	               0.00	         8700000.00	         8700000.00	               0.00	               0.00	               0.00	         8700000.00	               0.00	               0.00	               0.00	               0.00	               0.00	               0.00	               0.00	               0.00	               0.00	               0.00	               0.00	               0.00	               0.00	               0.00	               0.00	               0.00	               0.00	               0.00	               0.00	               0.00	         8700000.00	               0.00	               0.00	               0.00	         8700000.00
6*  Smartclass GS Kumbak PRJ NL-S-CSR-126	         3000000.00	         2099308.45	           70932.81	         2170241.26	          829758.74	         3000000.00	         2099308.45	           70932.81	         2170241.26	          829758.74	               0.00	               0.00	               0.00	               0.00	               0.00	               0.00	               0.00	               0.00	               0.00	               0.00	               0.00	               0.00	               0.00	               0.00	               0.00	               0.00	               0.00	               0.00	               0.00	               0.00	         3000000.00	         2099308.45	           70932.81	         2170241.26	          829758.74
6*  4 classroom HSS Nall PRJ NL-S-CSR-127	         6000000.00	               0.00	               0.00	               0.00	         6000000.00	         6000000.00	               0.00	               0.00	               0.00	         6000000.00	               0.00	               0.00	               0.00	               0.00	               0.00	               0.00	               0.00	               0.00	               0.00	               0.00	               0.00	               0.00	               0.00	               0.00	               0.00	               0.00	               0.00	               0.00	               0.00	               0.00	         6000000.00	               0.00	               0.00	               0.00	         6000000.00
6*  Infrastructures to L PRJ NL-S-CSR-128	         1125000.00	               0.00	               0.00	               0.00	         1125000.00	         1125000.00	               0.00	               0.00	               0.00	         1125000.00	               0.00	               0.00	               0.00	               0.00	               0.00	               0.00	               0.00	               0.00	               0.00	               0.00	               0.00	               0.00	               0.00	               0.00	               0.00	               0.00	               0.00	               0.00	               0.00	               0.00	         1125000.00	               0.00	               0.00	               0.00	         1125000.00
6*  Infra. Middle School PRJ NL-S-CSR-129	          400000.00	               0.00	               0.00	               0.00	          400000.00	          400000.00	               0.00	               0.00	               0.00	          400000.00	               0.00	               0.00	               0.00	               0.00	               0.00	               0.00	               0.00	               0.00	               0.00	               0.00	               0.00	               0.00	               0.00	               0.00	               0.00	               0.00	               0.00	               0.00	               0.00	               0.00	          400000.00	               0.00	               0.00	               0.00	          400000.00
6*  FA Kasturba New Delh PRJ NL-S-CSR-130	         3000000.00	         3000000.00	               0.00	         3000000.00	               0.00	         3000000.00	         3000000.00	               0.00	         3000000.00	               0.00	               0.00	               0.00	               0.00	               0.00	               0.00	               0.00	               0.00	               0.00	               0.00	               0.00	               0.00	               0.00	               0.00	               0.00	               0.00	               0.00	               0.00	               0.00	               0.00	               0.00	         3000000.00	         3000000.00	               0.00	         3000000.00	               0.00
6*  FA to school in Roht PRJ NL-S-CSR-131	          500000.00	               0.00	               0.00	               0.00	          500000.00	          500000.00	               0.00	               0.00	               0.00	          500000.00	               0.00	               0.00	               0.00	               0.00	               0.00	               0.00	               0.00	               0.00	               0.00	               0.00	               0.00	               0.00	               0.00	               0.00	               0.00	               0.00	               0.00	               0.00	               0.00	               0.00	          500000.00	               0.00	               0.00	               0.00	          500000.00
6*  FA 20 classroom GS D PRJ NL-S-CSR-132	        30000000.00	               0.00	               0.00	               0.00	        30000000.00	        30000000.00	               0.00	               0.00	               0.00	        30000000.00	               0.00	               0.00	               0.00	               0.00	               0.00	               0.00	               0.00	               0.00	               0.00	               0.00	               0.00	               0.00	               0.00	               0.00	               0.00	               0.00	               0.00	               0.00	               0.00	               0.00	        30000000.00	               0.00	               0.00	               0.00	        30000000.00
6*  Skill development pr PRJ NL-S-CSR-133	        19785000.00	          427713.86	          123600.00	          551313.86	        19233686.14	        19785000.00	          427713.86	          123600.00	          551313.86	        19233686.14	               0.00	               0.00	               0.00	               0.00	               0.00	               0.00	               0.00	               0.00	               0.00	               0.00	               0.00	               0.00	               0.00	               0.00	               0.00	               0.00	               0.00	               0.00	               0.00	               0.00	        19785000.00	          427713.86	          123600.00	          551313.86	        19233686.14
6*  FA to VIKS Hyderabad PRJ NL-S-CSR-134	         1000000.00	          300000.00	          700000.00	         1000000.00	               0.00	         1000000.00	          300000.00	          700000.00	         1000000.00	               0.00	               0.00	               0.00	               0.00	               0.00	               0.00	               0.00	               0.00	               0.00	               0.00	               0.00	               0.00	               0.00	               0.00	               0.00	               0.00	               0.00	               0.00	               0.00	               0.00	               0.00	         1000000.00	          300000.00	          700000.00	         1000000.00	               0.00
6*  Camel festival 2023  PRJ NL-S-CSR-135	          200000.00	          200000.00	               0.00	          200000.00	               0.00	          200000.00	          200000.00	               0.00	          200000.00	               0.00	               0.00	               0.00	               0.00	               0.00	               0.00	               0.00	               0.00	               0.00	               0.00	               0.00	               0.00	               0.00	               0.00	               0.00	               0.00	               0.00	               0.00	               0.00	               0.00	               0.00	          200000.00	          200000.00	               0.00	          200000.00	               0.00
6*  Re-dev. activities K PRJ NL-S-CSR-136	        25000000.00	               0.00	               0.00	               0.00	        25000000.00	        25000000.00	               0.00	               0.00	               0.00	        25000000.00	               0.00	               0.00	               0.00	               0.00	               0.00	               0.00	               0.00	               0.00	               0.00	               0.00	               0.00	               0.00	               0.00	               0.00	               0.00	               0.00	               0.00	               0.00	               0.00	               0.00	        25000000.00	               0.00	               0.00	               0.00	        25000000.00
6*  Tokyo Olympics Jodhk PRJ NL-S-CSR-137	         5000000.00	         4339132.76	          565935.99	         4905068.75	           94931.25	         5000000.00	         4339132.76	          565935.99	         4905068.75	           94931.25	               0.00	               0.00	               0.00	               0.00	               0.00	               0.00	               0.00	               0.00	               0.00	               0.00	               0.00	               0.00	               0.00	               0.00	               0.00	               0.00	               0.00	               0.00	               0.00	               0.00	         5000000.00	         4339132.76	          565935.99	         4905068.75	           94931.25
6*  T.O. Lulkudi, Badkic PRJ NL-S-CSR-138	        10000000.00	               0.00	               0.00	               0.00	        10000000.00	        10000000.00	               0.00	               0.00	               0.00	        10000000.00	               0.00	               0.00	               0.00	               0.00	               0.00	               0.00	               0.00	               0.00	               0.00	               0.00	               0.00	               0.00	               0.00	               0.00	               0.00	               0.00	               0.00	               0.00	               0.00	               0.00	        10000000.00	               0.00	               0.00	               0.00	        10000000.00
6*  Sports meet Bikaner  PRJ NL-S-CSR-139	         1000000.00	          948860.72	               0.00	          948860.72	           51139.28	         1000000.00	          948860.72	               0.00	          948860.72	           51139.28	               0.00	               0.00	               0.00	               0.00	               0.00	               0.00	               0.00	               0.00	               0.00	               0.00	               0.00	               0.00	               0.00	               0.00	               0.00	               0.00	               0.00	               0.00	               0.00	               0.00	         1000000.00	          948860.72	               0.00	          948860.72	           51139.28
6*  BT road Bharathi Nag PRJ NL-S-CSR-140	         3871000.00	               0.00	               0.00	               0.00	         3871000.00	         3871000.00	               0.00	               0.00	               0.00	         3871000.00	               0.00	               0.00	               0.00	               0.00	               0.00	               0.00	               0.00	               0.00	               0.00	               0.00	               0.00	               0.00	               0.00	               0.00	               0.00	               0.00	               0.00	               0.00	               0.00	               0.00	         3871000.00	               0.00	               0.00	               0.00	         3871000.00
6*  13 wells Bhanpura vi PRJ NL-S-CSR-141	         2000000.00	         1904774.72	           50571.70	         1955346.42	           44653.58	         2000000.00	         1904774.72	           50571.70	         1955346.42	           44653.58	               0.00	               0.00	               0.00	               0.00	               0.00	               0.00	               0.00	               0.00	               0.00	               0.00	               0.00	               0.00	               0.00	               0.00	               0.00	               0.00	               0.00	               0.00	               0.00	               0.00	         2000000.00	         1904774.72	           50571.70	         1955346.42	           44653.58
6*  Community hall Kolli PRJ NL-S-CSR-142	         6000000.00	               0.00	               0.00	               0.00	         6000000.00	         6000000.00	               0.00	               0.00	               0.00	         6000000.00	               0.00	               0.00	               0.00	               0.00	               0.00	               0.00	               0.00	               0.00	               0.00	               0.00	               0.00	               0.00	               0.00	               0.00	               0.00	               0.00	               0.00	               0.00	               0.00	               0.00	         6000000.00	               0.00	               0.00	               0.00	         6000000.00
6*  Road repair work The PRJ NL-S-CSR-143	         4000000.00	               0.00	          858422.71	          858422.71	         3141577.29	         4000000.00	               0.00	          858422.71	          858422.71	         3141577.29	               0.00	               0.00	               0.00	               0.00	               0.00	               0.00	               0.00	               0.00	               0.00	               0.00	               0.00	               0.00	               0.00	               0.00	               0.00	               0.00	               0.00	               0.00	               0.00	               0.00	         4000000.00	               0.00	          858422.71	          858422.71	         3141577.29
6*  Community Hall Mella PRJ NL-S-CSR-144	         6000000.00	               0.00	               0.00	               0.00	         6000000.00	         6000000.00	               0.00	               0.00	               0.00	         6000000.00	               0.00	               0.00	               0.00	               0.00	               0.00	               0.00	               0.00	               0.00	               0.00	               0.00	               0.00	               0.00	               0.00	               0.00	               0.00	               0.00	               0.00	               0.00	               0.00	               0.00	         6000000.00	               0.00	               0.00	               0.00	         6000000.00
6*  BT road Kunankurichi PRJ NL-S-CSR-145	         4000000.00	               0.00	               0.00	               0.00	         4000000.00	         4000000.00	               0.00	               0.00	               0.00	         4000000.00	               0.00	               0.00	               0.00	               0.00	               0.00	               0.00	               0.00	               0.00	               0.00	               0.00	               0.00	               0.00	               0.00	               0.00	               0.00	               0.00	               0.00	               0.00	               0.00	               0.00	         4000000.00	               0.00	               0.00	               0.00	         4000000.00
6*  Barsingsar-Udairamsa PRJ NL-S-CSR-146	        20000000.00	        18317185.27	         1610929.13	        19928114.40	           71885.60	        20000000.00	        18317185.27	         1610929.13	        19928114.40	           71885.60	               0.00	               0.00	               0.00	               0.00	               0.00	               0.00	               0.00	               0.00	               0.00	               0.00	               0.00	               0.00	               0.00	               0.00	               0.00	               0.00	               0.00	               0.00	               0.00	               0.00	        20000000.00	        18317185.27	         1610929.13	        19928114.40	           71885.60
6*  Boxculvert,Rcc vents PRJ NL-S-CSR-147	        20000000.00	          392294.84	        12549241.66	        12941536.50	         7058463.50	        20000000.00	          392294.84	        12549241.66	        12941536.50	         7058463.50	               0.00	               0.00	               0.00	               0.00	               0.00	               0.00	               0.00	               0.00	               0.00	               0.00	               0.00	               0.00	               0.00	               0.00	               0.00	               0.00	               0.00	               0.00	               0.00	               0.00	        20000000.00	          392294.84	        12549241.66	        12941536.50	         7058463.50
6*  Baseline survey & IA PRJ NL-S-CSR-148	         4000000.00	               0.00	               0.00	               0.00	         4000000.00	         4000000.00	               0.00	               0.00	               0.00	         4000000.00	               0.00	               0.00	               0.00	               0.00	               0.00	               0.00	               0.00	               0.00	               0.00	               0.00	               0.00	               0.00	               0.00	               0.00	               0.00	               0.00	               0.00	               0.00	               0.00	               0.00	         4000000.00	               0.00	               0.00	               0.00	         4000000.00
6*  FA Guru Institute Hu PRJ NL-S-CSR-149	        20000000.00	               0.00	               0.00	               0.00	        20000000.00	        20000000.00	               0.00	               0.00	               0.00	        20000000.00	               0.00	               0.00	               0.00	               0.00	               0.00	               0.00	               0.00	               0.00	               0.00	               0.00	               0.00	               0.00	               0.00	               0.00	               0.00	               0.00	               0.00	               0.00	               0.00	               0.00	        20000000.00	               0.00	               0.00	               0.00	        20000000.00
6*  Cow Stable Barsi Bar PRJ NL-S-CSR-150	         2500000.00	               0.00	               0.00	               0.00	         2500000.00	         2500000.00	               0.00	               0.00	               0.00	         2500000.00	               0.00	               0.00	               0.00	               0.00	               0.00	               0.00	               0.00	               0.00	               0.00	               0.00	               0.00	               0.00	               0.00	               0.00	               0.00	               0.00	               0.00	               0.00	               0.00	               0.00	         2500000.00	               0.00	               0.00	               0.00	         2500000.00
6*  Administrative Overh PRJ NL-S-CSR-151	        20238103.35	        20135000.00	          103103.35	        20238103.35	               0.00	        20238103.35	        20135000.00	          103103.35	        20238103.35	               0.00	               0.00	               0.00	               0.00	               0.00	               0.00	               0.00	               0.00	               0.00	               0.00	               0.00	               0.00	               0.00	               0.00	               0.00	               0.00	               0.00	               0.00	               0.00	               0.00	               0.00	        20238103.35	        20135000.00	          103103.35	        20238103.35	               0.00
6*  TraumaCare First Flo PRJ NL-S-CSR-152	        12200000.00	         9646348.80	           64037.58	         9710386.38	         2489613.62	        12200000.00	         9646348.80	           64037.58	         9710386.38	         2489613.62	               0.00	               0.00	               0.00	               0.00	               0.00	               0.00	               0.00	               0.00	               0.00	               0.00	               0.00	               0.00	               0.00	               0.00	               0.00	               0.00	               0.00	               0.00	               0.00	               0.00	        12200000.00	         9646348.80	           64037.58	         9710386.38	         2489613.62
6*  Upgradation of PHCs  PRJ NL-S-CSR-153	         1500000.00	         1201245.91	               0.00	         1201245.91	          298754.09	         1500000.00	         1201245.91	               0.00	         1201245.91	          298754.09	               0.00	               0.00	               0.00	               0.00	               0.00	               0.00	               0.00	               0.00	               0.00	               0.00	               0.00	               0.00	               0.00	               0.00	               0.00	               0.00	               0.00	               0.00	               0.00	               0.00	         1500000.00	         1201245.91	               0.00	         1201245.91	          298754.09
6*  Imp. works Gov PHC C PRJ NL-S-CSR-154	         3000000.00	         2706033.20	               0.00	         2706033.20	          293966.80	         3000000.00	         2706033.20	               0.00	         2706033.20	          293966.80	               0.00	               0.00	               0.00	               0.00	               0.00	               0.00	               0.00	               0.00	               0.00	               0.00	               0.00	               0.00	               0.00	               0.00	               0.00	               0.00	               0.00	               0.00	               0.00	               0.00	         3000000.00	         2706033.20	               0.00	         2706033.20	          293966.80
6*  D.G.Set O2 plant  Vi PRJ NL-S-CSR-155	         2300000.00	         1576461.71	               0.00	         1576461.71	          723538.29	         2300000.00	         1576461.71	               0.00	         1576461.71	          723538.29	               0.00	               0.00	               0.00	               0.00	               0.00	               0.00	               0.00	               0.00	               0.00	               0.00	               0.00	               0.00	               0.00	               0.00	               0.00	               0.00	               0.00	               0.00	               0.00	               0.00	         2300000.00	         1576461.71	               0.00	         1576461.71	          723538.29
6*  Ramakrishna Math, Ra PRJ NL-S-CSR-156	        10000000.00	               0.00	         8447806.00	         8447806.00	         1552194.00	        10000000.00	               0.00	         8447806.00	         8447806.00	         1552194.00	               0.00	               0.00	               0.00	               0.00	               0.00	               0.00	               0.00	               0.00	               0.00	               0.00	               0.00	               0.00	               0.00	               0.00	               0.00	               0.00	               0.00	               0.00	               0.00	               0.00	        10000000.00	               0.00	         8447806.00	         8447806.00	         1552194.00
6*  Consumbales charges  PRJ NL-S-CSR-157	          949500.00	           29500.00	           88500.00	          118000.00	          831500.00	          949500.00	           29500.00	           88500.00	          118000.00	          831500.00	               0.00	               0.00	               0.00	               0.00	               0.00	               0.00	               0.00	               0.00	               0.00	               0.00	               0.00	               0.00	               0.00	               0.00	               0.00	               0.00	               0.00	               0.00	               0.00	               0.00	          949500.00	           29500.00	           88500.00	          118000.00	          831500.00
6*  Tin shed water tank  PRJ NL-S-CSR-158	         2500000.00	         2223127.84	          164853.04	         2387980.88	          112019.12	         2500000.00	         2223127.84	          164853.04	         2387980.88	          112019.12	               0.00	               0.00	               0.00	               0.00	               0.00	               0.00	               0.00	               0.00	               0.00	               0.00	               0.00	               0.00	               0.00	               0.00	               0.00	               0.00	               0.00	               0.00	               0.00	               0.00	         2500000.00	         2223127.84	          164853.04	         2387980.88	          112019.12
6*  OHT & Borewell U.Adh PRJ NL-S-CSR-159	         3189226.46	         2684561.79	          318228.88	         3002790.67	          186435.79	         3189226.46	         2684561.79	          318228.88	         3002790.67	          186435.79	               0.00	               0.00	               0.00	               0.00	               0.00	               0.00	               0.00	               0.00	               0.00	               0.00	               0.00	               0.00	               0.00	               0.00	               0.00	               0.00	               0.00	               0.00	               0.00	               0.00	         3189226.46	         2684561.79	          318228.88	         3002790.67	          186435.79
6*   OHT Mummudicholagan PRJ NL-S-CSR-160	         2239372.28	         1255729.61	               0.00	         1255729.61	          983642.67	         2239372.28	         1255729.73	               0.00	         1255729.73	          983642.55	               0.00	              -0.12	               0.00	              -0.12	               0.12	               0.00	               0.00	               0.00	               0.00	               0.00	               0.00	               0.00	               0.00	               0.00	               0.00	               0.00	               0.00	               0.00	               0.00	               0.00	         2239372.28	         1255729.61	               0.00	         1255729.61	          983642.67
6*   OHT Borewell Vegako PRJ NL-S-CSR-161	         3500000.00	         1053101.84	           53374.65	         1106476.49	         2393523.51	         3500000.00	         1053101.84	           53374.65	         1106476.49	         2393523.51	               0.00	               0.00	               0.00	               0.00	               0.00	               0.00	               0.00	               0.00	               0.00	               0.00	               0.00	               0.00	               0.00	               0.00	               0.00	               0.00	               0.00	               0.00	               0.00	               0.00	         3500000.00	         1053101.84	           53374.65	         1106476.49	         2393523.51
6*  OHT borewell Seplant PRJ NL-S-CSR-162	         2509946.30	         2120625.94	          374009.23	         2494635.17	           15311.13	         2509946.30	         2120625.94	          374009.23	         2494635.17	           15311.13	               0.00	               0.00	               0.00	               0.00	               0.00	               0.00	               0.00	               0.00	               0.00	               0.00	               0.00	               0.00	               0.00	               0.00	               0.00	               0.00	               0.00	               0.00	               0.00	               0.00	         2509946.30	         2120625.94	          374009.23	         2494635.17	           15311.13
6*  Revitalisation Borew PRJ NL-S-CSR-164	         6500000.00	               0.00	               0.00	               0.00	         6500000.00	         6500000.00	               0.00	               0.00	               0.00	         6500000.00	               0.00	               0.00	               0.00	               0.00	               0.00	               0.00	               0.00	               0.00	               0.00	               0.00	               0.00	               0.00	               0.00	               0.00	               0.00	               0.00	               0.00	               0.00	               0.00	               0.00	         6500000.00	               0.00	               0.00	               0.00	         6500000.00
6*  OHT Annavalli  Vazhi PRJ NL-S-CSR-165	         3301961.20	         2697007.85	          156691.25	         2853699.10	          448262.10	         3301961.20	         2697007.85	          156691.25	         2853699.10	          448262.10	               0.00	               0.00	               0.00	               0.00	               0.00	               0.00	               0.00	               0.00	               0.00	               0.00	               0.00	               0.00	               0.00	               0.00	               0.00	               0.00	               0.00	               0.00	               0.00	               0.00	         3301961.20	         2697007.85	          156691.25	         2853699.10	          448262.10
6*  OHT ValliMaduram,Ma. PRJ NL-S-CSR-166	        11322971.46	         8466986.25	           21117.08	         8488103.33	         2834868.13	        11322971.46	         8466986.25	           21117.08	         8488103.33	         2834868.13	               0.00	               0.00	               0.00	               0.00	               0.00	               0.00	               0.00	               0.00	               0.00	               0.00	               0.00	               0.00	               0.00	               0.00	               0.00	               0.00	               0.00	               0.00	               0.00	               0.00	        11322971.46	         8466986.25	           21117.08	         8488103.33	         2834868.13
6*  Drinking water borew PRJ NL-S-CSR-167	         1500000.00	          712377.94	               0.00	          712377.94	          787622.06	         1500000.00	          712377.94	               0.00	          712377.94	          787622.06	               0.00	               0.00	               0.00	               0.00	               0.00	               0.00	               0.00	               0.00	               0.00	               0.00	               0.00	               0.00	               0.00	               0.00	               0.00	               0.00	               0.00	               0.00	               0.00	               0.00	         1500000.00	          712377.94	               0.00	          712377.94	          787622.06
6*  Toilet blocks,school PRJ NL-S-CSR-168	         6000000.00	               0.00	         4100715.94	         4100715.94	         1899284.06	         6000000.00	               0.00	         4100715.94	         4100715.94	         1899284.06	               0.00	               0.00	               0.00	               0.00	               0.00	               0.00	               0.00	               0.00	               0.00	               0.00	               0.00	               0.00	               0.00	               0.00	               0.00	               0.00	               0.00	               0.00	               0.00	               0.00	         6000000.00	               0.00	         4100715.94	         4100715.94	         1899284.06
6*  Public Toilet Blocks PRJ NL-S-CSR-169	        22690896.65	        -6081498.00	               0.00	        -6081498.00	        28772394.65	        22690896.65	        -6081498.00	               0.00	        -6081498.00	        28772394.65	               0.00	               0.00	               0.00	               0.00	               0.00	               0.00	               0.00	               0.00	               0.00	               0.00	               0.00	               0.00	               0.00	               0.00	               0.00	               0.00	               0.00	               0.00	               0.00	               0.00	        22690896.65	        -6081498.00	               0.00	        -6081498.00	        28772394.65
6*  swachh iconic places PRJ NL-S-CSR-170	         9738361.97	         5038361.97	         1290872.46	         6329234.43	         3409127.54	         9738361.97	         5038361.97	         1290872.46	         6329234.43	         3409127.54	               0.00	               0.00	               0.00	               0.00	               0.00	               0.00	               0.00	               0.00	               0.00	               0.00	               0.00	               0.00	               0.00	               0.00	               0.00	               0.00	               0.00	               0.00	               0.00	               0.00	         9738361.97	         5038361.97	         1290872.46	         6329234.43	         3409127.54
6*  community toilets @  PRJ NL-S-CSR-171	         3500000.00	               0.00	         2965514.31	         2965514.31	          534485.69	         3500000.00	               0.00	         2965514.31	         2965514.31	          534485.69	               0.00	               0.00	               0.00	               0.00	               0.00	               0.00	               0.00	               0.00	               0.00	               0.00	               0.00	               0.00	               0.00	               0.00	               0.00	               0.00	               0.00	               0.00	               0.00	               0.00	         3500000.00	               0.00	         2965514.31	         2965514.31	          534485.69
6*  Toilets @ Kattukudal PRJ NL-S-CSR-172	         1258000.00	          848341.37	               0.00	          848341.37	          409658.63	         1258000.00	          848341.37	               0.00	          848341.37	          409658.63	               0.00	               0.00	               0.00	               0.00	               0.00	               0.00	               0.00	               0.00	               0.00	               0.00	               0.00	               0.00	               0.00	               0.00	               0.00	               0.00	               0.00	               0.00	               0.00	               0.00	         1258000.00	          848341.37	               0.00	          848341.37	          409658.63
6*   6 toilet blocks aro PRJ NL-S-CSR-173	         4231000.00	         3545623.62	            2166.64	         3547790.26	          683209.74	         4231000.00	         3545623.62	            2166.64	         3547790.26	          683209.74	               0.00	               0.00	               0.00	               0.00	               0.00	               0.00	               0.00	               0.00	               0.00	               0.00	               0.00	               0.00	               0.00	               0.00	               0.00	               0.00	               0.00	               0.00	               0.00	               0.00	         4231000.00	         3545623.62	            2166.64	         3547790.26	          683209.74
6*  Reimbursement Fee Di PRJ NL-S-CSR-174	         3000000.00	               0.00	               0.00	               0.00	         3000000.00	         3000000.00	               0.00	               0.00	               0.00	         3000000.00	               0.00	               0.00	               0.00	               0.00	               0.00	               0.00	               0.00	               0.00	               0.00	               0.00	               0.00	               0.00	               0.00	               0.00	               0.00	               0.00	               0.00	               0.00	               0.00	               0.00	         3000000.00	               0.00	               0.00	               0.00	         3000000.00
6*  2 classroom PUMS Paz PRJ NL-S-CSR-175	         4064000.00	         4059370.63	               0.00	         4059370.63	            4629.37	         4064000.00	         4059370.63	               0.00	         4059370.63	            4629.37	               0.00	               0.00	               0.00	               0.00	               0.00	               0.00	               0.00	               0.00	               0.00	               0.00	               0.00	               0.00	               0.00	               0.00	               0.00	               0.00	               0.00	               0.00	               0.00	               0.00	         4064000.00	         4059370.63	               0.00	         4059370.63	            4629.37
6*  4 classroom Gov BHSS PRJ NL-S-CSR-176	         4669000.00	         3172200.38	          826628.28	         3998828.66	          670171.34	         4669000.00	         3172200.38	          826628.28	         3998828.66	          670171.34	               0.00	               0.00	               0.00	               0.00	               0.00	               0.00	               0.00	               0.00	               0.00	               0.00	               0.00	               0.00	               0.00	               0.00	               0.00	               0.00	               0.00	               0.00	               0.00	               0.00	         4669000.00	         3172200.38	          826628.28	         3998828.66	          670171.34
6*  Compound wall GHS Sa PRJ NL-S-CSR-177	         1000000.00	               0.00	               0.00	               0.00	         1000000.00	         1000000.00	               0.00	               0.00	               0.00	         1000000.00	               0.00	               0.00	               0.00	               0.00	               0.00	               0.00	               0.00	               0.00	               0.00	               0.00	               0.00	               0.00	               0.00	               0.00	               0.00	               0.00	               0.00	               0.00	               0.00	               0.00	         1000000.00	               0.00	               0.00	               0.00	         1000000.00
6*  Toilets tin shed hal PRJ NL-S-CSR-178	          500000.00	          408848.96	             791.26	          409640.22	           90359.78	          500000.00	          408848.96	             791.26	          409640.22	           90359.78	               0.00	               0.00	               0.00	               0.00	               0.00	               0.00	               0.00	               0.00	               0.00	               0.00	               0.00	               0.00	               0.00	               0.00	               0.00	               0.00	               0.00	               0.00	               0.00	               0.00	          500000.00	          408848.96	             791.26	          409640.22	           90359.78
6*  clasroom Vanathiraya PRJ NL-S-CSR-179	         1887000.00	         1557481.25	           42783.39	         1600264.64	          286735.36	         1887000.00	         1557481.25	           42783.39	         1600264.64	          286735.36	               0.00	               0.00	               0.00	               0.00	               0.00	               0.00	               0.00	               0.00	               0.00	               0.00	               0.00	               0.00	               0.00	               0.00	               0.00	               0.00	               0.00	               0.00	               0.00	               0.00	         1887000.00	         1557481.25	           42783.39	         1600264.64	          286735.36
6*  Library GHS Melakupp PRJ NL-S-CSR-180	         6308633.15	         5764169.18	          405893.88	         6170063.06	          138570.09	         6308633.15	         5764169.44	          405893.88	         6170063.32	          138569.83	               0.00	              -0.26	               0.00	              -0.26	               0.26	               0.00	               0.00	               0.00	               0.00	               0.00	               0.00	               0.00	               0.00	               0.00	               0.00	               0.00	               0.00	               0.00	               0.00	               0.00	         6308633.15	         5764169.18	          405893.88	         6170063.06	          138570.09
6*  Reimb. purch Lab equ PRJ NL-S-CSR-181	        10192938.99	        10129933.58	               0.00	        10129933.58	           63005.41	        10192938.99	        10129933.58	               0.00	        10129933.58	           63005.41	               0.00	               0.00	               0.00	               0.00	               0.00	               0.00	               0.00	               0.00	               0.00	               0.00	               0.00	               0.00	               0.00	               0.00	               0.00	               0.00	               0.00	               0.00	               0.00	               0.00	        10192938.99	        10129933.58	               0.00	        10129933.58	           63005.41
6*  Toilet Clasroom GHS  PRJ NL-S-CSR-182	         5787293.26	         1181482.10	         3110871.38	         4292353.48	         1494939.78	         5787293.26	         1181482.10	         3110871.38	         4292353.48	         1494939.78	               0.00	               0.00	               0.00	               0.00	               0.00	               0.00	               0.00	               0.00	               0.00	               0.00	               0.00	               0.00	               0.00	               0.00	               0.00	               0.00	               0.00	               0.00	               0.00	               0.00	         5787293.26	         1181482.10	         3110871.38	         4292353.48	         1494939.78
6*  2clsroom PU Keelur A PRJ NL-S-CSR-183	         4500000.00	               0.00	               0.00	               0.00	         4500000.00	         4500000.00	               0.00	               0.00	               0.00	         4500000.00	               0.00	               0.00	               0.00	               0.00	               0.00	               0.00	               0.00	               0.00	               0.00	               0.00	               0.00	               0.00	               0.00	               0.00	               0.00	               0.00	               0.00	               0.00	               0.00	               0.00	         4500000.00	               0.00	               0.00	               0.00	         4500000.00
6*  Fin support SSVMPS B PRJ NL-S-CSR-184	         8700000.00	         8700000.00	               0.00	         8700000.00	               0.00	         8700000.00	         8700000.00	               0.00	         8700000.00	               0.00	               0.00	               0.00	               0.00	               0.00	               0.00	               0.00	               0.00	               0.00	               0.00	               0.00	               0.00	               0.00	               0.00	               0.00	               0.00	               0.00	               0.00	               0.00	               0.00	               0.00	         8700000.00	         8700000.00	               0.00	         8700000.00	               0.00
6*  Infrastructure Libra PRJ NL-S-CSR-185	          700000.00	          538209.39	               0.00	          538209.39	          161790.61	          700000.00	          538209.39	               0.00	          538209.39	          161790.61	               0.00	               0.00	               0.00	               0.00	               0.00	               0.00	               0.00	               0.00	               0.00	               0.00	               0.00	               0.00	               0.00	               0.00	               0.00	               0.00	               0.00	               0.00	               0.00	               0.00	          700000.00	          538209.39	               0.00	          538209.39	          161790.61
6*  Infrastructure Middl PRJ NL-S-CSR-186	          400000.00	          377929.74	               0.00	          377929.74	           22070.26	          400000.00	          377929.74	               0.00	          377929.74	           22070.26	               0.00	               0.00	               0.00	               0.00	               0.00	               0.00	               0.00	               0.00	               0.00	               0.00	               0.00	               0.00	               0.00	               0.00	               0.00	               0.00	               0.00	               0.00	               0.00	               0.00	          400000.00	          377929.74	               0.00	          377929.74	           22070.26
6*  FA 20 clsroom Govt S PRJ NL-S-CSR-187	               0.00	               0.00	               0.00	               0.00	               0.00	               0.00	               0.00	               0.00	               0.00	               0.00	               0.00	               0.00	               0.00	               0.00	               0.00	               0.00	               0.00	               0.00	               0.00	               0.00	               0.00	               0.00	               0.00	               0.00	               0.00	               0.00	               0.00	               0.00	               0.00	               0.00	               0.00	               0.00	               0.00	               0.00	               0.00
6*  2 clsroom PUMS Adaya PRJ NL-S-CSR-188	         3000000.00	         2939786.11	           14100.50	         2953886.61	           46113.39	         3000000.00	         2939786.11	           14100.50	         2953886.61	           46113.39	               0.00	               0.00	               0.00	               0.00	               0.00	               0.00	               0.00	               0.00	               0.00	               0.00	               0.00	               0.00	               0.00	               0.00	               0.00	               0.00	               0.00	               0.00	               0.00	               0.00	         3000000.00	         2939786.11	           14100.50	         2953886.61	           46113.39
6*  infra Gov school, Sw PRJ NL-S-CSR-189	         1200000.00	          925927.79	          138087.54	         1064015.33	          135984.67	         1200000.00	          925927.79	          138087.54	         1064015.33	          135984.67	               0.00	               0.00	               0.00	               0.00	               0.00	               0.00	               0.00	               0.00	               0.00	               0.00	               0.00	               0.00	               0.00	               0.00	               0.00	               0.00	               0.00	               0.00	               0.00	               0.00	         1200000.00	          925927.79	          138087.54	         1064015.33	          135984.67
6*  Infra. GHSS Lalamdes PRJ NL-S-CSR-190	          490000.00	          277241.44	           46683.50	          323924.94	          166075.06	          490000.00	          277241.44	           46683.50	          323924.94	          166075.06	               0.00	               0.00	               0.00	               0.00	               0.00	               0.00	               0.00	               0.00	               0.00	               0.00	               0.00	               0.00	               0.00	               0.00	               0.00	               0.00	               0.00	               0.00	               0.00	               0.00	          490000.00	          277241.44	           46683.50	          323924.94	          166075.06
6*  Infra.Gov MahatmaGan PRJ NL-S-CSR-191	          400000.00	          295612.66	           50605.64	          346218.30	           53781.70	          400000.00	          295612.66	           50605.64	          346218.30	           53781.70	               0.00	               0.00	               0.00	               0.00	               0.00	               0.00	               0.00	               0.00	               0.00	               0.00	               0.00	               0.00	               0.00	               0.00	               0.00	               0.00	               0.00	               0.00	               0.00	               0.00	          400000.00	          295612.66	           50605.64	          346218.30	           53781.70
6*  FA Atma Deepam Socie PRJ NL-S-CSR-192	          900000.00	          900000.00	               0.00	          900000.00	               0.00	          900000.00	          900000.00	               0.00	          900000.00	               0.00	               0.00	               0.00	               0.00	               0.00	               0.00	               0.00	               0.00	               0.00	               0.00	               0.00	               0.00	               0.00	               0.00	               0.00	               0.00	               0.00	               0.00	               0.00	               0.00	               0.00	          900000.00	          900000.00	               0.00	          900000.00	               0.00
6*  FA VIKS Hyderabad    PRJ NL-S-CSR-193	          700000.00	          700000.00	               0.00	          700000.00	               0.00	          700000.00	          700000.00	               0.00	          700000.00	               0.00	               0.00	               0.00	               0.00	               0.00	               0.00	               0.00	               0.00	               0.00	               0.00	               0.00	               0.00	               0.00	               0.00	               0.00	               0.00	               0.00	               0.00	               0.00	               0.00	               0.00	          700000.00	          700000.00	               0.00	          700000.00	               0.00
6*  FA Santhigiri Ashram PRJ NL-S-CSR-194	          300000.00	          300000.00	               0.00	          300000.00	               0.00	          300000.00	          300000.00	               0.00	          300000.00	               0.00	               0.00	               0.00	               0.00	               0.00	               0.00	               0.00	               0.00	               0.00	               0.00	               0.00	               0.00	               0.00	               0.00	               0.00	               0.00	               0.00	               0.00	               0.00	               0.00	               0.00	          300000.00	          300000.00	               0.00	          300000.00	               0.00
6*  Sewing Machines to W PRJ NL-S-CSR-195	        12400000.00	        12004224.10	               0.00	        12004224.10	          395775.90	        12400000.00	        12004224.10	               0.00	        12004224.10	          395775.90	               0.00	               0.00	               0.00	               0.00	               0.00	               0.00	               0.00	               0.00	               0.00	               0.00	               0.00	               0.00	               0.00	               0.00	               0.00	               0.00	               0.00	               0.00	               0.00	               0.00	        12400000.00	        12004224.10	               0.00	        12004224.10	          395775.90
6*  Redevelopment activi PRJ NL-S-CSR-196	               0.00	               0.00	               0.00	               0.00	               0.00	               0.00	               0.00	               0.00	               0.00	               0.00	               0.00	               0.00	               0.00	               0.00	               0.00	               0.00	               0.00	               0.00	               0.00	               0.00	               0.00	               0.00	               0.00	               0.00	               0.00	               0.00	               0.00	               0.00	               0.00	               0.00	               0.00	               0.00	               0.00	               0.00	               0.00
6*  FA to Guru Institute PRJ NL-S-CSR-197	               0.00	               0.00	               0.00	               0.00	               0.00	               0.00	               0.00	               0.00	               0.00	               0.00	               0.00	               0.00	               0.00	               0.00	               0.00	               0.00	               0.00	               0.00	               0.00	               0.00	               0.00	               0.00	               0.00	               0.00	               0.00	               0.00	               0.00	               0.00	               0.00	               0.00	               0.00	               0.00	               0.00	               0.00	               0.00
6*  olympians Sirsa, Jod PRJ NL-S-CSR-198	          367292.82	          367292.82	               0.00	          367292.82	               0.00	          367292.82	          367292.82	               0.00	          367292.82	               0.00	               0.00	               0.00	               0.00	               0.00	               0.00	               0.00	               0.00	               0.00	               0.00	               0.00	               0.00	               0.00	               0.00	               0.00	               0.00	               0.00	               0.00	               0.00	               0.00	               0.00	          367292.82	          367292.82	               0.00	          367292.82	               0.00
6*  olympians Lulkidi, B PRJ NL-S-CSR-199	               0.00	               0.00	               0.00	               0.00	               0.00	               0.00	               0.00	               0.00	               0.00	               0.00	               0.00	               0.00	               0.00	               0.00	               0.00	               0.00	               0.00	               0.00	               0.00	               0.00	               0.00	               0.00	               0.00	               0.00	               0.00	               0.00	               0.00	               0.00	               0.00	               0.00	               0.00	               0.00	               0.00	               0.00	               0.00
6*  BT road to Bharathi  PRJ NL-S-CSR-200	         3871000.00	         2577466.23	               0.03	         2577466.26	         1293533.74	         3871000.00	         2577466.23	               0.03	         2577466.26	         1293533.74	               0.00	               0.00	               0.00	               0.00	               0.00	               0.00	               0.00	               0.00	               0.00	               0.00	               0.00	               0.00	               0.00	               0.00	               0.00	               0.00	               0.00	               0.00	               0.00	               0.00	         3871000.00	         2577466.23	               0.03	         2577466.26	         1293533.74
6*  Community Hall Kolli PRJ NL-S-CSR-201	         7200000.00	               0.00	               0.00	               0.00	         7200000.00	         7200000.00	               0.00	               0.00	               0.00	         7200000.00	               0.00	               0.00	               0.00	               0.00	               0.00	               0.00	               0.00	               0.00	               0.00	               0.00	               0.00	               0.00	               0.00	               0.00	               0.00	               0.00	               0.00	               0.00	               0.00	               0.00	         7200000.00	               0.00	               0.00	               0.00	         7200000.00
6*  Therkumelur to Vadal PRJ NL-S-CSR-202	         4000000.00	         3006777.86	           93879.62	         3100657.48	          899342.52	         4000000.00	         3006777.86	           93879.62	         3100657.48	          899342.52	               0.00	               0.00	               0.00	               0.00	               0.00	               0.00	               0.00	               0.00	               0.00	               0.00	               0.00	               0.00	               0.00	               0.00	               0.00	               0.00	               0.00	               0.00	               0.00	               0.00	         4000000.00	         3006777.86	           93879.62	         3100657.48	          899342.52
6*  Community Hall at Me PRJ NL-S-CSR-203	         7200000.00	               0.00	               0.00	               0.00	         7200000.00	         7200000.00	               0.00	               0.00	               0.00	         7200000.00	               0.00	               0.00	               0.00	               0.00	               0.00	               0.00	               0.00	               0.00	               0.00	               0.00	               0.00	               0.00	               0.00	               0.00	               0.00	               0.00	               0.00	               0.00	               0.00	               0.00	         7200000.00	               0.00	               0.00	               0.00	         7200000.00
6*  BT Road  Kunankurich PRJ NL-S-CSR-204	         4000000.00	          256520.46	               1.97	          256522.43	         3743477.57	         4000000.00	          256520.46	               1.97	          256522.43	         3743477.57	               0.00	               0.00	               0.00	               0.00	               0.00	               0.00	               0.00	               0.00	               0.00	               0.00	               0.00	               0.00	               0.00	               0.00	               0.00	               0.00	               0.00	               0.00	               0.00	               0.00	         4000000.00	          256520.46	               1.97	          256522.43	         3743477.57
6*  Barsingsar-UdairamBy PRJ NL-S-CSR-205	         1600000.00	         1076352.05	               0.00	         1076352.05	          523647.95	         1600000.00	         1076352.05	               0.00	         1076352.05	          523647.95	               0.00	               0.00	               0.00	               0.00	               0.00	               0.00	               0.00	               0.00	               0.00	               0.00	               0.00	               0.00	               0.00	               0.00	               0.00	               0.00	               0.00	               0.00	               0.00	               0.00	         1600000.00	         1076352.05	               0.00	         1076352.05	          523647.95
6*  widening of Sengal O PRJ NL-S-CSR-206	        19608000.00	        15419856.90	               0.03	        15419856.93	         4188143.07	        19608000.00	        15419856.90	               0.03	        15419856.93	         4188143.07	               0.00	               0.00	               0.00	               0.00	               0.00	               0.00	               0.00	               0.00	               0.00	               0.00	               0.00	               0.00	               0.00	               0.00	               0.00	               0.00	               0.00	               0.00	               0.00	               0.00	        19608000.00	        15419856.90	               0.03	        15419856.93	         4188143.07
6*  Baseline survey      PRJ NL-S-CSR-207	          687850.00	          644575.00	               0.00	          644575.00	           43275.00	          687850.00	          644575.00	               0.00	          644575.00	           43275.00	               0.00	               0.00	               0.00	               0.00	               0.00	               0.00	               0.00	               0.00	               0.00	               0.00	               0.00	               0.00	               0.00	               0.00	               0.00	               0.00	               0.00	               0.00	               0.00	               0.00	          687850.00	          644575.00	               0.00	          644575.00	           43275.00
6*  FA Gram Vikas Societ PRJ NL-S-CSR-208	        19104575.00	        19045750.00	               0.00	        19045750.00	           58825.00	        19104575.00	        19045750.00	               0.00	        19045750.00	           58825.00	               0.00	               0.00	               0.00	               0.00	               0.00	               0.00	               0.00	               0.00	               0.00	               0.00	               0.00	               0.00	               0.00	               0.00	               0.00	               0.00	               0.00	               0.00	               0.00	               0.00	        19104575.00	        19045750.00	               0.00	        19045750.00	           58825.00
6*  FA Vedic Mision Trus PRJ NL-S-CSR-209	        15400000.00	               0.00	               0.00	               0.00	        15400000.00	        15400000.00	               0.00	               0.00	               0.00	        15400000.00	               0.00	               0.00	               0.00	               0.00	               0.00	               0.00	               0.00	               0.00	               0.00	               0.00	               0.00	               0.00	               0.00	               0.00	               0.00	               0.00	               0.00	               0.00	               0.00	               0.00	        15400000.00	               0.00	               0.00	               0.00	        15400000.00
6*  FA Vocie of World    PRJ NL-S-CSR-210	         7000000.00	               0.00	               0.00	               0.00	         7000000.00	         7000000.00	               0.00	               0.00	               0.00	         7000000.00	               0.00	               0.00	               0.00	               0.00	               0.00	               0.00	               0.00	               0.00	               0.00	               0.00	               0.00	               0.00	               0.00	               0.00	               0.00	               0.00	               0.00	               0.00	               0.00	               0.00	         7000000.00	               0.00	               0.00	               0.00	         7000000.00
6*  FA Aravinda Charitab PRJ NL-S-CSR-211	         7000844.00	         6809220.00	               0.00	         6809220.00	          191624.00	         7000844.00	         6809220.00	               0.00	         6809220.00	          191624.00	               0.00	               0.00	               0.00	               0.00	               0.00	               0.00	               0.00	               0.00	               0.00	               0.00	               0.00	               0.00	               0.00	               0.00	               0.00	               0.00	               0.00	               0.00	               0.00	               0.00	         7000844.00	         6809220.00	               0.00	         6809220.00	          191624.00
6*  urgent/new CSR Activ PRJ NL-S-CSR-212	        42293204.94	        40970524.15	              14.29	        40970538.44	         1322666.50	        42293204.94	        41060953.15	              14.29	        41060967.44	         1232237.50	               0.00	          -90429.00	               0.00	          -90429.00	           90429.00	               0.00	               0.00	               0.00	               0.00	               0.00	               0.00	               0.00	               0.00	               0.00	               0.00	               0.00	               0.00	               0.00	               0.00	               0.00	        42293204.94	        40970524.15	              14.29	        40970538.44	         1322666.50
6*  Poshak to HIV +Ve  S PRJ NL-S-CSR-213	         7000000.00	         4072628.00	               0.00	         4072628.00	         2927372.00	         7000000.00	         4072628.00	               0.00	         4072628.00	         2927372.00	               0.00	               0.00	               0.00	               0.00	               0.00	               0.00	               0.00	               0.00	               0.00	               0.00	               0.00	               0.00	               0.00	               0.00	               0.00	               0.00	               0.00	               0.00	               0.00	               0.00	         7000000.00	         4072628.00	               0.00	         4072628.00	         2927372.00
6*  Blood Donation camp  PRJ NL-S-CSR-214	         1800000.00	         1332047.41	               0.02	         1332047.43	          467952.57	         1800000.00	         1332047.41	               0.02	         1332047.43	          467952.57	               0.00	               0.00	               0.00	               0.00	               0.00	               0.00	               0.00	               0.00	               0.00	               0.00	               0.00	               0.00	               0.00	               0.00	               0.00	               0.00	               0.00	               0.00	               0.00	               0.00	         1800000.00	         1332047.41	               0.02	         1332047.43	          467952.57
6*  Year Long Swachhata  PRJ NL-S-CSR-215	         2500000.00	          243851.52	               0.00	          243851.52	         2256148.48	         2500000.00	          243851.52	               0.00	          243851.52	         2256148.48	               0.00	               0.00	               0.00	               0.00	               0.00	               0.00	               0.00	               0.00	               0.00	               0.00	               0.00	               0.00	               0.00	               0.00	               0.00	               0.00	               0.00	               0.00	               0.00	               0.00	         2500000.00	          243851.52	               0.00	          243851.52	         2256148.48
6*  Food supplement to I PRJ NL-S-CSR-216	          550000.00	               0.00	               0.00	               0.00	          550000.00	          550000.00	               0.00	               0.00	               0.00	          550000.00	               0.00	               0.00	               0.00	               0.00	               0.00	               0.00	               0.00	               0.00	               0.00	               0.00	               0.00	               0.00	               0.00	               0.00	               0.00	               0.00	               0.00	               0.00	               0.00	               0.00	          550000.00	               0.00	               0.00	               0.00	          550000.00
6*  Hospital,Comp.wall f PRJ NL-S-CSR-217	        10000000.00	               0.00	               0.00	               0.00	        10000000.00	        10000000.00	               0.00	               0.00	               0.00	        10000000.00	               0.00	               0.00	               0.00	               0.00	               0.00	               0.00	               0.00	               0.00	               0.00	               0.00	               0.00	               0.00	               0.00	               0.00	               0.00	               0.00	               0.00	               0.00	               0.00	               0.00	        10000000.00	               0.00	               0.00	               0.00	        10000000.00
6*  Patient waiting hall PRJ NL-S-CSR-218	         5000000.00	               0.00	               0.00	               0.00	         5000000.00	         5000000.00	               0.00	               0.00	               0.00	         5000000.00	               0.00	               0.00	               0.00	               0.00	               0.00	               0.00	               0.00	               0.00	               0.00	               0.00	               0.00	               0.00	               0.00	               0.00	               0.00	               0.00	               0.00	               0.00	               0.00	               0.00	         5000000.00	               0.00	               0.00	               0.00	         5000000.00
6*  Hospital & facilitie PRJ NL-S-CSR-219	        10000000.00	               0.00	               0.00	               0.00	        10000000.00	        10000000.00	               0.00	               0.00	               0.00	        10000000.00	               0.00	               0.00	               0.00	               0.00	               0.00	               0.00	               0.00	               0.00	               0.00	               0.00	               0.00	               0.00	               0.00	               0.00	               0.00	               0.00	               0.00	               0.00	               0.00	               0.00	        10000000.00	               0.00	               0.00	               0.00	        10000000.00
6*  Conducting Medical c PRJ NL-S-CSR-220	        10000000.00	         7994461.97	               0.00	         7994461.97	         2005538.03	        10000000.00	         7994461.97	               0.00	         7994461.97	         2005538.03	               0.00	               0.00	               0.00	               0.00	               0.00	               0.00	               0.00	               0.00	               0.00	               0.00	               0.00	               0.00	               0.00	               0.00	               0.00	               0.00	               0.00	               0.00	               0.00	               0.00	        10000000.00	         7994461.97	               0.00	         7994461.97	         2005538.03
6*  HC PM Cmp public res PRJ NL-S-CSR-221	        23800000.00	        22397284.62	               0.00	        22397284.62	         1402715.38	        23800000.00	        22397284.62	               0.00	        22397284.62	         1402715.38	               0.00	               0.00	               0.00	               0.00	               0.00	               0.00	               0.00	               0.00	               0.00	               0.00	               0.00	               0.00	               0.00	               0.00	               0.00	               0.00	               0.00	               0.00	               0.00	               0.00	        23800000.00	        22397284.62	               0.00	        22397284.62	         1402715.38
6*  Breakfast Scheme to  PRJ NL-S-CSR-222	         5721000.00	         5592720.13	          127279.83	         5719999.96	            1000.04	         5721000.00	         5592720.13	          127279.83	         5719999.96	            1000.04	               0.00	               0.00	               0.00	               0.00	               0.00	               0.00	               0.00	               0.00	               0.00	               0.00	               0.00	               0.00	               0.00	               0.00	               0.00	               0.00	               0.00	               0.00	               0.00	               0.00	         5721000.00	         5592720.13	          127279.83	         5719999.96	            1000.04
6*  Ambulance service -P PRJ NL-S-CSR-223	         5000000.00	               0.00	               0.00	               0.00	         5000000.00	         5000000.00	               0.00	               0.00	               0.00	         5000000.00	               0.00	               0.00	               0.00	               0.00	               0.00	               0.00	               0.00	               0.00	               0.00	               0.00	               0.00	               0.00	               0.00	               0.00	               0.00	               0.00	               0.00	               0.00	               0.00	               0.00	         5000000.00	               0.00	               0.00	               0.00	         5000000.00
6*  FA NLCIL Referral Ho PRJ NL-S-CSR-224	         2000000.00	               0.00	               0.00	               0.00	         2000000.00	         2000000.00	               0.00	               0.00	               0.00	         2000000.00	               0.00	               0.00	               0.00	               0.00	               0.00	               0.00	               0.00	               0.00	               0.00	               0.00	               0.00	               0.00	               0.00	               0.00	               0.00	               0.00	               0.00	               0.00	               0.00	               0.00	         2000000.00	               0.00	               0.00	               0.00	         2000000.00
6*  Camps in Project aff PRJ NL-S-CSR-225	         1185101.00	         1113312.33	               0.00	         1113312.33	           71788.67	         1185101.00	         1113312.33	               0.00	         1113312.33	           71788.67	               0.00	               0.00	               0.00	               0.00	               0.00	               0.00	               0.00	               0.00	               0.00	               0.00	               0.00	               0.00	               0.00	               0.00	               0.00	               0.00	               0.00	               0.00	               0.00	               0.00	         1185101.00	         1113312.33	               0.00	         1113312.33	           71788.67
6*  PHC @ Project Affect PRJ NL-S-CSR-226	         5000000.00	               0.00	               0.00	               0.00	         5000000.00	         5000000.00	               0.00	               0.00	               0.00	         5000000.00	               0.00	               0.00	               0.00	               0.00	               0.00	               0.00	               0.00	               0.00	               0.00	               0.00	               0.00	               0.00	               0.00	               0.00	               0.00	               0.00	               0.00	               0.00	               0.00	               0.00	         5000000.00	               0.00	               0.00	               0.00	         5000000.00
6*  Wheel chair etc in P PRJ NL-S-CSR-227	         5000000.00	         4711795.96	               0.00	         4711795.96	          288204.04	         5000000.00	         4717474.91	               0.00	         4717474.91	          282525.09	               0.00	           -5678.95	               0.00	           -5678.95	            5678.95	               0.00	               0.00	               0.00	               0.00	               0.00	               0.00	               0.00	               0.00	               0.00	               0.00	               0.00	               0.00	               0.00	               0.00	               0.00	         5000000.00	         4711795.96	               0.00	         4711795.96	          288204.04
6*  Periodical health ch PRJ NL-S-CSR-228	          616900.00	          616900.00	               0.00	          616900.00	               0.00	          616900.00	          616900.00	               0.00	          616900.00	               0.00	               0.00	               0.00	               0.00	               0.00	               0.00	               0.00	               0.00	               0.00	               0.00	               0.00	               0.00	               0.00	               0.00	               0.00	               0.00	               0.00	               0.00	               0.00	               0.00	               0.00	          616900.00	          616900.00	               0.00	          616900.00	               0.00
6*  Beti Bachao scheme,  PRJ NL-S-CSR-229	          200000.00	          199936.62	               0.00	          199936.62	              63.38	          200000.00	          199936.62	               0.00	          199936.62	              63.38	               0.00	               0.00	               0.00	               0.00	               0.00	               0.00	               0.00	               0.00	               0.00	               0.00	               0.00	               0.00	               0.00	               0.00	               0.00	               0.00	               0.00	               0.00	               0.00	               0.00	          200000.00	          199936.62	               0.00	          199936.62	              63.38
6*  Infra. development P PRJ NL-S-CSR-230	         2951011.91	         2950838.82	               0.00	         2950838.82	             173.09	         2951011.91	         2950838.82	               0.00	         2950838.82	             173.09	               0.00	               0.00	               0.00	               0.00	               0.00	               0.00	               0.00	               0.00	               0.00	               0.00	               0.00	               0.00	               0.00	               0.00	               0.00	               0.00	               0.00	               0.00	               0.00	               0.00	         2951011.91	         2950838.82	               0.00	         2950838.82	             173.09
6*  OHT & Borewell at Se PRJ NL-S-CSR-231	         4000000.00	               0.00	               0.00	               0.00	         4000000.00	         4000000.00	               0.00	               0.00	               0.00	         4000000.00	               0.00	               0.00	               0.00	               0.00	               0.00	               0.00	               0.00	               0.00	               0.00	               0.00	               0.00	               0.00	               0.00	               0.00	               0.00	               0.00	               0.00	               0.00	               0.00	               0.00	         4000000.00	               0.00	               0.00	               0.00	         4000000.00
6*  OHT & Borewell at Vi PRJ NL-S-CSR-232	         4000000.00	               0.00	           98498.15	           98498.15	         3901501.85	         4000000.00	               0.00	           98498.15	           98498.15	         3901501.85	               0.00	               0.00	               0.00	               0.00	               0.00	               0.00	               0.00	               0.00	               0.00	               0.00	               0.00	               0.00	               0.00	               0.00	               0.00	               0.00	               0.00	               0.00	               0.00	               0.00	         4000000.00	               0.00	           98498.15	           98498.15	         3901501.85
6*  BW,Pipeline,etc TB H PRJ NL-S-CSR-233	         4000000.00	               0.00	               0.00	               0.00	         4000000.00	         4000000.00	               0.00	               0.00	               0.00	         4000000.00	               0.00	               0.00	               0.00	               0.00	               0.00	               0.00	               0.00	               0.00	               0.00	               0.00	               0.00	               0.00	               0.00	               0.00	               0.00	               0.00	               0.00	               0.00	               0.00	               0.00	         4000000.00	               0.00	               0.00	               0.00	         4000000.00
6*  BW,Elec. motor facil PRJ NL-S-CSR-234	         1500000.00	               0.00	               0.00	               0.00	         1500000.00	         1500000.00	               0.00	               0.00	               0.00	         1500000.00	               0.00	               0.00	               0.00	               0.00	               0.00	               0.00	               0.00	               0.00	               0.00	               0.00	               0.00	               0.00	               0.00	               0.00	               0.00	               0.00	               0.00	               0.00	               0.00	               0.00	         1500000.00	               0.00	               0.00	               0.00	         1500000.00
6*  Drinking water facil PRJ NL-S-CSR-235	         1500000.00	               0.00	               0.00	               0.00	         1500000.00	         1500000.00	               0.00	               0.00	               0.00	         1500000.00	               0.00	               0.00	               0.00	               0.00	               0.00	               0.00	               0.00	               0.00	               0.00	               0.00	               0.00	               0.00	               0.00	               0.00	               0.00	               0.00	               0.00	               0.00	               0.00	               0.00	         1500000.00	               0.00	               0.00	               0.00	         1500000.00
6*  OHT at K.K. Nagar, K PRJ NL-S-CSR-236	         4000000.00	               0.00	               0.00	               0.00	         4000000.00	         4000000.00	               0.00	               0.00	               0.00	         4000000.00	               0.00	               0.00	               0.00	               0.00	               0.00	               0.00	               0.00	               0.00	               0.00	               0.00	               0.00	               0.00	               0.00	               0.00	               0.00	               0.00	               0.00	               0.00	               0.00	               0.00	         4000000.00	               0.00	               0.00	               0.00	         4000000.00
6*  OHT & Borewell,Anna  PRJ NL-S-CSR-237	         4000000.00	               0.00	               0.00	               0.00	         4000000.00	         4000000.00	               0.00	               0.00	               0.00	         4000000.00	               0.00	               0.00	               0.00	               0.00	               0.00	               0.00	               0.00	               0.00	               0.00	               0.00	               0.00	               0.00	               0.00	               0.00	               0.00	               0.00	               0.00	               0.00	               0.00	               0.00	         4000000.00	               0.00	               0.00	               0.00	         4000000.00
6*  OHT,Vadakumelur Panc PRJ NL-S-CSR-238	         5000000.00	         1900689.45	         2128333.79	         4029023.24	          970976.76	         5000000.00	         1900689.45	         2128333.79	         4029023.24	          970976.76	               0.00	               0.00	               0.00	               0.00	               0.00	               0.00	               0.00	               0.00	               0.00	               0.00	               0.00	               0.00	               0.00	               0.00	               0.00	               0.00	               0.00	               0.00	               0.00	               0.00	         5000000.00	         1900689.45	         2128333.79	         4029023.24	          970976.76
6*  OHT in Arasadikuppam PRJ NL-S-CSR-239	         1500000.00	               0.00	               0.00	               0.00	         1500000.00	         1500000.00	               0.00	               0.00	               0.00	         1500000.00	               0.00	               0.00	               0.00	               0.00	               0.00	               0.00	               0.00	               0.00	               0.00	               0.00	               0.00	               0.00	               0.00	               0.00	               0.00	               0.00	               0.00	               0.00	               0.00	               0.00	         1500000.00	               0.00	               0.00	               0.00	         1500000.00
6*  Borewell for Mumudic PRJ NL-S-CSR-240	         1500000.00	               0.00	               0.00	               0.00	         1500000.00	         1500000.00	               0.00	               0.00	               0.00	         1500000.00	               0.00	               0.00	               0.00	               0.00	               0.00	               0.00	               0.00	               0.00	               0.00	               0.00	               0.00	               0.00	               0.00	               0.00	               0.00	               0.00	               0.00	               0.00	               0.00	               0.00	         1500000.00	               0.00	               0.00	               0.00	         1500000.00
6*  OHT for Annagramam e PRJ NL-S-CSR-241	         4000000.00	         2504866.09	         1283739.56	         3788605.65	          211394.35	         4000000.00	         2504865.97	         1283739.56	         3788605.53	          211394.47	               0.00	               0.12	               0.00	               0.12	              -0.12	               0.00	               0.00	               0.00	               0.00	               0.00	               0.00	               0.00	               0.00	               0.00	               0.00	               0.00	               0.00	               0.00	               0.00	               0.00	         4000000.00	         2504866.09	         1283739.56	         3788605.65	          211394.35
6*  OHT for Vegakollai V PRJ NL-S-CSR-242	         1500000.00	         1050269.62	               0.03	         1050269.65	          449730.35	         1500000.00	         1050269.62	               0.03	         1050269.65	          449730.35	               0.00	               0.00	               0.00	               0.00	               0.00	               0.00	               0.00	               0.00	               0.00	               0.00	               0.00	               0.00	               0.00	               0.00	               0.00	               0.00	               0.00	               0.00	               0.00	               0.00	         1500000.00	         1050269.62	               0.03	         1050269.65	          449730.35
6*  OHT,Borewell in Kilp PRJ NL-S-CSR-243	         2100000.00	         1749224.84	           13505.67	         1762730.51	          337269.49	         2100000.00	         1749224.84	           13505.67	         1762730.51	          337269.49	               0.00	               0.00	               0.00	               0.00	               0.00	               0.00	               0.00	               0.00	               0.00	               0.00	               0.00	               0.00	               0.00	               0.00	               0.00	               0.00	               0.00	               0.00	               0.00	               0.00	         2100000.00	         1749224.84	           13505.67	         1762730.51	          337269.49
6*  OHT,BW&Comp.Wall - s PRJ NL-S-CSR-244	         7500000.00	               0.00	               0.00	               0.00	         7500000.00	         7500000.00	               0.00	               0.00	               0.00	         7500000.00	               0.00	               0.00	               0.00	               0.00	               0.00	               0.00	               0.00	               0.00	               0.00	               0.00	               0.00	               0.00	               0.00	               0.00	               0.00	               0.00	               0.00	               0.00	               0.00	               0.00	         7500000.00	               0.00	               0.00	               0.00	         7500000.00
6*  Borewell for Vanathi PRJ NL-S-CSR-245	         3000000.00	               0.00	               0.00	               0.00	         3000000.00	         3000000.00	               0.00	               0.00	               0.00	         3000000.00	               0.00	               0.00	               0.00	               0.00	               0.00	               0.00	               0.00	               0.00	               0.00	               0.00	               0.00	               0.00	               0.00	               0.00	               0.00	               0.00	               0.00	               0.00	               0.00	               0.00	         3000000.00	               0.00	               0.00	               0.00	         3000000.00
6*  Borewell in East Str PRJ NL-S-CSR-246	         2000000.00	               0.00	               0.00	               0.00	         2000000.00	         2000000.00	               0.00	               0.00	               0.00	         2000000.00	               0.00	               0.00	               0.00	               0.00	               0.00	               0.00	               0.00	               0.00	               0.00	               0.00	               0.00	               0.00	               0.00	               0.00	               0.00	               0.00	               0.00	               0.00	               0.00	               0.00	         2000000.00	               0.00	               0.00	               0.00	         2000000.00
6*  solar water pumps,Jh PRJ NL-S-CSR-247	         6000000.00	               0.00	               0.00	               0.00	         6000000.00	         6000000.00	               0.00	               0.00	               0.00	         6000000.00	               0.00	               0.00	               0.00	               0.00	               0.00	               0.00	               0.00	               0.00	               0.00	               0.00	               0.00	               0.00	               0.00	               0.00	               0.00	               0.00	               0.00	               0.00	               0.00	               0.00	         6000000.00	               0.00	               0.00	               0.00	         6000000.00
6*  2 toilet blocks,ward PRJ NL-S-CSR-248	         4000000.00	               0.00	               0.00	               0.00	         4000000.00	         4000000.00	               0.00	               0.00	               0.00	         4000000.00	               0.00	               0.00	               0.00	               0.00	               0.00	               0.00	               0.00	               0.00	               0.00	               0.00	               0.00	               0.00	               0.00	               0.00	               0.00	               0.00	               0.00	               0.00	               0.00	               0.00	         4000000.00	               0.00	               0.00	               0.00	         4000000.00
6*  Toilet Block,NMJ Sch PRJ NL-S-CSR-249	         4000000.00	               0.00	         3382748.54	         3382748.54	          617251.46	         4000000.00	               0.00	         3382748.54	         3382748.54	          617251.46	               0.00	               0.00	               0.00	               0.00	               0.00	               0.00	               0.00	               0.00	               0.00	               0.00	               0.00	               0.00	               0.00	               0.00	               0.00	               0.00	               0.00	               0.00	               0.00	               0.00	         4000000.00	               0.00	         3382748.54	         3382748.54	          617251.46
6*  Toilet block GHSS,Ma PRJ NL-S-CSR-250	         2000000.00	               0.00	               0.00	               0.00	         2000000.00	         2000000.00	               0.00	               0.00	               0.00	         2000000.00	               0.00	               0.00	               0.00	               0.00	               0.00	               0.00	               0.00	               0.00	               0.00	               0.00	               0.00	               0.00	               0.00	               0.00	               0.00	               0.00	               0.00	               0.00	               0.00	               0.00	         2000000.00	               0.00	               0.00	               0.00	         2000000.00
6*  Toilet block for gir PRJ NL-S-CSR-251	         2000000.00	               0.00	               0.00	               0.00	         2000000.00	         2000000.00	               0.00	               0.00	               0.00	         2000000.00	               0.00	               0.00	               0.00	               0.00	               0.00	               0.00	               0.00	               0.00	               0.00	               0.00	               0.00	               0.00	               0.00	               0.00	               0.00	               0.00	               0.00	               0.00	               0.00	               0.00	         2000000.00	               0.00	               0.00	               0.00	         2000000.00
6*  Toilet for Tholkappi PRJ NL-S-CSR-252	         1500000.00	               0.00	               0.00	               0.00	         1500000.00	         1500000.00	               0.00	               0.00	               0.00	         1500000.00	               0.00	               0.00	               0.00	               0.00	               0.00	               0.00	               0.00	               0.00	               0.00	               0.00	               0.00	               0.00	               0.00	               0.00	               0.00	               0.00	               0.00	               0.00	               0.00	               0.00	         1500000.00	               0.00	               0.00	               0.00	         1500000.00
6*  Incinerator for Gov  PRJ NL-S-CSR-253	         2500000.00	               0.00	               0.00	               0.00	         2500000.00	         2500000.00	               0.00	               0.00	               0.00	         2500000.00	               0.00	               0.00	               0.00	               0.00	               0.00	               0.00	               0.00	               0.00	               0.00	               0.00	               0.00	               0.00	               0.00	               0.00	               0.00	               0.00	               0.00	               0.00	               0.00	               0.00	         2500000.00	               0.00	               0.00	               0.00	         2500000.00
6*  Toilet block for HAM PRJ NL-S-CSR-254	         2000000.00	               0.00	               0.00	               0.00	         2000000.00	         2000000.00	               0.00	               0.00	               0.00	         2000000.00	               0.00	               0.00	               0.00	               0.00	               0.00	               0.00	               0.00	               0.00	               0.00	               0.00	               0.00	               0.00	               0.00	               0.00	               0.00	               0.00	               0.00	               0.00	               0.00	               0.00	         2000000.00	               0.00	               0.00	               0.00	         2000000.00
6*  Toilet block in GHSS PRJ NL-S-CSR-255	         2000000.00	            2000.00	               0.00	            2000.00	         1998000.00	         2000000.00	            2000.00	               0.00	            2000.00	         1998000.00	               0.00	               0.00	               0.00	               0.00	               0.00	               0.00	               0.00	               0.00	               0.00	               0.00	               0.00	               0.00	               0.00	               0.00	               0.00	               0.00	               0.00	               0.00	               0.00	               0.00	         2000000.00	            2000.00	               0.00	            2000.00	         1998000.00
6*  Toilet block for PUP PRJ NL-S-CSR-256	         2000000.00	               0.00	               0.00	               0.00	         2000000.00	         2000000.00	               0.00	               0.00	               0.00	         2000000.00	               0.00	               0.00	               0.00	               0.00	               0.00	               0.00	               0.00	               0.00	               0.00	               0.00	               0.00	               0.00	               0.00	               0.00	               0.00	               0.00	               0.00	               0.00	               0.00	               0.00	         2000000.00	               0.00	               0.00	               0.00	         2000000.00
6*  Toilet  for PUPS,Ind PRJ NL-S-CSR-257	         2000000.00	               0.00	         1693809.63	         1693809.63	          306190.37	         2000000.00	               0.00	         1693809.63	         1693809.63	          306190.37	               0.00	               0.00	               0.00	               0.00	               0.00	               0.00	               0.00	               0.00	               0.00	               0.00	               0.00	               0.00	               0.00	               0.00	               0.00	               0.00	               0.00	               0.00	               0.00	               0.00	         2000000.00	               0.00	         1693809.63	         1693809.63	          306190.37
6*  Toilet blocks for Go PRJ NL-S-CSR-258	         2000000.00	               0.00	               0.00	               0.00	         2000000.00	         2000000.00	               0.00	               0.00	               0.00	         2000000.00	               0.00	               0.00	               0.00	               0.00	               0.00	               0.00	               0.00	               0.00	               0.00	               0.00	               0.00	               0.00	               0.00	               0.00	               0.00	               0.00	               0.00	               0.00	               0.00	               0.00	         2000000.00	               0.00	               0.00	               0.00	         2000000.00
6*  Toilet for PUMS, The PRJ NL-S-CSR-259	         1500000.00	               0.00	               0.00	               0.00	         1500000.00	         1500000.00	               0.00	               0.00	               0.00	         1500000.00	               0.00	               0.00	               0.00	               0.00	               0.00	               0.00	               0.00	               0.00	               0.00	               0.00	               0.00	               0.00	               0.00	               0.00	               0.00	               0.00	               0.00	               0.00	               0.00	               0.00	         1500000.00	               0.00	               0.00	               0.00	         1500000.00
6*  Hygiene&Health Care  PRJ NL-S-CSR-260	        16279000.00	        14903518.39	               0.00	        14903518.39	         1375481.61	        16279000.00	        14903518.39	               0.00	        14903518.39	         1375481.61	               0.00	               0.00	               0.00	               0.00	               0.00	               0.00	               0.00	               0.00	               0.00	               0.00	               0.00	               0.00	               0.00	               0.00	               0.00	               0.00	               0.00	               0.00	               0.00	               0.00	        16279000.00	        14903518.39	               0.00	        14903518.39	         1375481.61
6*  Garbage collection v PRJ NL-S-CSR-261	         7000000.00	               0.00	               0.00	               0.00	         7000000.00	         7000000.00	               0.00	               0.00	               0.00	         7000000.00	               0.00	               0.00	               0.00	               0.00	               0.00	               0.00	               0.00	               0.00	               0.00	               0.00	               0.00	               0.00	               0.00	               0.00	               0.00	               0.00	               0.00	               0.00	               0.00	               0.00	         7000000.00	               0.00	               0.00	               0.00	         7000000.00
6*  Construction of publ PRJ NL-S-CSR-262	         6000000.00	               0.00	               0.00	               0.00	         6000000.00	         6000000.00	               0.00	               0.00	               0.00	         6000000.00	               0.00	               0.00	               0.00	               0.00	               0.00	               0.00	               0.00	               0.00	               0.00	               0.00	               0.00	               0.00	               0.00	               0.00	               0.00	               0.00	               0.00	               0.00	               0.00	               0.00	         6000000.00	               0.00	               0.00	               0.00	         6000000.00
6*  waste collection equ PRJ NL-S-CSR-263	         5000000.00	         4999651.98	               0.00	         4999651.98	             348.02	         5000000.00	         4999651.98	               0.00	         4999651.98	             348.02	               0.00	               0.00	               0.00	               0.00	               0.00	               0.00	               0.00	               0.00	               0.00	               0.00	               0.00	               0.00	               0.00	               0.00	               0.00	               0.00	               0.00	               0.00	               0.00	               0.00	         5000000.00	         4999651.98	               0.00	         4999651.98	             348.02
6*  Swachhata activities PRJ NL-S-CSR-264	        10200000.00	         8854031.95	               0.04	         8854031.99	         1345968.01	        10200000.00	         8854031.95	               0.04	         8854031.99	         1345968.01	               0.00	               0.00	               0.00	               0.00	               0.00	               0.00	               0.00	               0.00	               0.00	               0.00	               0.00	               0.00	               0.00	               0.00	               0.00	               0.00	               0.00	               0.00	               0.00	               0.00	        10200000.00	         8854031.95	               0.04	         8854031.99	         1345968.01
6*  Auditorium in Periya PRJ NL-S-CSR-265	               0.00	               0.00	               0.00	               0.00	               0.00	               0.00	               0.00	               0.00	               0.00	               0.00	               0.00	               0.00	               0.00	               0.00	               0.00	               0.00	               0.00	               0.00	               0.00	               0.00	               0.00	               0.00	               0.00	               0.00	               0.00	               0.00	               0.00	               0.00	               0.00	               0.00	               0.00	               0.00	               0.00	               0.00	               0.00
6*  4 class room for Gov PRJ NL-S-CSR-266	               0.00	               0.00	               0.00	               0.00	               0.00	               0.00	               0.00	               0.00	               0.00	               0.00	               0.00	               0.00	               0.00	               0.00	               0.00	               0.00	               0.00	               0.00	               0.00	               0.00	               0.00	               0.00	               0.00	               0.00	               0.00	               0.00	               0.00	               0.00	               0.00	               0.00	               0.00	               0.00	               0.00	               0.00	               0.00
6*  Van etc-PMS HSS,S&H  PRJ NL-S-CSR-267	         1132000.00	         1130800.01	               0.00	         1130800.01	            1199.99	         1132000.00	         1130800.01	               0.00	         1130800.01	            1199.99	               0.00	               0.00	               0.00	               0.00	               0.00	               0.00	               0.00	               0.00	               0.00	               0.00	               0.00	               0.00	               0.00	               0.00	               0.00	               0.00	               0.00	               0.00	               0.00	               0.00	         1132000.00	         1130800.01	               0.00	         1130800.01	            1199.99
6*  Cycle stand for Mela PRJ NL-S-CSR-268	         1500000.00	               0.00	               0.00	               0.00	         1500000.00	         1500000.00	               0.00	               0.00	               0.00	         1500000.00	               0.00	               0.00	               0.00	               0.00	               0.00	               0.00	               0.00	               0.00	               0.00	               0.00	               0.00	               0.00	               0.00	               0.00	               0.00	               0.00	               0.00	               0.00	               0.00	               0.00	         1500000.00	               0.00	               0.00	               0.00	         1500000.00
6*  Tiles - classroom,GH PRJ NL-S-CSR-269	               0.00	              -5.04	               0.00	              -5.04	               5.04	               0.00	              -5.04	               0.00	              -5.04	               5.04	               0.00	               0.00	               0.00	               0.00	               0.00	               0.00	               0.00	               0.00	               0.00	               0.00	               0.00	               0.00	               0.00	               0.00	               0.00	               0.00	               0.00	               0.00	               0.00	               0.00	               0.00	              -5.04	               0.00	              -5.04	               5.04
6*  Tution fee for JSC S PRJ NL-S-CSR-270	        40000000.00	        34849700.00	               0.00	        34849700.00	         5150300.00	        40000000.00	        34849700.00	               0.00	        34849700.00	         5150300.00	               0.00	               0.00	               0.00	               0.00	               0.00	               0.00	               0.00	               0.00	               0.00	               0.00	               0.00	               0.00	               0.00	               0.00	               0.00	               0.00	               0.00	               0.00	               0.00	               0.00	        40000000.00	        34849700.00	               0.00	        34849700.00	         5150300.00
6*  Awareness, motivatio PRJ NL-S-CSR-271	         6000000.00	         5273408.45	          661795.50	         5935203.95	           64796.05	         6000000.00	         5273408.45	          661795.50	         5935203.95	           64796.05	               0.00	               0.00	               0.00	               0.00	               0.00	               0.00	               0.00	               0.00	               0.00	               0.00	               0.00	               0.00	               0.00	               0.00	               0.00	               0.00	               0.00	               0.00	               0.00	               0.00	         6000000.00	         5273408.45	          661795.50	         5935203.95	           64796.05
6*  Promoting Education, PRJ NL-S-CSR-272	         6380000.00	         3796448.00	         1972000.00	         5768448.00	          611552.00	         6380000.00	         3796448.00	         1972000.00	         5768448.00	          611552.00	               0.00	               0.00	               0.00	               0.00	               0.00	               0.00	               0.00	               0.00	               0.00	               0.00	               0.00	               0.00	               0.00	               0.00	               0.00	               0.00	               0.00	               0.00	               0.00	               0.00	         6380000.00	         3796448.00	         1972000.00	         5768448.00	          611552.00
6*  Educational Assistan PRJ NL-S-CSR-273	         9182000.00	         9181534.00	               0.00	         9181534.00	             466.00	         9182000.00	         9181534.00	               0.00	         9181534.00	             466.00	               0.00	               0.00	               0.00	               0.00	               0.00	               0.00	               0.00	               0.00	               0.00	               0.00	               0.00	               0.00	               0.00	               0.00	               0.00	               0.00	               0.00	               0.00	               0.00	               0.00	         9182000.00	         9181534.00	               0.00	         9181534.00	             466.00
6*  Smart class for Govt PRJ NL-S-CSR-274	         5200000.00	         3962794.00	         1180000.00	         5142794.00	           57206.00	         5200000.00	         3962794.00	         1180000.00	         5142794.00	           57206.00	               0.00	               0.00	               0.00	               0.00	               0.00	               0.00	               0.00	               0.00	               0.00	               0.00	               0.00	               0.00	               0.00	               0.00	               0.00	               0.00	               0.00	               0.00	               0.00	               0.00	         5200000.00	         3962794.00	         1180000.00	         5142794.00	           57206.00
6*  Sponsoring PAPs ward PRJ NL-S-CSR-275	         1200000.00	               0.00	               0.00	               0.00	         1200000.00	         1200000.00	               0.00	               0.00	               0.00	         1200000.00	               0.00	               0.00	               0.00	               0.00	               0.00	               0.00	               0.00	               0.00	               0.00	               0.00	               0.00	               0.00	               0.00	               0.00	               0.00	               0.00	               0.00	               0.00	               0.00	               0.00	         1200000.00	               0.00	               0.00	               0.00	         1200000.00
6*  Scholarships to girl PRJ NL-S-CSR-276	         1200000.00	         1072095.20	               0.00	         1072095.20	          127904.80	         1200000.00	         1072095.20	               0.00	         1072095.20	          127904.80	               0.00	               0.00	               0.00	               0.00	               0.00	               0.00	               0.00	               0.00	               0.00	               0.00	               0.00	               0.00	               0.00	               0.00	               0.00	               0.00	               0.00	               0.00	               0.00	               0.00	         1200000.00	         1072095.20	               0.00	         1072095.20	          127904.80
6*  School kits, Beti Pa PRJ NL-S-CSR-277	          200000.00	          198023.62	               0.00	          198023.62	            1976.38	          200000.00	          198023.62	               0.00	          198023.62	            1976.38	               0.00	               0.00	               0.00	               0.00	               0.00	               0.00	               0.00	               0.00	               0.00	               0.00	               0.00	               0.00	               0.00	               0.00	               0.00	               0.00	               0.00	               0.00	               0.00	               0.00	          200000.00	          198023.62	               0.00	          198023.62	            1976.38
6*  Classroom in GovPS B PRJ NL-S-CSR-278	          789728.90	          789728.90	               0.00	          789728.90	               0.00	          789728.90	          789728.90	               0.00	          789728.90	               0.00	               0.00	               0.00	               0.00	               0.00	               0.00	               0.00	               0.00	               0.00	               0.00	               0.00	               0.00	               0.00	               0.00	               0.00	               0.00	               0.00	               0.00	               0.00	               0.00	               0.00	          789728.90	          789728.90	               0.00	          789728.90	               0.00
6*  Classroom Gov SSS, B PRJ NL-S-CSR-279	          826202.01	          826202.01	               0.00	          826202.01	               0.00	          826202.01	          826202.01	               0.00	          826202.01	               0.00	               0.00	               0.00	               0.00	               0.00	               0.00	               0.00	               0.00	               0.00	               0.00	               0.00	               0.00	               0.00	               0.00	               0.00	               0.00	               0.00	               0.00	               0.00	               0.00	               0.00	          826202.01	          826202.01	               0.00	          826202.01	               0.00
6*  Library in Bithnok   PRJ NL-S-CSR-280	         1180662.90	         1180662.90	               0.00	         1180662.90	               0.00	         1180662.90	         1180662.90	               0.00	         1180662.90	               0.00	               0.00	               0.00	               0.00	               0.00	               0.00	               0.00	               0.00	               0.00	               0.00	               0.00	               0.00	               0.00	               0.00	               0.00	               0.00	               0.00	               0.00	               0.00	               0.00	               0.00	         1180662.90	         1180662.90	               0.00	         1180662.90	               0.00
6*  Addl. classrooms etc PRJ NL-S-CSR-281	               0.00	          960077.98	               0.00	          960077.98	         -960077.98	               0.00	          960077.98	               0.00	          960077.98	         -960077.98	               0.00	               0.00	               0.00	               0.00	               0.00	               0.00	               0.00	               0.00	               0.00	               0.00	               0.00	               0.00	               0.00	               0.00	               0.00	               0.00	               0.00	               0.00	               0.00	               0.00	               0.00	          960077.98	               0.00	          960077.98	         -960077.98
6*  Infra. @Govt. school PRJ NL-S-CSR-282	         2225828.02	         2169484.36	               0.00	         2169484.36	           56343.66	         2225828.02	         2169484.36	               0.00	         2169484.36	           56343.66	               0.00	               0.00	               0.00	               0.00	               0.00	               0.00	               0.00	               0.00	               0.00	               0.00	               0.00	               0.00	               0.00	               0.00	               0.00	               0.00	               0.00	               0.00	               0.00	               0.00	         2225828.02	         2169484.36	               0.00	         2169484.36	           56343.66
6*  Classroom in Gov SSS PRJ NL-S-CSR-283	               0.00	          825642.00	               0.00	          825642.00	         -825642.00	               0.00	          825642.00	               0.00	          825642.00	         -825642.00	               0.00	               0.00	               0.00	               0.00	               0.00	               0.00	               0.00	               0.00	               0.00	               0.00	               0.00	               0.00	               0.00	               0.00	               0.00	               0.00	               0.00	               0.00	               0.00	               0.00	               0.00	          825642.00	               0.00	          825642.00	         -825642.00
6*  Classroom etc-Gov SS PRJ NL-S-CSR-284	         1057087.73	         1056714.11	               0.00	         1056714.11	             373.62	         1057087.73	         1056714.11	               0.00	         1056714.11	             373.62	               0.00	               0.00	               0.00	               0.00	               0.00	               0.00	               0.00	               0.00	               0.00	               0.00	               0.00	               0.00	               0.00	               0.00	               0.00	               0.00	               0.00	               0.00	               0.00	               0.00	         1057087.73	         1056714.11	               0.00	         1056714.11	             373.62
6*  Library @ Ummaram ki PRJ NL-S-CSR-285	               0.00	               0.00	               0.00	               0.00	               0.00	               0.00	               0.00	               0.00	               0.00	               0.00	               0.00	               0.00	               0.00	               0.00	               0.00	               0.00	               0.00	               0.00	               0.00	               0.00	               0.00	               0.00	               0.00	               0.00	               0.00	               0.00	               0.00	               0.00	               0.00	               0.00	               0.00	               0.00	               0.00	               0.00	               0.00
6*  Library in Pithrasar PRJ NL-S-CSR-286	         1328000.00	               0.00	          314756.67	          314756.67	         1013243.33	         1328000.00	               0.00	          314756.67	          314756.67	         1013243.33	               0.00	               0.00	               0.00	               0.00	               0.00	               0.00	               0.00	               0.00	               0.00	               0.00	               0.00	               0.00	               0.00	               0.00	               0.00	               0.00	               0.00	               0.00	               0.00	               0.00	         1328000.00	               0.00	          314756.67	          314756.67	         1013243.33
6*  FA to SOS, Neyveli   PRJ NL-S-CSR-287	         6000000.00	         6000000.00	               0.00	         6000000.00	               0.00	         6000000.00	         6000000.00	               0.00	         6000000.00	               0.00	               0.00	               0.00	               0.00	               0.00	               0.00	               0.00	               0.00	               0.00	               0.00	               0.00	               0.00	               0.00	               0.00	               0.00	               0.00	               0.00	               0.00	               0.00	               0.00	               0.00	         6000000.00	         6000000.00	               0.00	         6000000.00	               0.00
6*  Skill Development tr PRJ NL-S-CSR-288	         2000000.00	               0.00	               0.00	               0.00	         2000000.00	         2000000.00	               0.00	               0.00	               0.00	         2000000.00	               0.00	               0.00	               0.00	               0.00	               0.00	               0.00	               0.00	               0.00	               0.00	               0.00	               0.00	               0.00	               0.00	               0.00	               0.00	               0.00	               0.00	               0.00	               0.00	               0.00	         2000000.00	               0.00	               0.00	               0.00	         2000000.00
6*  Upgradation faciliti PRJ NL-S-CSR-289	         5000000.00	         4862690.88	               0.00	         4862690.88	          137309.12	         5000000.00	         4862690.88	               0.00	         4862690.88	          137309.12	               0.00	               0.00	               0.00	               0.00	               0.00	               0.00	               0.00	               0.00	               0.00	               0.00	               0.00	               0.00	               0.00	               0.00	               0.00	               0.00	               0.00	               0.00	               0.00	               0.00	         5000000.00	         4862690.88	               0.00	         4862690.88	          137309.12
6*  Skill enhancing/empl PRJ NL-S-CSR-290	         5000000.00	               0.00	               0.00	               0.00	         5000000.00	         5000000.00	               0.00	               0.00	               0.00	         5000000.00	               0.00	               0.00	               0.00	               0.00	               0.00	               0.00	               0.00	               0.00	               0.00	               0.00	               0.00	               0.00	               0.00	               0.00	               0.00	               0.00	               0.00	               0.00	               0.00	               0.00	         5000000.00	               0.00	               0.00	               0.00	         5000000.00
6*  Roofing etc for VCT- PRJ NL-S-CSR-291	          600000.00	               0.00	               0.00	               0.00	          600000.00	          600000.00	               0.00	               0.00	               0.00	          600000.00	               0.00	               0.00	               0.00	               0.00	               0.00	               0.00	               0.00	               0.00	               0.00	               0.00	               0.00	               0.00	               0.00	               0.00	               0.00	               0.00	               0.00	               0.00	               0.00	               0.00	          600000.00	               0.00	               0.00	               0.00	          600000.00
6*  FA NeyamVeterinaryWe PRJ NL-S-CSR-292	         1500000.00	         1500000.00	               0.00	         1500000.00	               0.00	         1500000.00	         1500000.00	               0.00	         1500000.00	               0.00	               0.00	               0.00	               0.00	               0.00	               0.00	               0.00	               0.00	               0.00	               0.00	               0.00	               0.00	               0.00	               0.00	               0.00	               0.00	               0.00	               0.00	               0.00	               0.00	               0.00	         1500000.00	         1500000.00	               0.00	         1500000.00	               0.00
6*  Swamy Sagajanantha M PRJ NL-S-CSR-293	         5000000.00	         4710746.21	           20757.79	         4731504.00	          268496.00	         5000000.00	         4669058.06	           20757.79	         4689815.85	          310184.15	               0.00	           41688.15	               0.00	           41688.15	          -41688.15	               0.00	               0.00	               0.00	               0.00	               0.00	               0.00	               0.00	               0.00	               0.00	               0.00	               0.00	               0.00	               0.00	               0.00	               0.00	         5000000.00	         4710746.21	           20757.79	         4731504.00	          268496.00
6*  Camel festival Janua PRJ NL-S-CSR-294	          200000.00	          200000.00	               0.00	          200000.00	               0.00	          200000.00	          200000.00	               0.00	          200000.00	               0.00	               0.00	               0.00	               0.00	               0.00	               0.00	               0.00	               0.00	               0.00	               0.00	               0.00	               0.00	               0.00	               0.00	               0.00	               0.00	               0.00	               0.00	               0.00	               0.00	               0.00	          200000.00	          200000.00	               0.00	          200000.00	               0.00
6*  FA to  Armed Forces  PRJ NL-S-CSR-295	          500000.00	          500000.00	               0.00	          500000.00	               0.00	          500000.00	          500000.00	               0.00	          500000.00	               0.00	               0.00	               0.00	               0.00	               0.00	               0.00	               0.00	               0.00	               0.00	               0.00	               0.00	               0.00	               0.00	               0.00	               0.00	               0.00	               0.00	               0.00	               0.00	               0.00	               0.00	          500000.00	          500000.00	               0.00	          500000.00	               0.00
6*  Upgradation of Gym,S PRJ NL-S-CSR-296	         1500000.00	          869922.97	               0.00	          869922.97	          630077.03	         1500000.00	          869922.97	               0.00	          869922.97	          630077.03	               0.00	               0.00	               0.00	               0.00	               0.00	               0.00	               0.00	               0.00	               0.00	               0.00	               0.00	               0.00	               0.00	               0.00	               0.00	               0.00	               0.00	               0.00	               0.00	               0.00	         1500000.00	          869922.97	               0.00	          869922.97	          630077.03
6*  Sports meet, Bikaner PRJ NL-S-CSR-297	         1500000.00	         1491674.29	            8185.66	         1499859.95	             140.05	         1500000.00	         1491674.29	            8185.66	         1499859.95	             140.05	               0.00	               0.00	               0.00	               0.00	               0.00	               0.00	               0.00	               0.00	               0.00	               0.00	               0.00	               0.00	               0.00	               0.00	               0.00	               0.00	               0.00	               0.00	               0.00	               0.00	         1500000.00	         1491674.29	            8185.66	         1499859.95	             140.05
6*  Cement Road in Kovil PRJ NL-S-CSR-298	         2300000.00	               0.00	               0.00	               0.00	         2300000.00	         2300000.00	               0.00	               0.00	               0.00	         2300000.00	               0.00	               0.00	               0.00	               0.00	               0.00	               0.00	               0.00	               0.00	               0.00	               0.00	               0.00	               0.00	               0.00	               0.00	               0.00	               0.00	               0.00	               0.00	               0.00	               0.00	         2300000.00	               0.00	               0.00	               0.00	         2300000.00
6*  Pudukoorapetai Road  PRJ NL-S-CSR-299	         2000000.00	               0.00	         1583196.95	         1583196.95	          416803.05	         2000000.00	               0.00	         1583196.95	         1583196.95	          416803.05	               0.00	               0.00	               0.00	               0.00	               0.00	               0.00	               0.00	               0.00	               0.00	               0.00	               0.00	               0.00	               0.00	               0.00	               0.00	               0.00	               0.00	               0.00	               0.00	               0.00	         2000000.00	               0.00	         1583196.95	         1583196.95	          416803.05
6*  Leveling of hilly, s PRJ NL-S-CSR-300	          200000.00	               0.00	               0.00	               0.00	          200000.00	          200000.00	               0.00	               0.00	               0.00	          200000.00	               0.00	               0.00	               0.00	               0.00	               0.00	               0.00	               0.00	               0.00	               0.00	               0.00	               0.00	               0.00	               0.00	               0.00	               0.00	               0.00	               0.00	               0.00	               0.00	               0.00	          200000.00	               0.00	               0.00	               0.00	          200000.00
6*  Retaining wall, Vada PRJ NL-S-CSR-301	               0.00	               0.00	               0.00	               0.00	               0.00	               0.00	               0.00	               0.00	               0.00	               0.00	               0.00	               0.00	               0.00	               0.00	               0.00	               0.00	               0.00	               0.00	               0.00	               0.00	               0.00	               0.00	               0.00	               0.00	               0.00	               0.00	               0.00	               0.00	               0.00	               0.00	               0.00	               0.00	               0.00	               0.00	               0.00
6*  Checkdam@Periya Odai PRJ NL-S-CSR-302	        91000000.00	        90989393.00	               0.00	        90989393.00	           10607.00	        91000000.00	        90989393.00	               0.00	        90989393.00	           10607.00	               0.00	               0.00	               0.00	               0.00	               0.00	               0.00	               0.00	               0.00	               0.00	               0.00	               0.00	               0.00	               0.00	               0.00	               0.00	               0.00	               0.00	               0.00	               0.00	               0.00	        91000000.00	        90989393.00	               0.00	        90989393.00	           10607.00
6*  Flood protection wor PRJ NL-S-CSR-303	        93000000.00	        93000000.00	               0.00	        93000000.00	               0.00	        93000000.00	        93000000.00	               0.00	        93000000.00	               0.00	               0.00	               0.00	               0.00	               0.00	               0.00	               0.00	               0.00	               0.00	               0.00	               0.00	               0.00	               0.00	               0.00	               0.00	               0.00	               0.00	               0.00	               0.00	               0.00	               0.00	        93000000.00	        93000000.00	               0.00	        93000000.00	               0.00
6*  Desilting/renovation PRJ NL-S-CSR-304	         5000000.00	         4897722.09	          507547.04	         5405269.13	         -405269.13	         5000000.00	         4897722.09	          507547.04	         5405269.13	         -405269.13	               0.00	               0.00	               0.00	               0.00	               0.00	               0.00	               0.00	               0.00	               0.00	               0.00	               0.00	               0.00	               0.00	               0.00	               0.00	               0.00	               0.00	               0.00	               0.00	               0.00	         5000000.00	         4897722.09	          507547.04	         5405269.13	         -405269.13
6*  Mangalampet, Roobana PRJ NL-S-CSR-305	         5000000.00	               0.00	               0.00	               0.00	         5000000.00	         5000000.00	               0.00	               0.00	               0.00	         5000000.00	               0.00	               0.00	               0.00	               0.00	               0.00	               0.00	               0.00	               0.00	               0.00	               0.00	               0.00	               0.00	               0.00	               0.00	               0.00	               0.00	               0.00	               0.00	               0.00	               0.00	         5000000.00	               0.00	               0.00	               0.00	         5000000.00
6*  Regular Activities o PRJ NL-S-CSR-306	       983302000.00	       384958983.90	        74903705.65	       459862689.55	       523439310.45	       983302000.00	       374758107.90	        74903705.65	       449661813.55	       533640186.45	               0.00	        10200876.00	               0.00	        10200876.00	       -10200876.00	               0.00	               0.00	               0.00	               0.00	               0.00	               0.00	               0.00	               0.00	               0.00	               0.00	               0.00	               0.00	               0.00	               0.00	               0.00	       983302000.00	       384958983.90	        74903705.65	       459862689.55	       523439310.45
6*  Regular Activities o PRJ NL-S-CSR-307	       435385000.00	               0.00	               0.00	               0.00	       435385000.00	               0.00	               0.00	               0.00	               0.00	               0.00	       435385000.00	               0.00	               0.00	               0.00	       435385000.00	               0.00	               0.00	               0.00	               0.00	               0.00	               0.00	               0.00	               0.00	               0.00	               0.00	               0.00	               0.00	               0.00	               0.00	               0.00	       435385000.00	               0.00	               0.00	               0.00	       435385000.00
6*  Regular Activities o PRJ NL-S-CSR-308	       506385000.00	       193136715.86	        47485332.87	       240622048.73	       265762951.27	               0.00	               0.00	               0.00	               0.00	               0.00	       506385000.00	       193136715.86	        47485332.87	       240622048.73	       265762951.27	               0.00	               0.00	               0.00	               0.00	               0.00	               0.00	               0.00	               0.00	               0.00	               0.00	               0.00	               0.00	               0.00	               0.00	               0.00	       506385000.00	       193136715.86	        47485332.87	       240622048.73	       265762951.27
6*  NIRL BSS TN 250 MW / PRJ NR-C-BSS-001	       369659000.00	         1168200.00	       364849935.00	       366018135.00	         3640865.00	               0.00	               0.00	               0.00	               0.00	               0.00	       369659000.00	         1168200.00	               0.00	         1168200.00	       368490800.00	               0.00	               0.00	       364849935.00	       364849935.00	      -364849935.00	               0.00	               0.00	               0.00	               0.00	               0.00	               0.00	               0.00	               0.00	               0.00	               0.00	       369659000.00	         1168200.00	       364849935.00	       366018135.00	         3640865.00
6*  600 MW Solar Khavda  PRJ NR-C-SOL-001	               0.00	               0.00	               0.00	               0.00	               0.00	               0.00	               0.00	               0.00	               0.00	               0.00	               0.00	               0.00	               0.00	               0.00	               0.00	               0.00	               0.00	               0.00	               0.00	               0.00	               0.00	               0.00	               0.00	               0.00	               0.00	               0.00	               0.00	               0.00	               0.00	               0.00	               0.00	               0.00	               0.00	               0.00	               0.00
6*  NIRL 600 MW Solar Po PRJ NR-C-SOL-002	     16906941724.32	      6283783728.96	      6758831514.51	     13042615243.47	      3864326480.85	      3037918322.60	      3037918322.60	               0.00	      3037918322.60	               0.00	     13869023401.72	      3245865406.36	      6758831514.51	     10004696920.87	      3864326480.85	               0.00	               0.00	               0.00	               0.00	               0.00	               0.00	               0.00	               0.00	               0.00	               0.00	               0.00	               0.00	               0.00	               0.00	               0.00	     16906941724.32	      6283783728.96	      6758831514.51	     13042615243.47	      3864326480.85
6*  810 MW SPP - Pugal R PRJ NR-C-SOL-003	     18960611901.00	      1859644600.00	      9494652230.90	     11354296830.90	      7606315070.10	          613600.00	          613600.00	               0.00	          613600.00	               0.00	     18959998301.00	      1859031000.00	         1056230.90	      1860087230.90	     17099911070.10	               0.00	               0.00	      9493596000.00	      9493596000.00	     -9493596000.00	               0.00	               0.00	               0.00	               0.00	               0.00	               0.00	               0.00	               0.00	               0.00	               0.00	     18960611901.00	      1859644600.00	      9494652230.90	     11354296830.90	      7606315070.10
6*  NIRL 1850 acres of L PRJ NR-C-SOL-004	      2210000000.00	               0.00	      2210000000.00	      2210000000.00	               0.00	               0.00	               0.00	               0.00	               0.00	               0.00	      2210000000.00	               0.00	      2210000000.00	      2210000000.00	               0.00	               0.00	               0.00	               0.00	               0.00	               0.00	               0.00	               0.00	               0.00	               0.00	               0.00	               0.00	               0.00	               0.00	               0.00	               0.00	      2210000000.00	               0.00	      2210000000.00	      2210000000.00	               0.00
6*  200 MW WIND SJVN     PRJ NR-C-WND-001	             100.00	               0.00	               5.00	               5.00	              95.00	               0.00	               0.00	               0.00	               0.00	               0.00	             100.00	               0.00	               5.00	               5.00	              95.00	               0.00	               0.00	               0.00	               0.00	               0.00	               0.00	               0.00	               0.00	               0.00	               0.00	               0.00	               0.00	               0.00	               0.00	               0.00	             100.00	               0.00	               5.00	               5.00	              95.00
6*  NTPL Thermal Project PRJ NT-C-NTP-002	        45130153.02	        16627789.98	        27672614.78	        44300404.76	          829748.26	        45130153.02	        15493559.98	        27672614.78	        43166174.76	         1963978.26	               0.00	         1134230.00	               0.00	         1134230.00	        -1134230.00	               0.00	               0.00	               0.00	               0.00	               0.00	               0.00	               0.00	               0.00	               0.00	               0.00	               0.00	               0.00	               0.00	               0.00	               0.00	        45130153.02	        16627789.98	        27672614.78	        44300404.76	          829748.26
6*  NTPL Flue Gas Desulp PRJ NT-C-NTP-003	      9810934118.88	      7540060491.70	      2042409851.56	      9582470343.26	       228463775.62	      6855453569.24	      6855453569.24	       117022023.45	      6972475592.69	      -117022023.45	      2955480549.64	       684606922.46	      1925387828.11	      2609994750.57	       345485799.07	               0.00	               0.00	               0.00	               0.00	               0.00	               0.00	               0.00	               0.00	               0.00	               0.00	               0.00	               0.00	               0.00	               0.00	               0.00	      9810934118.88	      7540060491.70	      2042409851.56	      9582470343.26	       228463775.62
6*  NTPL Capital Spares  PRJ NT-M-NTP-001	       463540578.61	       287364530.38	       147860671.69	       435225202.07	        28315376.54	       371462677.83	       276218492.83	        37964197.84	       314182690.67	        57279987.16	        92077900.78	        11146037.55	        94864556.99	       106010594.54	       -13932693.76	               0.00	               0.00	        15031916.86	        15031916.86	       -15031916.86	               0.00	               0.00	               0.00	               0.00	               0.00	               0.00	               0.00	               0.00	               0.00	               0.00	       463540578.61	       287364530.38	       147860671.69	       435225202.07	        28315376.54
6*  NTPL Non-Plan CAPEX  PRJ NT-N-NTP-001	      1970649439.48	      1242721645.28	       368307036.59	      1611028681.87	       359620757.61	      1923171780.35	       851206307.87	       199079088.62	      1050285396.49	       872886383.86	        47477659.13	       391515337.41	       168823915.97	       560339253.38	      -512861594.25	               0.00	               0.00	          404032.00	          404032.00	         -404032.00	               0.00	               0.00	               0.00	               0.00	               0.00	               0.00	               0.00	               0.00	               0.00	               0.00	      1970729813.48	      1242721645.28	       368307036.59	      1611028681.87	       359701131.61
6*  NTPL Non-plan CAPEX  PRJ NT-N-NTP-002	        79453010.23	        71371791.25	         6667119.08	        78038910.33	         1414099.90	        79453010.23	        71371791.25	         6667119.08	        78038910.33	         1414099.90	               0.00	               0.00	               0.00	               0.00	               0.00	               0.00	               0.00	               0.00	               0.00	               0.00	               0.00	               0.00	               0.00	               0.00	               0.00	               0.00	               0.00	               0.00	               0.00	               0.00	        79453010.23	        71371791.25	         6667119.08	        78038910.33	         1414099.90
6*  NTPL Non-Plan CAPEX  PRJ NT-N-NTP-003	        17143394.00	         6059090.35	               0.00	         6059090.35	        11084303.65	        17143394.00	         6059090.35	               0.00	         6059090.35	        11084303.65	               0.00	               0.00	               0.00	               0.00	               0.00	               0.00	               0.00	               0.00	               0.00	               0.00	               0.00	               0.00	               0.00	               0.00	               0.00	               0.00	               0.00	               0.00	               0.00	               0.00	        17143394.00	         6059090.35	               0.00	         6059090.35	        11084303.65
6*  NTPL Non-Plan CAPEX  PRJ NT-N-NTP-004	         2121388.29	         2121388.29	               0.00	         2121388.29	               0.00	         2121388.29	         2121388.29	               0.00	         2121388.29	               0.00	               0.00	               0.00	               0.00	               0.00	               0.00	               0.00	               0.00	               0.00	               0.00	               0.00	               0.00	               0.00	               0.00	               0.00	               0.00	               0.00	               0.00	               0.00	               0.00	               0.00	         2121388.29	         2121388.29	               0.00	         2121388.29	               0.00
6*  NTPL Non-Plan CAPEX  PRJ NT-N-NTP-005	        15732155.56	         7589736.91	               0.00	         7589736.91	         8142418.65	        15732155.56	         7589736.91	               0.00	         7589736.91	         8142418.65	               0.00	               0.00	               0.00	               0.00	               0.00	               0.00	               0.00	               0.00	               0.00	               0.00	               0.00	               0.00	               0.00	               0.00	               0.00	               0.00	               0.00	               0.00	               0.00	               0.00	        15732155.56	         7589736.91	               0.00	         7589736.91	         8142418.65
6*  NTPL MOH Unit-I FY20 PRJ NT-O-NTP-001	       200677379.00	               0.00	               0.00	               0.00	       200677379.00	       200677379.00	               0.00	               0.00	               0.00	       200677379.00	               0.00	               0.00	               0.00	               0.00	               0.00	               0.00	               0.00	               0.00	               0.00	               0.00	               0.00	               0.00	               0.00	               0.00	               0.00	               0.00	               0.00	               0.00	               0.00	               0.00	       200677379.00	               0.00	               0.00	               0.00	       200677379.00
6*  NTPL CSR Projects    PRJ NT-S-NTP-001	       120953263.09	        56592589.39	        22055350.23	        78647939.62	        42305323.47	        58019627.73	        51443862.73	               0.00	        51443862.73	         6575765.00	        62933635.36	         5148726.66	        22055350.23	        27204076.89	        35729558.47	               0.00	               0.00	               0.00	               0.00	               0.00	               0.00	               0.00	               0.00	               0.00	               0.00	               0.00	               0.00	               0.00	               0.00	               0.00	       120953268.09	        56592589.39	        22055350.23	        78647939.62	        42305328.47
6*  NUPPL Thermal Projec PRJ NU-C-GTP-001	     60940573790.17	     45907811526.17	     10251499734.91	     56159311261.08	      4781262529.09	     60940573790.17	     45326815025.31	     10251499734.91	     55578314760.22	      5362259029.95	               0.00	       580996500.86	               0.00	       580996500.86	      -580996500.86	               0.00	               0.00	               0.00	               0.00	               0.00	               0.00	               0.00	               0.00	               0.00	               0.00	               0.00	               0.00	               0.00	               0.00	               0.00	     60940573946.33	     45907811526.17	     10251499734.91	     56159311261.08	      4781262685.25
6*  NUPPL Thermal Projec PRJ NU-C-GTP-003	     66543912350.00	     46930813070.70	     11362606595.38	     58293419666.08	      8250492683.92	     44299970883.51	     43723458278.75	       466612425.04	     44190070703.79	       109900179.72	     22243941466.49	      3207354791.95	     10765457643.16	     13972812435.11	      8271129031.38	               0.00	               0.00	       130536527.18	       130536527.18	      -130536527.18	               0.00	               0.00	               0.00	               0.00	               0.00	               0.00	               0.00	               0.00	               0.00	               0.00	     66543912350.38	     46930813070.70	     11362606595.38	     58293419666.08	      8250492684.30
6*  PSCB Mines           PRJ NU-C-MPS-001	      6932643000.00	       143411992.07	       900244617.63	      1043656609.70	      5888986390.30	      1932643000.00	        76575003.30	        30652590.50	       107227593.80	      1825415406.20	      5000000000.00	        66836988.77	       869592027.13	       936429015.90	      4063570984.10	               0.00	               0.00	               0.00	               0.00	               0.00	               0.00	               0.00	               0.00	               0.00	               0.00	               0.00	               0.00	               0.00	               0.00	               0.00	      6932643000.00	       143411992.07	       900244617.63	      1043656609.70	      5888986390.30
6*  800 KW Roof Top Sola PRJ NU-C-SOL-001	        35667264.00	               0.00	        35667263.17	        35667263.17	               0.83	               0.00	               0.00	               0.00	               0.00	               0.00	        35667264.00	               0.00	        35667263.17	        35667263.17	               0.83	               0.00	               0.00	               0.00	               0.00	               0.00	               0.00	               0.00	               0.00	               0.00	               0.00	               0.00	               0.00	               0.00	               0.00	               0.00	        35667264.00	               0.00	        35667263.17	        35667263.17	               0.83
6*  PSCB Feasibility Pro PRJ NU-F-MPS-001	       453345000.00	               0.00	               0.00	               0.00	       453345000.00	       453345000.00	               0.00	               0.00	               0.00	       453345000.00	               0.00	               0.00	               0.00	               0.00	               0.00	               0.00	               0.00	               0.00	               0.00	               0.00	               0.00	               0.00	               0.00	               0.00	               0.00	               0.00	               0.00	               0.00	               0.00	               0.00	       453345000.00	               0.00	               0.00	               0.00	       453345000.00
6*  GTP Non Plan Capex 2 PRJ NU-N-GTP-001	       621021200.00	               0.00	               0.00	               0.00	       621021200.00	               0.00	               0.00	               0.00	               0.00	               0.00	       621021200.00	               0.00	               0.00	               0.00	       621021200.00	               0.00	               0.00	               0.00	               0.00	               0.00	               0.00	               0.00	               0.00	               0.00	               0.00	               0.00	               0.00	               0.00	               0.00	               0.00	       621021200.00	               0.00	               0.00	               0.00	       621021200.00
Result	    416308783367.63	    184204965907.41	    168479794238.89	    352685792882.40	     63622990485.23	    180008200076.90	    152567404975.59	     13749263263.69	    166317700972.77	     13690499104.13	    236300583290.73	     31637560931.82	    141865670476.21	    173503231410.64	     62797351880.09	               0.00	               0.00	     11920900665.05	     11920900665.05	    -11920900665.05	               0.00	               0.00	       892653836.67	       892653836.67	      -892653836.67	               0.00	               0.00	        51305997.27	        51305997.27	       -51305997.27	    416372735780.55	    184204965907.41	    168479794238.89	    352685792882.40	     63686942898.15
