Budget Updates	Current data (26.11.2025 12:26:23)
	Total of years	Total of years	Total of years	Total of years	Total of years	Total of years	Previous years	Previous years	Previous years	Previous years	Previous years	Previous years	2025	2025	2025	2025	2025	2025	2026	2026	2026	2026	2026	2026	2027	2027	2027	2027	2027	2027	2028 and following	2028 and following	2028 and following	2028 and following	2028 and following	2028 and following	Overall values	Overall values	Overall values	Overall values	Overall values	Overall values
Object	Orig.bud.	Supplement	Return	Transfer	Curr.Bdgt	Release	Orig.bud.	Supplement	Return	Transfer	Curr.Bdgt	Release	Orig.bud.	Supplement	Return	Transfer	Curr.Bdgt	Release	Orig.bud.	Supplement	Return	Transfer	Curr.Bdgt	Release	Orig.bud.	Supplement	Return	Transfer	Curr.Bdgt	Release	Orig.bud.	Supplement	Return	Transfer	Curr.Bdgt	Release	Orig.bud.	Supplement	Return	Transfer	Curr.Bdgt	Release
Displayed in	1 INR	1 INR	1 INR	1 INR	1 INR	1 INR	1 INR	1 INR	1 INR	1 INR	1 INR	1 INR	1 INR	1 INR	1 INR	1 INR	1 INR	1 INR	1 INR	1 INR	1 INR	1 INR	1 INR	1 INR	1 INR	1 INR	1 INR	1 INR	1 INR	1 INR	1 INR	1 INR	1 INR	1 INR	1 INR	1 INR	1 INR	1 INR	1 INR	1 INR	1 INR	1 INR
5*  PRJ NG-C-SOL-001               600 MW Solar @ GSECL	           10000000	                  0	          -10000000	                  0	                  0	                  0	           10000000	                  0	          -10000000	                  0	                  0	                  0	                  0	                  0	                  0	                  0	                  0	                  0	                  0	                  0	                  0	                  0	                  0	                  0	                  0	                  0	                  0	                  0	                  0	                  0	                  0	                  0	                  0	                  0	                  0	                  0	           10000000	                  0	          -10000000	                  0	                  0	                  0
5*  PRJ NL-C-BSP-001               300 MW Solar Power P	         4845500000	        14411100000	         -119342480	                  0	        19137257520	        15282473051	         4845500000	        14411100000	         -119342480	                  0	         5647895502	         5647895502	                  0	                  0	                  0	                  0	        13489362018	         9634577550	                  0	                  0	                  0	                  0	                  0	                  0	                  0	                  0	                  0	                  0	                  0	                  0	                  0	                  0	                  0	                  0	                  0	                  0	         4845500000	        14411100000	         -119342480	                  0	        19137257520	        16074525230
5*  PRJ NL-C-CRD-001               CARD R&D Project	                  0	                  0	                  0	                  0	                  0	                  0	                  0	                  0	                  0	                  0	                  0	                  0	                  0	                  0	                  0	                  0	                  0	                  0	                  0	                  0	                  0	                  0	                  0	                  0	                  0	                  0	                  0	                  0	                  0	                  0	                  0	                  0	                  0	                  0	                  0	                  0	                  0	            3722000	           -3722000	                  0	                  0	                  0
5*  PRJ NL-C-CRD-002               Lignite to disel cap	             250000	            5445634	           -1708325	                  0	            3987309	              45169	             250000	            5445634	           -1708325	                  0	            3987309	              45169	                  0	                  0	                  0	                  0	                  0	                  0	                  0	                  0	                  0	                  0	                  0	                  0	                  0	                  0	                  0	                  0	                  0	                  0	                  0	                  0	                  0	                  0	                  0	                  0	             250000	            5445634	           -1708325	                  0	            3987309	            3987309
5*  PRJ NL-C-CRD-003               CARD-IITM-Developmen	            2500000	           13295400	           -2500401	                  0	           13294999	                  0	            2500000	           13295400	           -2500401	                  0	           13294999	                  0	                  0	                  0	                  0	                  0	                  0	                  0	                  0	                  0	                  0	                  0	                  0	                  0	                  0	                  0	                  0	                  0	                  0	                  0	                  0	                  0	                  0	                  0	                  0	                  0	            2500000	           13295400	           -2500401	                  0	           13294999	           13294999
5*  PRJ NL-C-CRD-004               CAPEX PROJECT FOR CA	          730550000	          253500000	         -214778796	                  0	          769271204	          518648498	          595550000	          253500000	          -42235561	                  0	          373295067	          373295067	          135000000	                  0	         -172543235	                  0	          395976137	          145353431	                  0	                  0	                  0	                  0	                  0	                  0	                  0	                  0	                  0	                  0	                  0	                  0	                  0	                  0	                  0	                  0	                  0	                  0	          730550000	          253500000	         -214778796	                  0	          769271204	          761563301
5*  PRJ NL-C-H01-001               Green Hydrogen 4MW S	          864200000	                  0	                  0	                  0	          864200000	          864200000	                  0	                  0	                  0	                  0	                  0	                  0	          864200000	                  0	                  0	                  0	          864200000	          864200000	                  0	                  0	                  0	                  0	                  0	                  0	                  0	                  0	                  0	                  0	                  0	                  0	                  0	                  0	                  0	                  0	                  0	                  0	          864200000	                  0	                  0	                  0	          864200000	          864200000
5*  PRJ NL-C-KSP-001               Khavda Solar Power P	         4665477300	         1956331775	        -6621410775	                  0	             398300	             398300	         4665477300	         1956331775	        -6621410775	                  0	             398300	             398300	                  0	                  0	                  0	                  0	                  0	                  0	                  0	                  0	                  0	                  0	                  0	                  0	                  0	                  0	                  0	                  0	                  0	                  0	                  0	                  0	                  0	                  0	                  0	                  0	         4665477300	         1956331775	        -6621410775	                  0	             398300	             398300
5*  PRJ NL-C-LAQ-001               Land Acquisiton Plan	         3836600000	         4293700000	        -2133661645	                  0	         5996638355	         4284942648	         1635000000	         4293700000	         -512677760	                  0	         3726816574	         3721657646	         2201600000	                  0	        -1620983884	                  0	         2269821782	          563285002	                  0	                  0	                  0	                  0	                  0	                  0	                  0	                  0	                  0	                  0	                  0	                  0	                  0	                  0	                  0	                  0	                  0	                  0	         3836600000	         4293700000	        -2133661645	                  0	         5996638355	         4329904594
5*  PRJ NL-C-MIA-001               EXPANSION OF MINE-IA	         6202700000	             501220	         -364935731	                  0	         5838265489	         3952424526	         1202700000	             501220	         -313679193	                  0	          713897062	          621185107	         5000000000	                  0	          -51256538	                  0	         5124368427	         3331239419	                  0	                  0	                  0	                  0	                  0	                  0	                  0	                  0	                  0	                  0	                  0	                  0	                  0	                  0	                  0	                  0	                  0	                  0	         6202700000	             501220	         -364935731	                  0	         5838265489	         4169271099
5*  PRJ NL-C-MN1-001               Mine 1 Capex Project	                  0	                  0	                  0	                  0	                  0	                  0	                  0	                  0	                  0	                  0	                  0	                  0	                  0	                  0	                  0	                  0	                  0	                  0	                  0	                  0	                  0	                  0	                  0	                  0	                  0	                  0	                  0	                  0	                  0	                  0	                  0	                  0	                  0	                  0	                  0	                  0	                  0	                  0	                  0	                  0	                  0	                  0
5*  PRJ NL-C-MN3-001               Mines III Capex Proj	            2484335	                  0	           -1148435	                  0	            1335900	            1318292	            1234335	                  0	           -1148435	                  0	              85900	              85900	            1250000	                  0	                  0	                  0	            1250000	            1232392	                  0	                  0	                  0	                  0	                  0	                  0	                  0	                  0	                  0	                  0	                  0	                  0	                  0	                  0	                  0	                  0	                  0	                  0	            2484335	                  0	           -1148435	                  0	            1335900	            1318292
5*  PRJ NL-C-MTL-001               Talabira II & III OC	         1640000000	                  0	                  0	                  0	         1640000000	         1640000000	         1640000000	                  0	                  0	                  0	         1640000000	         1640000000	                  0	                  0	                  0	                  0	                  0	                  0	                  0	                  0	                  0	                  0	                  0	                  0	                  0	                  0	                  0	                  0	                  0	                  0	                  0	                  0	                  0	                  0	                  0	                  0	         1640000000	                  0	                  0	                  0	         1640000000	         1640000000
5*  PRJ NL-C-MTL-002               Talabira II & III OC	         3261290713	         2377039750	        -1638603608	                  0	         3999726855	         3945516554	         1261290713	         2377039750	         -355853980	                  0	          855819788	          855819788	         2000000000	                  0	        -1282749628	                  0	         3143907067	         3089696767	                  0	                  0	                  0	                  0	                  0	                  0	                  0	                  0	                  0	                  0	                  0	                  0	                  0	                  0	                  0	                  0	                  0	                  0	         3261290713	         2377039750	        -1638603608	                  0	         3999726855	         3999726855
5*  PRJ NL-C-NDM-001               North Dhadu (Western	         1000000000	                  0	                  0	                  0	         1000000000	          535000000	                  0	                  0	                  0	                  0	                  0	                  0	         1000000000	                  0	                  0	                  0	         1000000000	          535000000	                  0	                  0	                  0	                  0	                  0	                  0	                  0	                  0	                  0	                  0	                  0	                  0	                  0	                  0	                  0	                  0	                  0	                  0	         1000000000	                  0	                  0	                  0	         1000000000	          535000000
5*  PRJ NL-C-NNT-001               NNTPP CAPEX PROJECT	          900000000	         1220002000	                  0	                  0	         2120002000	          476293780	          900000000	         1220002000	                  0	                  0	         1295641300	          434393622	                  0	                  0	                  0	                  0	          824360700	           41900157	                  0	                  0	                  0	                  0	                  0	                  0	                  0	                  0	                  0	                  0	                  0	                  0	                  0	                  0	                  0	                  0	                  0	                  0	          900000000	         1220002000	                  0	                  0	         2120002000	         2062039675
5*  PRJ NL-C-NNT-002               NNTPP Flue Gas Desul	         4370000000	         7285191407	         -340952707	                  0	        11314238701	        11071127964	         3645000000	         7285191407	         -278355028	                  0	         9467705623	         9467705623	          725000000	                  0	          -62597679	                  0	         1846533078	         1603422341	                  0	                  0	                  0	                  0	                  0	                  0	                  0	                  0	                  0	                  0	                  0	                  0	                  0	                  0	                  0	                  0	                  0	                  0	         4370000000	         7285191407	         -340952707	                  0	        11314238701	        11271127964
5*  PRJ NL-C-NPS-001               New Patrapara South	         2400000000	                  0	                  0	                  0	         2400000000	           15462198	         2400000000	                  0	                  0	                  0	                  0	                  0	                  0	                  0	                  0	                  0	         2400000000	           15462198	                  0	                  0	                  0	                  0	                  0	                  0	                  0	                  0	                  0	                  0	                  0	                  0	                  0	                  0	                  0	                  0	                  0	                  0	         2400000000	                  0	                  0	                  0	         2400000000	          765195603
5*  PRJ NL-C-PBD-001               IREDA-CPSU Scheme Ph	           60180000	                  0	                  0	                  0	           60180000	                  0	           60180000	                  0	                  0	                  0	           60180000	                  0	                  0	                  0	                  0	                  0	                  0	                  0	                  0	                  0	                  0	                  0	                  0	                  0	                  0	                  0	                  0	                  0	                  0	                  0	                  0	                  0	                  0	                  0	                  0	                  0	           60180000	                  0	                  0	                  0	           60180000	                  0
5*  PRJ NL-C-PBD-002               Neyveli 2x65 MW Sola	                  0	           10669830	                  0	                  0	           10669830	                  0	                  0	           10669830	                  0	                  0	           10669830	                  0	                  0	                  0	                  0	                  0	                  0	                  0	                  0	                  0	                  0	                  0	                  0	                  0	                  0	                  0	                  0	                  0	                  0	                  0	                  0	                  0	                  0	                  0	                  0	                  0	                  0	           10669830	                  0	                  0	           10669830	           10669830
5*  PRJ NL-C-SOL-001               Solar 10 MW Power Pr	          175000000	                  0	                  0	                  0	          175000000	                  0	          175000000	                  0	                  0	                  0	          175000000	                  0	                  0	                  0	                  0	                  0	                  0	                  0	                  0	                  0	                  0	                  0	                  0	                  0	                  0	                  0	                  0	                  0	                  0	                  0	                  0	                  0	                  0	                  0	                  0	                  0	          175000000	                  0	                  0	                  0	          175000000	                  0
5*  PRJ NL-C-SOL-002               Solar 50 MW in Mine	         1001000000	          806500000	             -56472	                  0	         1807443528	         1377480845	         1001000000	          806500000	             -56472	                  0	         1377480845	         1377480845	                  0	                  0	                  0	                  0	          429962683	                  0	                  0	                  0	                  0	                  0	                  0	                  0	                  0	                  0	                  0	                  0	                  0	                  0	                  0	                  0	                  0	                  0	                  0	                  0	         1001000000	          806500000	             -56472	                  0	         1807443528	         1807426239
5*  PRJ NL-C-SOL-003               200 MW Solar Power G	           10206500	          522175955	         -520059495	                  0	           12322960	            5740013	             206500	          522175955	                  0	                  0	            1590213	            1590213	           10000000	                  0	         -520059495	                  0	           10732748	            4149800	                  0	                  0	                  0	                  0	                  0	                  0	                  0	                  0	                  0	                  0	                  0	                  0	                  0	                  0	                  0	                  0	                  0	                  0	           10206500	          522175955	         -520059495	                  0	           12322960	            6472760
5*  PRJ NL-C-SOL-004               100 MW SOLAR (HYBRID	         1350000000	                  0	                  0	                  0	         1350000000	            1176000	         1350000000	                  0	                  0	                  0	            1176000	            1176000	                  0	                  0	                  0	                  0	         1348824000	                  0	                  0	                  0	                  0	                  0	                  0	                  0	                  0	                  0	                  0	                  0	                  0	                  0	                  0	                  0	                  0	                  0	                  0	                  0	         1350000000	                  0	                  0	                  0	         1350000000	            1750000
5*  PRJ NL-C-SOL-005               2.5 MW RTS & 1 MW FT	          163900000	                  0	                  0	                  0	          163900000	                  0	                  0	                  0	                  0	                  0	                  0	                  0	          163900000	                  0	                  0	                  0	          163900000	                  0	                  0	                  0	                  0	                  0	                  0	                  0	                  0	                  0	                  0	                  0	                  0	                  0	                  0	                  0	                  0	                  0	                  0	                  0	          163900000	                  0	                  0	                  0	          163900000	                  0
5*  PRJ NL-C-T22-001               TPS2 Second Expansio	           37078439	        89656362958	          -39212146	                  0	        89654229251	        89647717067	           20235653	           56362958	          -39212146	                  0	           36461700	           36461700	           16842786	        89600000000	                  0	                  0	        89617767551	        89611255367	                  0	                  0	                  0	                  0	                  0	                  0	                  0	                  0	                  0	                  0	                  0	                  0	                  0	                  0	                  0	                  0	                  0	                  0	           37078439	        89656362958	          -39212146	                  0	        89654229251	        89647717067
5*  PRJ NL-C-T2E-001               Performance Improvem	         2117034096	                  0	          -50038509	                  0	         2066995587	          932745285	         1058534096	                  0	                  0	                  0	          919574789	          919574789	         1058500000	                  0	          -50038509	                  0	         1147420798	           13170496	                  0	                  0	                  0	                  0	                  0	                  0	                  0	                  0	                  0	                  0	                  0	                  0	                  0	                  0	                  0	                  0	                  0	                  0	         2117034096	                  0	          -50038509	                  0	         2066995587	         1009516083
5*  PRJ NL-C-TAA-001               Mini Smart City	          173380000	                  0	                  0	                  0	          173380000	           42639688	          173380000	                  0	                  0	                  0	            6139688	            6139688	                  0	                  0	                  0	                  0	          167240313	           36500000	                  0	                  0	                  0	                  0	                  0	                  0	                  0	                  0	                  0	                  0	                  0	                  0	                  0	                  0	                  0	                  0	                  0	                  0	          173380000	                  0	                  0	                  0	          173380000	           47960750
5*  PRJ NL-C-TPP-001               NLC Talabira Thermal	         7270100000	        12093386840	        -6609314438	                  0	        12754172402	        10959082543	         2010100000	         8665386840	        -5447241724	                  0	         2548966718	         2548813318	         5260000000	         3428000000	        -1162072714	                  0	        10205205684	         8410269225	                  0	                  0	                  0	                  0	                  0	                  0	                  0	                  0	                  0	                  0	                  0	                  0	                  0	                  0	                  0	                  0	                  0	                  0	         7270100000	        12093386840	        -6609314438	                  0	        12754172402	        12471143704
5*  PRJ NL-C-TPP-002               NLC TTPP Main Packag	         5129690000	         5500000000	        -1034021226	                  0	         9595668774	         9591668774	         1529690000	         5500000000	        -1034021226	                  0	         5995668774	         5995668774	         3600000000	                  0	                  0	                  0	         3600000000	         3596000000	                  0	                  0	                  0	                  0	                  0	                  0	                  0	                  0	                  0	                  0	                  0	                  0	                  0	                  0	                  0	                  0	                  0	                  0	         5129690000	         5500000000	        -1034021226	                  0	         9595668774	         9591668774
5*  PRJ NL-C-TS1-001               TS I Switchyard Modi	          310620691	                  0	              -7744	                  0	          310612948	          302333943	          310620691	                  0	              -7744	                  0	          310612948	          302333943	                  0	                  0	                  0	                  0	                  0	                  0	                  0	                  0	                  0	                  0	                  0	                  0	                  0	                  0	                  0	                  0	                  0	                  0	                  0	                  0	                  0	                  0	                  0	                  0	          310620691	                  0	              -7744	                  0	          310612948	          310607948
5*  PRJ NL-C-WND-001               Wind Turbine Project	           23203970	                  0	                  0	                  0	           23203970	           18416660	           23203970	                  0	                  0	                  0	           23203970	           18416660	                  0	                  0	                  0	                  0	                  0	                  0	                  0	                  0	                  0	                  0	                  0	                  0	                  0	                  0	                  0	                  0	                  0	                  0	                  0	                  0	                  0	                  0	                  0	                  0	           23203970	                  0	                  0	                  0	           23203970	           23020825
5*  PRJ NL-C-WND-002               50 MW Wind Project	          165206500	         3432550000	         -158421582	                  0	         3439334918	         3356107663	          165206500	         3432550000	         -158421582	                  0	         2928210855	         2928210855	                  0	                  0	                  0	                  0	          511124063	          427896808	                  0	                  0	                  0	                  0	                  0	                  0	                  0	                  0	                  0	                  0	                  0	                  0	                  0	                  0	                  0	                  0	                  0	                  0	          165206500	         3432550000	         -158421582	                  0	         3439334918	         3356156663
5*  PRJ NL-F-MAC-001               MACHHAKATA (REVISED)	         1784638400	          479510000	                  0	                  0	         2264148400	          859462114	         1784638400	          479510000	                  0	                  0	          368607886	          368607886	                  0	                  0	                  0	                  0	         1895540514	          490854228	                  0	                  0	                  0	                  0	                  0	                  0	                  0	                  0	                  0	                  0	                  0	                  0	                  0	                  0	                  0	                  0	                  0	                  0	         1784638400	          479510000	                  0	                  0	         2264148400	         2169729719
5*  PRJ NL-F-MRP-001               Raipura Phosphorite	          233500000	                  0	                  0	                  0	          233500000	           46027815	                  0	                  0	                  0	                  0	                  0	                  0	          233500000	                  0	                  0	                  0	          233500000	           46027815	                  0	                  0	                  0	                  0	                  0	                  0	                  0	                  0	                  0	                  0	                  0	                  0	                  0	                  0	                  0	                  0	                  0	                  0	          233500000	                  0	                  0	                  0	          233500000	           46027815
5*  PRJ NL-F-MSP-001               Semhardih Phosphorit	          231600000	                  0	                  0	                  0	          231600000	           46027815	                  0	                  0	                  0	                  0	                  0	                  0	          231600000	                  0	                  0	                  0	          231600000	           46027815	                  0	                  0	                  0	                  0	                  0	                  0	                  0	                  0	                  0	                  0	                  0	                  0	                  0	                  0	                  0	                  0	                  0	                  0	          231600000	                  0	                  0	                  0	          231600000	           46027815
5*  PRJ NL-F-NDM-001               North Dhadu (Western	         1040933138	         2008140000	        -1766357040	                  0	         1282716098	          588622785	           40933138	         2008140000	                  0	                  0	           77248977	           77248977	         1000000000	                  0	        -1766357040	                  0	         1205467121	          511373808	                  0	                  0	                  0	                  0	                  0	                  0	                  0	                  0	                  0	                  0	                  0	                  0	                  0	                  0	                  0	                  0	                  0	                  0	         1040933138	         2008140000	        -1766357040	                  0	         1282716098	          592716098
5*  PRJ NL-F-RGP-001               Rajasthan Gurha Powe	            1030000	            2696735	                  0	                  0	            3726735	            3726735	                  0	                  0	                  0	                  0	                  0	                  0	            1030000	            2696735	                  0	                  0	            3726735	            3726735	                  0	                  0	                  0	                  0	                  0	                  0	                  0	                  0	                  0	                  0	                  0	                  0	                  0	                  0	                  0	                  0	                  0	                  0	            1030000	            2696735	                  0	                  0	            3726735	            3726735
5*  PRJ NL-F-TPP-001               NLC Talabira Thermal	           59621587	         2000000000	        -2000000000	                  0	           59621587	           59621587	                  0	                  0	                  0	                  0	                  0	                  0	           59621587	         2000000000	        -2000000000	                  0	           59621587	           59621587	                  0	                  0	                  0	                  0	                  0	                  0	                  0	                  0	                  0	                  0	                  0	                  0	                  0	                  0	                  0	                  0	                  0	                  0	           59621587	         2000000000	        -2000000000	                  0	           59621587	           59621587
5*  PRJ NL-M-BMN-001               Barsingsar Mines Cap	            2700000	                  0	                  0	                  0	            2700000	                  0	            2700000	                  0	                  0	                  0	            2700000	                  0	                  0	                  0	                  0	                  0	                  0	                  0	                  0	                  0	                  0	                  0	                  0	                  0	                  0	                  0	                  0	                  0	                  0	                  0	                  0	                  0	                  0	                  0	                  0	                  0	            2700000	                  0	                  0	                  0	            2700000	            1515766
5*  PRJ NL-M-M1A-001               Mine 1A Capital Mate	          298880915	                  0	          -85919013	                  0	          212961902	          120711397	          298880915	                  0	          -85919013	                  0	          212961902	          120711397	                  0	                  0	                  0	                  0	                  0	                  0	                  0	                  0	                  0	                  0	                  0	                  0	                  0	                  0	                  0	                  0	                  0	                  0	                  0	                  0	                  0	                  0	                  0	                  0	          300480915	                  0	          -85919013	                  0	          214561902	          142092001
5*  PRJ NL-M-MES-001               Mech. Services Capit	          262789970	                  0	                  0	                  0	          262789970	          188611759	          262789970	                  0	                  0	                  0	          262789970	          188611759	                  0	                  0	                  0	                  0	                  0	                  0	                  0	                  0	                  0	                  0	                  0	                  0	                  0	                  0	                  0	                  0	                  0	                  0	                  0	                  0	                  0	                  0	                  0	                  0	          262789970	                  0	                  0	                  0	          262789970	          212102179
5*  PRJ NL-M-MN1-001               Mine 1 Capital Mater	          449965998	          110920000	          -16574420	                  0	          544311578	          169517231	          449965998	          110920000	          -16574420	                  0	          544311578	          169517231	                  0	                  0	                  0	                  0	                  0	                  0	                  0	                  0	                  0	                  0	                  0	                  0	                  0	                  0	                  0	                  0	                  0	                  0	                  0	                  0	                  0	                  0	                  0	                  0	          451566007	          110920000	          -16574420	                  0	          545911587	          435549206
5*  PRJ NL-M-MN2-001               Mine 2 Capital Mater	          960396930	                  0	         -128651590	                  0	          831745341	          462771688	          960396930	                  0	         -128651590	                  0	          831745341	          462771688	                  0	                  0	                  0	                  0	                  0	                  0	                  0	                  0	                  0	                  0	                  0	                  0	                  0	                  0	                  0	                  0	                  0	                  0	                  0	                  0	                  0	                  0	                  0	                  0	          960396930	                  0	         -128651590	                  0	          831745341	          493370568
5*  PRJ NL-M-NNT-001               NNTP Capital Materia	         1391132000	                  0	         -144201312	                  0	         1246930689	          601776452	          880832000	                  0	         -144201312	                  0	          140901907	          140901907	          510300000	                  0	                  0	                  0	         1106028782	          460874545	                  0	                  0	                  0	                  0	                  0	                  0	                  0	                  0	                  0	                  0	                  0	                  0	                  0	                  0	                  0	                  0	                  0	                  0	         1391132000	                  0	         -144201312	                  0	         1246930689	          601776452
5*  PRJ NL-M-SFT-001               Safety Capital Mater	            8766352	                  0	                  0	                  0	            8766352	            8766352	            8766352	                  0	                  0	                  0	            8766352	            8766352	                  0	                  0	                  0	                  0	                  0	                  0	                  0	                  0	                  0	                  0	                  0	                  0	                  0	                  0	                  0	                  0	                  0	                  0	                  0	                  0	                  0	                  0	                  0	                  0	            8766352	                  0	                  0	                  0	            8766352	            8766352
5*  PRJ NL-M-T1E-001               TPS 1 Exp. Capital M	           40000000	                  0	                  0	                  0	           40000000	                  0	           40000000	                  0	                  0	                  0	           40000000	                  0	                  0	                  0	                  0	                  0	                  0	                  0	                  0	                  0	                  0	                  0	                  0	                  0	                  0	                  0	                  0	                  0	                  0	                  0	                  0	                  0	                  0	                  0	                  0	                  0	           40000000	                  0	                  0	                  0	           40000000	                  0
5*  PRJ NL-M-T2E-001               TPS2Exp - Capital Ma	         1083499998	                  0	          -29168672	                  0	         1054331326	          608238588	          753499999	                  0	          -29168672	                  0	          291864204	          207931474	          329999999	                  0	                  0	                  0	          762467122	          400307114	                  0	                  0	                  0	                  0	                  0	                  0	                  0	                  0	                  0	                  0	                  0	                  0	                  0	                  0	                  0	                  0	                  0	                  0	         1083499998	                  0	          -29168672	                  0	         1054331326	          752446601
5*  PRJ NL-N-BOD-001               Board Section Non-Pl	             150000	                  0	                  0	                  0	             150000	             150000	                  0	                  0	                  0	                  0	                  0	                  0	             150000	                  0	                  0	                  0	             150000	             150000	                  0	                  0	                  0	                  0	                  0	                  0	                  0	                  0	                  0	                  0	                  0	                  0	                  0	                  0	                  0	                  0	                  0	                  0	             150000	                  0	                  0	                  0	             150000	             150000
5*  PRJ NL-N-BSP-001-01            Barsingsar Thermal N	         2232559000	          347179000	         -837075404	                  0	         1742662596	         1470883293	         1781559000	          347179000	         -805602408	                  0	          443494091	          443494091	          451000000	                  0	          -31472997	                  0	         1299168505	         1027389202	                  0	                  0	                  0	                  0	                  0	                  0	                  0	                  0	                  0	                  0	                  0	                  0	                  0	                  0	                  0	                  0	                  0	                  0	         2232559000	          347179000	         -828696223	                  0	         1751041777	         1470883293
5*  PRJ NL-N-CES-001               Central Establishmen	          287078117	          177988058	         -140987943	                  0	          324078232	                  0	          287078117	          177988058	         -140987943	                  0	          324078232	                  0	                  0	                  0	                  0	                  0	                  0	                  0	                  0	                  0	                  0	                  0	                  0	                  0	                  0	                  0	                  0	                  0	                  0	                  0	                  0	                  0	                  0	                  0	                  0	                  0	          287078117	          156253488	          -72433017	                  0	          370898589	                  0
5*  PRJ NL-N-CES-002               Manager Corporate Of	           14650000	             493176	          -13375301	                  0	            1767876	            1274699	           14650000	             493176	          -13375301	                  0	            1767876	            1274699	                  0	                  0	                  0	                  0	                  0	                  0	                  0	                  0	                  0	                  0	                  0	                  0	                  0	                  0	                  0	                  0	                  0	                  0	                  0	                  0	                  0	                  0	                  0	                  0	           14650000	             493176	          -13375301	                  0	            1767876	            1274699
5*  PRJ NL-N-CIS-001               CISF Non-Plan CapEx	           76800000	                  0	          -56576963	                  0	           20223037	            9450537	           63400000	                  0	          -43774180	                  0	            2000537	            2000537	           13400000	                  0	          -12802783	                  0	           18222500	            7450000	                  0	                  0	                  0	                  0	                  0	                  0	                  0	                  0	                  0	                  0	                  0	                  0	                  0	                  0	                  0	                  0	                  0	                  0	           76800000	                  0	          -56576963	                  0	           20223037	           14178038
5*  PRJ NL-N-CNT-001               Thermal Contracts No	            3400000	                  0	                  0	                  0	            3400000	            2000000	                  0	                  0	                  0	                  0	                  0	                  0	            3400000	                  0	                  0	                  0	            3400000	            2000000	                  0	                  0	                  0	                  0	                  0	                  0	                  0	                  0	                  0	                  0	                  0	                  0	                  0	                  0	                  0	                  0	                  0	                  0	            3400000	                  0	                  0	                  0	            3400000	            2000000
5*  PRJ NL-N-COM-001               Computer Services No	          191870000	                  0	           -5286844	                  0	          186583156	          136758059	          174000000	                  0	                  0	                  0	          115280492	          115197059	           17870000	                  0	           -5286844	                  0	           71302664	           21561000	                  0	                  0	                  0	                  0	                  0	                  0	                  0	                  0	                  0	                  0	                  0	                  0	                  0	                  0	                  0	                  0	                  0	                  0	          191870000	                  0	           -5286844	                  0	          186583156	          185043156
5*  PRJ NL-N-CON-001               Corporate Contracts	           11000000	            7040100	           -7531519	                  0	           10508581	            8114165	            9000000	            7040100	           -6345928	                  0	            8014163	            8014163	            2000000	                  0	           -1185591	                  0	            2494418	             100002	                  0	                  0	                  0	                  0	                  0	                  0	                  0	                  0	                  0	                  0	                  0	                  0	                  0	                  0	                  0	                  0	                  0	                  0	           11000000	            7040100	           -7531519	                  0	           10508581	            8608583
5*  PRJ NL-N-CRD-001               CARD/ Disposal/ MM N	           92860000	                184	          -62925485	                  0	           29934699	            6083781	           75360000	                184	          -29138326	                  0	            8102671	            6018184	           17500000	                  0	          -33787159	                  0	           21832028	              65598	                  0	                  0	                  0	                  0	                  0	                  0	                  0	                  0	                  0	                  0	                  0	                  0	                  0	                  0	                  0	                  0	                  0	                  0	           92860000	                184	          -62925485	                  0	           29934699	           12500297
5*  PRJ NL-N-CTO-001               CTO CIVIL NON PLAN	            9100000	                  0	                  0	                  0	            9100000	             108000	                  0	                  0	                  0	                  0	                  0	                  0	            9100000	                  0	                  0	                  0	            9100000	             108000	                  0	                  0	                  0	                  0	                  0	                  0	                  0	                  0	                  0	                  0	                  0	                  0	                  0	                  0	                  0	                  0	                  0	                  0	            9100000	                  0	                  0	                  0	            9100000	             280632
5*  PRJ NL-N-CWS-001               Central Workshop Non	          106350000	           32100000	          -47551245	                  0	           90898755	            7372456	           43450000	           32100000	          -28666191	                  0	             423456	             423456	           62900000	                  0	          -18885054	                  0	           90475299	            6949000	                  0	                  0	                  0	                  0	                  0	                  0	                  0	                  0	                  0	                  0	                  0	                  0	                  0	                  0	                  0	                  0	                  0	                  0	          106350000	           32100000	          -47551245	                  0	           90898755	           34398755
5*  PRJ NL-N-EDU-001               Education Non-Plan C	           32500000	                  0	          -16911710	                  0	           15588290	            6098100	           25250000	                  0	           -6252810	                  0	              98100	              98100	            7250000	                  0	          -10658900	                  0	           15490190	            6000000	                  0	                  0	                  0	                  0	                  0	                  0	                  0	                  0	                  0	                  0	                  0	                  0	                  0	                  0	                  0	                  0	                  0	                  0	           32500000	                  0	          -16911710	                  0	           15588290	           11838290
5*  PRJ NL-N-ENC-001               Electrical &Communic	          336121000	                  0	         -238658476	                  0	           97462524	           62411580	          289821000	                  0	         -213737936	                  0	           46215706	           45736580	           46300000	                  0	          -24920541	                  0	           51246818	           16675000	                  0	                  0	                  0	                  0	                  0	                  0	                  0	                  0	                  0	                  0	                  0	                  0	                  0	                  0	                  0	                  0	                  0	                  0	          336121000	                  0	         -238658476	                  0	           97462524	           67837524
5*  PRJ NL-N-FIN-001               Corporate Finance No	            3750000	                  0	                  0	                  0	            3750000	            2485429	            3750000	                  0	                  0	                  0	            1662032	            1662032	                  0	                  0	                  0	                  0	            2087968	             823397	                  0	                  0	                  0	                  0	                  0	                  0	                  0	                  0	                  0	                  0	                  0	                  0	                  0	                  0	                  0	                  0	                  0	                  0	            3750000	                  0	                  0	                  0	            3750000	            2485429
5*  PRJ NL-N-GEO-001               Geology Non Plan CAP	            1050000	                  0	            -350000	                  0	             700000	             460000	            1050000	                  0	            -350000	                  0	             700000	             460000	                  0	                  0	                  0	                  0	                  0	                  0	                  0	                  0	                  0	                  0	                  0	                  0	                  0	                  0	                  0	                  0	                  0	                  0	                  0	                  0	                  0	                  0	                  0	                  0	            1050000	                  0	            -350000	                  0	             700000	             460000
5*  PRJ NL-N-GHO-001               GH Non Plan CAPEX 20	           70000000	           10000000	          -23664032	                  0	           56335968	           31993595	           70000000	           10000000	          -23664032	                  0	           33989273	           31993595	                  0	                  0	                  0	                  0	           22346694	                  0	                  0	                  0	                  0	                  0	                  0	                  0	                  0	                  0	                  0	                  0	                  0	                  0	                  0	                  0	                  0	                  0	                  0	                  0	           70000000	           10000000	          -23558407	                  0	           56441593	           56441593
5*  PRJ NL-N-GHO-002               GH Non Plan Capex 20	           73500000	                  0	          -29476576	                  0	           44023424	            1007145	           48100000	                  0	                  0	                  0	              33600	              33600	           25400000	                  0	          -29476576	                  0	           43989824	             973545	                  0	                  0	                  0	                  0	                  0	                  0	                  0	                  0	                  0	                  0	                  0	                  0	                  0	                  0	                  0	                  0	                  0	                  0	           73500000	                  0	          -29476576	                  0	           44023424	           19596969
5*  PRJ NL-N-IEC-001               IE Wing Non Plan Cap	             300000	                  0	                  0	                  0	             300000	                  0	             300000	                  0	                  0	                  0	             300000	                  0	                  0	                  0	                  0	                  0	                  0	                  0	                  0	                  0	                  0	                  0	                  0	                  0	                  0	                  0	                  0	                  0	                  0	                  0	                  0	                  0	                  0	                  0	                  0	                  0	             300000	                  0	                  0	                  0	             300000	              16999
5*  PRJ NL-N-LAQ-001               Land Acquisition Non	          692057802	          862152199	         -774276919	                  0	          779933081	          765054207	          677057802	          862152199	         -757950758	                  0	          660710234	          660710234	           15000000	                  0	          -16326162	                  0	          119222847	          104343973	                  0	                  0	                  0	                  0	                  0	                  0	                  0	                  0	                  0	                  0	                  0	                  0	                  0	                  0	                  0	                  0	                  0	                  0	          692057802	          862152199	         -774276919	                  0	          779933081	          765054207
5*  PRJ NL-N-LDC-001               Learning and Develop	          113050000	           36780000	          -31986416	                  0	          117843584	           98778995	           38550000	           36780000	          -17445722	                  0	           29966175	           29966175	           74500000	                  0	          -14540694	                  0	           87877409	           68812820	                  0	                  0	                  0	                  0	                  0	                  0	                  0	                  0	                  0	                  0	                  0	                  0	                  0	                  0	                  0	                  0	                  0	                  0	          113050000	           36780000	          -31986416	                  0	          117843584	           98778995
5*  PRJ NL-N-M1A-001               MINE- IA Non Plan CA	         2208805632	         1509100000	         -844987223	                  0	         2872918409	         1603470448	         1340405632	         1509100000	         -197338254	                  0	          382514986	          382514622	          868400000	                  0	         -647648969	                  0	         2490403423	         1220955826	                  0	                  0	                  0	                  0	                  0	                  0	                  0	                  0	                  0	                  0	                  0	                  0	                  0	                  0	                  0	                  0	                  0	                  0	         2208323889	         1509100000	         -844505480	                  0	         2872918409	         2492637039
5*  PRJ NL-N-MBR-001               Barsingsar- Mines No	           38500000	           35950000	          -17630811	                  0	           56819189	           56819189	           19000000	           35950000	           -7981480	                  0	           25278566	           25278566	           19500000	                  0	           -9649331	                  0	           31540623	           31540623	                  0	                  0	                  0	                  0	                  0	                  0	                  0	                  0	                  0	                  0	                  0	                  0	                  0	                  0	                  0	                  0	                  0	                  0	           38500000	           35950000	          -17470411	                  0	           56979589	           56819189
5*  PRJ NL-N-MCO-001               MCO Non-Plan CapEx	           53700000	                  0	           -8140357	                  0	           45559643	           20152077	           24700000	                  0	           -4211661	                  0	           13779076	           13779076	           29000000	                  0	           -3928696	                  0	           31780567	            6373001	                  0	                  0	                  0	                  0	                  0	                  0	                  0	                  0	                  0	                  0	                  0	                  0	                  0	                  0	                  0	                  0	                  0	                  0	           53700000	                  0	           -5268855	                  0	           48431145	           20748580
5*  PRJ NL-N-MES-001               Mechanical Services	         5603800000	         1934300000	        -1478928021	                  0	         6059171979	         4030929504	         4608800000	         1934300000	        -1128720583	                  0	         4050054512	         3655209504	          995000000	                  0	         -350207438	                  0	         2009117467	          375720000	                  0	                  0	                  0	                  0	                  0	                  0	                  0	                  0	                  0	                  0	                  0	                  0	                  0	                  0	                  0	                  0	                  0	                  0	         5603800000	         1934300000	        -1478928021	                  0	         6059171979	         5372901424
5*  PRJ NL-N-MMC-001               MMC Non-Plan CAPEX 2	           66313900	                  0	           -6098845	                  0	           60215055	           37092533	           66313900	                  0	           -6098845	                  0	           21566661	           21566661	                  0	                  0	                  0	                  0	           38648394	           15525872	                  0	                  0	                  0	                  0	                  0	                  0	                  0	                  0	                  0	                  0	                  0	                  0	                  0	                  0	                  0	                  0	                  0	                  0	           66313900	                  0	           -6098845	                  0	           60215055	           40404518
5*  PRJ NL-N-MN1-001               MINE- I Non Plan CAP	         2797050000	         1405733023	        -1729022561	                  0	         2473760462	         1216787029	         2172950000	         1405733023	         -943526683	                  0	          726191274	          726190245	          624100000	                  0	         -785495878	                  0	         1747569188	          490596784	                  0	                  0	                  0	                  0	                  0	                  0	                  0	                  0	                  0	                  0	                  0	                  0	                  0	                  0	                  0	                  0	                  0	                  0	         2797050000	         1405733023	        -1729022561	                  0	         2473760462	         2273368789
5*  PRJ NL-N-MN2-001               MINE- II Non Plan CA	         7026350000	         3466050000	        -2183762727	                  0	         8308637273	         4242515241	         4310250000	          750000000	        -1623319345	                  0	         1314338160	         1304576709	         2716100000	         2716050000	         -560443382	                  0	         6994299113	         2937938532	                  0	                  0	                  0	                  0	                  0	                  0	                  0	                  0	                  0	                  0	                  0	                  0	                  0	                  0	                  0	                  0	                  0	                  0	         7026350000	         3466050000	        -2183762727	                  0	         8308637273	         5769690600
5*  PRJ NL-N-NNT-001               NNTPP Non Plan CAPEX	         1676860000	         1599967005	        -1108724235	                  0	         2168102770	         1352705300	         1448160000	         1376267005	         -879545549	                  0	         1029281007	         1029281007	          228700000	          223700000	         -229178686	                  0	         1138821763	          323424293	                  0	                  0	                  0	                  0	                  0	                  0	                  0	                  0	                  0	                  0	                  0	                  0	                  0	                  0	                  0	                  0	                  0	                  0	         1676860000	         1599967005	        -1108724235	                  0	         2168102770	         1918182020
5*  PRJ NL-N-OSM-001               OSMG Non Plan CAPEX	          247702500	            9505000	         -185864508	                  0	           71342992	            8688750	          184202500	            9505000	         -124932232	                  0	            7688750	            7688750	           63500000	                  0	          -60932276	                  0	           63654243	            1000000	                  0	                  0	                  0	                  0	                  0	                  0	                  0	                  0	                  0	                  0	                  0	                  0	                  0	                  0	                  0	                  0	                  0	                  0	          247702500	            9505000	         -185864508	                  0	           71342992	            8842992
5*  PRJ NL-N-PBD-001               P & BD Non-Plan CapE	           19711403	                  0	                  0	                  0	           19711403	            3388800	            2211403	                  0	                  0	                  0	                  0	                  0	           17500000	                  0	                  0	                  0	           19711403	            3388800	                  0	                  0	                  0	                  0	                  0	                  0	                  0	                  0	                  0	                  0	                  0	                  0	                  0	                  0	                  0	                  0	                  0	                  0	           19711403	                  0	                  0	                  0	           19711403	            5600203
5*  PRJ NL-N-PRO-001               PRO Non-Plan CapEx	           87450000	                  0	          -26453041	                  0	           60996959	           13035422	           87450000	                  0	          -26453041	                  0	            8335422	            8335422	                  0	                  0	                  0	                  0	           52661537	            4700000	                  0	                  0	                  0	                  0	                  0	                  0	                  0	                  0	                  0	                  0	                  0	                  0	                  0	                  0	                  0	                  0	                  0	                  0	           87450000	                  0	          -26453041	                  0	           60996959	           23789395
5*  PRJ NL-N-PSE-001               Power Station Engg.	            7500000	            1250000	           -3464644	                  0	            5285356	            4269999	            5000000	            1250000	           -3464644	                  0	            2785356	            2785356	            2500000	                  0	                  0	                  0	            2500000	            1484643	                  0	                  0	                  0	                  0	                  0	                  0	                  0	                  0	                  0	                  0	                  0	                  0	                  0	                  0	                  0	                  0	                  0	                  0	            7500000	            1250000	           -3464644	                  0	            5285356	            4269999
5*  PRJ NL-N-PST-001               Power Station Traini	          100325000	           21722635	          -25702395	                  0	           96345240	           11137447	           15475000	           21722635	          -17163282	                  0	            6355287	            6184947	           84850000	                  0	           -8539113	                  0	           89989953	            4952500	                  0	                  0	                  0	                  0	                  0	                  0	                  0	                  0	                  0	                  0	                  0	                  0	                  0	                  0	                  0	                  0	                  0	                  0	          100325000	           21722635	          -25702395	                  0	           96345240	           14890350
5*  PRJ NL-N-REP-001               Renewable Power Proj	          116750000	          282300000	          -39510731	                  0	          359539269	          282705626	          116750000	          282300000	          -39510731	                  0	          201307328	          201307328	                  0	                  0	                  0	                  0	          158231941	           81398298	                  0	                  0	                  0	                  0	                  0	                  0	                  0	                  0	                  0	                  0	                  0	                  0	                  0	                  0	                  0	                  0	                  0	                  0	          116750000	          282300000	          -39510731	                  0	          359539269	          316979234
5*  PRJ NL-N-ROC-001               RMO Chennai Non Plan	          181500000	            6900000	          -81915098	                  0	          106484902	            4753314	          181500000	            6900000	          -81915098	                  0	           18905347	            4753314	                  0	                  0	                  0	                  0	           87579555	                  0	                  0	                  0	                  0	                  0	                  0	                  0	                  0	                  0	                  0	                  0	                  0	                  0	                  0	                  0	                  0	                  0	                  0	                  0	          181500000	            6900000	          -81915098	                  0	          106484902	          106484902
5*  PRJ NL-N-SEC-001               Security and Fire No	            2200000	                  0	                  0	                  0	            2200000	                  0	            2200000	                  0	                  0	                  0	            2200000	                  0	                  0	                  0	                  0	                  0	                  0	                  0	                  0	                  0	                  0	                  0	                  0	                  0	                  0	                  0	                  0	                  0	                  0	                  0	                  0	                  0	                  0	                  0	                  0	                  0	            2200000	                  0	                  0	                  0	            2200000	                  0
5*  PRJ NL-N-SFT-001               Safety Non Plan CAPE	          177501000	           22000000	         -100704157	                  0	           98796843	           43796843	          122501000	           22000000	          -74310081	                  0	            3286887	            3286887	           55000000	                  0	          -26394076	                  0	           95509956	           40509956	                  0	                  0	                  0	                  0	                  0	                  0	                  0	                  0	                  0	                  0	                  0	                  0	                  0	                  0	                  0	                  0	                  0	                  0	          177501000	           22000000	         -100704157	                  0	           98796843	           43796843
5*  PRJ NL-N-SOL-001               10MW Solar Power Pla	            9000000	                  0	                  0	                  0	            9000000	                  0	            9000000	                  0	                  0	                  0	            9000000	                  0	                  0	                  0	                  0	                  0	                  0	                  0	                  0	                  0	                  0	                  0	                  0	                  0	                  0	                  0	                  0	                  0	                  0	                  0	                  0	                  0	                  0	                  0	                  0	                  0	            9000000	                  0	                  0	                  0	            9000000	            1500000
5*  PRJ NL-N-T1E-001               TPS-I Exp Non Plan C	         1841265000	          678862003	         -838386674	                  0	         1681740328	          690134199	         1390765000	          678862003	         -732077745	                  0	          594717037	          574612375	          450500000	                  0	         -106308930	                  0	         1087023291	          115521824	                  0	                  0	                  0	                  0	                  0	                  0	                  0	                  0	                  0	                  0	                  0	                  0	                  0	                  0	                  0	                  0	                  0	                  0	         1841265000	          678862003	         -838386674	                  0	         1681740328	         1326364085
5*  PRJ NL-N-T2E-001               TPS2Exp - Non Plan C	          895350000	          245550000	         -495181711	                  0	          645718289	          492528579	          665550000	          245550000	         -292985213	                  0	          309071189	          307287720	          229800000	                  0	         -202196498	                  0	          336647100	          185240859	                  0	                  0	                  0	                  0	                  0	                  0	                  0	                  0	                  0	                  0	                  0	                  0	                  0	                  0	                  0	                  0	                  0	                  0	          895350000	          245550000	         -493951094	                  0	          646948906	          599649959
5*  PRJ NL-N-TAA-001               TA Non Plan CAPEX	          217667290	          282965777	         -367334894	                  0	          133298174	           10049612	          217667290	          282965777	         -367334894	                  0	          133298174	           10049612	                  0	                  0	                  0	                  0	                  0	                  0	                  0	                  0	                  0	                  0	                  0	                  0	                  0	                  0	                  0	                  0	                  0	                  0	                  0	                  0	                  0	                  0	                  0	                  0	          262009886	           99286831	         -227998543	                  0	          133298174	           61141030
5*  PRJ NL-N-TAA-002               TA Non-Plan CapEx Op	                  0	           10493523	                  0	                  0	           10493523	                  0	                  0	           10493523	                  0	                  0	           10493523	                  0	                  0	                  0	                  0	                  0	                  0	                  0	                  0	                  0	                  0	                  0	                  0	                  0	                  0	                  0	                  0	                  0	                  0	                  0	                  0	                  0	                  0	                  0	                  0	                  0	           10493523	                  0	                  0	                  0	           10493523	                  0
5*  PRJ NL-N-TAA-003               TA Non-Plan Capital	          437500000	         1020800000	         -577495677	                  0	          880804323	          646476755	          362800000	          670800000	         -146897275	                  0	          269681755	          269681755	           74700000	          350000000	         -430598402	                  0	          611122568	          376795000	                  0	                  0	                  0	                  0	                  0	                  0	                  0	                  0	                  0	                  0	                  0	                  0	                  0	                  0	                  0	                  0	                  0	                  0	          437500000	         1020800000	         -577495677	                  0	          880804323	          721596901
5*  PRJ NL-N-TRN-001               Transport Non Plan C	         1196260000	          438940317	         -609338451	                  0	         1025861866	          954760947	         1096260000	          438940317	         -521810188	                  0	          588507464	          588507464	          100000000	                  0	          -87528263	                  0	          437354402	          366253483	                  0	                  0	                  0	                  0	                  0	                  0	                  0	                  0	                  0	                  0	                  0	                  0	                  0	                  0	                  0	                  0	                  0	                  0	         1196260000	          438940317	         -609338451	                  0	         1025861866	          954760947
5*  PRJ NL-N-TS1-001               TPS- I Non Plan CAPE	           22380000	                  0	           -8343701	                  0	           14036299	           10159677	           22380000	                  0	           -8343701	                  0	           14036299	           10159677	                  0	                  0	                  0	                  0	                  0	                  0	                  0	                  0	                  0	                  0	                  0	                  0	                  0	                  0	                  0	                  0	                  0	                  0	                  0	                  0	                  0	                  0	                  0	                  0	           22380000	                  0	           -8343701	                  0	           14036299	           11139576
5*  PRJ NL-N-TS2-001               TPS-II Non Plan CAPE	          125170000	           12450000	         -105551018	                  0	           32068982	           20080104	          114170000	           12450000	          -88527427	                  0	           15106908	           14620118	           11000000	                  0	          -17023592	                  0	           16962073	            5459986	                  0	                  0	                  0	                  0	                  0	                  0	                  0	                  0	                  0	                  0	                  0	                  0	                  0	                  0	                  0	                  0	                  0	                  0	          125170000	           12450000	         -105551018	                  0	           32068982	           29394818
5*  PRJ NL-N-TS2-002               TPS-II LEP Stage I &	         7624730000	         3269450154	        -2641347718	                  0	         8252832436	         5291079315	         5630730000	         3269450154	        -2030719732	                  0	         2820744260	         2820177398	         1994000000	                  0	         -610627986	                  0	         5432088176	         2470901917	                  0	                  0	                  0	                  0	                  0	                  0	                  0	                  0	                  0	                  0	                  0	                  0	                  0	                  0	                  0	                  0	                  0	                  0	         7624730000	         3269450154	        -2641243531	                  0	         8252936623	         8139336616
5*  PRJ NL-N-VIG-001               Vigilance Non-Plan C	            9578000	                  0	              -8882	                  0	            9569118	            7388064	            9578000	                  0	              -8882	                  0	            9569118	            7388064	                  0	                  0	                  0	                  0	                  0	                  0	                  0	                  0	                  0	                  0	                  0	                  0	                  0	                  0	                  0	                  0	                  0	                  0	                  0	                  0	                  0	                  0	                  0	                  0	            9578000	                  0	              -8882	                  0	            9569118	            8786332
5*  PRJ NL-S-CSR-001               NLC CSR Projects 201	         1009817000	                  0	                  0	                  0	         1009817000	         1009817000	         1009817000	                  0	                  0	                  0	         1009817000	         1009817000	                  0	                  0	                  0	                  0	                  0	                  0	                  0	                  0	                  0	                  0	                  0	                  0	                  0	                  0	                  0	                  0	                  0	                  0	                  0	                  0	                  0	                  0	                  0	                  0	         1009817000	                  0	                  0	                  0	         1009817000	         1009817000
5*  PRJ NL-S-CSR-003               CSR Master Project 2	          250000000	                  0	                  0	                  0	          250000000	          250000000	          250000000	                  0	                  0	                  0	          250000000	          250000000	                  0	                  0	                  0	                  0	                  0	                  0	                  0	                  0	                  0	                  0	                  0	                  0	                  0	                  0	                  0	                  0	                  0	                  0	                  0	                  0	                  0	                  0	                  0	                  0	          250000000	                  0	                  0	                  0	          250000000	          250000000
5*  PRJ NL-S-CSR-005               CSR Administrative O	           20765115	                  0	                  0	                  0	           20765115	            4500000	           20765115	                  0	                  0	                  0	           20765115	            4500000	                  0	                  0	                  0	                  0	                  0	                  0	                  0	                  0	                  0	                  0	                  0	                  0	                  0	                  0	                  0	                  0	                  0	                  0	                  0	                  0	                  0	                  0	                  0	                  0	           20765115	                  0	                  0	                  0	           20765115	            4500000
5*  PRJ NL-S-CSR-006               CSR Activity 1.2 (15	            1000000	                  0	                  0	                  0	            1000000	                  0	            1000000	                  0	                  0	                  0	            1000000	                  0	                  0	                  0	                  0	                  0	                  0	                  0	                  0	                  0	                  0	                  0	                  0	                  0	                  0	                  0	                  0	                  0	                  0	                  0	                  0	                  0	                  0	                  0	                  0	                  0	            2000000	                  0	                  0	                  0	            2000000	                  0
5*  PRJ NL-S-CSR-008               O2 Plants in Tamilna	           49840000	                  0	          -18840000	                  0	           31000000	           31000000	           49840000	                  0	          -18840000	                  0	           31000000	           31000000	                  0	                  0	                  0	                  0	                  0	                  0	                  0	                  0	                  0	                  0	                  0	                  0	                  0	                  0	                  0	                  0	                  0	                  0	                  0	                  0	                  0	                  0	                  0	                  0	           49840000	                  0	          -18840000	                  0	           31000000	           31000000
5*  PRJ NL-S-CSR-009               O2 Plants in Karnata	           47320000	                  0	                  0	                  0	           47320000	           47320000	           47320000	                  0	                  0	                  0	           47320000	           47320000	                  0	                  0	                  0	                  0	                  0	                  0	                  0	                  0	                  0	                  0	                  0	                  0	                  0	                  0	                  0	                  0	                  0	                  0	                  0	                  0	                  0	                  0	                  0	                  0	           47320000	                  0	                  0	                  0	           47320000	           47320000
5*  PRJ NL-S-CSR-010               O2 Plants in Rajasth	           42020000	                  0	                  0	                  0	           42020000	           42020000	           42020000	                  0	                  0	                  0	           42020000	           42020000	                  0	                  0	                  0	                  0	                  0	                  0	                  0	                  0	                  0	                  0	                  0	                  0	                  0	                  0	                  0	                  0	                  0	                  0	                  0	                  0	                  0	                  0	                  0	                  0	           42020000	                  0	                  0	                  0	           42020000	           42020000
5*  PRJ NL-S-CSR-011               O2 Plants in Odisha	            7120000	                  0	                  0	                  0	            7120000	            7120000	            7120000	                  0	                  0	                  0	            7120000	            7120000	                  0	                  0	                  0	                  0	                  0	                  0	                  0	                  0	                  0	                  0	                  0	                  0	                  0	                  0	                  0	                  0	                  0	                  0	                  0	                  0	                  0	                  0	                  0	                  0	            7120000	                  0	                  0	                  0	            7120000	            7120000
5*  PRJ NL-S-CSR-012               O2 Concentrators in	           28000000	                  0	                  0	                  0	           28000000	           28000000	           28000000	                  0	                  0	                  0	           28000000	           28000000	                  0	                  0	                  0	                  0	                  0	                  0	                  0	                  0	                  0	                  0	                  0	                  0	                  0	                  0	                  0	                  0	                  0	                  0	                  0	                  0	                  0	                  0	                  0	                  0	           28000000	                  0	                  0	                  0	           28000000	           28000000
5*  PRJ NL-S-CSR-013               O2 Concentrators in	           14000000	                  0	                  0	                  0	           14000000	           14000000	           14000000	                  0	                  0	                  0	           14000000	           14000000	                  0	                  0	                  0	                  0	                  0	                  0	                  0	                  0	                  0	                  0	                  0	                  0	                  0	                  0	                  0	                  0	                  0	                  0	                  0	                  0	                  0	                  0	                  0	                  0	           14000000	                  0	                  0	                  0	           14000000	           14000000
5*  PRJ NL-S-CSR-014               O2 Concentrators in	           14000000	                  0	          -14000000	                  0	                  0	                  0	           14000000	                  0	          -14000000	                  0	                  0	                  0	                  0	                  0	                  0	                  0	                  0	                  0	                  0	                  0	                  0	                  0	                  0	                  0	                  0	                  0	                  0	                  0	                  0	                  0	                  0	                  0	                  0	                  0	                  0	                  0	           14000000	                  0	          -14000000	                  0	                  0	                  0
5*  PRJ NL-S-CSR-015               O2 Cylinders & Conce	            3651000	                  0	           -3651000	                  0	                  0	                  0	            3651000	                  0	           -3651000	                  0	                  0	                  0	                  0	                  0	                  0	                  0	                  0	                  0	                  0	                  0	                  0	                  0	                  0	                  0	                  0	                  0	                  0	                  0	                  0	                  0	                  0	                  0	                  0	                  0	                  0	                  0	            3651000	                  0	           -3651000	                  0	                  0	                  0
5*  PRJ NL-S-CSR-016               ICU Beds,Ventillator	           21004000	                  0	          -21004000	                  0	                  0	                  0	           21004000	                  0	          -21004000	                  0	                  0	                  0	                  0	                  0	                  0	                  0	                  0	                  0	                  0	                  0	                  0	                  0	                  0	                  0	                  0	                  0	                  0	                  0	                  0	                  0	                  0	                  0	                  0	                  0	                  0	                  0	           21004000	                  0	          -21004000	                  0	                  0	                  0
5*  PRJ NL-S-CSR-017               Hired BLS Ambulance	            5904000	                  0	                  0	                  0	            5904000	            5904000	            5904000	                  0	                  0	                  0	            5904000	            5904000	                  0	                  0	                  0	                  0	                  0	                  0	                  0	                  0	                  0	                  0	                  0	                  0	                  0	                  0	                  0	                  0	                  0	                  0	                  0	                  0	                  0	                  0	                  0	                  0	            5904000	                  0	                  0	                  0	            5904000	            5904000
5*  PRJ NL-S-CSR-018               Mask,Sanitizer,Soap	             220000	                  0	                  0	                  0	             220000	             220000	             220000	                  0	                  0	                  0	             220000	             220000	                  0	                  0	                  0	                  0	                  0	                  0	                  0	                  0	                  0	                  0	                  0	                  0	                  0	                  0	                  0	                  0	                  0	                  0	                  0	                  0	                  0	                  0	                  0	                  0	             220000	                  0	                  0	                  0	             220000	             220000
5*  PRJ NL-S-CSR-019               Sanitizer,Soap Soln	             797000	                  0	                  0	                  0	             797000	             797000	             797000	                  0	                  0	                  0	             797000	             797000	                  0	                  0	                  0	                  0	                  0	                  0	                  0	                  0	                  0	                  0	                  0	                  0	                  0	                  0	                  0	                  0	                  0	                  0	                  0	                  0	                  0	                  0	                  0	                  0	             797000	                  0	                  0	                  0	             797000	             797000
5*  PRJ NL-S-CSR-020               CC Eqpmt Andaman Nic	             110000	                  0	                  0	                  0	             110000	             110000	             110000	                  0	                  0	                  0	             110000	             110000	                  0	                  0	                  0	                  0	                  0	                  0	                  0	                  0	                  0	                  0	                  0	                  0	                  0	                  0	                  0	                  0	                  0	                  0	                  0	                  0	                  0	                  0	                  0	                  0	             110000	                  0	                  0	                  0	             110000	             110000
5*  PRJ NL-S-CSR-021               SERI PPE kits to Cud	            3220000	                  0	                  0	                  0	            3220000	            3220000	            3220000	                  0	                  0	                  0	            3220000	            3220000	                  0	                  0	                  0	                  0	                  0	                  0	                  0	                  0	                  0	                  0	                  0	                  0	                  0	                  0	                  0	                  0	                  0	                  0	                  0	                  0	                  0	                  0	                  0	                  0	            3220000	                  0	                  0	                  0	            3220000	            3220000
5*  PRJ NL-S-CSR-022               Santhigiri Ashram- C	            1000000	                  0	                  0	                  0	            1000000	            1000000	            1000000	                  0	                  0	                  0	            1000000	            1000000	                  0	                  0	                  0	                  0	                  0	                  0	                  0	                  0	                  0	                  0	                  0	                  0	                  0	                  0	                  0	                  0	                  0	                  0	                  0	                  0	                  0	                  0	                  0	                  0	            1000000	                  0	                  0	                  0	            1000000	            1000000
5*  PRJ NL-S-CSR-023               PPE Kits to GH - Kat	            6000000	                  0	                  0	                  0	            6000000	            6000000	            6000000	                  0	                  0	                  0	            6000000	            6000000	                  0	                  0	                  0	                  0	                  0	                  0	                  0	                  0	                  0	                  0	                  0	                  0	                  0	                  0	                  0	                  0	                  0	                  0	                  0	                  0	                  0	                  0	                  0	                  0	            6000000	                  0	                  0	                  0	            6000000	            6000000
5*  PRJ NL-S-CSR-024               COVID 19 Measures FD	           20000000	                  0	                  0	                  0	           20000000	           20000000	           20000000	                  0	                  0	                  0	           20000000	           20000000	                  0	                  0	                  0	                  0	                  0	                  0	                  0	                  0	                  0	                  0	                  0	                  0	                  0	                  0	                  0	                  0	                  0	                  0	                  0	                  0	                  0	                  0	                  0	                  0	           20000000	                  0	                  0	                  0	           20000000	           20000000
5*  PRJ NL-S-CSR-025               Covid Care Hospital	          150000000	                  0	         -150000000	                  0	                  0	                  0	          150000000	                  0	         -150000000	                  0	                  0	                  0	                  0	                  0	                  0	                  0	                  0	                  0	                  0	                  0	                  0	                  0	                  0	                  0	                  0	                  0	                  0	                  0	                  0	                  0	                  0	                  0	                  0	                  0	                  0	                  0	          150000000	                  0	         -150000000	                  0	                  0	                  0
5*  PRJ NL-S-CSR-026               HLL Biotech Ltd	           30000000	                  0	          -30000000	                  0	                  0	                  0	           30000000	                  0	          -30000000	                  0	                  0	                  0	                  0	                  0	                  0	                  0	                  0	                  0	                  0	                  0	                  0	                  0	                  0	                  0	                  0	                  0	                  0	                  0	                  0	                  0	                  0	                  0	                  0	                  0	                  0	                  0	           30000000	                  0	          -30000000	                  0	                  0	                  0
5*  PRJ NL-S-CSR-027               Medical Camps	            2500000	                  0	                  0	                  0	            2500000	            2500000	            2500000	                  0	                  0	                  0	            2500000	            2500000	                  0	                  0	                  0	                  0	                  0	                  0	                  0	                  0	                  0	                  0	                  0	                  0	                  0	                  0	                  0	                  0	                  0	                  0	                  0	                  0	                  0	                  0	                  0	                  0	            2500000	                  0	                  0	                  0	            2500000	            2500000
5*  PRJ NL-S-CSR-028               Swachhta Packwada ac	            1000000	                  0	                  0	                  0	            1000000	            1000000	            1000000	                  0	                  0	                  0	            1000000	            1000000	                  0	                  0	                  0	                  0	                  0	                  0	                  0	                  0	                  0	                  0	                  0	                  0	                  0	                  0	                  0	                  0	                  0	                  0	                  0	                  0	                  0	                  0	                  0	                  0	            1000000	                  0	                  0	                  0	            1000000	            1000000
5*  PRJ NL-S-CSR-029               Nutritional Support	            4000000	                  0	                  0	                  0	            4000000	            4000000	            4000000	                  0	                  0	                  0	            4000000	            4000000	                  0	                  0	                  0	                  0	                  0	                  0	                  0	                  0	                  0	                  0	                  0	                  0	                  0	                  0	                  0	                  0	                  0	                  0	                  0	                  0	                  0	                  0	                  0	                  0	            4000000	                  0	                  0	                  0	            4000000	            4000000
5*  PRJ NL-S-CSR-030               Posak - HIV+ve Socie	            1750000	                  0	                  0	                  0	            1750000	            1750000	            1750000	                  0	                  0	                  0	            1750000	            1750000	                  0	                  0	                  0	                  0	                  0	                  0	                  0	                  0	                  0	                  0	                  0	                  0	                  0	                  0	                  0	                  0	                  0	                  0	                  0	                  0	                  0	                  0	                  0	                  0	            1750000	                  0	                  0	                  0	            1750000	            1750000
5*  PRJ NL-S-CSR-031               Food Supliments to O	            1200000	                  0	                  0	                  0	            1200000	            1200000	            1200000	                  0	                  0	                  0	            1200000	            1200000	                  0	                  0	                  0	                  0	                  0	                  0	                  0	                  0	                  0	                  0	                  0	                  0	                  0	                  0	                  0	                  0	                  0	                  0	                  0	                  0	                  0	                  0	                  0	                  0	            1200000	                  0	                  0	                  0	            1200000	            1200000
5*  PRJ NL-S-CSR-032               Food Supp. Annai Ter	             350000	                  0	                  0	                  0	             350000	             350000	             350000	                  0	                  0	                  0	             350000	             350000	                  0	                  0	                  0	                  0	                  0	                  0	                  0	                  0	                  0	                  0	                  0	                  0	                  0	                  0	                  0	                  0	                  0	                  0	                  0	                  0	                  0	                  0	                  0	                  0	             350000	                  0	                  0	                  0	             350000	             350000
5*  PRJ NL-S-CSR-033               Trauma Care Centre a	           15000000	                  0	                  0	                  0	           15000000	           15000000	           15000000	                  0	                  0	                  0	           15000000	           15000000	                  0	                  0	                  0	                  0	                  0	                  0	                  0	                  0	                  0	                  0	                  0	                  0	                  0	                  0	                  0	                  0	                  0	                  0	                  0	                  0	                  0	                  0	                  0	                  0	           15000000	                  0	                  0	                  0	           15000000	           15000000
5*  PRJ NL-S-CSR-034               TB Sanitorium at Cap	           12000000	                  0	                  0	                  0	           12000000	           12000000	           12000000	                  0	                  0	                  0	           12000000	           12000000	                  0	                  0	                  0	                  0	                  0	                  0	                  0	                  0	                  0	                  0	                  0	                  0	                  0	                  0	                  0	                  0	                  0	                  0	                  0	                  0	                  0	                  0	                  0	                  0	           12000000	                  0	                  0	                  0	           12000000	           12000000
5*  PRJ NL-S-CSR-035               Beti Bachao Scheme,	             200000	                  0	                  0	                  0	             200000	             200000	             200000	                  0	                  0	                  0	             200000	             200000	                  0	                  0	                  0	                  0	                  0	                  0	                  0	                  0	                  0	                  0	                  0	                  0	                  0	                  0	                  0	                  0	                  0	                  0	                  0	                  0	                  0	                  0	                  0	                  0	             200000	                  0	                  0	                  0	             200000	             200000
5*  PRJ NL-S-CSR-036               Medical Camps at Bar	             300000	                  0	                  0	                  0	             300000	             300000	             300000	                  0	                  0	                  0	             300000	             300000	                  0	                  0	                  0	                  0	                  0	                  0	                  0	                  0	                  0	                  0	                  0	                  0	                  0	                  0	                  0	                  0	                  0	                  0	                  0	                  0	                  0	                  0	                  0	                  0	             300000	                  0	                  0	                  0	             300000	             300000
5*  PRJ NL-S-CSR-037               Medical Services on	           23800000	                  0	                  0	                  0	           23800000	           23800000	           23800000	                  0	                  0	                  0	           23800000	           23800000	                  0	                  0	                  0	                  0	                  0	                  0	                  0	                  0	                  0	                  0	                  0	                  0	                  0	                  0	                  0	                  0	                  0	                  0	                  0	                  0	                  0	                  0	                  0	                  0	           23800000	                  0	                  0	                  0	           23800000	           23800000
5*  PRJ NL-S-CSR-038               2Nos of RCC OHT at K	            2000000	                  0	                  0	                  0	            2000000	            2000000	            2000000	                  0	                  0	                  0	            2000000	            2000000	                  0	                  0	                  0	                  0	                  0	                  0	                  0	                  0	                  0	                  0	                  0	                  0	                  0	                  0	                  0	                  0	                  0	                  0	                  0	                  0	                  0	                  0	                  0	                  0	            2000000	                  0	                  0	                  0	            2000000	            2000000
5*  PRJ NL-S-CSR-039               Railway toilets by R	          118981000	                  0	                  0	                  0	          118981000	          118981000	          118981000	                  0	                  0	                  0	          118981000	          118981000	                  0	                  0	                  0	                  0	                  0	                  0	                  0	                  0	                  0	                  0	                  0	                  0	                  0	                  0	                  0	                  0	                  0	                  0	                  0	                  0	                  0	                  0	                  0	                  0	          118981000	                  0	                  0	                  0	          118981000	          118981000
5*  PRJ NL-S-CSR-040               Hygiene and Healthca	            8150000	                  0	                  0	                  0	            8150000	            8150000	            8150000	                  0	                  0	                  0	            8150000	            8150000	                  0	                  0	                  0	                  0	                  0	                  0	                  0	                  0	                  0	                  0	                  0	                  0	                  0	                  0	                  0	                  0	                  0	                  0	                  0	                  0	                  0	                  0	                  0	                  0	            8150000	                  0	                  0	                  0	            8150000	            8150000
5*  PRJ NL-S-CSR-041               Education Support Se	            6430000	                  0	                  0	                  0	            6430000	            6430000	            6430000	                  0	                  0	                  0	            6430000	            6430000	                  0	                  0	                  0	                  0	                  0	                  0	                  0	                  0	                  0	                  0	                  0	                  0	                  0	                  0	                  0	                  0	                  0	                  0	                  0	                  0	                  0	                  0	                  0	                  0	            6430000	                  0	                  0	                  0	            6430000	            6430000
5*  PRJ NL-S-CSR-042               Beti Padhao Scheme B	             200000	                  0	                  0	                  0	             200000	             200000	             200000	                  0	                  0	                  0	             200000	             200000	                  0	                  0	                  0	                  0	                  0	                  0	                  0	                  0	                  0	                  0	                  0	                  0	                  0	                  0	                  0	                  0	                  0	                  0	                  0	                  0	                  0	                  0	                  0	                  0	             200000	                  0	                  0	                  0	             200000	             200000
5*  PRJ NL-S-CSR-043               Scholarship for Girl	            1400000	                  0	                  0	                  0	            1400000	            1400000	            1400000	                  0	                  0	                  0	            1400000	            1400000	                  0	                  0	                  0	                  0	                  0	                  0	                  0	                  0	                  0	                  0	                  0	                  0	                  0	                  0	                  0	                  0	                  0	                  0	                  0	                  0	                  0	                  0	                  0	                  0	            1400000	                  0	                  0	                  0	            1400000	            1400000
5*  PRJ NL-S-CSR-044               Tution Fees for SC,	           47000000	                  0	                  0	                  0	           47000000	           47000000	           47000000	                  0	                  0	                  0	           47000000	           47000000	                  0	                  0	                  0	                  0	                  0	                  0	                  0	                  0	                  0	                  0	                  0	                  0	                  0	                  0	                  0	                  0	                  0	                  0	                  0	                  0	                  0	                  0	                  0	                  0	           47000000	                  0	                  0	                  0	           47000000	           47000000
5*  PRJ NL-S-CSR-045               Educational Assistan	            4846000	                  0	                  0	                  0	            4846000	            4846000	            4846000	                  0	                  0	                  0	            4846000	            4846000	                  0	                  0	                  0	                  0	                  0	                  0	                  0	                  0	                  0	                  0	                  0	                  0	                  0	                  0	                  0	                  0	                  0	                  0	                  0	                  0	                  0	                  0	                  0	                  0	            4846000	                  0	                  0	                  0	            4846000	            4846000
5*  PRJ NL-S-CSR-046               Educational promotio	            3400000	                  0	                  0	                  0	            3400000	            3400000	            3400000	                  0	                  0	                  0	            3400000	            3400000	                  0	                  0	                  0	                  0	                  0	                  0	                  0	                  0	                  0	                  0	                  0	                  0	                  0	                  0	                  0	                  0	                  0	                  0	                  0	                  0	                  0	                  0	                  0	                  0	            3400000	                  0	                  0	                  0	            3400000	            3400000
5*  PRJ NL-S-CSR-047               Educational Assistan	           18614000	                  0	                  0	                  0	           18614000	           18614000	           18614000	                  0	                  0	                  0	           18614000	           18614000	                  0	                  0	                  0	                  0	                  0	                  0	                  0	                  0	                  0	                  0	                  0	                  0	                  0	                  0	                  0	                  0	                  0	                  0	                  0	                  0	                  0	                  0	                  0	                  0	           18614000	                  0	                  0	                  0	           18614000	           18614000
5*  PRJ NL-S-CSR-048               Financial Assistance	           50000000	                  0	                  0	                  0	           50000000	           50000000	           50000000	                  0	                  0	                  0	           50000000	           50000000	                  0	                  0	                  0	                  0	                  0	                  0	                  0	                  0	                  0	                  0	                  0	                  0	                  0	                  0	                  0	                  0	                  0	                  0	                  0	                  0	                  0	                  0	                  0	                  0	           50000000	                  0	                  0	                  0	           50000000	           50000000
5*  PRJ NL-S-CSR-049               Fin. Asst. Sarada Ni	           18500000	                  0	                  0	                  0	           18500000	           18500000	           18500000	                  0	                  0	                  0	           18500000	           18500000	                  0	                  0	                  0	                  0	                  0	                  0	                  0	                  0	                  0	                  0	                  0	                  0	                  0	                  0	                  0	                  0	                  0	                  0	                  0	                  0	                  0	                  0	                  0	                  0	           18500000	                  0	                  0	                  0	           18500000	           18500000
5*  PRJ NL-S-CSR-050               Skill Development fo	           10500000	                  0	                  0	                  0	           10500000	           10500000	           10500000	                  0	                  0	                  0	           10500000	           10500000	                  0	                  0	                  0	                  0	                  0	                  0	                  0	                  0	                  0	                  0	                  0	                  0	                  0	                  0	                  0	                  0	                  0	                  0	                  0	                  0	                  0	                  0	                  0	                  0	           10500000	                  0	                  0	                  0	           10500000	           10500000
5*  PRJ NL-S-CSR-051               Fin. Asst. Gram Vika	           20903000	                  0	                  0	                  0	           20903000	           20903000	           20903000	                  0	                  0	                  0	           20903000	           20903000	                  0	                  0	                  0	                  0	                  0	                  0	                  0	                  0	                  0	                  0	                  0	                  0	                  0	                  0	                  0	                  0	                  0	                  0	                  0	                  0	                  0	                  0	                  0	                  0	           20903000	                  0	                  0	                  0	           20903000	           20903000
5*  PRJ NL-S-CSR-052               Camel festival in Bi	             100000	                  0	                  0	                  0	             100000	             100000	             100000	                  0	                  0	                  0	             100000	             100000	                  0	                  0	                  0	                  0	                  0	                  0	                  0	                  0	                  0	                  0	                  0	                  0	                  0	                  0	                  0	                  0	                  0	                  0	                  0	                  0	                  0	                  0	                  0	                  0	             100000	                  0	                  0	                  0	             100000	             100000
5*  PRJ NL-S-CSR-053               Conducting of sports	            6000000	                  0	                  0	                  0	            6000000	            6000000	            6000000	                  0	                  0	                  0	            6000000	            6000000	                  0	                  0	                  0	                  0	                  0	                  0	                  0	                  0	                  0	                  0	                  0	                  0	                  0	                  0	                  0	                  0	                  0	                  0	                  0	                  0	                  0	                  0	                  0	                  0	            6000000	                  0	                  0	                  0	            6000000	            6000000
5*  PRJ NL-S-CSR-054               Fin. Asst. to Olympi	            1500000	                  0	                  0	                  0	            1500000	            1500000	            1500000	                  0	                  0	                  0	            1500000	            1500000	                  0	                  0	                  0	                  0	                  0	                  0	                  0	                  0	                  0	                  0	                  0	                  0	                  0	                  0	                  0	                  0	                  0	                  0	                  0	                  0	                  0	                  0	                  0	                  0	            1500000	                  0	                  0	                  0	            1500000	            1500000
5*  PRJ NL-S-CSR-055               Amenities Developmen	           45000000	                  0	          -16265115	                  0	           28734885	           28734885	           45000000	                  0	          -16265115	                  0	           28734885	           28734885	                  0	                  0	                  0	                  0	                  0	                  0	                  0	                  0	                  0	                  0	                  0	                  0	                  0	                  0	                  0	                  0	                  0	                  0	                  0	                  0	                  0	                  0	                  0	                  0	           45000000	                  0	          -16265115	                  0	           28734885	           28734885
5*  PRJ NL-S-CSR-056               Janapravesh by NLC B	            7200000	                  0	                  0	                  0	            7200000	            7200000	            7200000	                  0	                  0	                  0	            7200000	            7200000	                  0	                  0	                  0	                  0	                  0	                  0	                  0	                  0	                  0	                  0	                  0	                  0	                  0	                  0	                  0	                  0	                  0	                  0	                  0	                  0	                  0	                  0	                  0	                  0	            7200000	                  0	                  0	                  0	            7200000	            7200000
5*  PRJ NL-S-CSR-057               Baseline survey Eval	            6000000	                  0	                  0	                  0	            6000000	            6000000	            6000000	                  0	                  0	                  0	            6000000	            6000000	                  0	                  0	                  0	                  0	                  0	                  0	                  0	                  0	                  0	                  0	                  0	                  0	                  0	                  0	                  0	                  0	                  0	                  0	                  0	                  0	                  0	                  0	                  0	                  0	            6000000	                  0	                  0	                  0	            6000000	            6000000
5*  PRJ NL-S-CSR-058               Administrative Overh	            5000000	           15825000	                  0	                  0	           20825000	           20171716	            5000000	           15825000	                  0	                  0	           20825000	           20171716	                  0	                  0	                  0	                  0	                  0	                  0	                  0	                  0	                  0	                  0	                  0	                  0	                  0	                  0	                  0	                  0	                  0	                  0	                  0	                  0	                  0	                  0	                  0	                  0	            5000000	           15825000	                  0	                  0	           20825000	           20171716
5*  PRJ NL-S-CSR-059               High School Transfor	           88500000	                  0	                  0	                  0	           88500000	           88500000	           88500000	                  0	                  0	                  0	           88500000	           88500000	                  0	                  0	                  0	                  0	                  0	                  0	                  0	                  0	                  0	                  0	                  0	                  0	                  0	                  0	                  0	                  0	                  0	                  0	                  0	                  0	                  0	                  0	                  0	                  0	           88500000	                  0	                  0	                  0	           88500000	           88500000
5*  PRJ NL-S-CSR-060               Swachhta Activities	             585055	             414945	                  0	                  0	            1000000	            1000000	             585055	             414945	                  0	                  0	            1000000	            1000000	                  0	                  0	                  0	                  0	                  0	                  0	                  0	                  0	                  0	                  0	                  0	                  0	                  0	                  0	                  0	                  0	                  0	                  0	                  0	                  0	                  0	                  0	                  0	                  0	             585055	             414945	                  0	                  0	            1000000	            1000000
5*  PRJ NL-S-CSR-061               Lab equipments AU	           26700000	                  0	                  0	                  0	           26700000	           26700000	           26700000	                  0	                  0	                  0	           26700000	           26700000	                  0	                  0	                  0	                  0	                  0	                  0	                  0	                  0	                  0	                  0	                  0	                  0	                  0	                  0	                  0	                  0	                  0	                  0	                  0	                  0	                  0	                  0	                  0	                  0	           26700000	                  0	                  0	                  0	           26700000	           26700000
5*  PRJ NL-S-CSR-062               Facilities Diploma M	            5000000	                  0	                  0	                  0	            5000000	            5000000	            5000000	                  0	                  0	                  0	            5000000	            5000000	                  0	                  0	                  0	                  0	                  0	                  0	                  0	                  0	                  0	                  0	                  0	                  0	                  0	                  0	                  0	                  0	                  0	                  0	                  0	                  0	                  0	                  0	                  0	                  0	            5000000	                  0	                  0	                  0	            5000000	            5000000
5*  PRJ NL-S-CSR-063               Trauma Care Centre K	            5000000	           18000000	                  0	                  0	           23000000	           23000000	            5000000	           18000000	                  0	                  0	           23000000	           23000000	                  0	                  0	                  0	                  0	                  0	                  0	                  0	                  0	                  0	                  0	                  0	                  0	                  0	                  0	                  0	                  0	                  0	                  0	                  0	                  0	                  0	                  0	                  0	                  0	            5000000	           18000000	                  0	                  0	           23000000	           23000000
5*  PRJ NL-S-CSR-064               TB Sanatorium GF Cud	            3000000	            9000000	                  0	                  0	           12000000	           12000000	            3000000	            9000000	                  0	                  0	           12000000	           12000000	                  0	                  0	                  0	                  0	                  0	                  0	                  0	                  0	                  0	                  0	                  0	                  0	                  0	                  0	                  0	                  0	                  0	                  0	                  0	                  0	                  0	                  0	                  0	                  0	            3000000	            9000000	                  0	                  0	           12000000	           12000000
5*  PRJ NL-S-CSR-065               OHT Kannadi Village	            1500000	                  0	            -370000	                  0	            1130000	            1130000	            1500000	                  0	            -370000	                  0	            1130000	            1130000	                  0	                  0	                  0	                  0	                  0	                  0	                  0	                  0	                  0	                  0	                  0	                  0	                  0	                  0	                  0	                  0	                  0	                  0	                  0	                  0	                  0	                  0	                  0	                  0	            1500000	                  0	            -370000	                  0	            1130000	            1130000
5*  PRJ NL-S-CSR-066               O2 Generator Shed TN	            5000000	                  0	            -205000	                  0	            4795000	            4795000	            5000000	                  0	            -205000	                  0	            4795000	            4795000	                  0	                  0	                  0	                  0	                  0	                  0	                  0	                  0	                  0	                  0	                  0	                  0	                  0	                  0	                  0	                  0	                  0	                  0	                  0	                  0	                  0	                  0	                  0	                  0	            5000000	                  0	            -205000	                  0	            4795000	            4795000
5*  PRJ NL-S-CSR-067               Public Toilet Blocks	           32900000	           42500000	                  0	                  0	           75400000	           75400000	           32900000	           42500000	                  0	                  0	           75400000	           75400000	                  0	                  0	                  0	                  0	                  0	                  0	                  0	                  0	                  0	                  0	                  0	                  0	                  0	                  0	                  0	                  0	                  0	                  0	                  0	                  0	                  0	                  0	                  0	                  0	           32900000	           42500000	                  0	                  0	           75400000	           75400000
5*  PRJ NL-S-CSR-068               FA Saradha Niketan C	            7400000	            1850000	                  0	                  0	            9250000	            9250000	            7400000	            1850000	                  0	                  0	            9250000	            9250000	                  0	                  0	                  0	                  0	                  0	                  0	                  0	                  0	                  0	                  0	                  0	                  0	                  0	                  0	                  0	                  0	                  0	                  0	                  0	                  0	                  0	                  0	                  0	                  0	            7400000	            1850000	                  0	                  0	            9250000	            9250000
5*  PRJ NL-S-CSR-069               FATO Gram Vikas Soci	            4000000	            8934000	                  0	                  0	           12934000	           12934000	            4000000	            8934000	                  0	                  0	           12934000	           12934000	                  0	                  0	                  0	                  0	                  0	                  0	                  0	                  0	                  0	                  0	                  0	                  0	                  0	                  0	                  0	                  0	                  0	                  0	                  0	                  0	                  0	                  0	                  0	                  0	            4000000	            8934000	                  0	                  0	           12934000	           12934000
5*  PRJ NL-S-CSR-070               AMC for BOV, RTS, SP	            1600000	                  0	                  0	                  0	            1600000	            1600000	            1600000	                  0	                  0	                  0	            1600000	            1600000	                  0	                  0	                  0	                  0	                  0	                  0	                  0	                  0	                  0	                  0	                  0	                  0	                  0	                  0	                  0	                  0	                  0	                  0	                  0	                  0	                  0	                  0	                  0	                  0	            1600000	                  0	                  0	                  0	            1600000	            1600000
5*  PRJ NL-S-CSR-071               Tution Fees Diploma	            3000000	                  0	                  0	                  0	            3000000	            3000000	            3000000	                  0	                  0	                  0	            3000000	            3000000	                  0	                  0	                  0	                  0	                  0	                  0	                  0	                  0	                  0	                  0	                  0	                  0	                  0	                  0	                  0	                  0	                  0	                  0	                  0	                  0	                  0	                  0	                  0	                  0	            3000000	                  0	                  0	                  0	            3000000	            3000000
5*  PRJ NL-S-CSR-072               Conducting Medical C	            3000000	            4150000	                  0	                  0	            7150000	            7150000	            3000000	            4150000	                  0	                  0	            7150000	            7150000	                  0	                  0	                  0	                  0	                  0	                  0	                  0	                  0	                  0	                  0	                  0	                  0	                  0	                  0	                  0	                  0	                  0	                  0	                  0	                  0	                  0	                  0	                  0	                  0	            3000000	            4150000	                  0	                  0	            7150000	            7150000
5*  PRJ NL-S-CSR-073               Sneha Opportunity Sc	            4000000	            3000000	                  0	                  0	            7000000	            7000000	            4000000	            3000000	                  0	                  0	            7000000	            7000000	                  0	                  0	                  0	                  0	                  0	                  0	                  0	                  0	                  0	                  0	                  0	                  0	                  0	                  0	                  0	                  0	                  0	                  0	                  0	                  0	                  0	                  0	                  0	                  0	            4000000	            3000000	                  0	                  0	            7000000	            7000000
5*  PRJ NL-S-CSR-074               FATO Athma Deepam So	            1500000	                  0	                  0	                  0	            1500000	            1500000	            1500000	                  0	                  0	                  0	            1500000	            1500000	                  0	                  0	                  0	                  0	                  0	                  0	                  0	                  0	                  0	                  0	                  0	                  0	                  0	                  0	                  0	                  0	                  0	                  0	                  0	                  0	                  0	                  0	                  0	                  0	            1500000	                  0	                  0	                  0	            1500000	            1500000
5*  PRJ NL-S-CSR-075               FA TO SADVSRN Trust	            2000000	                  0	                  0	                  0	            2000000	            2000000	            2000000	                  0	                  0	                  0	            2000000	            2000000	                  0	                  0	                  0	                  0	                  0	                  0	                  0	                  0	                  0	                  0	                  0	                  0	                  0	                  0	                  0	                  0	                  0	                  0	                  0	                  0	                  0	                  0	                  0	                  0	            2000000	                  0	                  0	                  0	            2000000	            2000000
5*  PRJ NL-S-CSR-076               2 Class room Kollidu	            5800000	                  0	                  0	                  0	            5800000	            5800000	            5800000	                  0	                  0	                  0	            5800000	            5800000	                  0	                  0	                  0	                  0	                  0	                  0	                  0	                  0	                  0	                  0	                  0	                  0	                  0	                  0	                  0	                  0	                  0	                  0	                  0	                  0	                  0	                  0	                  0	                  0	            5800000	                  0	                  0	                  0	            5800000	            5800000
5*  PRJ NL-S-CSR-077               4 Class Room Kurinji	            6000000	                  0	                  0	                  0	            6000000	            6000000	            6000000	                  0	                  0	                  0	            6000000	            6000000	                  0	                  0	                  0	                  0	                  0	                  0	                  0	                  0	                  0	                  0	                  0	                  0	                  0	                  0	                  0	                  0	                  0	                  0	                  0	                  0	                  0	                  0	                  0	                  0	            6000000	                  0	                  0	                  0	            6000000	            6000000
5*  PRJ NL-S-CSR-078               Urgent Activities wi	            6600000	           12000000	           -1000000	                  0	           17600000	           12786800	            6600000	           12000000	           -1000000	                  0	           17600000	           12786800	                  0	                  0	                  0	                  0	                  0	                  0	                  0	                  0	                  0	                  0	                  0	                  0	                  0	                  0	                  0	                  0	                  0	                  0	                  0	                  0	                  0	                  0	                  0	                  0	            6600000	           12000000	           -1000000	                  0	           17600000	           12786800
5*  PRJ NL-S-CSR-079               Blood Donation Camps	            1000000	                  0	                  0	                  0	            1000000	            1000000	            1000000	                  0	                  0	                  0	            1000000	            1000000	                  0	                  0	                  0	                  0	                  0	                  0	                  0	                  0	                  0	                  0	                  0	                  0	                  0	                  0	                  0	                  0	                  0	                  0	                  0	                  0	                  0	                  0	                  0	                  0	            1000000	                  0	                  0	                  0	            1000000	            1000000
5*  PRJ NL-S-CSR-080               Medical Camps Barsin	             600000	                  0	                  0	                  0	             600000	             600000	             600000	                  0	                  0	                  0	             600000	             600000	                  0	                  0	                  0	                  0	                  0	                  0	                  0	                  0	                  0	                  0	                  0	                  0	                  0	                  0	                  0	                  0	                  0	                  0	                  0	                  0	                  0	                  0	                  0	                  0	             600000	                  0	                  0	                  0	             600000	             600000
5*  PRJ NL-S-CSR-081               OP Treament to Near	           23800000	                  0	            -150000	                  0	           23650000	           23650000	           23800000	                  0	            -150000	                  0	           23650000	           23650000	                  0	                  0	                  0	                  0	                  0	                  0	                  0	                  0	                  0	                  0	                  0	                  0	                  0	                  0	                  0	                  0	                  0	                  0	                  0	                  0	                  0	                  0	                  0	                  0	           23800000	                  0	            -150000	                  0	           23650000	           23650000
5*  PRJ NL-S-CSR-082               Upgradation of near	            1500000	                  0	                  0	                  0	            1500000	            1500000	            1500000	                  0	                  0	                  0	            1500000	            1500000	                  0	                  0	                  0	                  0	                  0	                  0	                  0	                  0	                  0	                  0	                  0	                  0	                  0	                  0	                  0	                  0	                  0	                  0	                  0	                  0	                  0	                  0	                  0	                  0	            1500000	                  0	                  0	                  0	            1500000	            1500000
5*  PRJ NL-S-CSR-083               Improvement works fo	            3000000	                  0	                  0	                  0	            3000000	            3000000	            3000000	                  0	                  0	                  0	            3000000	            3000000	                  0	                  0	                  0	                  0	                  0	                  0	                  0	                  0	                  0	                  0	                  0	                  0	                  0	                  0	                  0	                  0	                  0	                  0	                  0	                  0	                  0	                  0	                  0	                  0	            3000000	                  0	                  0	                  0	            3000000	            3000000
5*  PRJ NL-S-CSR-084               Infrastructure at PH	             500000	                  0	                  0	                  0	             500000	             500000	             500000	                  0	                  0	                  0	             500000	             500000	                  0	                  0	                  0	                  0	                  0	                  0	                  0	                  0	                  0	                  0	                  0	                  0	                  0	                  0	                  0	                  0	                  0	                  0	                  0	                  0	                  0	                  0	                  0	                  0	             500000	                  0	                  0	                  0	             500000	             500000
5*  PRJ NL-S-CSR-085               Nutrisional support-	            9000000	                  0	                  0	                  0	            9000000	            9000000	            9000000	                  0	                  0	                  0	            9000000	            9000000	                  0	                  0	                  0	                  0	                  0	                  0	                  0	                  0	                  0	                  0	                  0	                  0	                  0	                  0	                  0	                  0	                  0	                  0	                  0	                  0	                  0	                  0	                  0	                  0	            9000000	                  0	                  0	                  0	            9000000	            9000000
5*  PRJ NL-S-CSR-086               D.G. Set Villupuram	            2175000	                  0	                  0	                  0	            2175000	            2175000	            2175000	                  0	                  0	                  0	            2175000	            2175000	                  0	                  0	                  0	                  0	                  0	                  0	                  0	                  0	                  0	                  0	                  0	                  0	                  0	                  0	                  0	                  0	                  0	                  0	                  0	                  0	                  0	                  0	                  0	                  0	            2175000	                  0	                  0	                  0	            2175000	            2175000
5*  PRJ NL-S-CSR-087               Medical Equipment fo	             500000	                  0	                  0	                  0	             500000	             500000	             500000	                  0	                  0	                  0	             500000	             500000	                  0	                  0	                  0	                  0	                  0	                  0	                  0	                  0	                  0	                  0	                  0	                  0	                  0	                  0	                  0	                  0	                  0	                  0	                  0	                  0	                  0	                  0	                  0	                  0	             500000	                  0	                  0	                  0	             500000	             500000
5*  PRJ NL-S-CSR-088               OASIS & Annai Theras	            2600000	                  0	                  0	                  0	            2600000	            2600000	            2600000	                  0	                  0	                  0	            2600000	            2600000	                  0	                  0	                  0	                  0	                  0	                  0	                  0	                  0	                  0	                  0	                  0	                  0	                  0	                  0	                  0	                  0	                  0	                  0	                  0	                  0	                  0	                  0	                  0	                  0	            2600000	                  0	                  0	                  0	            2600000	            2600000
5*  PRJ NL-S-CSR-089               Financial Asstance t	            4000000	                  0	                  0	                  0	            4000000	            4000000	            4000000	                  0	                  0	                  0	            4000000	            4000000	                  0	                  0	                  0	                  0	                  0	                  0	                  0	                  0	                  0	                  0	                  0	                  0	                  0	                  0	                  0	                  0	                  0	                  0	                  0	                  0	                  0	                  0	                  0	                  0	            4000000	                  0	                  0	                  0	            4000000	            4000000
5*  PRJ NL-S-CSR-090               FA2 Bharat Seva.Sang	           13833000	                  0	                  0	                  0	           13833000	           13833000	           13833000	                  0	                  0	                  0	           13833000	           13833000	                  0	                  0	                  0	                  0	                  0	                  0	                  0	                  0	                  0	                  0	                  0	                  0	                  0	                  0	                  0	                  0	                  0	                  0	                  0	                  0	                  0	                  0	                  0	                  0	           13833000	                  0	                  0	                  0	           13833000	           13833000
5*  PRJ NL-S-CSR-091               Ramakrishna Mutt - R	            6000000	                  0	                  0	                  0	            6000000	            6000000	            6000000	                  0	                  0	                  0	            6000000	            6000000	                  0	                  0	                  0	                  0	                  0	                  0	                  0	                  0	                  0	                  0	                  0	                  0	                  0	                  0	                  0	                  0	                  0	                  0	                  0	                  0	                  0	                  0	                  0	                  0	            6000000	                  0	                  0	                  0	            6000000	            6000000
5*  PRJ NL-S-CSR-092               FA2 DSK Kottayam Ker	            3500000	                  0	                  0	                  0	            3500000	            3500000	            3500000	                  0	                  0	                  0	            3500000	            3500000	                  0	                  0	                  0	                  0	                  0	                  0	                  0	                  0	                  0	                  0	                  0	                  0	                  0	                  0	                  0	                  0	                  0	                  0	                  0	                  0	                  0	                  0	                  0	                  0	            3500000	                  0	                  0	                  0	            3500000	            3500000
5*  PRJ NL-S-CSR-093               Consumable&Charges f	            1000000	                  0	                  0	                  0	            1000000	            1000000	            1000000	                  0	                  0	                  0	            1000000	            1000000	                  0	                  0	                  0	                  0	                  0	                  0	                  0	                  0	                  0	                  0	                  0	                  0	                  0	                  0	                  0	                  0	                  0	                  0	                  0	                  0	                  0	                  0	                  0	                  0	            1000000	                  0	                  0	                  0	            1000000	            1000000
5*  PRJ NL-S-CSR-094               FA to Sri Dhanvantha	            1000000	                  0	                  0	                  0	            1000000	            1000000	            1000000	                  0	                  0	                  0	            1000000	            1000000	                  0	                  0	                  0	                  0	                  0	                  0	                  0	                  0	                  0	                  0	                  0	                  0	                  0	                  0	                  0	                  0	                  0	                  0	                  0	                  0	                  0	                  0	                  0	                  0	            1000000	                  0	                  0	                  0	            1000000	            1000000
5*  PRJ NL-S-CSR-095               Improvement works Ba	            4500000	                  0	                  0	                  0	            4500000	            4500000	            4500000	                  0	                  0	                  0	            4500000	            4500000	                  0	                  0	                  0	                  0	                  0	                  0	                  0	                  0	                  0	                  0	                  0	                  0	                  0	                  0	                  0	                  0	                  0	                  0	                  0	                  0	                  0	                  0	                  0	                  0	            4500000	                  0	                  0	                  0	            4500000	            4500000
5*  PRJ NL-S-CSR-096               OHT for U.Athanur Vi	            2500000	                  0	                  0	                  0	            2500000	            2500000	            2500000	                  0	                  0	                  0	            2500000	            2500000	                  0	                  0	                  0	                  0	                  0	                  0	                  0	                  0	                  0	                  0	                  0	                  0	                  0	                  0	                  0	                  0	                  0	                  0	                  0	                  0	                  0	                  0	                  0	                  0	            2500000	                  0	                  0	                  0	            2500000	            2500000
5*  PRJ NL-S-CSR-097               OHT in Mummudi Chola	            2500000	                  0	                  0	                  0	            2500000	            2500000	            2500000	                  0	                  0	                  0	            2500000	            2500000	                  0	                  0	                  0	                  0	                  0	                  0	                  0	                  0	                  0	                  0	                  0	                  0	                  0	                  0	                  0	                  0	                  0	                  0	                  0	                  0	                  0	                  0	                  0	                  0	            2500000	                  0	                  0	                  0	            2500000	            2500000
5*  PRJ NL-S-CSR-098               OHT and Borewell Veg	            2500000	                  0	                  0	                  0	            2500000	                  0	            2500000	                  0	                  0	                  0	            2500000	                  0	                  0	                  0	                  0	                  0	                  0	                  0	                  0	                  0	                  0	                  0	                  0	                  0	                  0	                  0	                  0	                  0	                  0	                  0	                  0	                  0	                  0	                  0	                  0	                  0	            2500000	                  0	                  0	                  0	            2500000	                  0
5*  PRJ NL-S-CSR-099               OHT and Borewell at	            4000000	                  0	                  0	                  0	            4000000	            4000000	            4000000	                  0	                  0	                  0	            4000000	            4000000	                  0	                  0	                  0	                  0	                  0	                  0	                  0	                  0	                  0	                  0	                  0	                  0	                  0	                  0	                  0	                  0	                  0	                  0	                  0	                  0	                  0	                  0	                  0	                  0	            4000000	                  0	                  0	                  0	            4000000	            4000000
5*  PRJ NL-S-CSR-100               BWl@Govt.School Karu	            4000000	                  0	                  0	                  0	            4000000	            4000000	            4000000	                  0	                  0	                  0	            4000000	            4000000	                  0	                  0	                  0	                  0	                  0	                  0	                  0	                  0	                  0	                  0	                  0	                  0	                  0	                  0	                  0	                  0	                  0	                  0	                  0	                  0	                  0	                  0	                  0	                  0	            4000000	                  0	                  0	                  0	            4000000	            4000000
5*  PRJ NL-S-CSR-101               OHT at Annavalli Ura	            4000000	                  0	                  0	                  0	            4000000	            4000000	            4000000	                  0	                  0	                  0	            4000000	            4000000	                  0	                  0	                  0	                  0	                  0	                  0	                  0	                  0	                  0	                  0	                  0	                  0	                  0	                  0	                  0	                  0	                  0	                  0	                  0	                  0	                  0	                  0	                  0	                  0	            4000000	                  0	                  0	                  0	            4000000	            4000000
5*  PRJ NL-S-CSR-102               Borewell at Vadalur	            2500000	                  0	                  0	                  0	            2500000	            2500000	            2500000	                  0	                  0	                  0	            2500000	            2500000	                  0	                  0	                  0	                  0	                  0	                  0	                  0	                  0	                  0	                  0	                  0	                  0	                  0	                  0	                  0	                  0	                  0	                  0	                  0	                  0	                  0	                  0	                  0	                  0	            2500000	                  0	                  0	                  0	            2500000	            2500000
5*  PRJ NL-S-CSR-103               OHT in Valli madhura	            2500000	                  0	                  0	                  0	            2500000	            2500000	            2500000	                  0	                  0	                  0	            2500000	            2500000	                  0	                  0	                  0	                  0	                  0	                  0	                  0	                  0	                  0	                  0	                  0	                  0	                  0	                  0	                  0	                  0	                  0	                  0	                  0	                  0	                  0	                  0	                  0	                  0	            2500000	                  0	                  0	                  0	            2500000	            2500000
5*  PRJ NL-S-CSR-104               OHT in Ma Pudaiyur M	            4000000	                  0	                  0	                  0	            4000000	            4000000	            4000000	                  0	                  0	                  0	            4000000	            4000000	                  0	                  0	                  0	                  0	                  0	                  0	                  0	                  0	                  0	                  0	                  0	                  0	                  0	                  0	                  0	                  0	                  0	                  0	                  0	                  0	                  0	                  0	                  0	                  0	            4000000	                  0	                  0	                  0	            4000000	            4000000
5*  PRJ NL-S-CSR-105               OHT in Elamangalam,	            4000000	                  0	                  0	                  0	            4000000	            4000000	            4000000	                  0	                  0	                  0	            4000000	            4000000	                  0	                  0	                  0	                  0	                  0	                  0	                  0	                  0	                  0	                  0	                  0	                  0	                  0	                  0	                  0	                  0	                  0	                  0	                  0	                  0	                  0	                  0	                  0	                  0	            4000000	                  0	                  0	                  0	            4000000	            4000000
5*  PRJ NL-S-CSR-106               Borewell for kotteri	            1200000	                  0	                  0	                  0	            1200000	            1200000	            1200000	                  0	                  0	                  0	            1200000	            1200000	                  0	                  0	                  0	                  0	                  0	                  0	                  0	                  0	                  0	                  0	                  0	                  0	                  0	                  0	                  0	                  0	                  0	                  0	                  0	                  0	                  0	                  0	                  0	                  0	            1200000	                  0	                  0	                  0	            1200000	            1200000
5*  PRJ NL-S-CSR-107               Hygiene & Healthcare	            9500000	                  0	                  0	                  0	            9500000	            9500000	            9500000	                  0	                  0	                  0	            9500000	            9500000	                  0	                  0	                  0	                  0	                  0	                  0	                  0	                  0	                  0	                  0	                  0	                  0	                  0	                  0	                  0	                  0	                  0	                  0	                  0	                  0	                  0	                  0	                  0	                  0	            9500000	                  0	                  0	                  0	            9500000	            9500000
5*  PRJ NL-S-CSR-108               Toilet blocks for sc	            6000000	                  0	                  0	                  0	            6000000	            6000000	            6000000	                  0	                  0	                  0	            6000000	            6000000	                  0	                  0	                  0	                  0	                  0	                  0	                  0	                  0	                  0	                  0	                  0	                  0	                  0	                  0	                  0	                  0	                  0	                  0	                  0	                  0	                  0	                  0	                  0	                  0	            6000000	                  0	                  0	                  0	            6000000	            6000000
5*  PRJ NL-S-CSR-109               Toilet blocks,OHT Go	            1086000	                  0	                  0	                  0	            1086000	            1086000	            1086000	                  0	                  0	                  0	            1086000	            1086000	                  0	                  0	                  0	                  0	                  0	                  0	                  0	                  0	                  0	                  0	                  0	                  0	                  0	                  0	                  0	                  0	                  0	                  0	                  0	                  0	                  0	                  0	                  0	                  0	            1086000	                  0	                  0	                  0	            1086000	            1086000
5*  PRJ NL-S-CSR-110               Swachhata activities	           10000000	                  0	                  0	                  0	           10000000	           10000000	           10000000	                  0	                  0	                  0	           10000000	           10000000	                  0	                  0	                  0	                  0	                  0	                  0	                  0	                  0	                  0	                  0	                  0	                  0	                  0	                  0	                  0	                  0	                  0	                  0	                  0	                  0	                  0	                  0	                  0	                  0	           10000000	                  0	                  0	                  0	           10000000	           10000000
5*  PRJ NL-S-CSR-111               Toilet blocks Alangu	            3500000	                  0	                  0	                  0	            3500000	            3500000	            3500000	                  0	                  0	                  0	            3500000	            3500000	                  0	                  0	                  0	                  0	                  0	                  0	                  0	                  0	                  0	                  0	                  0	                  0	                  0	                  0	                  0	                  0	                  0	                  0	                  0	                  0	                  0	                  0	                  0	                  0	            3500000	                  0	                  0	                  0	            3500000	            3500000
5*  PRJ NL-S-CSR-112               Awareness motivation	            8000000	                  0	                  0	                  0	            8000000	            8000000	            8000000	                  0	                  0	                  0	            8000000	            8000000	                  0	                  0	                  0	                  0	                  0	                  0	                  0	                  0	                  0	                  0	                  0	                  0	                  0	                  0	                  0	                  0	                  0	                  0	                  0	                  0	                  0	                  0	                  0	                  0	            8000000	                  0	                  0	                  0	            8000000	            8000000
5*  PRJ NL-S-CSR-113               1 std girl students	             200000	                  0	                  0	                  0	             200000	             200000	             200000	                  0	                  0	                  0	             200000	             200000	                  0	                  0	                  0	                  0	                  0	                  0	                  0	                  0	                  0	                  0	                  0	                  0	                  0	                  0	                  0	                  0	                  0	                  0	                  0	                  0	                  0	                  0	                  0	                  0	             200000	                  0	                  0	                  0	             200000	             200000
5*  PRJ NL-S-CSR-114               Scholarship to girl	             850000	                  0	                  0	                  0	             850000	             850000	             850000	                  0	                  0	                  0	             850000	             850000	                  0	                  0	                  0	                  0	                  0	                  0	                  0	                  0	                  0	                  0	                  0	                  0	                  0	                  0	                  0	                  0	                  0	                  0	                  0	                  0	                  0	                  0	                  0	                  0	             850000	                  0	                  0	                  0	             850000	             850000
5*  PRJ NL-S-CSR-115               Tution Fees SC,ST,OB	           48606000	                  0	                  0	                  0	           48606000	           48606000	           48606000	                  0	                  0	                  0	           48606000	           48606000	                  0	                  0	                  0	                  0	                  0	                  0	                  0	                  0	                  0	                  0	                  0	                  0	                  0	                  0	                  0	                  0	                  0	                  0	                  0	                  0	                  0	                  0	                  0	                  0	           48606000	                  0	                  0	                  0	           48606000	           48606000
5*  PRJ NL-S-CSR-116               Activities for promo	            5000000	                  0	                  0	                  0	            5000000	            5000000	            5000000	                  0	                  0	                  0	            5000000	            5000000	                  0	                  0	                  0	                  0	                  0	                  0	                  0	                  0	                  0	                  0	                  0	                  0	                  0	                  0	                  0	                  0	                  0	                  0	                  0	                  0	                  0	                  0	                  0	                  0	            5000000	                  0	                  0	                  0	            5000000	            5000000
5*  PRJ NL-S-CSR-117               Educational assistan	           12200000	                  0	                  0	                  0	           12200000	           12200000	           12200000	                  0	                  0	                  0	           12200000	           12200000	                  0	                  0	                  0	                  0	                  0	                  0	                  0	                  0	                  0	                  0	                  0	                  0	                  0	                  0	                  0	                  0	                  0	                  0	                  0	                  0	                  0	                  0	                  0	                  0	           12200000	                  0	                  0	                  0	           12200000	           12200000
5*  PRJ NL-S-CSR-118               Compound wall GHS Sa	            1000000	                  0	                  0	                  0	            1000000	            1000000	            1000000	                  0	                  0	                  0	            1000000	            1000000	                  0	                  0	                  0	                  0	                  0	                  0	                  0	                  0	                  0	                  0	                  0	                  0	                  0	                  0	                  0	                  0	                  0	                  0	                  0	                  0	                  0	                  0	                  0	                  0	            1000000	                  0	                  0	                  0	            1000000	            1000000
5*  PRJ NL-S-CSR-119               Toilet blocks,smart	            1500000	                  0	                  0	                  0	            1500000	            1500000	            1500000	                  0	                  0	                  0	            1500000	            1500000	                  0	                  0	                  0	                  0	                  0	                  0	                  0	                  0	                  0	                  0	                  0	                  0	                  0	                  0	                  0	                  0	                  0	                  0	                  0	                  0	                  0	                  0	                  0	                  0	            1500000	                  0	                  0	                  0	            1500000	            1500000
5*  PRJ NL-S-CSR-120               Classrooms,toilets-	            2543000	                  0	                  0	                  0	            2543000	            2543000	            2543000	                  0	                  0	                  0	            2543000	            2543000	                  0	                  0	                  0	                  0	                  0	                  0	                  0	                  0	                  0	                  0	                  0	                  0	                  0	                  0	                  0	                  0	                  0	                  0	                  0	                  0	                  0	                  0	                  0	                  0	            2543000	                  0	                  0	                  0	            2543000	            2543000
5*  PRJ NL-S-CSR-121               OHT,Library,etc. Mel	            5000000	                  0	                  0	                  0	            5000000	            5000000	            5000000	                  0	                  0	                  0	            5000000	            5000000	                  0	                  0	                  0	                  0	                  0	                  0	                  0	                  0	                  0	                  0	                  0	                  0	                  0	                  0	                  0	                  0	                  0	                  0	                  0	                  0	                  0	                  0	                  0	                  0	            5000000	                  0	                  0	                  0	            5000000	            5000000
5*  PRJ NL-S-CSR-122               FA JES for neyveli o	           50000000	                  0	                  0	                  0	           50000000	           50000000	           50000000	                  0	                  0	                  0	           50000000	           50000000	                  0	                  0	                  0	                  0	                  0	                  0	                  0	                  0	                  0	                  0	                  0	                  0	                  0	                  0	                  0	                  0	                  0	                  0	                  0	                  0	                  0	                  0	                  0	                  0	           50000000	                  0	                  0	                  0	           50000000	           50000000
5*  PRJ NL-S-CSR-123               Compound wall,etc fo	            2000000	                  0	                  0	                  0	            2000000	            2000000	            2000000	                  0	                  0	                  0	            2000000	            2000000	                  0	                  0	                  0	                  0	                  0	                  0	                  0	                  0	                  0	                  0	                  0	                  0	                  0	                  0	                  0	                  0	                  0	                  0	                  0	                  0	                  0	                  0	                  0	                  0	            2000000	                  0	                  0	                  0	            2000000	            2000000
5*  PRJ NL-S-CSR-124               2 classroom PUES Kee	            3000000	                  0	                  0	                  0	            3000000	            3000000	            3000000	                  0	                  0	                  0	            3000000	            3000000	                  0	                  0	                  0	                  0	                  0	                  0	                  0	                  0	                  0	                  0	                  0	                  0	                  0	                  0	                  0	                  0	                  0	                  0	                  0	                  0	                  0	                  0	                  0	                  0	            3000000	                  0	                  0	                  0	            3000000	            3000000
5*  PRJ NL-S-CSR-125               FA Tribal area Odish	            8700000	                  0	                  0	                  0	            8700000	            8700000	            8700000	                  0	                  0	                  0	            8700000	            8700000	                  0	                  0	                  0	                  0	                  0	                  0	                  0	                  0	                  0	                  0	                  0	                  0	                  0	                  0	                  0	                  0	                  0	                  0	                  0	                  0	                  0	                  0	                  0	                  0	            8700000	                  0	                  0	                  0	            8700000	            8700000
5*  PRJ NL-S-CSR-126               Smartclass GS Kumbak	            3000000	                  0	                  0	                  0	            3000000	            3000000	            3000000	                  0	                  0	                  0	            3000000	            3000000	                  0	                  0	                  0	                  0	                  0	                  0	                  0	                  0	                  0	                  0	                  0	                  0	                  0	                  0	                  0	                  0	                  0	                  0	                  0	                  0	                  0	                  0	                  0	                  0	            3000000	                  0	                  0	                  0	            3000000	            3000000
5*  PRJ NL-S-CSR-127               4 classroom HSS Nall	            6000000	                  0	                  0	                  0	            6000000	            6000000	            6000000	                  0	                  0	                  0	            6000000	            6000000	                  0	                  0	                  0	                  0	                  0	                  0	                  0	                  0	                  0	                  0	                  0	                  0	                  0	                  0	                  0	                  0	                  0	                  0	                  0	                  0	                  0	                  0	                  0	                  0	            6000000	                  0	                  0	                  0	            6000000	            6000000
5*  PRJ NL-S-CSR-128               Infrastructures to L	            1125000	                  0	                  0	                  0	            1125000	            1125000	            1125000	                  0	                  0	                  0	            1125000	            1125000	                  0	                  0	                  0	                  0	                  0	                  0	                  0	                  0	                  0	                  0	                  0	                  0	                  0	                  0	                  0	                  0	                  0	                  0	                  0	                  0	                  0	                  0	                  0	                  0	            1125000	                  0	                  0	                  0	            1125000	            1125000
5*  PRJ NL-S-CSR-129               Infra. Middle School	             400000	                  0	                  0	                  0	             400000	             400000	             400000	                  0	                  0	                  0	             400000	             400000	                  0	                  0	                  0	                  0	                  0	                  0	                  0	                  0	                  0	                  0	                  0	                  0	                  0	                  0	                  0	                  0	                  0	                  0	                  0	                  0	                  0	                  0	                  0	                  0	             400000	                  0	                  0	                  0	             400000	             400000
5*  PRJ NL-S-CSR-130               FA Kasturba New Delh	            3000000	                  0	                  0	                  0	            3000000	            3000000	            3000000	                  0	                  0	                  0	            3000000	            3000000	                  0	                  0	                  0	                  0	                  0	                  0	                  0	                  0	                  0	                  0	                  0	                  0	                  0	                  0	                  0	                  0	                  0	                  0	                  0	                  0	                  0	                  0	                  0	                  0	            3000000	                  0	                  0	                  0	            3000000	            3000000
5*  PRJ NL-S-CSR-131               FA to school in Roht	             500000	                  0	                  0	                  0	             500000	             500000	             500000	                  0	                  0	                  0	             500000	             500000	                  0	                  0	                  0	                  0	                  0	                  0	                  0	                  0	                  0	                  0	                  0	                  0	                  0	                  0	                  0	                  0	                  0	                  0	                  0	                  0	                  0	                  0	                  0	                  0	             500000	                  0	                  0	                  0	             500000	             500000
5*  PRJ NL-S-CSR-132               FA 20 classroom GS D	           30000000	                  0	                  0	                  0	           30000000	           30000000	           30000000	                  0	                  0	                  0	           30000000	           30000000	                  0	                  0	                  0	                  0	                  0	                  0	                  0	                  0	                  0	                  0	                  0	                  0	                  0	                  0	                  0	                  0	                  0	                  0	                  0	                  0	                  0	                  0	                  0	                  0	           30000000	                  0	                  0	                  0	           30000000	           30000000
5*  PRJ NL-S-CSR-133               Skill development pr	           19785000	                  0	                  0	                  0	           19785000	           19785000	           19785000	                  0	                  0	                  0	           19785000	           19785000	                  0	                  0	                  0	                  0	                  0	                  0	                  0	                  0	                  0	                  0	                  0	                  0	                  0	                  0	                  0	                  0	                  0	                  0	                  0	                  0	                  0	                  0	                  0	                  0	           19785000	                  0	                  0	                  0	           19785000	           19785000
5*  PRJ NL-S-CSR-134               FA to VIKS Hyderabad	            1000000	                  0	                  0	                  0	            1000000	            1000000	            1000000	                  0	                  0	                  0	            1000000	            1000000	                  0	                  0	                  0	                  0	                  0	                  0	                  0	                  0	                  0	                  0	                  0	                  0	                  0	                  0	                  0	                  0	                  0	                  0	                  0	                  0	                  0	                  0	                  0	                  0	            1000000	                  0	                  0	                  0	            1000000	            1000000
5*  PRJ NL-S-CSR-135               Camel festival 2023	             200000	                  0	                  0	                  0	             200000	             200000	             200000	                  0	                  0	                  0	             200000	             200000	                  0	                  0	                  0	                  0	                  0	                  0	                  0	                  0	                  0	                  0	                  0	                  0	                  0	                  0	                  0	                  0	                  0	                  0	                  0	                  0	                  0	                  0	                  0	                  0	             200000	                  0	                  0	                  0	             200000	             200000
5*  PRJ NL-S-CSR-136               Re-dev. activities K	           25000000	                  0	                  0	                  0	           25000000	           25000000	           25000000	                  0	                  0	                  0	           25000000	           25000000	                  0	                  0	                  0	                  0	                  0	                  0	                  0	                  0	                  0	                  0	                  0	                  0	                  0	                  0	                  0	                  0	                  0	                  0	                  0	                  0	                  0	                  0	                  0	                  0	           25000000	                  0	                  0	                  0	           25000000	           25000000
5*  PRJ NL-S-CSR-137               Tokyo Olympics Jodhk	            5000000	                  0	                  0	                  0	            5000000	            5000000	            5000000	                  0	                  0	                  0	            5000000	            5000000	                  0	                  0	                  0	                  0	                  0	                  0	                  0	                  0	                  0	                  0	                  0	                  0	                  0	                  0	                  0	                  0	                  0	                  0	                  0	                  0	                  0	                  0	                  0	                  0	            5000000	                  0	                  0	                  0	            5000000	            5000000
5*  PRJ NL-S-CSR-138               T.O. Lulkudi, Badkic	           10000000	                  0	                  0	                  0	           10000000	           10000000	           10000000	                  0	                  0	                  0	           10000000	           10000000	                  0	                  0	                  0	                  0	                  0	                  0	                  0	                  0	                  0	                  0	                  0	                  0	                  0	                  0	                  0	                  0	                  0	                  0	                  0	                  0	                  0	                  0	                  0	                  0	           10000000	                  0	                  0	                  0	           10000000	           10000000
5*  PRJ NL-S-CSR-139               Sports meet Bikaner	            1000000	                  0	                  0	                  0	            1000000	            1000000	            1000000	                  0	                  0	                  0	            1000000	            1000000	                  0	                  0	                  0	                  0	                  0	                  0	                  0	                  0	                  0	                  0	                  0	                  0	                  0	                  0	                  0	                  0	                  0	                  0	                  0	                  0	                  0	                  0	                  0	                  0	            1000000	                  0	                  0	                  0	            1000000	            1000000
5*  PRJ NL-S-CSR-140               BT road Bharathi Nag	            3871000	                  0	                  0	                  0	            3871000	            3871000	            3871000	                  0	                  0	                  0	            3871000	            3871000	                  0	                  0	                  0	                  0	                  0	                  0	                  0	                  0	                  0	                  0	                  0	                  0	                  0	                  0	                  0	                  0	                  0	                  0	                  0	                  0	                  0	                  0	                  0	                  0	            3871000	                  0	                  0	                  0	            3871000	            3871000
5*  PRJ NL-S-CSR-141               13 wells Bhanpura vi	            2000000	                  0	                  0	                  0	            2000000	            2000000	            2000000	                  0	                  0	                  0	            2000000	            2000000	                  0	                  0	                  0	                  0	                  0	                  0	                  0	                  0	                  0	                  0	                  0	                  0	                  0	                  0	                  0	                  0	                  0	                  0	                  0	                  0	                  0	                  0	                  0	                  0	            2000000	                  0	                  0	                  0	            2000000	            2000000
5*  PRJ NL-S-CSR-142               Community hall Kolli	            6000000	                  0	                  0	                  0	            6000000	            6000000	            6000000	                  0	                  0	                  0	            6000000	            6000000	                  0	                  0	                  0	                  0	                  0	                  0	                  0	                  0	                  0	                  0	                  0	                  0	                  0	                  0	                  0	                  0	                  0	                  0	                  0	                  0	                  0	                  0	                  0	                  0	            6000000	                  0	                  0	                  0	            6000000	            6000000
5*  PRJ NL-S-CSR-143               Road repair work The	            4000000	                  0	                  0	                  0	            4000000	            4000000	            4000000	                  0	                  0	                  0	            4000000	            4000000	                  0	                  0	                  0	                  0	                  0	                  0	                  0	                  0	                  0	                  0	                  0	                  0	                  0	                  0	                  0	                  0	                  0	                  0	                  0	                  0	                  0	                  0	                  0	                  0	            4000000	                  0	                  0	                  0	            4000000	            4000000
5*  PRJ NL-S-CSR-144               Community Hall Mella	            6000000	                  0	                  0	                  0	            6000000	            6000000	            6000000	                  0	                  0	                  0	            6000000	            6000000	                  0	                  0	                  0	                  0	                  0	                  0	                  0	                  0	                  0	                  0	                  0	                  0	                  0	                  0	                  0	                  0	                  0	                  0	                  0	                  0	                  0	                  0	                  0	                  0	            6000000	                  0	                  0	                  0	            6000000	            6000000
5*  PRJ NL-S-CSR-145               BT road Kunankurichi	            4000000	                  0	                  0	                  0	            4000000	            4000000	            4000000	                  0	                  0	                  0	            4000000	            4000000	                  0	                  0	                  0	                  0	                  0	                  0	                  0	                  0	                  0	                  0	                  0	                  0	                  0	                  0	                  0	                  0	                  0	                  0	                  0	                  0	                  0	                  0	                  0	                  0	            4000000	                  0	                  0	                  0	            4000000	            4000000
5*  PRJ NL-S-CSR-146               Barsingsar-Udairamsa	           20000000	                  0	                  0	                  0	           20000000	           20000000	           20000000	                  0	                  0	                  0	           20000000	           20000000	                  0	                  0	                  0	                  0	                  0	                  0	                  0	                  0	                  0	                  0	                  0	                  0	                  0	                  0	                  0	                  0	                  0	                  0	                  0	                  0	                  0	                  0	                  0	                  0	           20000000	                  0	                  0	                  0	           20000000	           20000000
5*  PRJ NL-S-CSR-147               Boxculvert,Rcc vents	           20000000	                  0	                  0	                  0	           20000000	           20000000	           20000000	                  0	                  0	                  0	           20000000	           20000000	                  0	                  0	                  0	                  0	                  0	                  0	                  0	                  0	                  0	                  0	                  0	                  0	                  0	                  0	                  0	                  0	                  0	                  0	                  0	                  0	                  0	                  0	                  0	                  0	           20000000	                  0	                  0	                  0	           20000000	           20000000
5*  PRJ NL-S-CSR-148               Baseline survey & IA	            4000000	                  0	                  0	                  0	            4000000	            4000000	            4000000	                  0	                  0	                  0	            4000000	            4000000	                  0	                  0	                  0	                  0	                  0	                  0	                  0	                  0	                  0	                  0	                  0	                  0	                  0	                  0	                  0	                  0	                  0	                  0	                  0	                  0	                  0	                  0	                  0	                  0	            4000000	                  0	                  0	                  0	            4000000	            4000000
5*  PRJ NL-S-CSR-149               FA Guru Institute Hu	           20000000	                  0	                  0	                  0	           20000000	                  0	           20000000	                  0	                  0	                  0	           20000000	                  0	                  0	                  0	                  0	                  0	                  0	                  0	                  0	                  0	                  0	                  0	                  0	                  0	                  0	                  0	                  0	                  0	                  0	                  0	                  0	                  0	                  0	                  0	                  0	                  0	           20000000	                  0	                  0	                  0	           20000000	                  0
5*  PRJ NL-S-CSR-150               Cow Stable Barsi Bar	            2500000	                  0	                  0	                  0	            2500000	                  0	            2500000	                  0	                  0	                  0	            2500000	                  0	                  0	                  0	                  0	                  0	                  0	                  0	                  0	                  0	                  0	                  0	                  0	                  0	                  0	                  0	                  0	                  0	                  0	                  0	                  0	                  0	                  0	                  0	                  0	                  0	            2500000	                  0	                  0	                  0	            2500000	                  0
5*  PRJ NL-S-CSR-151               Administrative Overh	           17725000	            2513103	                  0	                  0	           20238103	           20238103	           17725000	            2513103	                  0	                  0	           20238103	           20238103	                  0	                  0	                  0	                  0	                  0	                  0	                  0	                  0	                  0	                  0	                  0	                  0	                  0	                  0	                  0	                  0	                  0	                  0	                  0	                  0	                  0	                  0	                  0	                  0	           17725000	            2513103	                  0	                  0	           20238103	           20238103
5*  PRJ NL-S-CSR-152               TraumaCare First Flo	           12200000	                  0	                  0	                  0	           12200000	           12200000	           12200000	                  0	                  0	                  0	           12200000	           12200000	                  0	                  0	                  0	                  0	                  0	                  0	                  0	                  0	                  0	                  0	                  0	                  0	                  0	                  0	                  0	                  0	                  0	                  0	                  0	                  0	                  0	                  0	                  0	                  0	           12200000	                  0	                  0	                  0	           12200000	           12200000
5*  PRJ NL-S-CSR-153               Upgradation of PHCs	            1500000	                  0	                  0	                  0	            1500000	            1500000	            1500000	                  0	                  0	                  0	            1500000	            1500000	                  0	                  0	                  0	                  0	                  0	                  0	                  0	                  0	                  0	                  0	                  0	                  0	                  0	                  0	                  0	                  0	                  0	                  0	                  0	                  0	                  0	                  0	                  0	                  0	            1500000	                  0	                  0	                  0	            1500000	            1500000
5*  PRJ NL-S-CSR-154               Imp. works Gov PHC C	            3000000	                  0	                  0	                  0	            3000000	            3000000	            3000000	                  0	                  0	                  0	            3000000	            3000000	                  0	                  0	                  0	                  0	                  0	                  0	                  0	                  0	                  0	                  0	                  0	                  0	                  0	                  0	                  0	                  0	                  0	                  0	                  0	                  0	                  0	                  0	                  0	                  0	            3000000	                  0	                  0	                  0	            3000000	            3000000
5*  PRJ NL-S-CSR-155               D.G.Set O2 plant  Vi	            2300000	                  0	                  0	                  0	            2300000	            2300000	            2300000	                  0	                  0	                  0	            2300000	            2300000	                  0	                  0	                  0	                  0	                  0	                  0	                  0	                  0	                  0	                  0	                  0	                  0	                  0	                  0	                  0	                  0	                  0	                  0	                  0	                  0	                  0	                  0	                  0	                  0	            2300000	                  0	                  0	                  0	            2300000	            2300000
5*  PRJ NL-S-CSR-156               Ramakrishna Math, Ra	           10000000	                  0	                  0	                  0	           10000000	           10000000	           10000000	                  0	                  0	                  0	           10000000	           10000000	                  0	                  0	                  0	                  0	                  0	                  0	                  0	                  0	                  0	                  0	                  0	                  0	                  0	                  0	                  0	                  0	                  0	                  0	                  0	                  0	                  0	                  0	                  0	                  0	           10000000	                  0	                  0	                  0	           10000000	           10000000
5*  PRJ NL-S-CSR-157               Consumbales charges	             950000	                  0	               -500	                  0	             949500	             949500	             950000	                  0	               -500	                  0	             949500	             949500	                  0	                  0	                  0	                  0	                  0	                  0	                  0	                  0	                  0	                  0	                  0	                  0	                  0	                  0	                  0	                  0	                  0	                  0	                  0	                  0	                  0	                  0	                  0	                  0	             950000	                  0	               -500	                  0	             949500	             949500
5*  PRJ NL-S-CSR-158               Tin shed water tank	            2500000	                  0	                  0	                  0	            2500000	            2500000	            2500000	                  0	                  0	                  0	            2500000	            2500000	                  0	                  0	                  0	                  0	                  0	                  0	                  0	                  0	                  0	                  0	                  0	                  0	                  0	                  0	                  0	                  0	                  0	                  0	                  0	                  0	                  0	                  0	                  0	                  0	            2500000	                  0	                  0	                  0	            2500000	            2500000
5*  PRJ NL-S-CSR-159               OHT & Borewell U.Adh	            3500000	                  0	            -310774	                  0	            3189226	            3189226	            3500000	                  0	            -310774	                  0	            3189226	            3189226	                  0	                  0	                  0	                  0	                  0	                  0	                  0	                  0	                  0	                  0	                  0	                  0	                  0	                  0	                  0	                  0	                  0	                  0	                  0	                  0	                  0	                  0	                  0	                  0	            3500000	                  0	            -310774	                  0	            3189226	            3189226
5*  PRJ NL-S-CSR-160                OHT Mummudicholagan	            2500000	             100000	            -360628	                  0	            2239372	            2239372	            2500000	             100000	            -360628	                  0	            2239372	            2239372	                  0	                  0	                  0	                  0	                  0	                  0	                  0	                  0	                  0	                  0	                  0	                  0	                  0	                  0	                  0	                  0	                  0	                  0	                  0	                  0	                  0	                  0	                  0	                  0	            2500000	             100000	            -360628	                  0	            2239372	            2239372
5*  PRJ NL-S-CSR-161                OHT Borewell Vegako	            3500000	                  0	                  0	                  0	            3500000	            3500000	            3500000	                  0	                  0	                  0	            3500000	            3500000	                  0	                  0	                  0	                  0	                  0	                  0	                  0	                  0	                  0	                  0	                  0	                  0	                  0	                  0	                  0	                  0	                  0	                  0	                  0	                  0	                  0	                  0	                  0	                  0	            3500000	                  0	                  0	                  0	            3500000	            3500000
5*  PRJ NL-S-CSR-162               OHT borewell Seplant	            4000000	                  0	           -1490054	                  0	            2509946	            2509946	            4000000	                  0	           -1490054	                  0	            2509946	            2509946	                  0	                  0	                  0	                  0	                  0	                  0	                  0	                  0	                  0	                  0	                  0	                  0	                  0	                  0	                  0	                  0	                  0	                  0	                  0	                  0	                  0	                  0	                  0	                  0	            4000000	                  0	           -1490054	                  0	            2509946	            2509946
5*  PRJ NL-S-CSR-164               Revitalisation Borew	            6500000	                  0	                  0	                  0	            6500000	            6500000	            6500000	                  0	                  0	                  0	            6500000	            6500000	                  0	                  0	                  0	                  0	                  0	                  0	                  0	                  0	                  0	                  0	                  0	                  0	                  0	                  0	                  0	                  0	                  0	                  0	                  0	                  0	                  0	                  0	                  0	                  0	            6500000	                  0	                  0	                  0	            6500000	            6500000
5*  PRJ NL-S-CSR-165               OHT Annavalli  Vazhi	            4000000	                  0	            -698039	                  0	            3301961	            3301961	            4000000	                  0	            -698039	                  0	            3301961	            3301961	                  0	                  0	                  0	                  0	                  0	                  0	                  0	                  0	                  0	                  0	                  0	                  0	                  0	                  0	                  0	                  0	                  0	                  0	                  0	                  0	                  0	                  0	                  0	                  0	            4000000	                  0	            -698039	                  0	            3301961	            3301961
5*  PRJ NL-S-CSR-166               OHT ValliMaduram,Ma.	           11322971	                  0	                  0	                  0	           11322971	           11322971	           11322971	                  0	                  0	                  0	           11322971	           11322971	                  0	                  0	                  0	                  0	                  0	                  0	                  0	                  0	                  0	                  0	                  0	                  0	                  0	                  0	                  0	                  0	                  0	                  0	                  0	                  0	                  0	                  0	                  0	                  0	           11322971	                  0	                  0	                  0	           11322971	           11322971
5*  PRJ NL-S-CSR-167               Drinking water borew	            1500000	                  0	                  0	                  0	            1500000	            1500000	            1500000	                  0	                  0	                  0	            1500000	            1500000	                  0	                  0	                  0	                  0	                  0	                  0	                  0	                  0	                  0	                  0	                  0	                  0	                  0	                  0	                  0	                  0	                  0	                  0	                  0	                  0	                  0	                  0	                  0	                  0	            1500000	                  0	                  0	                  0	            1500000	            1500000
5*  PRJ NL-S-CSR-168               Toilet blocks,school	            6000000	                  0	                  0	                  0	            6000000	            6000000	            6000000	                  0	                  0	                  0	            6000000	            6000000	                  0	                  0	                  0	                  0	                  0	                  0	                  0	                  0	                  0	                  0	                  0	                  0	                  0	                  0	                  0	                  0	                  0	                  0	                  0	                  0	                  0	                  0	                  0	                  0	            6000000	                  0	                  0	                  0	            6000000	            6000000
5*  PRJ NL-S-CSR-169               Public Toilet Blocks	           42594000	                  0	          -19903103	                  0	           22690897	                  0	           42594000	                  0	          -19903103	                  0	           22690897	                  0	                  0	                  0	                  0	                  0	                  0	                  0	                  0	                  0	                  0	                  0	                  0	                  0	                  0	                  0	                  0	                  0	                  0	                  0	                  0	                  0	                  0	                  0	                  0	                  0	           42594000	                  0	          -19903103	                  0	           22690897	                  0
5*  PRJ NL-S-CSR-170               swachh iconic places	           10000000	                  0	            -261638	                  0	            9738362	            9738362	           10000000	                  0	            -261638	                  0	            9738362	            9738362	                  0	                  0	                  0	                  0	                  0	                  0	                  0	                  0	                  0	                  0	                  0	                  0	                  0	                  0	                  0	                  0	                  0	                  0	                  0	                  0	                  0	                  0	                  0	                  0	           10000000	                  0	            -261638	                  0	            9738362	            9738362
5*  PRJ NL-S-CSR-171               community toilets @	            3500000	                  0	                  0	                  0	            3500000	            3500000	            3500000	                  0	                  0	                  0	            3500000	            3500000	                  0	                  0	                  0	                  0	                  0	                  0	                  0	                  0	                  0	                  0	                  0	                  0	                  0	                  0	                  0	                  0	                  0	                  0	                  0	                  0	                  0	                  0	                  0	                  0	            3500000	                  0	                  0	                  0	            3500000	            3500000
5*  PRJ NL-S-CSR-172               Toilets @ Kattukudal	            1258000	                  0	                  0	                  0	            1258000	            1258000	            1258000	                  0	                  0	                  0	            1258000	            1258000	                  0	                  0	                  0	                  0	                  0	                  0	                  0	                  0	                  0	                  0	                  0	                  0	                  0	                  0	                  0	                  0	                  0	                  0	                  0	                  0	                  0	                  0	                  0	                  0	            1258000	                  0	                  0	                  0	            1258000	            1258000
5*  PRJ NL-S-CSR-173                6 toilet blocks aro	            4231000	                  0	                  0	                  0	            4231000	            4231000	            4231000	                  0	                  0	                  0	            4231000	            4231000	                  0	                  0	                  0	                  0	                  0	                  0	                  0	                  0	                  0	                  0	                  0	                  0	                  0	                  0	                  0	                  0	                  0	                  0	                  0	                  0	                  0	                  0	                  0	                  0	            4231000	                  0	                  0	                  0	            4231000	            4231000
5*  PRJ NL-S-CSR-174               Reimbursement Fee Di	            3000000	                  0	                  0	                  0	            3000000	            3000000	            3000000	                  0	                  0	                  0	            3000000	            3000000	                  0	                  0	                  0	                  0	                  0	                  0	                  0	                  0	                  0	                  0	                  0	                  0	                  0	                  0	                  0	                  0	                  0	                  0	                  0	                  0	                  0	                  0	                  0	                  0	            3000000	                  0	                  0	                  0	            3000000	            3000000
5*  PRJ NL-S-CSR-175               2 classroom PUMS Paz	            4064000	                  0	                  0	                  0	            4064000	            4064000	            4064000	                  0	                  0	                  0	            4064000	            4064000	                  0	                  0	                  0	                  0	                  0	                  0	                  0	                  0	                  0	                  0	                  0	                  0	                  0	                  0	                  0	                  0	                  0	                  0	                  0	                  0	                  0	                  0	                  0	                  0	            4064000	                  0	                  0	                  0	            4064000	            4064000
5*  PRJ NL-S-CSR-176               4 classroom Gov BHSS	            4669000	                  0	                  0	                  0	            4669000	            4669000	            4669000	                  0	                  0	                  0	            4669000	            4669000	                  0	                  0	                  0	                  0	                  0	                  0	                  0	                  0	                  0	                  0	                  0	                  0	                  0	                  0	                  0	                  0	                  0	                  0	                  0	                  0	                  0	                  0	                  0	                  0	            4669000	                  0	                  0	                  0	            4669000	            4669000
5*  PRJ NL-S-CSR-177               Compound wall GHS Sa	            1000000	                  0	                  0	                  0	            1000000	            1000000	            1000000	                  0	                  0	                  0	            1000000	            1000000	                  0	                  0	                  0	                  0	                  0	                  0	                  0	                  0	                  0	                  0	                  0	                  0	                  0	                  0	                  0	                  0	                  0	                  0	                  0	                  0	                  0	                  0	                  0	                  0	            1000000	                  0	                  0	                  0	            1000000	            1000000
5*  PRJ NL-S-CSR-178               Toilets tin shed hal	             500000	                  0	                  0	                  0	             500000	             500000	             500000	                  0	                  0	                  0	             500000	             500000	                  0	                  0	                  0	                  0	                  0	                  0	                  0	                  0	                  0	                  0	                  0	                  0	                  0	                  0	                  0	                  0	                  0	                  0	                  0	                  0	                  0	                  0	                  0	                  0	             500000	                  0	                  0	                  0	             500000	             500000
5*  PRJ NL-S-CSR-179               clasroom Vanathiraya	            1887000	                  0	                  0	                  0	            1887000	            1887000	            1887000	                  0	                  0	                  0	            1887000	            1887000	                  0	                  0	                  0	                  0	                  0	                  0	                  0	                  0	                  0	                  0	                  0	                  0	                  0	                  0	                  0	                  0	                  0	                  0	                  0	                  0	                  0	                  0	                  0	                  0	            1887000	                  0	                  0	                  0	            1887000	            1887000
5*  PRJ NL-S-CSR-180               Library GHS Melakupp	            7500000	                  0	           -1191367	                  0	            6308633	            6308633	            7500000	                  0	           -1191367	                  0	            6308633	            6308633	                  0	                  0	                  0	                  0	                  0	                  0	                  0	                  0	                  0	                  0	                  0	                  0	                  0	                  0	                  0	                  0	                  0	                  0	                  0	                  0	                  0	                  0	                  0	                  0	            7500000	                  0	           -1191367	                  0	            6308633	            6308633
5*  PRJ NL-S-CSR-181               Reimb. purch Lab equ	           10284000	                  0	             -91061	                  0	           10192939	           10192939	           10284000	                  0	             -91061	                  0	           10192939	           10192939	                  0	                  0	                  0	                  0	                  0	                  0	                  0	                  0	                  0	                  0	                  0	                  0	                  0	                  0	                  0	                  0	                  0	                  0	                  0	                  0	                  0	                  0	                  0	                  0	           10284000	                  0	             -91061	                  0	           10192939	           10192939
5*  PRJ NL-S-CSR-182               Toilet Clasroom GHS	            5787293	                  0	                  0	                  0	            5787293	            5700000	            5787293	                  0	                  0	                  0	            5787293	            5700000	                  0	                  0	                  0	                  0	                  0	                  0	                  0	                  0	                  0	                  0	                  0	                  0	                  0	                  0	                  0	                  0	                  0	                  0	                  0	                  0	                  0	                  0	                  0	                  0	            5787293	                  0	                  0	                  0	            5787293	            5700000
5*  PRJ NL-S-CSR-183               2clsroom PU Keelur A	            4500000	                  0	                  0	                  0	            4500000	            4500000	            4500000	                  0	                  0	                  0	            4500000	            4500000	                  0	                  0	                  0	                  0	                  0	                  0	                  0	                  0	                  0	                  0	                  0	                  0	                  0	                  0	                  0	                  0	                  0	                  0	                  0	                  0	                  0	                  0	                  0	                  0	            4500000	                  0	                  0	                  0	            4500000	            4500000
5*  PRJ NL-S-CSR-184               Fin support SSVMPS B	            8700000	                  0	                  0	                  0	            8700000	            8700000	            8700000	                  0	                  0	                  0	            8700000	            8700000	                  0	                  0	                  0	                  0	                  0	                  0	                  0	                  0	                  0	                  0	                  0	                  0	                  0	                  0	                  0	                  0	                  0	                  0	                  0	                  0	                  0	                  0	                  0	                  0	            8700000	                  0	                  0	                  0	            8700000	            8700000
5*  PRJ NL-S-CSR-185               Infrastructure Libra	             700000	                  0	                  0	                  0	             700000	             700000	             700000	                  0	                  0	                  0	             700000	             700000	                  0	                  0	                  0	                  0	                  0	                  0	                  0	                  0	                  0	                  0	                  0	                  0	                  0	                  0	                  0	                  0	                  0	                  0	                  0	                  0	                  0	                  0	                  0	                  0	             700000	                  0	                  0	                  0	             700000	             700000
5*  PRJ NL-S-CSR-186               Infrastructure Middl	             400000	                  0	                  0	                  0	             400000	             400000	             400000	                  0	                  0	                  0	             400000	             400000	                  0	                  0	                  0	                  0	                  0	                  0	                  0	                  0	                  0	                  0	                  0	                  0	                  0	                  0	                  0	                  0	                  0	                  0	                  0	                  0	                  0	                  0	                  0	                  0	             400000	                  0	                  0	                  0	             400000	             400000
5*  PRJ NL-S-CSR-187               FA 20 clsroom Govt S	           50000000	                  0	          -50000000	                  0	                  0	                  0	           50000000	                  0	          -50000000	                  0	                  0	                  0	                  0	                  0	                  0	                  0	                  0	                  0	                  0	                  0	                  0	                  0	                  0	                  0	                  0	                  0	                  0	                  0	                  0	                  0	                  0	                  0	                  0	                  0	                  0	                  0	           50000000	                  0	          -50000000	                  0	                  0	                  0
5*  PRJ NL-S-CSR-188               2 clsroom PUMS Adaya	            3000000	                  0	                  0	                  0	            3000000	            3000000	            3000000	                  0	                  0	                  0	            3000000	            3000000	                  0	                  0	                  0	                  0	                  0	                  0	                  0	                  0	                  0	                  0	                  0	                  0	                  0	                  0	                  0	                  0	                  0	                  0	                  0	                  0	                  0	                  0	                  0	                  0	            3000000	                  0	                  0	                  0	            3000000	            3000000
5*  PRJ NL-S-CSR-189               infra Gov school, Sw	            1200000	                  0	                  0	                  0	            1200000	            1200000	            1200000	                  0	                  0	                  0	            1200000	            1200000	                  0	                  0	                  0	                  0	                  0	                  0	                  0	                  0	                  0	                  0	                  0	                  0	                  0	                  0	                  0	                  0	                  0	                  0	                  0	                  0	                  0	                  0	                  0	                  0	            1200000	                  0	                  0	                  0	            1200000	            1200000
5*  PRJ NL-S-CSR-190               Infra. GHSS Lalamdes	             490000	                  0	                  0	                  0	             490000	             490000	             490000	                  0	                  0	                  0	             490000	             490000	                  0	                  0	                  0	                  0	                  0	                  0	                  0	                  0	                  0	                  0	                  0	                  0	                  0	                  0	                  0	                  0	                  0	                  0	                  0	                  0	                  0	                  0	                  0	                  0	             490000	                  0	                  0	                  0	             490000	             490000
5*  PRJ NL-S-CSR-191               Infra.Gov MahatmaGan	             400000	                  0	                  0	                  0	             400000	             400000	             400000	                  0	                  0	                  0	             400000	             400000	                  0	                  0	                  0	                  0	                  0	                  0	                  0	                  0	                  0	                  0	                  0	                  0	                  0	                  0	                  0	                  0	                  0	                  0	                  0	                  0	                  0	                  0	                  0	                  0	             400000	                  0	                  0	                  0	             400000	             400000
5*  PRJ NL-S-CSR-192               FA Atma Deepam Socie	             900000	                  0	                  0	                  0	             900000	             900000	             900000	                  0	                  0	                  0	             900000	             900000	                  0	                  0	                  0	                  0	                  0	                  0	                  0	                  0	                  0	                  0	                  0	                  0	                  0	                  0	                  0	                  0	                  0	                  0	                  0	                  0	                  0	                  0	                  0	                  0	             900000	                  0	                  0	                  0	             900000	             900000
5*  PRJ NL-S-CSR-193               FA VIKS Hyderabad	             700000	                  0	                  0	                  0	             700000	             700000	             700000	                  0	                  0	                  0	             700000	             700000	                  0	                  0	                  0	                  0	                  0	                  0	                  0	                  0	                  0	                  0	                  0	                  0	                  0	                  0	                  0	                  0	                  0	                  0	                  0	                  0	                  0	                  0	                  0	                  0	             700000	                  0	                  0	                  0	             700000	             700000
5*  PRJ NL-S-CSR-194               FA Santhigiri Ashram	             300000	                  0	                  0	                  0	             300000	             300000	             300000	                  0	                  0	                  0	             300000	             300000	                  0	                  0	                  0	                  0	                  0	                  0	                  0	                  0	                  0	                  0	                  0	                  0	                  0	                  0	                  0	                  0	                  0	                  0	                  0	                  0	                  0	                  0	                  0	                  0	             300000	                  0	                  0	                  0	             300000	             300000
5*  PRJ NL-S-CSR-195               Sewing Machines to W	           12400000	                  0	                  0	                  0	           12400000	           12400000	           12400000	                  0	                  0	                  0	           12400000	           12400000	                  0	                  0	                  0	                  0	                  0	                  0	                  0	                  0	                  0	                  0	                  0	                  0	                  0	                  0	                  0	                  0	                  0	                  0	                  0	                  0	                  0	                  0	                  0	                  0	           12400000	                  0	                  0	                  0	           12400000	           12400000
5*  PRJ NL-S-CSR-196               Redevelopment activi	           49400000	                  0	          -49400000	                  0	                  0	                  0	           49400000	                  0	          -49400000	                  0	                  0	                  0	                  0	                  0	                  0	                  0	                  0	                  0	                  0	                  0	                  0	                  0	                  0	                  0	                  0	                  0	                  0	                  0	                  0	                  0	                  0	                  0	                  0	                  0	                  0	                  0	           49400000	                  0	          -49400000	                  0	                  0	                  0
5*  PRJ NL-S-CSR-197               FA to Guru Institute	           30000000	                  0	          -30000000	                  0	                  0	                  0	           30000000	                  0	          -30000000	                  0	                  0	                  0	                  0	                  0	                  0	                  0	                  0	                  0	                  0	                  0	                  0	                  0	                  0	                  0	                  0	                  0	                  0	                  0	                  0	                  0	                  0	                  0	                  0	                  0	                  0	                  0	           30000000	                  0	          -30000000	                  0	                  0	                  0
5*  PRJ NL-S-CSR-198               olympians Sirsa, Jod	           10661000	                  0	          -10293707	                  0	             367293	             367293	           10661000	                  0	          -10293707	                  0	             367293	             367293	                  0	                  0	                  0	                  0	                  0	                  0	                  0	                  0	                  0	                  0	                  0	                  0	                  0	                  0	                  0	                  0	                  0	                  0	                  0	                  0	                  0	                  0	                  0	                  0	           10661000	                  0	          -10293707	                  0	             367293	             367293
5*  PRJ NL-S-CSR-199               olympians Lulkidi, B	           50000000	                  0	          -50000000	                  0	                  0	                  0	           50000000	                  0	          -50000000	                  0	                  0	                  0	                  0	                  0	                  0	                  0	                  0	                  0	                  0	                  0	                  0	                  0	                  0	                  0	                  0	                  0	                  0	                  0	                  0	                  0	                  0	                  0	                  0	                  0	                  0	                  0	           50000000	                  0	          -50000000	                  0	                  0	                  0
5*  PRJ NL-S-CSR-200               BT road to Bharathi	            3871000	                  0	                  0	                  0	            3871000	            3871000	            3871000	                  0	                  0	                  0	            3871000	            3871000	                  0	                  0	                  0	                  0	                  0	                  0	                  0	                  0	                  0	                  0	                  0	                  0	                  0	                  0	                  0	                  0	                  0	                  0	                  0	                  0	                  0	                  0	                  0	                  0	            3871000	                  0	                  0	                  0	            3871000	            3871000
5*  PRJ NL-S-CSR-201               Community Hall Kolli	            7500000	                  0	            -300000	                  0	            7200000	            7200000	            7500000	                  0	            -300000	                  0	            7200000	            7200000	                  0	                  0	                  0	                  0	                  0	                  0	                  0	                  0	                  0	                  0	                  0	                  0	                  0	                  0	                  0	                  0	                  0	                  0	                  0	                  0	                  0	                  0	                  0	                  0	            7500000	                  0	            -300000	                  0	            7200000	            7200000
5*  PRJ NL-S-CSR-202               Therkumelur to Vadal	            4000000	                  0	                  0	                  0	            4000000	            4000000	            4000000	                  0	                  0	                  0	            4000000	            4000000	                  0	                  0	                  0	                  0	                  0	                  0	                  0	                  0	                  0	                  0	                  0	                  0	                  0	                  0	                  0	                  0	                  0	                  0	                  0	                  0	                  0	                  0	                  0	                  0	            4000000	                  0	                  0	                  0	            4000000	            4000000
5*  PRJ NL-S-CSR-203               Community Hall at Me	            7500000	                  0	            -300000	                  0	            7200000	            7200000	            7500000	                  0	            -300000	                  0	            7200000	            7200000	                  0	                  0	                  0	                  0	                  0	                  0	                  0	                  0	                  0	                  0	                  0	                  0	                  0	                  0	                  0	                  0	                  0	                  0	                  0	                  0	                  0	                  0	                  0	                  0	            7500000	                  0	            -300000	                  0	            7200000	            7200000
5*  PRJ NL-S-CSR-204               BT Road  Kunankurich	            4000000	                  0	                  0	                  0	            4000000	            4000000	            4000000	                  0	                  0	                  0	            4000000	            4000000	                  0	                  0	                  0	                  0	                  0	                  0	                  0	                  0	                  0	                  0	                  0	                  0	                  0	                  0	                  0	                  0	                  0	                  0	                  0	                  0	                  0	                  0	                  0	                  0	            4000000	                  0	                  0	                  0	            4000000	            4000000
5*  PRJ NL-S-CSR-205               Barsingsar-UdairamBy	            1600000	                  0	                  0	                  0	            1600000	            1600000	            1600000	                  0	                  0	                  0	            1600000	            1600000	                  0	                  0	                  0	                  0	                  0	                  0	                  0	                  0	                  0	                  0	                  0	                  0	                  0	                  0	                  0	                  0	                  0	                  0	                  0	                  0	                  0	                  0	                  0	                  0	            1600000	                  0	                  0	                  0	            1600000	            1600000
5*  PRJ NL-S-CSR-206               widening of Sengal O	           19608000	                  0	                  0	                  0	           19608000	           19608000	           19608000	                  0	                  0	                  0	           19608000	           19608000	                  0	                  0	                  0	                  0	                  0	                  0	                  0	                  0	                  0	                  0	                  0	                  0	                  0	                  0	                  0	                  0	                  0	                  0	                  0	                  0	                  0	                  0	                  0	                  0	           19608000	                  0	                  0	                  0	           19608000	           19608000
5*  PRJ NL-S-CSR-207               Baseline survey	             700000	                  0	             -12150	                  0	             687850	             687850	             700000	                  0	             -12150	                  0	             687850	             687850	                  0	                  0	                  0	                  0	                  0	                  0	                  0	                  0	                  0	                  0	                  0	                  0	                  0	                  0	                  0	                  0	                  0	                  0	                  0	                  0	                  0	                  0	                  0	                  0	             700000	                  0	             -12150	                  0	             687850	             687850
5*  PRJ NL-S-CSR-208               FA Gram Vikas Societ	           20000000	                  0	            -895425	                  0	           19104575	           19104575	           20000000	                  0	            -895425	                  0	           19104575	           19104575	                  0	                  0	                  0	                  0	                  0	                  0	                  0	                  0	                  0	                  0	                  0	                  0	                  0	                  0	                  0	                  0	                  0	                  0	                  0	                  0	                  0	                  0	                  0	                  0	           20000000	                  0	            -895425	                  0	           19104575	           19104575
5*  PRJ NL-S-CSR-209               FA Vedic Mision Trus	           15400000	                  0	                  0	                  0	           15400000	           15400000	           15400000	                  0	                  0	                  0	           15400000	           15400000	                  0	                  0	                  0	                  0	                  0	                  0	                  0	                  0	                  0	                  0	                  0	                  0	                  0	                  0	                  0	                  0	                  0	                  0	                  0	                  0	                  0	                  0	                  0	                  0	           15400000	                  0	                  0	                  0	           15400000	           15400000
5*  PRJ NL-S-CSR-210               FA Vocie of World	            7000000	                  0	                  0	                  0	            7000000	            7000000	            7000000	                  0	                  0	                  0	            7000000	            7000000	                  0	                  0	                  0	                  0	                  0	                  0	                  0	                  0	                  0	                  0	                  0	                  0	                  0	                  0	                  0	                  0	                  0	                  0	                  0	                  0	                  0	                  0	                  0	                  0	            7000000	                  0	                  0	                  0	            7000000	            7000000
5*  PRJ NL-S-CSR-211               FA Aravinda Charitab	            7000844	                  0	                  0	                  0	            7000844	            7000844	            7000844	                  0	                  0	                  0	            7000844	            7000844	                  0	                  0	                  0	                  0	                  0	                  0	                  0	                  0	                  0	                  0	                  0	                  0	                  0	                  0	                  0	                  0	                  0	                  0	                  0	                  0	                  0	                  0	                  0	                  0	            7000844	                  0	                  0	                  0	            7000844	            7000844
5*  PRJ NL-S-CSR-212               urgent/new CSR Activ	           50000000	                  0	           -7706795	                  0	           42293205	           42293205	           50000000	                  0	           -7706795	                  0	           42293205	           42293205	                  0	                  0	                  0	                  0	                  0	                  0	                  0	                  0	                  0	                  0	                  0	                  0	                  0	                  0	                  0	                  0	                  0	                  0	                  0	                  0	                  0	                  0	                  0	                  0	           50000000	                  0	           -7706795	                  0	           42293205	           42293205
5*  PRJ NL-S-CSR-213               Poshak to HIV +Ve  S	            7000000	                  0	                  0	                  0	            7000000	            7000000	            7000000	                  0	                  0	                  0	            7000000	            7000000	                  0	                  0	                  0	                  0	                  0	                  0	                  0	                  0	                  0	                  0	                  0	                  0	                  0	                  0	                  0	                  0	                  0	                  0	                  0	                  0	                  0	                  0	                  0	                  0	            7000000	                  0	                  0	                  0	            7000000	            7000000
5*  PRJ NL-S-CSR-214               Blood Donation camp	            1800000	                  0	                  0	                  0	            1800000	            1800000	            1800000	                  0	                  0	                  0	            1800000	            1800000	                  0	                  0	                  0	                  0	                  0	                  0	                  0	                  0	                  0	                  0	                  0	                  0	                  0	                  0	                  0	                  0	                  0	                  0	                  0	                  0	                  0	                  0	                  0	                  0	            1800000	                  0	                  0	                  0	            1800000	            1800000
5*  PRJ NL-S-CSR-215               Year Long Swachhata	            2500000	                  0	                  0	                  0	            2500000	            2500000	            2500000	                  0	                  0	                  0	            2500000	            2500000	                  0	                  0	                  0	                  0	                  0	                  0	                  0	                  0	                  0	                  0	                  0	                  0	                  0	                  0	                  0	                  0	                  0	                  0	                  0	                  0	                  0	                  0	                  0	                  0	            2500000	                  0	                  0	                  0	            2500000	            2500000
5*  PRJ NL-S-CSR-216               Food supplement to I	             550000	                  0	                  0	                  0	             550000	             550000	             550000	                  0	                  0	                  0	             550000	             550000	                  0	                  0	                  0	                  0	                  0	                  0	                  0	                  0	                  0	                  0	                  0	                  0	                  0	                  0	                  0	                  0	                  0	                  0	                  0	                  0	                  0	                  0	                  0	                  0	             550000	                  0	                  0	                  0	             550000	             550000
5*  PRJ NL-S-CSR-217               Hospital,Comp.wall f	           10000000	                  0	                  0	                  0	           10000000	           10000000	           10000000	                  0	                  0	                  0	           10000000	           10000000	                  0	                  0	                  0	                  0	                  0	                  0	                  0	                  0	                  0	                  0	                  0	                  0	                  0	                  0	                  0	                  0	                  0	                  0	                  0	                  0	                  0	                  0	                  0	                  0	           10000000	                  0	                  0	                  0	           10000000	           10000000
5*  PRJ NL-S-CSR-218               Patient waiting hall	            5000000	                  0	                  0	                  0	            5000000	            5000000	            5000000	                  0	                  0	                  0	            5000000	            5000000	                  0	                  0	                  0	                  0	                  0	                  0	                  0	                  0	                  0	                  0	                  0	                  0	                  0	                  0	                  0	                  0	                  0	                  0	                  0	                  0	                  0	                  0	                  0	                  0	            5000000	                  0	                  0	                  0	            5000000	            5000000
5*  PRJ NL-S-CSR-219               Hospital & facilitie	           10000000	                  0	                  0	                  0	           10000000	           10000000	           10000000	                  0	                  0	                  0	           10000000	           10000000	                  0	                  0	                  0	                  0	                  0	                  0	                  0	                  0	                  0	                  0	                  0	                  0	                  0	                  0	                  0	                  0	                  0	                  0	                  0	                  0	                  0	                  0	                  0	                  0	           10000000	                  0	                  0	                  0	           10000000	           10000000
5*  PRJ NL-S-CSR-220               Conducting Medical c	           10000000	                  0	                  0	                  0	           10000000	           10000000	           10000000	                  0	                  0	                  0	           10000000	           10000000	                  0	                  0	                  0	                  0	                  0	                  0	                  0	                  0	                  0	                  0	                  0	                  0	                  0	                  0	                  0	                  0	                  0	                  0	                  0	                  0	                  0	                  0	                  0	                  0	           10000000	                  0	                  0	                  0	           10000000	           10000000
5*  PRJ NL-S-CSR-221               HC PM Cmp public res	           23800000	                  0	                  0	                  0	           23800000	           23800000	           23800000	                  0	                  0	                  0	           23800000	           23800000	                  0	                  0	                  0	                  0	                  0	                  0	                  0	                  0	                  0	                  0	                  0	                  0	                  0	                  0	                  0	                  0	                  0	                  0	                  0	                  0	                  0	                  0	                  0	                  0	           23800000	                  0	                  0	                  0	           23800000	           23800000
5*  PRJ NL-S-CSR-222               Breakfast Scheme to	           10000000	                  0	           -4279000	                  0	            5721000	            5721000	           10000000	                  0	           -4279000	                  0	            5721000	            5721000	                  0	                  0	                  0	                  0	                  0	                  0	                  0	                  0	                  0	                  0	                  0	                  0	                  0	                  0	                  0	                  0	                  0	                  0	                  0	                  0	                  0	                  0	                  0	                  0	           10000000	                  0	           -4279000	                  0	            5721000	            5721000
5*  PRJ NL-S-CSR-223               Ambulance service -P	            5000000	                  0	                  0	                  0	            5000000	            5000000	            5000000	                  0	                  0	                  0	            5000000	            5000000	                  0	                  0	                  0	                  0	                  0	                  0	                  0	                  0	                  0	                  0	                  0	                  0	                  0	                  0	                  0	                  0	                  0	                  0	                  0	                  0	                  0	                  0	                  0	                  0	            5000000	                  0	                  0	                  0	            5000000	            5000000
5*  PRJ NL-S-CSR-224               FA NLCIL Referral Ho	            2000000	                  0	                  0	                  0	            2000000	            2000000	            2000000	                  0	                  0	                  0	            2000000	            2000000	                  0	                  0	                  0	                  0	                  0	                  0	                  0	                  0	                  0	                  0	                  0	                  0	                  0	                  0	                  0	                  0	                  0	                  0	                  0	                  0	                  0	                  0	                  0	                  0	            2000000	                  0	                  0	                  0	            2000000	            2000000
5*  PRJ NL-S-CSR-225               Camps in Project aff	            2000000	                  0	            -814899	                  0	            1185101	            1185101	            2000000	                  0	            -814899	                  0	            1185101	            1185101	                  0	                  0	                  0	                  0	                  0	                  0	                  0	                  0	                  0	                  0	                  0	                  0	                  0	                  0	                  0	                  0	                  0	                  0	                  0	                  0	                  0	                  0	                  0	                  0	            2000000	                  0	            -814899	                  0	            1185101	            1185101
5*  PRJ NL-S-CSR-226               PHC @ Project Affect	            5000000	                  0	                  0	                  0	            5000000	            5000000	            5000000	                  0	                  0	                  0	            5000000	            5000000	                  0	                  0	                  0	                  0	                  0	                  0	                  0	                  0	                  0	                  0	                  0	                  0	                  0	                  0	                  0	                  0	                  0	                  0	                  0	                  0	                  0	                  0	                  0	                  0	            5000000	                  0	                  0	                  0	            5000000	            5000000
5*  PRJ NL-S-CSR-227               Wheel chair etc in P	            5000000	                  0	                  0	                  0	            5000000	            5000000	            5000000	                  0	                  0	                  0	            5000000	            5000000	                  0	                  0	                  0	                  0	                  0	                  0	                  0	                  0	                  0	                  0	                  0	                  0	                  0	                  0	                  0	                  0	                  0	                  0	                  0	                  0	                  0	                  0	                  0	                  0	            5000000	                  0	                  0	                  0	            5000000	            5000000
5*  PRJ NL-S-CSR-228               Periodical health ch	            2000000	                  0	           -1383100	                  0	             616900	             616900	            2000000	                  0	           -1383100	                  0	             616900	             616900	                  0	                  0	                  0	                  0	                  0	                  0	                  0	                  0	                  0	                  0	                  0	                  0	                  0	                  0	                  0	                  0	                  0	                  0	                  0	                  0	                  0	                  0	                  0	                  0	            2000000	                  0	           -1383100	                  0	             616900	             616900
5*  PRJ NL-S-CSR-229               Beti Bachao scheme,	             200000	                  0	                  0	                  0	             200000	             200000	             200000	                  0	                  0	                  0	             200000	             200000	                  0	                  0	                  0	                  0	                  0	                  0	                  0	                  0	                  0	                  0	                  0	                  0	                  0	                  0	                  0	                  0	                  0	                  0	                  0	                  0	                  0	                  0	                  0	                  0	             200000	                  0	                  0	                  0	             200000	             200000
5*  PRJ NL-S-CSR-230               Infra. development P	            4000000	                  0	           -1048988	                  0	            2951012	            2951012	            4000000	                  0	           -1048988	                  0	            2951012	            2951012	                  0	                  0	                  0	                  0	                  0	                  0	                  0	                  0	                  0	                  0	                  0	                  0	                  0	                  0	                  0	                  0	                  0	                  0	                  0	                  0	                  0	                  0	                  0	                  0	            4000000	                  0	           -1048988	                  0	            2951012	            2951012
5*  PRJ NL-S-CSR-231               OHT & Borewell at Se	            4000000	                  0	                  0	                  0	            4000000	            4000000	            4000000	                  0	                  0	                  0	            4000000	            4000000	                  0	                  0	                  0	                  0	                  0	                  0	                  0	                  0	                  0	                  0	                  0	                  0	                  0	                  0	                  0	                  0	                  0	                  0	                  0	                  0	                  0	                  0	                  0	                  0	            4000000	                  0	                  0	                  0	            4000000	            4000000
5*  PRJ NL-S-CSR-232               OHT & Borewell at Vi	            4000000	                  0	                  0	                  0	            4000000	            4000000	            4000000	                  0	                  0	                  0	            4000000	            4000000	                  0	                  0	                  0	                  0	                  0	                  0	                  0	                  0	                  0	                  0	                  0	                  0	                  0	                  0	                  0	                  0	                  0	                  0	                  0	                  0	                  0	                  0	                  0	                  0	            4000000	                  0	                  0	                  0	            4000000	            4000000
5*  PRJ NL-S-CSR-233               BW,Pipeline,etc TB H	            4000000	                  0	                  0	                  0	            4000000	            4000000	            4000000	                  0	                  0	                  0	            4000000	            4000000	                  0	                  0	                  0	                  0	                  0	                  0	                  0	                  0	                  0	                  0	                  0	                  0	                  0	                  0	                  0	                  0	                  0	                  0	                  0	                  0	                  0	                  0	                  0	                  0	            4000000	                  0	                  0	                  0	            4000000	            4000000
5*  PRJ NL-S-CSR-234               BW,Elec. motor facil	            1500000	                  0	                  0	                  0	            1500000	            1500000	            1500000	                  0	                  0	                  0	            1500000	            1500000	                  0	                  0	                  0	                  0	                  0	                  0	                  0	                  0	                  0	                  0	                  0	                  0	                  0	                  0	                  0	                  0	                  0	                  0	                  0	                  0	                  0	                  0	                  0	                  0	            1500000	                  0	                  0	                  0	            1500000	            1500000
5*  PRJ NL-S-CSR-235               Drinking water facil	            1500000	                  0	                  0	                  0	            1500000	            1500000	            1500000	                  0	                  0	                  0	            1500000	            1500000	                  0	                  0	                  0	                  0	                  0	                  0	                  0	                  0	                  0	                  0	                  0	                  0	                  0	                  0	                  0	                  0	                  0	                  0	                  0	                  0	                  0	                  0	                  0	                  0	            1500000	                  0	                  0	                  0	            1500000	            1500000
5*  PRJ NL-S-CSR-236               OHT at K.K. Nagar, K	            4000000	                  0	                  0	                  0	            4000000	            4000000	            4000000	                  0	                  0	                  0	            4000000	            4000000	                  0	                  0	                  0	                  0	                  0	                  0	                  0	                  0	                  0	                  0	                  0	                  0	                  0	                  0	                  0	                  0	                  0	                  0	                  0	                  0	                  0	                  0	                  0	                  0	            4000000	                  0	                  0	                  0	            4000000	            4000000
5*  PRJ NL-S-CSR-237               OHT & Borewell,Anna	            4000000	                  0	                  0	                  0	            4000000	            4000000	            4000000	                  0	                  0	                  0	            4000000	            4000000	                  0	                  0	                  0	                  0	                  0	                  0	                  0	                  0	                  0	                  0	                  0	                  0	                  0	                  0	                  0	                  0	                  0	                  0	                  0	                  0	                  0	                  0	                  0	                  0	            4000000	                  0	                  0	                  0	            4000000	            4000000
5*  PRJ NL-S-CSR-238               OHT,Vadakumelur Panc	            5000000	                  0	                  0	                  0	            5000000	            5000000	            5000000	                  0	                  0	                  0	            5000000	            5000000	                  0	                  0	                  0	                  0	                  0	                  0	                  0	                  0	                  0	                  0	                  0	                  0	                  0	                  0	                  0	                  0	                  0	                  0	                  0	                  0	                  0	                  0	                  0	                  0	            5000000	                  0	                  0	                  0	            5000000	            5000000
5*  PRJ NL-S-CSR-239               OHT in Arasadikuppam	            1500000	                  0	                  0	                  0	            1500000	            1500000	            1500000	                  0	                  0	                  0	            1500000	            1500000	                  0	                  0	                  0	                  0	                  0	                  0	                  0	                  0	                  0	                  0	                  0	                  0	                  0	                  0	                  0	                  0	                  0	                  0	                  0	                  0	                  0	                  0	                  0	                  0	            1500000	                  0	                  0	                  0	            1500000	            1500000
5*  PRJ NL-S-CSR-240               Borewell for Mumudic	            1500000	                  0	                  0	                  0	            1500000	            1500000	            1500000	                  0	                  0	                  0	            1500000	            1500000	                  0	                  0	                  0	                  0	                  0	                  0	                  0	                  0	                  0	                  0	                  0	                  0	                  0	                  0	                  0	                  0	                  0	                  0	                  0	                  0	                  0	                  0	                  0	                  0	            1500000	                  0	                  0	                  0	            1500000	            1500000
5*  PRJ NL-S-CSR-241               OHT for Annagramam e	            4000000	                  0	                  0	                  0	            4000000	            4000000	            4000000	                  0	                  0	                  0	            4000000	            4000000	                  0	                  0	                  0	                  0	                  0	                  0	                  0	                  0	                  0	                  0	                  0	                  0	                  0	                  0	                  0	                  0	                  0	                  0	                  0	                  0	                  0	                  0	                  0	                  0	            4000000	                  0	                  0	                  0	            4000000	            4000000
5*  PRJ NL-S-CSR-242               OHT for Vegakollai V	            1500000	                  0	                  0	                  0	            1500000	            1500000	            1500000	                  0	                  0	                  0	            1500000	            1500000	                  0	                  0	                  0	                  0	                  0	                  0	                  0	                  0	                  0	                  0	                  0	                  0	                  0	                  0	                  0	                  0	                  0	                  0	                  0	                  0	                  0	                  0	                  0	                  0	            1500000	                  0	                  0	                  0	            1500000	            1500000
5*  PRJ NL-S-CSR-243               OHT,Borewell in Kilp	            2500000	                  0	            -400000	                  0	            2100000	            2100000	            2500000	                  0	            -400000	                  0	            2100000	            2100000	                  0	                  0	                  0	                  0	                  0	                  0	                  0	                  0	                  0	                  0	                  0	                  0	                  0	                  0	                  0	                  0	                  0	                  0	                  0	                  0	                  0	                  0	                  0	                  0	            2500000	                  0	            -400000	                  0	            2100000	            2100000
5*  PRJ NL-S-CSR-244               OHT,BW&Comp.Wall - s	            7500000	                  0	                  0	                  0	            7500000	            7500000	            7500000	                  0	                  0	                  0	            7500000	            7500000	                  0	                  0	                  0	                  0	                  0	                  0	                  0	                  0	                  0	                  0	                  0	                  0	                  0	                  0	                  0	                  0	                  0	                  0	                  0	                  0	                  0	                  0	                  0	                  0	            7500000	                  0	                  0	                  0	            7500000	            7500000
5*  PRJ NL-S-CSR-245               Borewell for Vanathi	            3000000	                  0	                  0	                  0	            3000000	            3000000	            3000000	                  0	                  0	                  0	            3000000	            3000000	                  0	                  0	                  0	                  0	                  0	                  0	                  0	                  0	                  0	                  0	                  0	                  0	                  0	                  0	                  0	                  0	                  0	                  0	                  0	                  0	                  0	                  0	                  0	                  0	            3000000	                  0	                  0	                  0	            3000000	            3000000
5*  PRJ NL-S-CSR-246               Borewell in East Str	            2000000	                  0	                  0	                  0	            2000000	            2000000	            2000000	                  0	                  0	                  0	            2000000	            2000000	                  0	                  0	                  0	                  0	                  0	                  0	                  0	                  0	                  0	                  0	                  0	                  0	                  0	                  0	                  0	                  0	                  0	                  0	                  0	                  0	                  0	                  0	                  0	                  0	            2000000	                  0	                  0	                  0	            2000000	            2000000
5*  PRJ NL-S-CSR-247               solar water pumps,Jh	            6000000	                  0	                  0	                  0	            6000000	            6000000	            6000000	                  0	                  0	                  0	            6000000	            6000000	                  0	                  0	                  0	                  0	                  0	                  0	                  0	                  0	                  0	                  0	                  0	                  0	                  0	                  0	                  0	                  0	                  0	                  0	                  0	                  0	                  0	                  0	                  0	                  0	            6000000	                  0	                  0	                  0	            6000000	            6000000
5*  PRJ NL-S-CSR-248               2 toilet blocks,ward	            4000000	                  0	                  0	                  0	            4000000	            4000000	            4000000	                  0	                  0	                  0	            4000000	            4000000	                  0	                  0	                  0	                  0	                  0	                  0	                  0	                  0	                  0	                  0	                  0	                  0	                  0	                  0	                  0	                  0	                  0	                  0	                  0	                  0	                  0	                  0	                  0	                  0	            4000000	                  0	                  0	                  0	            4000000	            4000000
5*  PRJ NL-S-CSR-249               Toilet Block,NMJ Sch	            4000000	                  0	                  0	                  0	            4000000	            4000000	            4000000	                  0	                  0	                  0	            4000000	            4000000	                  0	                  0	                  0	                  0	                  0	                  0	                  0	                  0	                  0	                  0	                  0	                  0	                  0	                  0	                  0	                  0	                  0	                  0	                  0	                  0	                  0	                  0	                  0	                  0	            4000000	                  0	                  0	                  0	            4000000	            4000000
5*  PRJ NL-S-CSR-250               Toilet block GHSS,Ma	            2000000	                  0	                  0	                  0	            2000000	            2000000	            2000000	                  0	                  0	                  0	            2000000	            2000000	                  0	                  0	                  0	                  0	                  0	                  0	                  0	                  0	                  0	                  0	                  0	                  0	                  0	                  0	                  0	                  0	                  0	                  0	                  0	                  0	                  0	                  0	                  0	                  0	            2000000	                  0	                  0	                  0	            2000000	            2000000
5*  PRJ NL-S-CSR-251               Toilet block for gir	            2000000	                  0	                  0	                  0	            2000000	            2000000	            2000000	                  0	                  0	                  0	            2000000	            2000000	                  0	                  0	                  0	                  0	                  0	                  0	                  0	                  0	                  0	                  0	                  0	                  0	                  0	                  0	                  0	                  0	                  0	                  0	                  0	                  0	                  0	                  0	                  0	                  0	            2000000	                  0	                  0	                  0	            2000000	            2000000
5*  PRJ NL-S-CSR-252               Toilet for Tholkappi	            1500000	                  0	                  0	                  0	            1500000	            1500000	            1500000	                  0	                  0	                  0	            1500000	            1500000	                  0	                  0	                  0	                  0	                  0	                  0	                  0	                  0	                  0	                  0	                  0	                  0	                  0	                  0	                  0	                  0	                  0	                  0	                  0	                  0	                  0	                  0	                  0	                  0	            1500000	                  0	                  0	                  0	            1500000	            1500000
5*  PRJ NL-S-CSR-253               Incinerator for Gov	            2500000	                  0	                  0	                  0	            2500000	            2500000	            2500000	                  0	                  0	                  0	            2500000	            2500000	                  0	                  0	                  0	                  0	                  0	                  0	                  0	                  0	                  0	                  0	                  0	                  0	                  0	                  0	                  0	                  0	                  0	                  0	                  0	                  0	                  0	                  0	                  0	                  0	            2500000	                  0	                  0	                  0	            2500000	            2500000
5*  PRJ NL-S-CSR-254               Toilet block for HAM	            2000000	                  0	                  0	                  0	            2000000	            2000000	            2000000	                  0	                  0	                  0	            2000000	            2000000	                  0	                  0	                  0	                  0	                  0	                  0	                  0	                  0	                  0	                  0	                  0	                  0	                  0	                  0	                  0	                  0	                  0	                  0	                  0	                  0	                  0	                  0	                  0	                  0	            2000000	                  0	                  0	                  0	            2000000	            2000000
5*  PRJ NL-S-CSR-255               Toilet block in GHSS	            2000000	                  0	                  0	                  0	            2000000	            2000000	            2000000	                  0	                  0	                  0	            2000000	            2000000	                  0	                  0	                  0	                  0	                  0	                  0	                  0	                  0	                  0	                  0	                  0	                  0	                  0	                  0	                  0	                  0	                  0	                  0	                  0	                  0	                  0	                  0	                  0	                  0	            2000000	                  0	                  0	                  0	            2000000	            2000000
5*  PRJ NL-S-CSR-256               Toilet block for PUP	            2000000	                  0	                  0	                  0	            2000000	            2000000	            2000000	                  0	                  0	                  0	            2000000	            2000000	                  0	                  0	                  0	                  0	                  0	                  0	                  0	                  0	                  0	                  0	                  0	                  0	                  0	                  0	                  0	                  0	                  0	                  0	                  0	                  0	                  0	                  0	                  0	                  0	            2000000	                  0	                  0	                  0	            2000000	            2000000
5*  PRJ NL-S-CSR-257               Toilet  for PUPS,Ind	            2000000	                  0	                  0	                  0	            2000000	            2000000	            2000000	                  0	                  0	                  0	            2000000	            2000000	                  0	                  0	                  0	                  0	                  0	                  0	                  0	                  0	                  0	                  0	                  0	                  0	                  0	                  0	                  0	                  0	                  0	                  0	                  0	                  0	                  0	                  0	                  0	                  0	            2000000	                  0	                  0	                  0	            2000000	            2000000
5*  PRJ NL-S-CSR-258               Toilet blocks for Go	            2000000	                  0	                  0	                  0	            2000000	            2000000	            2000000	                  0	                  0	                  0	            2000000	            2000000	                  0	                  0	                  0	                  0	                  0	                  0	                  0	                  0	                  0	                  0	                  0	                  0	                  0	                  0	                  0	                  0	                  0	                  0	                  0	                  0	                  0	                  0	                  0	                  0	            2000000	                  0	                  0	                  0	            2000000	            2000000
5*  PRJ NL-S-CSR-259               Toilet for PUMS, The	            1500000	                  0	                  0	                  0	            1500000	            1500000	            1500000	                  0	                  0	                  0	            1500000	            1500000	                  0	                  0	                  0	                  0	                  0	                  0	                  0	                  0	                  0	                  0	                  0	                  0	                  0	                  0	                  0	                  0	                  0	                  0	                  0	                  0	                  0	                  0	                  0	                  0	            1500000	                  0	                  0	                  0	            1500000	            1500000
5*  PRJ NL-S-CSR-260               Hygiene&Health Care	           12000000	            4279000	                  0	                  0	           16279000	           16279000	           12000000	            4279000	                  0	                  0	           16279000	           16279000	                  0	                  0	                  0	                  0	                  0	                  0	                  0	                  0	                  0	                  0	                  0	                  0	                  0	                  0	                  0	                  0	                  0	                  0	                  0	                  0	                  0	                  0	                  0	                  0	           12000000	            4279000	                  0	                  0	           16279000	           16279000
5*  PRJ NL-S-CSR-261               Garbage collection v	            7000000	                  0	                  0	                  0	            7000000	            7000000	            7000000	                  0	                  0	                  0	            7000000	            7000000	                  0	                  0	                  0	                  0	                  0	                  0	                  0	                  0	                  0	                  0	                  0	                  0	                  0	                  0	                  0	                  0	                  0	                  0	                  0	                  0	                  0	                  0	                  0	                  0	            7000000	                  0	                  0	                  0	            7000000	            7000000
5*  PRJ NL-S-CSR-262               Construction of publ	            6000000	                  0	                  0	                  0	            6000000	            6000000	            6000000	                  0	                  0	                  0	            6000000	            6000000	                  0	                  0	                  0	                  0	                  0	                  0	                  0	                  0	                  0	                  0	                  0	                  0	                  0	                  0	                  0	                  0	                  0	                  0	                  0	                  0	                  0	                  0	                  0	                  0	            6000000	                  0	                  0	                  0	            6000000	            6000000
5*  PRJ NL-S-CSR-263               waste collection equ	            5000000	                  0	                  0	                  0	            5000000	            5000000	            5000000	                  0	                  0	                  0	            5000000	            5000000	                  0	                  0	                  0	                  0	                  0	                  0	                  0	                  0	                  0	                  0	                  0	                  0	                  0	                  0	                  0	                  0	                  0	                  0	                  0	                  0	                  0	                  0	                  0	                  0	            5000000	                  0	                  0	                  0	            5000000	            5000000
5*  PRJ NL-S-CSR-264               Swachhata activities	           10200000	                  0	                  0	                  0	           10200000	           10200000	           10200000	                  0	                  0	                  0	           10200000	           10200000	                  0	                  0	                  0	                  0	                  0	                  0	                  0	                  0	                  0	                  0	                  0	                  0	                  0	                  0	                  0	                  0	                  0	                  0	                  0	                  0	                  0	                  0	                  0	                  0	           10200000	                  0	                  0	                  0	           10200000	           10200000
5*  PRJ NL-S-CSR-265               Auditorium in Periya	           20000000	                  0	          -20000000	                  0	                  0	                  0	           20000000	                  0	          -20000000	                  0	                  0	                  0	                  0	                  0	                  0	                  0	                  0	                  0	                  0	                  0	                  0	                  0	                  0	                  0	                  0	                  0	                  0	                  0	                  0	                  0	                  0	                  0	                  0	                  0	                  0	                  0	           20000000	                  0	          -20000000	                  0	                  0	                  0
5*  PRJ NL-S-CSR-266               4 class room for Gov	            7500000	                  0	           -7500000	                  0	                  0	                  0	            7500000	                  0	           -7500000	                  0	                  0	                  0	                  0	                  0	                  0	                  0	                  0	                  0	                  0	                  0	                  0	                  0	                  0	                  0	                  0	                  0	                  0	                  0	                  0	                  0	                  0	                  0	                  0	                  0	                  0	                  0	            7500000	                  0	           -7500000	                  0	                  0	                  0
5*  PRJ NL-S-CSR-267               Van etc-PMS HSS,S&H	            1132000	                  0	                  0	                  0	            1132000	            1132000	            1132000	                  0	                  0	                  0	            1132000	            1132000	                  0	                  0	                  0	                  0	                  0	                  0	                  0	                  0	                  0	                  0	                  0	                  0	                  0	                  0	                  0	                  0	                  0	                  0	                  0	                  0	                  0	                  0	                  0	                  0	            1132000	                  0	                  0	                  0	            1132000	            1132000
5*  PRJ NL-S-CSR-268               Cycle stand for Mela	            1500000	                  0	                  0	                  0	            1500000	            1500000	            1500000	                  0	                  0	                  0	            1500000	            1500000	                  0	                  0	                  0	                  0	                  0	                  0	                  0	                  0	                  0	                  0	                  0	                  0	                  0	                  0	                  0	                  0	                  0	                  0	                  0	                  0	                  0	                  0	                  0	                  0	            1500000	                  0	                  0	                  0	            1500000	            1500000
5*  PRJ NL-S-CSR-269               Tiles - classroom,GH	            1000000	                  0	           -1000000	                  0	                  0	                  0	            1000000	                  0	           -1000000	                  0	                  0	                  0	                  0	                  0	                  0	                  0	                  0	                  0	                  0	                  0	                  0	                  0	                  0	                  0	                  0	                  0	                  0	                  0	                  0	                  0	                  0	                  0	                  0	                  0	                  0	                  0	            1000000	                  0	           -1000000	                  0	                  0	                  0
5*  PRJ NL-S-CSR-270               Tution fee for JSC S	           40000000	                  0	                  0	                  0	           40000000	           40000000	           40000000	                  0	                  0	                  0	           40000000	           40000000	                  0	                  0	                  0	                  0	                  0	                  0	                  0	                  0	                  0	                  0	                  0	                  0	                  0	                  0	                  0	                  0	                  0	                  0	                  0	                  0	                  0	                  0	                  0	                  0	           40000000	                  0	                  0	                  0	           40000000	           40000000
5*  PRJ NL-S-CSR-271               Awareness, motivatio	            6000000	                  0	                  0	                  0	            6000000	            6000000	            6000000	                  0	                  0	                  0	            6000000	            6000000	                  0	                  0	                  0	                  0	                  0	                  0	                  0	                  0	                  0	                  0	                  0	                  0	                  0	                  0	                  0	                  0	                  0	                  0	                  0	                  0	                  0	                  0	                  0	                  0	            6000000	                  0	                  0	                  0	            6000000	            6000000
5*  PRJ NL-S-CSR-272               Promoting Education,	            5000000	            1380000	                  0	                  0	            6380000	            6380000	            5000000	            1380000	                  0	                  0	            6380000	            6380000	                  0	                  0	                  0	                  0	                  0	                  0	                  0	                  0	                  0	                  0	                  0	                  0	                  0	                  0	                  0	                  0	                  0	                  0	                  0	                  0	                  0	                  0	                  0	                  0	            5000000	            1380000	                  0	                  0	            6380000	            6380000
5*  PRJ NL-S-CSR-273               Educational Assistan	           10562000	                  0	           -1380000	                  0	            9182000	            9182000	           10562000	                  0	           -1380000	                  0	            9182000	            9182000	                  0	                  0	                  0	                  0	                  0	                  0	                  0	                  0	                  0	                  0	                  0	                  0	                  0	                  0	                  0	                  0	                  0	                  0	                  0	                  0	                  0	                  0	                  0	                  0	           10562000	                  0	           -1380000	                  0	            9182000	            9182000
5*  PRJ NL-S-CSR-274               Smart class for Govt	            1000000	            4200000	                  0	                  0	            5200000	            5200000	            1000000	            4200000	                  0	                  0	            5200000	            5200000	                  0	                  0	                  0	                  0	                  0	                  0	                  0	                  0	                  0	                  0	                  0	                  0	                  0	                  0	                  0	                  0	                  0	                  0	                  0	                  0	                  0	                  0	                  0	                  0	            1000000	            4200000	                  0	                  0	            5200000	            5200000
5*  PRJ NL-S-CSR-275               Sponsoring PAPs ward	            1200000	                  0	                  0	                  0	            1200000	            1200000	            1200000	                  0	                  0	                  0	            1200000	            1200000	                  0	                  0	                  0	                  0	                  0	                  0	                  0	                  0	                  0	                  0	                  0	                  0	                  0	                  0	                  0	                  0	                  0	                  0	                  0	                  0	                  0	                  0	                  0	                  0	            1200000	                  0	                  0	                  0	            1200000	            1200000
5*  PRJ NL-S-CSR-276               Scholarships to girl	            1200000	                  0	                  0	                  0	            1200000	            1200000	            1200000	                  0	                  0	                  0	            1200000	            1200000	                  0	                  0	                  0	                  0	                  0	                  0	                  0	                  0	                  0	                  0	                  0	                  0	                  0	                  0	                  0	                  0	                  0	                  0	                  0	                  0	                  0	                  0	                  0	                  0	            1200000	                  0	                  0	                  0	            1200000	            1200000
5*  PRJ NL-S-CSR-277               School kits, Beti Pa	             200000	                  0	                  0	                  0	             200000	             200000	             200000	                  0	                  0	                  0	             200000	             200000	                  0	                  0	                  0	                  0	                  0	                  0	                  0	                  0	                  0	                  0	                  0	                  0	                  0	                  0	                  0	                  0	                  0	                  0	                  0	                  0	                  0	                  0	                  0	                  0	             200000	                  0	                  0	                  0	             200000	             200000
5*  PRJ NL-S-CSR-278               Classroom in GovPS B	            1200000	                  0	            -410271	                  0	             789729	             379458	            1200000	                  0	            -410271	                  0	             789729	             379458	                  0	                  0	                  0	                  0	                  0	                  0	                  0	                  0	                  0	                  0	                  0	                  0	                  0	                  0	                  0	                  0	                  0	                  0	                  0	                  0	                  0	                  0	                  0	                  0	            1200000	                  0	            -410271	                  0	             789729	             789729
5*  PRJ NL-S-CSR-279               Classroom Gov SSS, B	            1200000	                  0	            -373798	                  0	             826202	             826202	            1200000	                  0	            -373798	                  0	             826202	             826202	                  0	                  0	                  0	                  0	                  0	                  0	                  0	                  0	                  0	                  0	                  0	                  0	                  0	                  0	                  0	                  0	                  0	                  0	                  0	                  0	                  0	                  0	                  0	                  0	            1200000	                  0	            -373798	                  0	             826202	             826202
5*  PRJ NL-S-CSR-280               Library in Bithnok	            2506032	                  0	           -1325369	                  0	            1180663	            1180663	            2506032	                  0	           -1325369	                  0	            1180663	            1180663	                  0	                  0	                  0	                  0	                  0	                  0	                  0	                  0	                  0	                  0	                  0	                  0	                  0	                  0	                  0	                  0	                  0	                  0	                  0	                  0	                  0	                  0	                  0	                  0	            2506032	                  0	           -1325369	                  0	            1180663	            1180663
5*  PRJ NL-S-CSR-281               Addl. classrooms etc	            1500000	                  0	           -1500000	                  0	                  0	                  0	            1500000	                  0	           -1500000	                  0	                  0	                  0	                  0	                  0	                  0	                  0	                  0	                  0	                  0	                  0	                  0	                  0	                  0	                  0	                  0	                  0	                  0	                  0	                  0	                  0	                  0	                  0	                  0	                  0	                  0	                  0	            1500000	                  0	           -1500000	                  0	                  0	                  0
5*  PRJ NL-S-CSR-282               Infra. @Govt. school	            3000000	                  0	            -774172	                  0	            2225828	            2225828	            3000000	                  0	            -774172	                  0	            2225828	            2225828	                  0	                  0	                  0	                  0	                  0	                  0	                  0	                  0	                  0	                  0	                  0	                  0	                  0	                  0	                  0	                  0	                  0	                  0	                  0	                  0	                  0	                  0	                  0	                  0	            3000000	                  0	            -774172	                  0	            2225828	            2225828
5*  PRJ NL-S-CSR-283               Classroom in Gov SSS	            1200000	                  0	           -1200000	                  0	                  0	                  0	            1200000	                  0	           -1200000	                  0	                  0	                  0	                  0	                  0	                  0	                  0	                  0	                  0	                  0	                  0	                  0	                  0	                  0	                  0	                  0	                  0	                  0	                  0	                  0	                  0	                  0	                  0	                  0	                  0	                  0	                  0	            1200000	                  0	           -1200000	                  0	                  0	                  0
5*  PRJ NL-S-CSR-284               Classroom etc-Gov SS	            1200000	                  0	            -142912	                  0	            1057088	            1057088	            1200000	                  0	            -142912	                  0	            1057088	            1057088	                  0	                  0	                  0	                  0	                  0	                  0	                  0	                  0	                  0	                  0	                  0	                  0	                  0	                  0	                  0	                  0	                  0	                  0	                  0	                  0	                  0	                  0	                  0	                  0	            1200000	                  0	            -142912	                  0	            1057088	            1057088
5*  PRJ NL-S-CSR-285               Library @ Ummaram ki	            1330000	                  0	           -1330000	                  0	                  0	                  0	            1330000	                  0	           -1330000	                  0	                  0	                  0	                  0	                  0	                  0	                  0	                  0	                  0	                  0	                  0	                  0	                  0	                  0	                  0	                  0	                  0	                  0	                  0	                  0	                  0	                  0	                  0	                  0	                  0	                  0	                  0	            1330000	                  0	           -1330000	                  0	                  0	                  0
5*  PRJ NL-S-CSR-286               Library in Pithrasar	            1328000	             228000	            -228000	                  0	            1328000	            1328000	            1328000	             228000	            -228000	                  0	            1328000	            1328000	                  0	                  0	                  0	                  0	                  0	                  0	                  0	                  0	                  0	                  0	                  0	                  0	                  0	                  0	                  0	                  0	                  0	                  0	                  0	                  0	                  0	                  0	                  0	                  0	            1328000	             228000	            -228000	                  0	            1328000	            1328000
5*  PRJ NL-S-CSR-287               FA to SOS, Neyveli	            6000000	                  0	                  0	                  0	            6000000	            6000000	            6000000	                  0	                  0	                  0	            6000000	            6000000	                  0	                  0	                  0	                  0	                  0	                  0	                  0	                  0	                  0	                  0	                  0	                  0	                  0	                  0	                  0	                  0	                  0	                  0	                  0	                  0	                  0	                  0	                  0	                  0	            6000000	                  0	                  0	                  0	            6000000	            6000000
5*  PRJ NL-S-CSR-288               Skill Development tr	            2000000	                  0	                  0	                  0	            2000000	            2000000	            2000000	                  0	                  0	                  0	            2000000	            2000000	                  0	                  0	                  0	                  0	                  0	                  0	                  0	                  0	                  0	                  0	                  0	                  0	                  0	                  0	                  0	                  0	                  0	                  0	                  0	                  0	                  0	                  0	                  0	                  0	            2000000	                  0	                  0	                  0	            2000000	            2000000
5*  PRJ NL-S-CSR-289               Upgradation faciliti	            5000000	                  0	                  0	                  0	            5000000	            5000000	            5000000	                  0	                  0	                  0	            5000000	            5000000	                  0	                  0	                  0	                  0	                  0	                  0	                  0	                  0	                  0	                  0	                  0	                  0	                  0	                  0	                  0	                  0	                  0	                  0	                  0	                  0	                  0	                  0	                  0	                  0	            5000000	                  0	                  0	                  0	            5000000	            5000000
5*  PRJ NL-S-CSR-290               Skill enhancing/empl	            5000000	                  0	                  0	                  0	            5000000	            5000000	            5000000	                  0	                  0	                  0	            5000000	            5000000	                  0	                  0	                  0	                  0	                  0	                  0	                  0	                  0	                  0	                  0	                  0	                  0	                  0	                  0	                  0	                  0	                  0	                  0	                  0	                  0	                  0	                  0	                  0	                  0	            5000000	                  0	                  0	                  0	            5000000	            5000000
5*  PRJ NL-S-CSR-291               Roofing etc for VCT-	             600000	                  0	                  0	                  0	             600000	             600000	             600000	                  0	                  0	                  0	             600000	             600000	                  0	                  0	                  0	                  0	                  0	                  0	                  0	                  0	                  0	                  0	                  0	                  0	                  0	                  0	                  0	                  0	                  0	                  0	                  0	                  0	                  0	                  0	                  0	                  0	             600000	                  0	                  0	                  0	             600000	             600000
5*  PRJ NL-S-CSR-292               FA NeyamVeterinaryWe	            1500000	                  0	                  0	                  0	            1500000	            1500000	            1500000	                  0	                  0	                  0	            1500000	            1500000	                  0	                  0	                  0	                  0	                  0	                  0	                  0	                  0	                  0	                  0	                  0	                  0	                  0	                  0	                  0	                  0	                  0	                  0	                  0	                  0	                  0	                  0	                  0	                  0	            1500000	                  0	                  0	                  0	            1500000	            1500000
5*  PRJ NL-S-CSR-293               Swamy Sagajanantha M	            4000000	            1000000	                  0	                  0	            5000000	            5000000	            4000000	            1000000	                  0	                  0	            5000000	            5000000	                  0	                  0	                  0	                  0	                  0	                  0	                  0	                  0	                  0	                  0	                  0	                  0	                  0	                  0	                  0	                  0	                  0	                  0	                  0	                  0	                  0	                  0	                  0	                  0	            4000000	            1000000	                  0	                  0	            5000000	            5000000
5*  PRJ NL-S-CSR-294               Camel festival Janua	             200000	                  0	                  0	                  0	             200000	             200000	             200000	                  0	                  0	                  0	             200000	             200000	                  0	                  0	                  0	                  0	                  0	                  0	                  0	                  0	                  0	                  0	                  0	                  0	                  0	                  0	                  0	                  0	                  0	                  0	                  0	                  0	                  0	                  0	                  0	                  0	             200000	                  0	                  0	                  0	             200000	             200000
5*  PRJ NL-S-CSR-295               FA to  Armed Forces	             500000	                  0	                  0	                  0	             500000	             500000	             500000	                  0	                  0	                  0	             500000	             500000	                  0	                  0	                  0	                  0	                  0	                  0	                  0	                  0	                  0	                  0	                  0	                  0	                  0	                  0	                  0	                  0	                  0	                  0	                  0	                  0	                  0	                  0	                  0	                  0	             500000	                  0	                  0	                  0	             500000	             500000
5*  PRJ NL-S-CSR-296               Upgradation of Gym,S	            1500000	                  0	                  0	                  0	            1500000	            1500000	            1500000	                  0	                  0	                  0	            1500000	            1500000	                  0	                  0	                  0	                  0	                  0	                  0	                  0	                  0	                  0	                  0	                  0	                  0	                  0	                  0	                  0	                  0	                  0	                  0	                  0	                  0	                  0	                  0	                  0	                  0	            1500000	                  0	                  0	                  0	            1500000	            1500000
5*  PRJ NL-S-CSR-297               Sports meet, Bikaner	            1500000	                  0	                  0	                  0	            1500000	            1500000	            1500000	                  0	                  0	                  0	            1500000	            1500000	                  0	                  0	                  0	                  0	                  0	                  0	                  0	                  0	                  0	                  0	                  0	                  0	                  0	                  0	                  0	                  0	                  0	                  0	                  0	                  0	                  0	                  0	                  0	                  0	            1500000	                  0	                  0	                  0	            1500000	            1500000
5*  PRJ NL-S-CSR-298               Cement Road in Kovil	            2300000	                  0	                  0	                  0	            2300000	            2300000	            2300000	                  0	                  0	                  0	            2300000	            2300000	                  0	                  0	                  0	                  0	                  0	                  0	                  0	                  0	                  0	                  0	                  0	                  0	                  0	                  0	                  0	                  0	                  0	                  0	                  0	                  0	                  0	                  0	                  0	                  0	            2300000	                  0	                  0	                  0	            2300000	            2300000
5*  PRJ NL-S-CSR-299               Pudukoorapetai Road	            2000000	                  0	                  0	                  0	            2000000	            2000000	            2000000	                  0	                  0	                  0	            2000000	            2000000	                  0	                  0	                  0	                  0	                  0	                  0	                  0	                  0	                  0	                  0	                  0	                  0	                  0	                  0	                  0	                  0	                  0	                  0	                  0	                  0	                  0	                  0	                  0	                  0	            2000000	                  0	                  0	                  0	            2000000	            2000000
5*  PRJ NL-S-CSR-300               Leveling of hilly, s	             200000	                  0	                  0	                  0	             200000	             200000	             200000	                  0	                  0	                  0	             200000	             200000	                  0	                  0	                  0	                  0	                  0	                  0	                  0	                  0	                  0	                  0	                  0	                  0	                  0	                  0	                  0	                  0	                  0	                  0	                  0	                  0	                  0	                  0	                  0	                  0	             200000	                  0	                  0	                  0	             200000	             200000
5*  PRJ NL-S-CSR-301               Retaining wall, Vada	           65000000	                  0	          -65000000	                  0	                  0	                  0	           65000000	                  0	          -65000000	                  0	                  0	                  0	                  0	                  0	                  0	                  0	                  0	                  0	                  0	                  0	                  0	                  0	                  0	                  0	                  0	                  0	                  0	                  0	                  0	                  0	                  0	                  0	                  0	                  0	                  0	                  0	           65000000	                  0	          -65000000	                  0	                  0	                  0
5*  PRJ NL-S-CSR-302               Checkdam@Periya Odai	           91000000	            6900000	           -6900000	                  0	           91000000	           91000000	           91000000	            6900000	           -6900000	                  0	           91000000	           91000000	                  0	                  0	                  0	                  0	                  0	                  0	                  0	                  0	                  0	                  0	                  0	                  0	                  0	                  0	                  0	                  0	                  0	                  0	                  0	                  0	                  0	                  0	                  0	                  0	           91000000	            6900000	           -6900000	                  0	           91000000	           91000000
5*  PRJ NL-S-CSR-303               Flood protection wor	           93000000	            8700000	           -8700000	                  0	           93000000	           93000000	           93000000	            8700000	           -8700000	                  0	           93000000	           93000000	                  0	                  0	                  0	                  0	                  0	                  0	                  0	                  0	                  0	                  0	                  0	                  0	                  0	                  0	                  0	                  0	                  0	                  0	                  0	                  0	                  0	                  0	                  0	                  0	           93000000	            8700000	           -8700000	                  0	           93000000	           93000000
5*  PRJ NL-S-CSR-304               Desilting/renovation	           10000000	                  0	           -5000000	                  0	            5000000	            5000000	           10000000	                  0	           -5000000	                  0	            5000000	            5000000	                  0	                  0	                  0	                  0	                  0	                  0	                  0	                  0	                  0	                  0	                  0	                  0	                  0	                  0	                  0	                  0	                  0	                  0	                  0	                  0	                  0	                  0	                  0	                  0	           10000000	                  0	           -5000000	                  0	            5000000	            5000000
5*  PRJ NL-S-CSR-305               Mangalampet, Roobana	            5000000	                  0	                  0	                  0	            5000000	            5000000	            5000000	                  0	                  0	                  0	            5000000	            5000000	                  0	                  0	                  0	                  0	                  0	                  0	                  0	                  0	                  0	                  0	                  0	                  0	                  0	                  0	                  0	                  0	                  0	                  0	                  0	                  0	                  0	                  0	                  0	                  0	            5000000	                  0	                  0	                  0	            5000000	            5000000
5*  PRJ NL-S-CSR-306               Regular Activities o	          134075000	          850227000	           -1000000	                  0	          983302000	          948756016	          134075000	          850227000	           -1000000	                  0	          983302000	          948756016	                  0	                  0	                  0	                  0	                  0	                  0	                  0	                  0	                  0	                  0	                  0	                  0	                  0	                  0	                  0	                  0	                  0	                  0	                  0	                  0	                  0	                  0	                  0	                  0	          134075000	          850227000	           -1000000	                  0	          983302000	          948756016
5*  PRJ NL-S-CSR-307               Regular Activities o	          435385000	                  0	                  0	                  0	          435385000	            5000000	                  0	                  0	                  0	                  0	                  0	                  0	          435385000	                  0	                  0	                  0	          435385000	            5000000	                  0	                  0	                  0	                  0	                  0	                  0	                  0	                  0	                  0	                  0	                  0	                  0	                  0	                  0	                  0	                  0	                  0	                  0	          435385000	                  0	                  0	                  0	          435385000	            5000000
5*  PRJ NL-S-CSR-308               Regular Activities o	          435385000	           71000000	                  0	                  0	          506385000	          495537313	                  0	                  0	                  0	                  0	                  0	                  0	          435385000	           71000000	                  0	                  0	          506385000	          495537313	                  0	                  0	                  0	                  0	                  0	                  0	                  0	                  0	                  0	                  0	                  0	                  0	                  0	                  0	                  0	                  0	                  0	                  0	          435385000	           71000000	                  0	                  0	          506385000	          495537313
5*  PRJ NR-C-BSS-001               NIRL BSS TN 250 MW /	            1200000	          368459000	                  0	                  0	          369659000	          366059000	                  0	                  0	                  0	                  0	                  0	                  0	            1200000	          368459000	                  0	                  0	          369659000	          366059000	                  0	                  0	                  0	                  0	                  0	                  0	                  0	                  0	                  0	                  0	                  0	                  0	                  0	                  0	                  0	                  0	                  0	                  0	            1200000	          368459000	                  0	                  0	          369659000	          366059000
5*  PRJ NR-C-SOL-001               600 MW Solar Khavda	         4150000000	                  0	        -4150000000	                  0	                  0	                  0	         4150000000	                  0	        -4150000000	                  0	                  0	                  0	                  0	                  0	                  0	                  0	                  0	                  0	                  0	                  0	                  0	                  0	                  0	                  0	                  0	                  0	                  0	                  0	                  0	                  0	                  0	                  0	                  0	                  0	                  0	                  0	         4150000000	                  0	        -4150000000	                  0	                  0	                  0
5*  PRJ NR-C-SOL-002               NIRL 600 MW Solar Po	        10500000000	        14940900000	        -8533958276	                  0	        16906941724	        14388180941	         4150000000	         8590900000	                  0	                  0	         3037918323	         3037918323	         6350000000	         6350000000	        -8533958276	                  0	        13869023402	        11350262619	                  0	                  0	                  0	                  0	                  0	                  0	                  0	                  0	                  0	                  0	                  0	                  0	                  0	                  0	                  0	                  0	                  0	                  0	        10500000000	        14940900000	        -8533958276	                  0	        16906941724	        14490967505
5*  PRJ NR-C-SOL-003               810 MW SPP - Pugal R	         1860677901	        17099934000	                  0	                  0	        18960611901	        18960600831	            1677901	                  0	                  0	                  0	             613600	             613600	         1859000000	        17099934000	                  0	                  0	        18959998301	        18959987231	                  0	                  0	                  0	                  0	                  0	                  0	                  0	                  0	                  0	                  0	                  0	                  0	                  0	                  0	                  0	                  0	                  0	                  0	         1860677901	        17099934000	                  0	                  0	        18960611901	        18960600831
5*  PRJ NR-C-SOL-004               NIRL 1850 acres of L	         2210000000	                  0	                  0	                  0	         2210000000	         2210000000	                  0	                  0	                  0	                  0	                  0	                  0	         2210000000	                  0	                  0	                  0	         2210000000	         2210000000	                  0	                  0	                  0	                  0	                  0	                  0	                  0	                  0	                  0	                  0	                  0	                  0	                  0	                  0	                  0	                  0	                  0	                  0	         2210000000	                  0	                  0	                  0	         2210000000	         2210000000
5*  PRJ NR-C-WND-001               200 MW WIND SJVN	                100	                  0	                  0	                  0	                100	                100	                  0	                  0	                  0	                  0	                  0	                  0	                100	                  0	                  0	                  0	                100	                100	                  0	                  0	                  0	                  0	                  0	                  0	                  0	                  0	                  0	                  0	                  0	                  0	                  0	                  0	                  0	                  0	                  0	                  0	                100	                  0	                  0	                  0	                100	                100
5*  PRJ NT-C-NTP-002               NTPL Thermal Project	           45130153	                  0	                  0	                  0	           45130153	           15344760	           45130153	                  0	                  0	                  0	           45130153	           15344760	                  0	                  0	                  0	                  0	                  0	                  0	                  0	                  0	                  0	                  0	                  0	                  0	                  0	                  0	                  0	                  0	                  0	                  0	                  0	                  0	                  0	                  0	                  0	                  0	           45130153	                  0	                  0	                  0	           45130153	           45130153
5*  PRJ NT-C-NTP-003               NTPL Flue Gas Desulp	         9753547764	           57386355	                  0	                  0	         9810934119	         6863525450	         9744671085	           57386355	                  0	                  0	         6855453569	         6854648771	            8876679	                  0	                  0	                  0	         2955480550	            8876679	                  0	                  0	                  0	                  0	                  0	                  0	                  0	                  0	                  0	                  0	                  0	                  0	                  0	                  0	                  0	                  0	                  0	                  0	         9753547764	           57386355	                  0	                  0	         9810934119	         9810934119
5*  PRJ NT-M-NTP-001               NTPL Capital Spares	          463540579	                  0	                  0	                  0	          463540579	          357108262	          371462678	                  0	                  0	                  0	          371462678	          265030361	           92077901	                  0	                  0	                  0	           92077901	           92077901	                  0	                  0	                  0	                  0	                  0	                  0	                  0	                  0	                  0	                  0	                  0	                  0	                  0	                  0	                  0	                  0	                  0	                  0	          463540579	                  0	                  0	                  0	          463540579	          457152172
5*  PRJ NT-N-NTP-001               NTPL Non-Plan CAPEX	         1996785488	             147028	          -26283077	                  0	         1970649439	          990782788	         1949307829	             147028	          -26283077	                  0	         1923171780	          943305129	           47477659	                  0	                  0	                  0	           47477659	           47477659	                  0	                  0	                  0	                  0	                  0	                  0	                  0	                  0	                  0	                  0	                  0	                  0	                  0	                  0	                  0	                  0	                  0	                  0	         1999018182	             147028	          -28435397	                  0	         1970729813	         1783525726
5*  PRJ NT-N-NTP-002               NTPL Non-plan CAPEX	           79453010	              20000	             -20000	                  0	           79453010	           59990181	           79453010	              20000	             -20000	                  0	           79453010	           59990181	                  0	                  0	                  0	                  0	                  0	                  0	                  0	                  0	                  0	                  0	                  0	                  0	                  0	                  0	                  0	                  0	                  0	                  0	                  0	                  0	                  0	                  0	                  0	                  0	           79453010	              20000	             -20000	                  0	           79453010	           79453010
5*  PRJ NT-N-NTP-003               NTPL Non-Plan CAPEX	           16716394	             427000	                  0	                  0	           17143394	            6059096	           16716394	             427000	                  0	                  0	           17143394	            6059096	                  0	                  0	                  0	                  0	                  0	                  0	                  0	                  0	                  0	                  0	                  0	                  0	                  0	                  0	                  0	                  0	                  0	                  0	                  0	                  0	                  0	                  0	                  0	                  0	           16716394	             427000	                  0	                  0	           17143394	           13154994
5*  PRJ NT-N-NTP-004               NTPL Non-Plan CAPEX	            2121388	                  0	                  0	                  0	            2121388	            2121388	            2121388	                  0	                  0	                  0	            2121388	            2121388	                  0	                  0	                  0	                  0	                  0	                  0	                  0	                  0	                  0	                  0	                  0	                  0	                  0	                  0	                  0	                  0	                  0	                  0	                  0	                  0	                  0	                  0	                  0	                  0	            2121388	                  0	                  0	                  0	            2121388	            2121388
5*  PRJ NT-N-NTP-005               NTPL Non-Plan CAPEX	           15732156	                  0	                  0	                  0	           15732156	            7332082	           15732156	                  0	                  0	                  0	           15732156	            7332082	                  0	                  0	                  0	                  0	                  0	                  0	                  0	                  0	                  0	                  0	                  0	                  0	                  0	                  0	                  0	                  0	                  0	                  0	                  0	                  0	                  0	                  0	                  0	                  0	           15732156	                  0	                  0	                  0	           15732156	           15732156
5*  PRJ NT-O-NTP-001               NTPL MOH Unit-I FY20	          200677379	                  0	                  0	                  0	          200677379	                  0	          200677379	                  0	                  0	                  0	          200677379	                  0	                  0	                  0	                  0	                  0	                  0	                  0	                  0	                  0	                  0	                  0	                  0	                  0	                  0	                  0	                  0	                  0	                  0	                  0	                  0	                  0	                  0	                  0	                  0	                  0	          200677379	                  0	                  0	                  0	          200677379	                  0
5*  PRJ NT-S-NTP-001               NTPL CSR Projects	          128876914	              84102	           -8007753	                  0	          120953263	           77876149	          104138067	              84102	           -8007753	                  0	           58019628	           51159964	           24738846	                  0	                  0	                  0	           62933635	           26716185	                  0	                  0	                  0	                  0	                  0	                  0	                  0	                  0	                  0	                  0	                  0	                  0	                  0	                  0	                  0	                  0	                  0	                  0	          128876919	              84102	           -8007753	                  0	          120953268	          117743263
5*  PRJ NU-C-GTP-001               NUPPL Thermal Projec	        67435345340	        65959482246	       -72454253796	                  0	        60940573790	                  0	        67435345340	        65959482246	       -72454253796	                  0	        60940573790	                  0	                  0	                  0	                  0	                  0	                  0	                  0	                  0	                  0	                  0	                  0	                  0	                  0	                  0	                  0	                  0	                  0	                  0	                  0	                  0	                  0	                  0	                  0	                  0	                  0	       109867176130	        69558947152	      -118485549335	                  0	        60940573946	                  0
5*  PRJ NU-C-GTP-003               NUPPL Thermal Projec	        66543912350	                  0	                  0	                  0	        66543912350	        58736006724	        66543912350	                  0	                  0	                  0	        44299970884	        44157998279	                  0	                  0	                  0	                  0	        22243941466	        14578008445	                  0	                  0	                  0	                  0	                  0	                  0	                  0	                  0	                  0	                  0	                  0	                  0	                  0	                  0	                  0	                  0	                  0	                  0	        66543912350	                  0	                  0	                  0	        66543912350	        66302011202
5*  PRJ NU-C-MPS-001               PSCB Mines	         6810972204	          121670796	                  0	                  0	         6932643000	         2245947179	         1810972204	          121670796	                  0	                  0	         1932643000	         1932643000	         5000000000	                  0	                  0	                  0	         5000000000	          313304179	                  0	                  0	                  0	                  0	                  0	                  0	                  0	                  0	                  0	                  0	                  0	                  0	                  0	                  0	                  0	                  0	                  0	                  0	         6810972204	          121670796	                  0	                  0	         6932643000	         2245947179
5*  PRJ NU-C-SOL-001               800 KW Roof Top Sola	           35667264	                  0	                  0	                  0	           35667264	           35667264	                  0	                  0	                  0	                  0	                  0	                  0	           35667264	                  0	                  0	                  0	           35667264	           35667264	                  0	                  0	                  0	                  0	                  0	                  0	                  0	                  0	                  0	                  0	                  0	                  0	                  0	                  0	                  0	                  0	                  0	                  0	           35667264	                  0	                  0	                  0	           35667264	           35667264
5*  PRJ NU-F-MPS-001               PSCB Feasibility Pro	          885988000	                  0	         -432643000	                  0	          453345000	                  0	          885988000	                  0	         -432643000	                  0	          453345000	                  0	                  0	                  0	                  0	                  0	                  0	                  0	                  0	                  0	                  0	                  0	                  0	                  0	                  0	                  0	                  0	                  0	                  0	                  0	                  0	                  0	                  0	                  0	                  0	                  0	          885988000	                  0	         -432643000	                  0	          453345000	                  0
5*  PRJ NU-N-GTP-001               GTP Non Plan Capex 2	          621021200	                  0	                  0	                  0	          621021200	          621021200	                  0	                  0	                  0	                  0	                  0	                  0	          621021200	                  0	                  0	                  0	          621021200	          621021200	                  0	                  0	                  0	                  0	                  0	                  0	                  0	                  0	                  0	                  0	                  0	                  0	                  0	                  0	                  0	                  0	                  0	                  0	          621021200	                  0	                  0	                  0	          621021200	          621021200
Result	       276544166371	       265781753233	      -126017136236	                  0	       416308783368	       297185092752	       225711072349	       143571913498	      -104458474426	                  0	       180008200077	       113808588644	        50833094022	       122209839735	       -21558661810	                  0	       236300583291	       183376504109	                  0	                  0	                  0	                  0	                  0	                  0	                  0	                  0	                  0	                  0	                  0	                  0	                  0	                  0	                  0	                  0	                  0	                  0	       319036784245	       269169033100	      -171833081564	                  0	       416372735781	       325962906853
