Budget/Actual/Commitment/Assigned	Current data (12.05.2026 12:25:20)
	Overall values	Overall values	Overall values	Overall values	Overall values	2021	2021	2021	2021	2021	2022	2022	2022	2022	2022	2023	2023	2023	2023	2023	2024	2024	2024	2024	2024	2025	2025	2025	2025	2025	2026	2026	2026	2026	2026	2027	2027	2027	2027	2027	2028	2028	2028	2028	2028	2029	2029	2029	2029	2029	2030	2030	2030	2030	2030	2031	2031	2031	2031	2031	Total of years	Total of years	Total of years	Total of years	Total of years
Object	Budget	Actual	Commitment	Assigned	Available	Budget	Actual	Commitment	Assigned	Available	Budget	Actual	Commitment	Assigned	Available	Budget	Actual	Commitment	Assigned	Available	Budget	Actual	Commitment	Assigned	Available	Budget	Actual	Commitment	Assigned	Available	Budget	Actual	Commitment	Assigned	Available	Budget	Actual	Commitment	Assigned	Available	Budget	Actual	Commitment	Assigned	Available	Budget	Actual	Commitment	Assigned	Available	Budget	Actual	Commitment	Assigned	Available	Budget	Actual	Commitment	Assigned	Available	Budget	Actual	Commitment	Assigned	Available
Displayed in	1 INR	1 INR	1 INR	1 INR	1 INR	1 INR	1 INR	1 INR	1 INR	1 INR	1 INR	1 INR	1 INR	1 INR	1 INR	1 INR	1 INR	1 INR	1 INR	1 INR	1 INR	1 INR	1 INR	1 INR	1 INR	1 INR	1 INR	1 INR	1 INR	1 INR	1 INR	1 INR	1 INR	1 INR	1 INR	1 INR	1 INR	1 INR	1 INR	1 INR	1 INR	1 INR	1 INR	1 INR	1 INR	1 INR	1 INR	1 INR	1 INR	1 INR	1 INR	1 INR	1 INR	1 INR	1 INR	1 INR	1 INR	1 INR	1 INR	1 INR	1 INR	1 INR	1 INR	1 INR	1 INR
5*  PRJ NL-N-TS2-002               TPS-II LEP Stage I &	      8665482268.98	      3494054108.10	      4852372387.19	      8346437216.28	       319045052.70	       541865726.36	       511640121.14	               0.00	       511640121.14	        30225605.22	       844918797.01	       842191845.05	         3713916.21	       845916482.25	         -997685.24	       562731757.53	       562414671.32	               0.00	       562414671.32	          317086.21	       901429937.67	       895487396.01	        12311239.38	       907798635.39	        -6368697.72	       656986654.58	       653559581.44	         1690889.05	       655250470.49	         1736184.09	      5031784275.15	        28760493.14	      4782356642.15	      4811117135.29	       220667139.86	        52299700.40	               0.00	        52299700.40	        52299700.40	               0.00	               0.00	               0.00	               0.00	               0.00	               0.00	               0.00	               0.00	               0.00	               0.00	               0.00	               0.00	               0.00	               0.00	               0.00	               0.00	               0.00	               0.00	               0.00	               0.00	               0.00	      8592016848.70	      3494054108.10	      4852372387.19	      8346437216.28	       245579632.42
4*  WBS NL-N-TS2-002               TPS-II LEP Stage I &	      8665482268.98	      3494054108.10	      4852372387.19	      8346437216.28	       319045052.70	       541865726.36	       511640121.14	               0.00	       511640121.14	        30225605.22	       844918797.01	       842191845.05	         3713916.21	       845916482.25	         -997685.24	       562731757.53	       562414671.32	               0.00	       562414671.32	          317086.21	       901429937.67	       895487396.01	        12311239.38	       907798635.39	        -6368697.72	       656986654.58	       653559581.44	         1690889.05	       655250470.49	         1736184.09	      5031784275.15	        28760493.14	      4782356642.15	      4811117135.29	       220667139.86	        52299700.40	               0.00	        52299700.40	        52299700.40	               0.00	               0.00	               0.00	               0.00	               0.00	               0.00	               0.00	               0.00	               0.00	               0.00	               0.00	               0.00	               0.00	               0.00	               0.00	               0.00	               0.00	               0.00	               0.00	               0.00	               0.00	      8592016848.70	      3494054108.10	      4852372387.19	      8346437216.28	       245579632.42
*** WBS NL-N-TS2-002-01            AHS	       271974394.35	        58360648.74	       213595593.93	       271956242.67	           18151.68	         4422949.51	         4422949.51	               0.00	         4422949.51	               0.00	        13682182.60	        13682182.60	               0.00	        13682182.60	               0.00	        20341124.16	        20341124.16	               0.00	        20341124.16	               0.00	        18702076.11	        18702076.11	               0.00	        18702076.11	               0.00	         1212316.36	         1212316.36	               0.00	         1212316.36	               0.00	       213595593.93	               0.00	       213595593.93	       213595593.93	               0.00	               0.00	               0.00	               0.00	               0.00	               0.00	               0.00	               0.00	               0.00	               0.00	               0.00	               0.00	               0.00	               0.00	               0.00	               0.00	               0.00	               0.00	               0.00	               0.00	               0.00	               0.00	               0.00	               0.00	               0.00	               0.00	       271956242.67	        58360648.74	       213595593.93	       271956242.67	               0.00
**  WBS NL-N-TS2-002-01-01         ESP-UNIT-2	        22310264.97	        22310264.97	               0.00	        22310264.97	               0.00	         4422949.51	         4422949.51	               0.00	         4422949.51	               0.00	        13682182.60	        13682182.60	               0.00	        13682182.60	               0.00	               0.00	               0.00	               0.00	               0.00	               0.00	         4205132.86	         4205132.86	               0.00	         4205132.86	               0.00	               0.00	               0.00	               0.00	               0.00	               0.00	               0.00	               0.00	               0.00	               0.00	               0.00	               0.00	               0.00	               0.00	               0.00	               0.00	               0.00	               0.00	               0.00	               0.00	               0.00	               0.00	               0.00	               0.00	               0.00	               0.00	               0.00	               0.00	               0.00	               0.00	               0.00	               0.00	               0.00	               0.00	               0.00	               0.00	        22310264.97	        22310264.97	               0.00	        22310264.97	               0.00
**  WBS NL-N-TS2-002-01-03         CS Seamless pipe siz	        11370400.00	        11361324.16	               0.00	        11361324.16	            9075.84	               0.00	               0.00	               0.00	               0.00	               0.00	               0.00	               0.00	               0.00	               0.00	               0.00	        11361324.16	        11361324.16	               0.00	        11361324.16	               0.00	               0.00	               0.00	               0.00	               0.00	               0.00	               0.00	               0.00	               0.00	               0.00	               0.00	               0.00	               0.00	               0.00	               0.00	               0.00	               0.00	               0.00	               0.00	               0.00	               0.00	               0.00	               0.00	               0.00	               0.00	               0.00	               0.00	               0.00	               0.00	               0.00	               0.00	               0.00	               0.00	               0.00	               0.00	               0.00	               0.00	               0.00	               0.00	               0.00	               0.00	        11361324.16	        11361324.16	               0.00	        11361324.16	               0.00
**  WBS NL-N-TS2-002-01-04         Purchase of ceramic	         2150544.69	         2150544.69	               0.00	         2150544.69	               0.00	               0.00	               0.00	               0.00	               0.00	               0.00	               0.00	               0.00	               0.00	               0.00	               0.00	               0.00	               0.00	               0.00	               0.00	               0.00	         2150544.69	         2150544.69	               0.00	         2150544.69	               0.00	               0.00	               0.00	               0.00	               0.00	               0.00	               0.00	               0.00	               0.00	               0.00	               0.00	               0.00	               0.00	               0.00	               0.00	               0.00	               0.00	               0.00	               0.00	               0.00	               0.00	               0.00	               0.00	               0.00	               0.00	               0.00	               0.00	               0.00	               0.00	               0.00	               0.00	               0.00	               0.00	               0.00	               0.00	               0.00	         2150544.69	         2150544.69	               0.00	         2150544.69	               0.00
**  WBS NL-N-TS2-002-01-05         GS Plain Grating for	         6515074.25	               0.00	         6515074.25	         6515074.25	               0.00	               0.00	               0.00	               0.00	               0.00	               0.00	               0.00	               0.00	               0.00	               0.00	               0.00	               0.00	               0.00	               0.00	               0.00	               0.00	               0.00	               0.00	               0.00	               0.00	               0.00	               0.00	               0.00	               0.00	               0.00	               0.00	         6515074.25	               0.00	         6515074.25	         6515074.25	               0.00	               0.00	               0.00	               0.00	               0.00	               0.00	               0.00	               0.00	               0.00	               0.00	               0.00	               0.00	               0.00	               0.00	               0.00	               0.00	               0.00	               0.00	               0.00	               0.00	               0.00	               0.00	               0.00	               0.00	               0.00	               0.00	         6515074.25	               0.00	         6515074.25	         6515074.25	               0.00
**  WBS NL-N-TS2-002-01-06         Air BLOCK 1ST STAGE	         8979800.00	         8979800.00	               0.00	         8979800.00	               0.00	               0.00	               0.00	               0.00	               0.00	               0.00	               0.00	               0.00	               0.00	               0.00	               0.00	         8979800.00	         8979800.00	               0.00	         8979800.00	               0.00	               0.00	               0.00	               0.00	               0.00	               0.00	               0.00	               0.00	               0.00	               0.00	               0.00	               0.00	               0.00	               0.00	               0.00	               0.00	               0.00	               0.00	               0.00	               0.00	               0.00	               0.00	               0.00	               0.00	               0.00	               0.00	               0.00	               0.00	               0.00	               0.00	               0.00	               0.00	               0.00	               0.00	               0.00	               0.00	               0.00	               0.00	               0.00	               0.00	               0.00	         8979800.00	         8979800.00	               0.00	         8979800.00	               0.00
**  WBS NL-N-TS2-002-01-08         Air Block 1st &2nd s	         8920800.00	         8920800.00	               0.00	         8920800.00	               0.00	               0.00	               0.00	               0.00	               0.00	               0.00	               0.00	               0.00	               0.00	               0.00	               0.00	               0.00	               0.00	               0.00	               0.00	               0.00	         8920800.00	         8920800.00	               0.00	         8920800.00	               0.00	               0.00	               0.00	               0.00	               0.00	               0.00	               0.00	               0.00	               0.00	               0.00	               0.00	               0.00	               0.00	               0.00	               0.00	               0.00	               0.00	               0.00	               0.00	               0.00	               0.00	               0.00	               0.00	               0.00	               0.00	               0.00	               0.00	               0.00	               0.00	               0.00	               0.00	               0.00	               0.00	               0.00	               0.00	               0.00	         8920800.00	         8920800.00	               0.00	         8920800.00	               0.00
**  WBS NL-N-TS2-002-01-09         Purchase of Ash inle	         3425598.56	         3425598.56	               0.00	         3425598.56	               0.00	               0.00	               0.00	               0.00	               0.00	               0.00	               0.00	               0.00	               0.00	               0.00	               0.00	               0.00	               0.00	               0.00	               0.00	               0.00	         3425598.56	         3425598.56	               0.00	         3425598.56	               0.00	               0.00	               0.00	               0.00	               0.00	               0.00	               0.00	               0.00	               0.00	               0.00	               0.00	               0.00	               0.00	               0.00	               0.00	               0.00	               0.00	               0.00	               0.00	               0.00	               0.00	               0.00	               0.00	               0.00	               0.00	               0.00	               0.00	               0.00	               0.00	               0.00	               0.00	               0.00	               0.00	               0.00	               0.00	               0.00	         3425598.56	         3425598.56	               0.00	         3425598.56	               0.00
**  WBS NL-N-TS2-002-01-10         Purchase of ceramic	         1212316.36	         1212316.36	               0.00	         1212316.36	               0.00	               0.00	               0.00	               0.00	               0.00	               0.00	               0.00	               0.00	               0.00	               0.00	               0.00	               0.00	               0.00	               0.00	               0.00	               0.00	               0.00	               0.00	               0.00	               0.00	               0.00	         1212316.36	         1212316.36	               0.00	         1212316.36	               0.00	               0.00	               0.00	               0.00	               0.00	               0.00	               0.00	               0.00	               0.00	               0.00	               0.00	               0.00	               0.00	               0.00	               0.00	               0.00	               0.00	               0.00	               0.00	               0.00	               0.00	               0.00	               0.00	               0.00	               0.00	               0.00	               0.00	               0.00	               0.00	               0.00	               0.00	         1212316.36	         1212316.36	               0.00	         1212316.36	               0.00
**  WBS NL-N-TS2-002-01-12         CSS Pipe 8/10 Inch A	        43980500.00	               0.00	        43980500.00	        43980500.00	               0.00	               0.00	               0.00	               0.00	               0.00	               0.00	               0.00	               0.00	               0.00	               0.00	               0.00	               0.00	               0.00	               0.00	               0.00	               0.00	               0.00	               0.00	               0.00	               0.00	               0.00	               0.00	               0.00	               0.00	               0.00	               0.00	        43980500.00	               0.00	        43980500.00	        43980500.00	               0.00	               0.00	               0.00	               0.00	               0.00	               0.00	               0.00	               0.00	               0.00	               0.00	               0.00	               0.00	               0.00	               0.00	               0.00	               0.00	               0.00	               0.00	               0.00	               0.00	               0.00	               0.00	               0.00	               0.00	               0.00	               0.00	        43980500.00	               0.00	        43980500.00	        43980500.00	               0.00
**  WBS NL-N-TS2-002-01-14         ASH INLET CUPVALVE A	        51357384.96	               0.00	        51357384.96	        51357384.96	               0.00	               0.00	               0.00	               0.00	               0.00	               0.00	               0.00	               0.00	               0.00	               0.00	               0.00	               0.00	               0.00	               0.00	               0.00	               0.00	               0.00	               0.00	               0.00	               0.00	               0.00	               0.00	               0.00	               0.00	               0.00	               0.00	        51357384.96	               0.00	        51357384.96	        51357384.96	               0.00	               0.00	               0.00	               0.00	               0.00	               0.00	               0.00	               0.00	               0.00	               0.00	               0.00	               0.00	               0.00	               0.00	               0.00	               0.00	               0.00	               0.00	               0.00	               0.00	               0.00	               0.00	               0.00	               0.00	               0.00	               0.00	        51357384.96	               0.00	        51357384.96	        51357384.96	               0.00
**  WBS NL-N-TS2-002-01-15         Air Block-Compressor	        64976932.46	               0.00	        64976932.46	        64976932.46	               0.00	               0.00	               0.00	               0.00	               0.00	               0.00	               0.00	               0.00	               0.00	               0.00	               0.00	               0.00	               0.00	               0.00	               0.00	               0.00	               0.00	               0.00	               0.00	               0.00	               0.00	               0.00	               0.00	               0.00	               0.00	               0.00	        64976932.46	               0.00	        64976932.46	        64976932.46	               0.00	               0.00	               0.00	               0.00	               0.00	               0.00	               0.00	               0.00	               0.00	               0.00	               0.00	               0.00	               0.00	               0.00	               0.00	               0.00	               0.00	               0.00	               0.00	               0.00	               0.00	               0.00	               0.00	               0.00	               0.00	               0.00	        64976932.46	               0.00	        64976932.46	        64976932.46	               0.00
**  WBS NL-N-TS2-002-01-16         Purchase of Ash Slur	        24207547.86	               0.00	        24207547.86	        24207547.86	               0.00	               0.00	               0.00	               0.00	               0.00	               0.00	               0.00	               0.00	               0.00	               0.00	               0.00	               0.00	               0.00	               0.00	               0.00	               0.00	               0.00	               0.00	               0.00	               0.00	               0.00	               0.00	               0.00	               0.00	               0.00	               0.00	        24207547.86	               0.00	        24207547.86	        24207547.86	               0.00	               0.00	               0.00	               0.00	               0.00	               0.00	               0.00	               0.00	               0.00	               0.00	               0.00	               0.00	               0.00	               0.00	               0.00	               0.00	               0.00	               0.00	               0.00	               0.00	               0.00	               0.00	               0.00	               0.00	               0.00	               0.00	        24207547.86	               0.00	        24207547.86	        24207547.86	               0.00
**  WBS NL-N-TS2-002-01-17         Purchase of Ash Slur	        22558154.40	               0.00	        22558154.40	        22558154.40	               0.00	               0.00	               0.00	               0.00	               0.00	               0.00	               0.00	               0.00	               0.00	               0.00	               0.00	               0.00	               0.00	               0.00	               0.00	               0.00	               0.00	               0.00	               0.00	               0.00	               0.00	               0.00	               0.00	               0.00	               0.00	               0.00	        22558154.40	               0.00	        22558154.40	        22558154.40	               0.00	               0.00	               0.00	               0.00	               0.00	               0.00	               0.00	               0.00	               0.00	               0.00	               0.00	               0.00	               0.00	               0.00	               0.00	               0.00	               0.00	               0.00	               0.00	               0.00	               0.00	               0.00	               0.00	               0.00	               0.00	               0.00	        22558154.40	               0.00	        22558154.40	        22558154.40	               0.00
*** WBS NL-N-TS2-002-02            CIVIL	       464558242.68	       303856072.32	       153228111.63	       457084183.95	         7474058.73	        73498694.07	        73498694.07	               0.00	        73498694.07	               0.00	        53340988.77	        52683113.87	               0.00	        52683113.87	          657874.90	        11641289.40	        11324203.19	               0.00	        11324203.19	          317086.21	        63171214.44	        63146870.00	               0.00	        63146870.00	           24344.44	       107125922.45	       107125922.49	               0.00	       107125922.49	              -0.04	       152263401.99	        -3922731.30	       153228111.63	       149305380.33	         2958021.66	               0.00	               0.00	               0.00	               0.00	               0.00	               0.00	               0.00	               0.00	               0.00	               0.00	               0.00	               0.00	               0.00	               0.00	               0.00	               0.00	               0.00	               0.00	               0.00	               0.00	               0.00	               0.00	               0.00	               0.00	               0.00	       461041511.12	       303856072.32	       153228111.63	       457084183.95	         3957327.17
**  WBS NL-N-TS2-002-02-02         Rehabilitation works	        18780348.93	        18780348.93	               0.00	        18780348.93	               0.00	        18780348.93	        18780348.93	               0.00	        18780348.93	               0.00	               0.00	               0.00	               0.00	               0.00	               0.00	               0.00	               0.00	               0.00	               0.00	               0.00	               0.00	               0.00	               0.00	               0.00	               0.00	               0.00	               0.00	               0.00	               0.00	               0.00	               0.00	               0.00	               0.00	               0.00	               0.00	               0.00	               0.00	               0.00	               0.00	               0.00	               0.00	               0.00	               0.00	               0.00	               0.00	               0.00	               0.00	               0.00	               0.00	               0.00	               0.00	               0.00	               0.00	               0.00	               0.00	               0.00	               0.00	               0.00	               0.00	               0.00	        18780348.93	        18780348.93	               0.00	        18780348.93	               0.00
**  WBS NL-N-TS2-002-02-05         Water  Proofing work	         8848487.09	         6281602.89	         2566884.20	         8848487.09	               0.00	               0.00	               0.00	               0.00	               0.00	               0.00	         2481642.66	         2481642.66	               0.00	         2481642.66	               0.00	         3799960.23	         3824304.67	               0.00	         3824304.67	          -24344.44	               0.00	          -24344.44	               0.00	          -24344.44	           24344.44	               0.00	               0.00	               0.00	               0.00	               0.00	         2566884.20	               0.00	         2566884.20	         2566884.20	               0.00	               0.00	               0.00	               0.00	               0.00	               0.00	               0.00	               0.00	               0.00	               0.00	               0.00	               0.00	               0.00	               0.00	               0.00	               0.00	               0.00	               0.00	               0.00	               0.00	               0.00	               0.00	               0.00	               0.00	               0.00	               0.00	         8848487.09	         6281602.89	         2566884.20	         8848487.09	               0.00
**  WBS NL-N-TS2-002-02-06         Paver block pavement	         6082931.41	         6082931.41	               0.00	         6082931.41	               0.00	         6082931.41	         6082931.41	               0.00	         6082931.41	               0.00	               0.00	               0.00	               0.00	               0.00	               0.00	               0.00	               0.00	               0.00	               0.00	               0.00	               0.00	               0.00	               0.00	               0.00	               0.00	               0.00	               0.00	               0.00	               0.00	               0.00	               0.00	               0.00	               0.00	               0.00	               0.00	               0.00	               0.00	               0.00	               0.00	               0.00	               0.00	               0.00	               0.00	               0.00	               0.00	               0.00	               0.00	               0.00	               0.00	               0.00	               0.00	               0.00	               0.00	               0.00	               0.00	               0.00	               0.00	               0.00	               0.00	               0.00	         6082931.41	         6082931.41	               0.00	         6082931.41	               0.00
**  WBS NL-N-TS2-002-02-07         Rehabilitation works	        21576331.28	        20680612.08	               0.00	        20680612.08	          895719.20	         1052324.00	         1052324.00	               0.00	         1052324.00	               0.00	        19852217.88	        19852217.88	               0.00	        19852217.88	               0.00	               0.00	         -223929.80	               0.00	         -223929.80	          223929.80	               0.00	               0.00	               0.00	               0.00	               0.00	               0.00	               0.00	               0.00	               0.00	               0.00	          447859.60	               0.00	               0.00	               0.00	          447859.60	               0.00	               0.00	               0.00	               0.00	               0.00	               0.00	               0.00	               0.00	               0.00	               0.00	               0.00	               0.00	               0.00	               0.00	               0.00	               0.00	               0.00	               0.00	               0.00	               0.00	               0.00	               0.00	               0.00	               0.00	               0.00	        21352401.48	        20680612.08	               0.00	        20680612.08	          671789.40
**  WBS NL-N-TS2-002-02-09         Roof& cladding to JT	         3186642.45	         3186642.45	               0.00	         3186642.45	               0.00	         3186642.45	         3186642.45	               0.00	         3186642.45	               0.00	               0.00	               0.00	               0.00	               0.00	               0.00	               0.00	               0.00	               0.00	               0.00	               0.00	               0.00	               0.00	               0.00	               0.00	               0.00	               0.00	               0.00	               0.00	               0.00	               0.00	               0.00	               0.00	               0.00	               0.00	               0.00	               0.00	               0.00	               0.00	               0.00	               0.00	               0.00	               0.00	               0.00	               0.00	               0.00	               0.00	               0.00	               0.00	               0.00	               0.00	               0.00	               0.00	               0.00	               0.00	               0.00	               0.00	               0.00	               0.00	               0.00	               0.00	         3186642.45	         3186642.45	               0.00	         3186642.45	               0.00
**  WBS NL-N-TS2-002-02-10         Painting of  Boiler	         2948513.30	         1283419.04	               0.00	         1283419.04	         1665094.26	         1838450.46	         1838450.46	               0.00	         1838450.46	               0.00	               0.00	         -555031.42	               0.00	         -555031.42	          555031.42	               0.00	               0.00	               0.00	               0.00	               0.00	               0.00	               0.00	               0.00	               0.00	               0.00	               0.00	               0.00	               0.00	               0.00	               0.00	          555031.42	               0.00	               0.00	               0.00	          555031.42	               0.00	               0.00	               0.00	               0.00	               0.00	               0.00	               0.00	               0.00	               0.00	               0.00	               0.00	               0.00	               0.00	               0.00	               0.00	               0.00	               0.00	               0.00	               0.00	               0.00	               0.00	               0.00	               0.00	               0.00	               0.00	         2393481.88	         1283419.04	               0.00	         1283419.04	         1110062.84
**  WBS NL-N-TS2-002-02-11         Repair& painting of	         3896420.89	         3896420.89	               0.00	         3896420.89	               0.00	         3896420.89	         3896420.89	               0.00	         3896420.89	               0.00	               0.00	               0.00	               0.00	               0.00	               0.00	               0.00	               0.00	               0.00	               0.00	               0.00	               0.00	               0.00	               0.00	               0.00	               0.00	               0.00	               0.00	               0.00	               0.00	               0.00	               0.00	               0.00	               0.00	               0.00	               0.00	               0.00	               0.00	               0.00	               0.00	               0.00	               0.00	               0.00	               0.00	               0.00	               0.00	               0.00	               0.00	               0.00	               0.00	               0.00	               0.00	               0.00	               0.00	               0.00	               0.00	               0.00	               0.00	               0.00	               0.00	               0.00	         3896420.89	         3896420.89	               0.00	         3896420.89	               0.00
**  WBS NL-N-TS2-002-02-12         Coat over existing b	         1813726.51	         1813726.51	               0.00	         1813726.51	               0.00	         1813726.51	         1813726.51	               0.00	         1813726.51	               0.00	               0.00	               0.00	               0.00	               0.00	               0.00	               0.00	               0.00	               0.00	               0.00	               0.00	               0.00	               0.00	               0.00	               0.00	               0.00	               0.00	               0.00	               0.00	               0.00	               0.00	               0.00	               0.00	               0.00	               0.00	               0.00	               0.00	               0.00	               0.00	               0.00	               0.00	               0.00	               0.00	               0.00	               0.00	               0.00	               0.00	               0.00	               0.00	               0.00	               0.00	               0.00	               0.00	               0.00	               0.00	               0.00	               0.00	               0.00	               0.00	               0.00	               0.00	         1813726.51	         1813726.51	               0.00	         1813726.51	               0.00
**  WBS NL-N-TS2-002-02-13         Providing golvelume	         1517070.85	         1517070.85	               0.00	         1517070.85	               0.00	         1517070.85	         1517070.85	               0.00	         1517070.85	               0.00	               0.00	               0.00	               0.00	               0.00	               0.00	               0.00	               0.00	               0.00	               0.00	               0.00	               0.00	               0.00	               0.00	               0.00	               0.00	               0.00	               0.00	               0.00	               0.00	               0.00	               0.00	               0.00	               0.00	               0.00	               0.00	               0.00	               0.00	               0.00	               0.00	               0.00	               0.00	               0.00	               0.00	               0.00	               0.00	               0.00	               0.00	               0.00	               0.00	               0.00	               0.00	               0.00	               0.00	               0.00	               0.00	               0.00	               0.00	               0.00	               0.00	               0.00	         1517070.85	         1517070.85	               0.00	         1517070.85	               0.00
**  WBS NL-N-TS2-002-02-17         Restoration  sheets	        13254005.71	        12373433.20	          653761.17	        13027194.37	          226811.34	        12449036.98	        12449036.98	               0.00	        12449036.98	               0.00	               0.00	          -75603.78	               0.00	          -75603.78	           75603.78	               0.00	               0.00	               0.00	               0.00	               0.00	               0.00	               0.00	               0.00	               0.00	               0.00	               0.00	               0.00	               0.00	               0.00	               0.00	          729364.95	               0.00	          653761.17	          653761.17	           75603.78	               0.00	               0.00	               0.00	               0.00	               0.00	               0.00	               0.00	               0.00	               0.00	               0.00	               0.00	               0.00	               0.00	               0.00	               0.00	               0.00	               0.00	               0.00	               0.00	               0.00	               0.00	               0.00	               0.00	               0.00	               0.00	        13178401.93	        12373433.20	          653761.17	        13027194.37	          151207.56
**  WBS NL-N-TS2-002-02-18         Restoration sheet  B	        12685552.22	        12685552.16	               0.06	        12685552.22	               0.00	        12182084.06	        12182084.06	               0.00	        12182084.06	               0.00	          503468.10	          503468.10	               0.00	          503468.10	               0.00	               0.00	               0.00	               0.00	               0.00	               0.00	               0.00	               0.00	               0.00	               0.00	               0.00	               0.00	               0.00	               0.00	               0.00	               0.00	               0.06	               0.00	               0.06	               0.06	               0.00	               0.00	               0.00	               0.00	               0.00	               0.00	               0.00	               0.00	               0.00	               0.00	               0.00	               0.00	               0.00	               0.00	               0.00	               0.00	               0.00	               0.00	               0.00	               0.00	               0.00	               0.00	               0.00	               0.00	               0.00	               0.00	        12685552.22	        12685552.16	               0.06	        12685552.22	               0.00
**  WBS NL-N-TS2-002-02-21         Installation&Commiss	        14518602.18	         8228022.00	         6290580.18	        14518602.18	               0.00	         1276524.00	         1276524.00	               0.00	         1276524.00	               0.00	         5302212.00	         5302212.00	               0.00	         5302212.00	               0.00	         1365378.00	         1365378.00	               0.00	         1365378.00	               0.00	               0.00	               0.00	               0.00	               0.00	               0.00	          283908.00	          283908.00	               0.00	          283908.00	               0.00	         6290580.18	               0.00	         6290580.18	         6290580.18	               0.00	               0.00	               0.00	               0.00	               0.00	               0.00	               0.00	               0.00	               0.00	               0.00	               0.00	               0.00	               0.00	               0.00	               0.00	               0.00	               0.00	               0.00	               0.00	               0.00	               0.00	               0.00	               0.00	               0.00	               0.00	               0.00	        14518602.18	         8228022.00	         6290580.18	        14518602.18	               0.00
**  WBS NL-N-TS2-002-02-22         Upgraditaion of Weig	          483751.64	          430495.86	           13313.96	          443809.82	           39941.82	               0.00	               0.00	               0.00	               0.00	               0.00	          443809.80	          443809.80	               0.00	          443809.80	               0.00	               0.00	          -13313.94	               0.00	          -13313.94	           13313.94	               0.00	               0.00	               0.00	               0.00	               0.00	               0.00	               0.00	               0.00	               0.00	               0.00	           26627.90	               0.00	           13313.96	           13313.96	           13313.94	               0.00	               0.00	               0.00	               0.00	               0.00	               0.00	               0.00	               0.00	               0.00	               0.00	               0.00	               0.00	               0.00	               0.00	               0.00	               0.00	               0.00	               0.00	               0.00	               0.00	               0.00	               0.00	               0.00	               0.00	               0.00	          470437.70	          430495.86	           13313.96	          443809.82	           26627.88
**  WBS NL-N-TS2-002-02-24         Retrofit outside pla	        19026910.03	        18928675.00	           98235.03	        19026910.03	               0.00	               0.00	               0.00	               0.00	               0.00	               0.00	        18928675.00	        18928675.00	               0.00	        18928675.00	               0.00	               0.00	               0.00	               0.00	               0.00	               0.00	               0.00	               0.00	               0.00	               0.00	               0.00	               0.00	               0.00	               0.00	               0.00	               0.00	           98235.03	               0.00	           98235.03	           98235.03	               0.00	               0.00	               0.00	               0.00	               0.00	               0.00	               0.00	               0.00	               0.00	               0.00	               0.00	               0.00	               0.00	               0.00	               0.00	               0.00	               0.00	               0.00	               0.00	               0.00	               0.00	               0.00	               0.00	               0.00	               0.00	               0.00	        19026910.03	        18928675.00	           98235.03	        19026910.03	               0.00
**  WBS NL-N-TS2-002-02-25         Laterite Platform fo	         8065282.96	         8065282.96	               0.00	         8065282.96	               0.00	         5856787.57	         5856787.57	               0.00	         5856787.57	               0.00	         2208495.39	         2208495.39	               0.00	         2208495.39	               0.00	               0.00	               0.00	               0.00	               0.00	               0.00	               0.00	               0.00	               0.00	               0.00	               0.00	               0.00	               0.00	               0.00	               0.00	               0.00	               0.00	               0.00	               0.00	               0.00	               0.00	               0.00	               0.00	               0.00	               0.00	               0.00	               0.00	               0.00	               0.00	               0.00	               0.00	               0.00	               0.00	               0.00	               0.00	               0.00	               0.00	               0.00	               0.00	               0.00	               0.00	               0.00	               0.00	               0.00	               0.00	               0.00	         8065282.96	         8065282.96	               0.00	         8065282.96	               0.00
**  WBS NL-N-TS2-002-02-26         Civil & Structural w	         1619421.75	         1619421.75	               0.00	         1619421.75	               0.00	         1496052.02	         1496052.02	               0.00	         1496052.02	               0.00	          123369.73	          123369.73	               0.00	          123369.73	               0.00	               0.00	               0.00	               0.00	               0.00	               0.00	               0.00	               0.00	               0.00	               0.00	               0.00	               0.00	               0.00	               0.00	               0.00	               0.00	               0.00	               0.00	               0.00	               0.00	               0.00	               0.00	               0.00	               0.00	               0.00	               0.00	               0.00	               0.00	               0.00	               0.00	               0.00	               0.00	               0.00	               0.00	               0.00	               0.00	               0.00	               0.00	               0.00	               0.00	               0.00	               0.00	               0.00	               0.00	               0.00	               0.00	         1619421.75	         1619421.75	               0.00	         1619421.75	               0.00
**  WBS NL-N-TS2-002-02-27         Cover Shed for ESP T	         1773864.94	         1692145.84	               0.00	         1692145.84	           81719.10	         1719385.54	         1719385.54	               0.00	         1719385.54	               0.00	               0.00	          -27239.70	               0.00	          -27239.70	           27239.70	               0.00	               0.00	               0.00	               0.00	               0.00	               0.00	               0.00	               0.00	               0.00	               0.00	               0.00	               0.00	               0.00	               0.00	               0.00	           27239.70	               0.00	               0.00	               0.00	           27239.70	               0.00	               0.00	               0.00	               0.00	               0.00	               0.00	               0.00	               0.00	               0.00	               0.00	               0.00	               0.00	               0.00	               0.00	               0.00	               0.00	               0.00	               0.00	               0.00	               0.00	               0.00	               0.00	               0.00	               0.00	               0.00	         1746625.24	         1692145.84	               0.00	         1692145.84	           54479.40
**  WBS NL-N-TS2-002-02-28         Unit-5 Lift enclose	         2921029.03	         2520119.44	          400909.59	         2921029.03	               0.00	               0.00	               0.00	               0.00	               0.00	               0.00	         2520119.44	         2520119.44	               0.00	         2520119.44	               0.00	               0.00	               0.00	               0.00	               0.00	               0.00	               0.00	               0.00	               0.00	               0.00	               0.00	               0.00	               0.00	               0.00	               0.00	               0.00	          400909.59	               0.00	          400909.59	          400909.59	               0.00	               0.00	               0.00	               0.00	               0.00	               0.00	               0.00	               0.00	               0.00	               0.00	               0.00	               0.00	               0.00	               0.00	               0.00	               0.00	               0.00	               0.00	               0.00	               0.00	               0.00	               0.00	               0.00	               0.00	               0.00	               0.00	         2921029.03	         2520119.44	          400909.59	         2921029.03	               0.00
**  WBS NL-N-TS2-002-02-30         Repair of J-Row Wall	         1759212.80	          840520.82	          606131.25	         1446652.07	          312560.73	               0.00	               0.00	               0.00	               0.00	               0.00	          944707.73	          944707.73	               0.00	          944707.73	               0.00	               0.00	         -104186.91	               0.00	         -104186.91	          104186.91	               0.00	               0.00	               0.00	               0.00	               0.00	               0.00	               0.00	               0.00	               0.00	               0.00	          814505.07	               0.00	          606131.25	          606131.25	          208373.82	               0.00	               0.00	               0.00	               0.00	               0.00	               0.00	               0.00	               0.00	               0.00	               0.00	               0.00	               0.00	               0.00	               0.00	               0.00	               0.00	               0.00	               0.00	               0.00	               0.00	               0.00	               0.00	               0.00	               0.00	               0.00	         1759212.80	          840520.82	          606131.25	         1446652.07	          312560.73
**  WBS NL-N-TS2-002-02-33         Modification of Powe	          383179.44	          383179.44	               0.00	          383179.44	               0.00	          350908.40	          350908.40	               0.00	          350908.40	               0.00	           32271.04	           32271.04	               0.00	           32271.04	               0.00	               0.00	               0.00	               0.00	               0.00	               0.00	               0.00	               0.00	               0.00	               0.00	               0.00	               0.00	               0.00	               0.00	               0.00	               0.00	               0.00	               0.00	               0.00	               0.00	               0.00	               0.00	               0.00	               0.00	               0.00	               0.00	               0.00	               0.00	               0.00	               0.00	               0.00	               0.00	               0.00	               0.00	               0.00	               0.00	               0.00	               0.00	               0.00	               0.00	               0.00	               0.00	               0.00	               0.00	               0.00	               0.00	          383179.44	          383179.44	               0.00	          383179.44	               0.00
**  WBS NL-N-TS2-002-02-34         REPAIR OF LHS TRACKS	        37425587.97	        28848254.93	         8577333.04	        37425587.97	               0.00	               0.00	               0.00	               0.00	               0.00	               0.00	               0.00	               0.00	               0.00	               0.00	               0.00	               0.00	               0.00	               0.00	               0.00	               0.00	        10778164.14	        10778164.14	               0.00	        10778164.14	               0.00	        18070090.79	        18070090.79	               0.00	        18070090.79	               0.00	         8577333.04	               0.00	         8577333.04	         8577333.04	               0.00	               0.00	               0.00	               0.00	               0.00	               0.00	               0.00	               0.00	               0.00	               0.00	               0.00	               0.00	               0.00	               0.00	               0.00	               0.00	               0.00	               0.00	               0.00	               0.00	               0.00	               0.00	               0.00	               0.00	               0.00	               0.00	        37425587.97	        28848254.93	         8577333.04	        37425587.97	               0.00
**  WBS NL-N-TS2-002-02-35         Manu.&supply of slee	         8902303.07	         7231620.81	         1670682.26	         8902303.07	               0.00	               0.00	               0.00	               0.00	               0.00	               0.00	               0.00	               0.00	               0.00	               0.00	               0.00	         6475951.17	         6475951.17	               0.00	         6475951.17	               0.00	          631670.03	          631670.03	               0.00	          631670.03	               0.00	          123999.61	          123999.61	               0.00	          123999.61	               0.00	         1670682.26	               0.00	         1670682.26	         1670682.26	               0.00	               0.00	               0.00	               0.00	               0.00	               0.00	               0.00	               0.00	               0.00	               0.00	               0.00	               0.00	               0.00	               0.00	               0.00	               0.00	               0.00	               0.00	               0.00	               0.00	               0.00	               0.00	               0.00	               0.00	               0.00	               0.00	         8902303.07	         7231620.81	         1670682.26	         8902303.07	               0.00
**  WBS NL-N-TS2-002-02-38         Formation of new WBM	        47688680.31	        34664849.39	        12160583.84	        46825433.23	          863247.08	               0.00	               0.00	               0.00	               0.00	               0.00	               0.00	               0.00	               0.00	               0.00	               0.00	               0.00	               0.00	               0.00	               0.00	               0.00	        11577802.24	        11577802.24	               0.00	        11577802.24	               0.00	        23087047.15	        23087047.15	               0.00	        23087047.15	               0.00	        12160583.84	               0.00	        12160583.84	        12160583.84	               0.00	               0.00	               0.00	               0.00	               0.00	               0.00	               0.00	               0.00	               0.00	               0.00	               0.00	               0.00	               0.00	               0.00	               0.00	               0.00	               0.00	               0.00	               0.00	               0.00	               0.00	               0.00	               0.00	               0.00	               0.00	               0.00	        46825433.23	        34664849.39	        12160583.84	        46825433.23	               0.00
**  WBS NL-N-TS2-002-02-39         IMPROVE  BT ROAD TO	        40854174.71	        37674704.30	         3179470.41	        40854174.71	               0.00	               0.00	               0.00	               0.00	               0.00	               0.00	               0.00	               0.00	               0.00	               0.00	               0.00	               0.00	               0.00	               0.00	               0.00	               0.00	        37674704.30	        37674704.30	               0.00	        37674704.30	               0.00	               0.00	               0.00	               0.00	               0.00	               0.00	         3179470.41	               0.00	         3179470.41	         3179470.41	               0.00	               0.00	               0.00	               0.00	               0.00	               0.00	               0.00	               0.00	               0.00	               0.00	               0.00	               0.00	               0.00	               0.00	               0.00	               0.00	               0.00	               0.00	               0.00	               0.00	               0.00	               0.00	               0.00	               0.00	               0.00	               0.00	        40854174.71	        37674704.30	         3179470.41	        40854174.71	               0.00
**  WBS NL-N-TS2-002-02-40         WIDEN EXISTING OUTER	        11001358.75	         8767832.95	         2233525.80	        11001358.75	               0.00	               0.00	               0.00	               0.00	               0.00	               0.00	               0.00	               0.00	               0.00	               0.00	               0.00	               0.00	               0.00	               0.00	               0.00	               0.00	         2508873.73	         2508873.73	               0.00	         2508873.73	               0.00	         6258959.22	         6258959.22	               0.00	         6258959.22	               0.00	         2233525.80	               0.00	         2233525.80	         2233525.80	               0.00	               0.00	               0.00	               0.00	               0.00	               0.00	               0.00	               0.00	               0.00	               0.00	               0.00	               0.00	               0.00	               0.00	               0.00	               0.00	               0.00	               0.00	               0.00	               0.00	               0.00	               0.00	               0.00	               0.00	               0.00	               0.00	        11001358.75	         8767832.95	         2233525.80	        11001358.75	               0.00
**  WBS NL-N-TS2-002-02-41         galvaume sheets- tra	         5010392.26	         4671041.36	          339350.84	         5010392.20	               0.06	               0.00	               0.00	               0.00	               0.00	               0.00	               0.00	               0.00	               0.00	               0.00	               0.00	               0.00	               0.00	               0.00	               0.00	               0.00	               0.00	               0.00	               0.00	               0.00	               0.00	         4671041.36	         4671041.36	               0.00	         4671041.36	               0.00	          339350.84	               0.00	          339350.84	          339350.84	               0.00	               0.00	               0.00	               0.00	               0.00	               0.00	               0.00	               0.00	               0.00	               0.00	               0.00	               0.00	               0.00	               0.00	               0.00	               0.00	               0.00	               0.00	               0.00	               0.00	               0.00	               0.00	               0.00	               0.00	               0.00	               0.00	         5010392.20	         4671041.36	          339350.84	         5010392.20	               0.00
**  WBS NL-N-TS2-002-02-42         galvaume sheets-LHS	         8740592.53	         8740592.53	               0.00	         8740592.53	               0.00	               0.00	               0.00	               0.00	               0.00	               0.00	               0.00	               0.00	               0.00	               0.00	               0.00	               0.00	               0.00	               0.00	               0.00	               0.00	               0.00	               0.00	               0.00	               0.00	               0.00	         8740592.53	         8740592.57	               0.00	         8740592.57	              -0.04	               0.00	              -0.04	               0.00	              -0.04	               0.04	               0.00	               0.00	               0.00	               0.00	               0.00	               0.00	               0.00	               0.00	               0.00	               0.00	               0.00	               0.00	               0.00	               0.00	               0.00	               0.00	               0.00	               0.00	               0.00	               0.00	               0.00	               0.00	               0.00	               0.00	               0.00	         8740592.53	         8740592.53	               0.00	         8740592.53	               0.00
**  WBS NL-N-TS2-002-02-43         galvaume sheets-7AB	        11288466.29	        10632608.68	          655857.61	        11288466.29	               0.00	               0.00	               0.00	               0.00	               0.00	               0.00	               0.00	               0.00	               0.00	               0.00	               0.00	               0.00	               0.00	               0.00	               0.00	               0.00	               0.00	               0.00	               0.00	               0.00	               0.00	        10632608.68	        10632608.68	               0.00	        10632608.68	               0.00	          655857.61	               0.00	          655857.61	          655857.61	               0.00	               0.00	               0.00	               0.00	               0.00	               0.00	               0.00	               0.00	               0.00	               0.00	               0.00	               0.00	               0.00	               0.00	               0.00	               0.00	               0.00	               0.00	               0.00	               0.00	               0.00	               0.00	               0.00	               0.00	               0.00	               0.00	        11288466.29	        10632608.68	          655857.61	        11288466.29	               0.00
**  WBS NL-N-TS2-002-02-44         LIFT CONSTRUCTION- A	         1956758.23	               0.00	         1956758.23	         1956758.23	               0.00	               0.00	               0.00	               0.00	               0.00	               0.00	               0.00	               0.00	               0.00	               0.00	               0.00	               0.00	               0.00	               0.00	               0.00	               0.00	               0.00	               0.00	               0.00	               0.00	               0.00	         1756693.65	         1756693.65	               0.00	         1756693.65	               0.00	          200064.58	        -1756693.65	         1956758.23	          200064.58	               0.00	               0.00	               0.00	               0.00	               0.00	               0.00	               0.00	               0.00	               0.00	               0.00	               0.00	               0.00	               0.00	               0.00	               0.00	               0.00	               0.00	               0.00	               0.00	               0.00	               0.00	               0.00	               0.00	               0.00	               0.00	               0.00	         1956758.23	               0.00	         1956758.23	         1956758.23	               0.00
**  WBS NL-N-TS2-002-02-45         PROVIDING GALVALUME	         8620822.04	               0.00	         8620822.04	         8620822.04	               0.00	               0.00	               0.00	               0.00	               0.00	               0.00	               0.00	               0.00	               0.00	               0.00	               0.00	               0.00	               0.00	               0.00	               0.00	               0.00	               0.00	               0.00	               0.00	               0.00	               0.00	               0.00	               0.00	               0.00	               0.00	               0.00	         8620822.04	               0.00	         8620822.04	         8620822.04	               0.00	               0.00	               0.00	               0.00	               0.00	               0.00	               0.00	               0.00	               0.00	               0.00	               0.00	               0.00	               0.00	               0.00	               0.00	               0.00	               0.00	               0.00	               0.00	               0.00	               0.00	               0.00	               0.00	               0.00	               0.00	               0.00	         8620822.04	               0.00	         8620822.04	         8620822.04	               0.00
**  WBS NL-N-TS2-002-02-46         IMPROVEMENT IN CANTE	         6942782.64	               0.00	         6942782.64	         6942782.64	               0.00	               0.00	               0.00	               0.00	               0.00	               0.00	               0.00	               0.00	               0.00	               0.00	               0.00	               0.00	               0.00	               0.00	               0.00	               0.00	               0.00	               0.00	               0.00	               0.00	               0.00	               0.00	               0.00	               0.00	               0.00	               0.00	         6942782.64	               0.00	         6942782.64	         6942782.64	               0.00	               0.00	               0.00	               0.00	               0.00	               0.00	               0.00	               0.00	               0.00	               0.00	               0.00	               0.00	               0.00	               0.00	               0.00	               0.00	               0.00	               0.00	               0.00	               0.00	               0.00	               0.00	               0.00	               0.00	               0.00	               0.00	         6942782.64	               0.00	         6942782.64	         6942782.64	               0.00
**  WBS NL-N-TS2-002-02-47         RCC SETTLING TANK FO	        19496289.41	               0.00	        19496289.41	        19496289.41	               0.00	               0.00	               0.00	               0.00	               0.00	               0.00	               0.00	               0.00	               0.00	               0.00	               0.00	               0.00	               0.00	               0.00	               0.00	               0.00	               0.00	               0.00	               0.00	               0.00	               0.00	               0.00	               0.00	               0.00	               0.00	               0.00	        19496289.41	               0.00	        19496289.41	        19496289.41	               0.00	               0.00	               0.00	               0.00	               0.00	               0.00	               0.00	               0.00	               0.00	               0.00	               0.00	               0.00	               0.00	               0.00	               0.00	               0.00	               0.00	               0.00	               0.00	               0.00	               0.00	               0.00	               0.00	               0.00	               0.00	               0.00	        19496289.41	               0.00	        19496289.41	        19496289.41	               0.00
**  WBS NL-N-TS2-002-02-48         WATER PROOFING TREAT	        11469639.12	               0.00	        11469639.12	        11469639.12	               0.00	               0.00	               0.00	               0.00	               0.00	               0.00	               0.00	               0.00	               0.00	               0.00	               0.00	               0.00	               0.00	               0.00	               0.00	               0.00	               0.00	               0.00	               0.00	               0.00	               0.00	               0.00	               0.00	               0.00	               0.00	               0.00	        11469639.12	               0.00	        11469639.12	        11469639.12	               0.00	               0.00	               0.00	               0.00	               0.00	               0.00	               0.00	               0.00	               0.00	               0.00	               0.00	               0.00	               0.00	               0.00	               0.00	               0.00	               0.00	               0.00	               0.00	               0.00	               0.00	               0.00	               0.00	               0.00	               0.00	               0.00	        11469639.12	               0.00	        11469639.12	        11469639.12	               0.00
**  WBS NL-N-TS2-002-02-49         REPAIR REHABILITA CO	        33500982.79	        31334943.85	         2166038.94	        33500982.79	               0.00	               0.00	               0.00	               0.00	               0.00	               0.00	               0.00	               0.00	               0.00	               0.00	               0.00	               0.00	               0.00	               0.00	               0.00	               0.00	               0.00	               0.00	               0.00	               0.00	               0.00	        33500981.46	        33500981.46	               0.00	        33500981.46	               0.00	               1.33	        -2166037.61	         2166038.94	               1.33	               0.00	               0.00	               0.00	               0.00	               0.00	               0.00	               0.00	               0.00	               0.00	               0.00	               0.00	               0.00	               0.00	               0.00	               0.00	               0.00	               0.00	               0.00	               0.00	               0.00	               0.00	               0.00	               0.00	               0.00	               0.00	               0.00	        33500982.79	        31334943.85	         2166038.94	        33500982.79	               0.00
**  WBS NL-N-TS2-002-02-50         Road improvement ins	        25198362.24	               0.00	        25198362.24	        25198362.24	               0.00	               0.00	               0.00	               0.00	               0.00	               0.00	               0.00	               0.00	               0.00	               0.00	               0.00	               0.00	               0.00	               0.00	               0.00	               0.00	               0.00	               0.00	               0.00	               0.00	               0.00	               0.00	               0.00	               0.00	               0.00	               0.00	        25198362.24	               0.00	        25198362.24	        25198362.24	               0.00	               0.00	               0.00	               0.00	               0.00	               0.00	               0.00	               0.00	               0.00	               0.00	               0.00	               0.00	               0.00	               0.00	               0.00	               0.00	               0.00	               0.00	               0.00	               0.00	               0.00	               0.00	               0.00	               0.00	               0.00	               0.00	        25198362.24	               0.00	        25198362.24	        25198362.24	               0.00
**  WBS NL-N-TS2-002-02-51         CT-6 outside Rep and	        28894660.00	               0.00	        28894660.00	        28894660.00	               0.00	               0.00	               0.00	               0.00	               0.00	               0.00	               0.00	               0.00	               0.00	               0.00	               0.00	               0.00	               0.00	               0.00	               0.00	               0.00	               0.00	               0.00	               0.00	               0.00	               0.00	               0.00	               0.00	               0.00	               0.00	               0.00	        28894660.00	               0.00	        28894660.00	        28894660.00	               0.00	               0.00	               0.00	               0.00	               0.00	               0.00	               0.00	               0.00	               0.00	               0.00	               0.00	               0.00	               0.00	               0.00	               0.00	               0.00	               0.00	               0.00	               0.00	               0.00	               0.00	               0.00	               0.00	               0.00	               0.00	               0.00	        28894660.00	               0.00	        28894660.00	        28894660.00	               0.00
**  WBS NL-N-TS2-002-02-52          Supplying and Layin	         9036139.77	               0.00	         9036139.77	         9036139.77	               0.00	               0.00	               0.00	               0.00	               0.00	               0.00	               0.00	               0.00	               0.00	               0.00	               0.00	               0.00	               0.00	               0.00	               0.00	               0.00	               0.00	               0.00	               0.00	               0.00	               0.00	               0.00	               0.00	               0.00	               0.00	               0.00	         9036139.77	               0.00	         9036139.77	         9036139.77	               0.00	               0.00	               0.00	               0.00	               0.00	               0.00	               0.00	               0.00	               0.00	               0.00	               0.00	               0.00	               0.00	               0.00	               0.00	               0.00	               0.00	               0.00	               0.00	               0.00	               0.00	               0.00	               0.00	               0.00	               0.00	               0.00	         9036139.77	               0.00	         9036139.77	         9036139.77	               0.00
*** WBS NL-N-TS2-002-03            ELECTRICAL O & S	       108006408.53	        42859089.70	        65125702.83	       107984792.53	           21616.00	         4801239.98	         4801239.98	               0.00	         4801239.98	               0.00	               0.00	               0.00	               0.00	               0.00	               0.00	        27053263.41	        27053263.41	               0.00	        27053263.41	               0.00	          115718.03	          115718.03	               0.00	          115718.03	               0.00	        10888868.28	        10888868.28	               0.00	        10888868.28	               0.00	        65147318.83	               0.00	        65125702.83	        65125702.83	           21616.00	               0.00	               0.00	               0.00	               0.00	               0.00	               0.00	               0.00	               0.00	               0.00	               0.00	               0.00	               0.00	               0.00	               0.00	               0.00	               0.00	               0.00	               0.00	               0.00	               0.00	               0.00	               0.00	               0.00	               0.00	               0.00	       108006408.53	        42859089.70	        65125702.83	       107984792.53	           21616.00
**  WBS NL-N-TS2-002-03-02         Battery charger 220V	         4476239.99	         4476239.99	               0.00	         4476239.99	               0.00	         4476239.99	         4476239.99	               0.00	         4476239.99	               0.00	               0.00	               0.00	               0.00	               0.00	               0.00	               0.00	               0.00	               0.00	               0.00	               0.00	               0.00	               0.00	               0.00	               0.00	               0.00	               0.00	               0.00	               0.00	               0.00	               0.00	               0.00	               0.00	               0.00	               0.00	               0.00	               0.00	               0.00	               0.00	               0.00	               0.00	               0.00	               0.00	               0.00	               0.00	               0.00	               0.00	               0.00	               0.00	               0.00	               0.00	               0.00	               0.00	               0.00	               0.00	               0.00	               0.00	               0.00	               0.00	               0.00	               0.00	         4476239.99	         4476239.99	               0.00	         4476239.99	               0.00
**  WBS NL-N-TS2-002-03-03         Replace  1180AH cap	        18489989.03	        18489989.03	               0.00	        18489989.03	               0.00	               0.00	               0.00	               0.00	               0.00	               0.00	               0.00	               0.00	               0.00	               0.00	               0.00	        18489989.03	        18489989.03	               0.00	        18489989.03	               0.00	               0.00	               0.00	               0.00	               0.00	               0.00	               0.00	               0.00	               0.00	               0.00	               0.00	               0.00	               0.00	               0.00	               0.00	               0.00	               0.00	               0.00	               0.00	               0.00	               0.00	               0.00	               0.00	               0.00	               0.00	               0.00	               0.00	               0.00	               0.00	               0.00	               0.00	               0.00	               0.00	               0.00	               0.00	               0.00	               0.00	               0.00	               0.00	               0.00	               0.00	        18489989.03	        18489989.03	               0.00	        18489989.03	               0.00
**  WBS NL-N-TS2-002-03-04         Replace 1285AH cap b	         6552405.79	         6552405.79	               0.00	         6552405.79	               0.00	               0.00	               0.00	               0.00	               0.00	               0.00	               0.00	               0.00	               0.00	               0.00	               0.00	         6552405.79	         6552405.79	               0.00	         6552405.79	               0.00	               0.00	               0.00	               0.00	               0.00	               0.00	               0.00	               0.00	               0.00	               0.00	               0.00	               0.00	               0.00	               0.00	               0.00	               0.00	               0.00	               0.00	               0.00	               0.00	               0.00	               0.00	               0.00	               0.00	               0.00	               0.00	               0.00	               0.00	               0.00	               0.00	               0.00	               0.00	               0.00	               0.00	               0.00	               0.00	               0.00	               0.00	               0.00	               0.00	               0.00	         6552405.79	         6552405.79	               0.00	         6552405.79	               0.00
**  WBS NL-N-TS2-002-03-10         Swyrd PLCC  48V/ 300	         2543985.60	               0.00	         2543985.60	         2543985.60	               0.00	               0.00	               0.00	               0.00	               0.00	               0.00	               0.00	               0.00	               0.00	               0.00	               0.00	               0.00	               0.00	               0.00	               0.00	               0.00	               0.00	               0.00	               0.00	               0.00	               0.00	               0.00	               0.00	               0.00	               0.00	               0.00	         2543985.60	               0.00	         2543985.60	         2543985.60	               0.00	               0.00	               0.00	               0.00	               0.00	               0.00	               0.00	               0.00	               0.00	               0.00	               0.00	               0.00	               0.00	               0.00	               0.00	               0.00	               0.00	               0.00	               0.00	               0.00	               0.00	               0.00	               0.00	               0.00	               0.00	               0.00	         2543985.60	               0.00	         2543985.60	         2543985.60	               0.00
**  WBS NL-N-TS2-002-03-11         Swyrd Source  220V/	         2932252.80	               0.00	         2932252.80	         2932252.80	               0.00	               0.00	               0.00	               0.00	               0.00	               0.00	               0.00	               0.00	               0.00	               0.00	               0.00	               0.00	               0.00	               0.00	               0.00	               0.00	               0.00	               0.00	               0.00	               0.00	               0.00	               0.00	               0.00	               0.00	               0.00	               0.00	         2932252.80	               0.00	         2932252.80	         2932252.80	               0.00	               0.00	               0.00	               0.00	               0.00	               0.00	               0.00	               0.00	               0.00	               0.00	               0.00	               0.00	               0.00	               0.00	               0.00	               0.00	               0.00	               0.00	               0.00	               0.00	               0.00	               0.00	               0.00	               0.00	               0.00	               0.00	         2932252.80	               0.00	         2932252.80	         2932252.80	               0.00
**  WBS NL-N-TS2-002-03-14         48V Thyrister based	          324999.99	          324999.99	               0.00	          324999.99	               0.00	          324999.99	          324999.99	               0.00	          324999.99	               0.00	               0.00	               0.00	               0.00	               0.00	               0.00	               0.00	               0.00	               0.00	               0.00	               0.00	               0.00	               0.00	               0.00	               0.00	               0.00	               0.00	               0.00	               0.00	               0.00	               0.00	               0.00	               0.00	               0.00	               0.00	               0.00	               0.00	               0.00	               0.00	               0.00	               0.00	               0.00	               0.00	               0.00	               0.00	               0.00	               0.00	               0.00	               0.00	               0.00	               0.00	               0.00	               0.00	               0.00	               0.00	               0.00	               0.00	               0.00	               0.00	               0.00	               0.00	          324999.99	          324999.99	               0.00	          324999.99	               0.00
**  WBS NL-N-TS2-002-03-21         Control cable 4 core	          730707.73	          730707.73	               0.00	          730707.73	               0.00	               0.00	               0.00	               0.00	               0.00	               0.00	               0.00	               0.00	               0.00	               0.00	               0.00	          730707.73	          730707.73	               0.00	          730707.73	               0.00	               0.00	               0.00	               0.00	               0.00	               0.00	               0.00	               0.00	               0.00	               0.00	               0.00	               0.00	               0.00	               0.00	               0.00	               0.00	               0.00	               0.00	               0.00	               0.00	               0.00	               0.00	               0.00	               0.00	               0.00	               0.00	               0.00	               0.00	               0.00	               0.00	               0.00	               0.00	               0.00	               0.00	               0.00	               0.00	               0.00	               0.00	               0.00	               0.00	               0.00	          730707.73	          730707.73	               0.00	          730707.73	               0.00
**  WBS NL-N-TS2-002-03-22         Battery Operated pla	          719080.00	          719080.00	               0.00	          719080.00	               0.00	               0.00	               0.00	               0.00	               0.00	               0.00	               0.00	               0.00	               0.00	               0.00	               0.00	          719080.00	          719080.00	               0.00	          719080.00	               0.00	               0.00	               0.00	               0.00	               0.00	               0.00	               0.00	               0.00	               0.00	               0.00	               0.00	               0.00	               0.00	               0.00	               0.00	               0.00	               0.00	               0.00	               0.00	               0.00	               0.00	               0.00	               0.00	               0.00	               0.00	               0.00	               0.00	               0.00	               0.00	               0.00	               0.00	               0.00	               0.00	               0.00	               0.00	               0.00	               0.00	               0.00	               0.00	               0.00	               0.00	          719080.00	          719080.00	               0.00	          719080.00	               0.00
**  WBS NL-N-TS2-002-03-23         1.1kV FRLS-Cu cable	          561080.86	          561080.86	               0.00	          561080.86	               0.00	               0.00	               0.00	               0.00	               0.00	               0.00	               0.00	               0.00	               0.00	               0.00	               0.00	          561080.86	          561080.86	               0.00	          561080.86	               0.00	               0.00	               0.00	               0.00	               0.00	               0.00	               0.00	               0.00	               0.00	               0.00	               0.00	               0.00	               0.00	               0.00	               0.00	               0.00	               0.00	               0.00	               0.00	               0.00	               0.00	               0.00	               0.00	               0.00	               0.00	               0.00	               0.00	               0.00	               0.00	               0.00	               0.00	               0.00	               0.00	               0.00	               0.00	               0.00	               0.00	               0.00	               0.00	               0.00	               0.00	          561080.86	          561080.86	               0.00	          561080.86	               0.00
**  WBS NL-N-TS2-002-03-24         1.1 KV FRLS Cu Cable	         1066453.45	         1065668.12	             785.33	         1066453.45	               0.00	               0.00	               0.00	               0.00	               0.00	               0.00	               0.00	               0.00	               0.00	               0.00	               0.00	               0.00	               0.00	               0.00	               0.00	               0.00	               0.00	               0.00	               0.00	               0.00	               0.00	         1065668.12	         1065668.12	               0.00	         1065668.12	               0.00	             785.33	               0.00	             785.33	             785.33	               0.00	               0.00	               0.00	               0.00	               0.00	               0.00	               0.00	               0.00	               0.00	               0.00	               0.00	               0.00	               0.00	               0.00	               0.00	               0.00	               0.00	               0.00	               0.00	               0.00	               0.00	               0.00	               0.00	               0.00	               0.00	               0.00	         1066453.45	         1065668.12	             785.33	         1066453.45	               0.00
**  WBS NL-N-TS2-002-03-25         Instrument Air Compr	          823199.96	          823199.96	               0.00	          823199.96	               0.00	               0.00	               0.00	               0.00	               0.00	               0.00	               0.00	               0.00	               0.00	               0.00	               0.00	               0.00	               0.00	               0.00	               0.00	               0.00	               0.00	               0.00	               0.00	               0.00	               0.00	          823199.96	          823199.96	               0.00	          823199.96	               0.00	               0.00	               0.00	               0.00	               0.00	               0.00	               0.00	               0.00	               0.00	               0.00	               0.00	               0.00	               0.00	               0.00	               0.00	               0.00	               0.00	               0.00	               0.00	               0.00	               0.00	               0.00	               0.00	               0.00	               0.00	               0.00	               0.00	               0.00	               0.00	               0.00	               0.00	          823199.96	          823199.96	               0.00	          823199.96	               0.00
**  WBS NL-N-TS2-002-03-26         GT Cooler Control Pa	               0.00	               0.00	               0.00	               0.00	               0.00	               0.00	               0.00	               0.00	               0.00	               0.00	               0.00	               0.00	               0.00	               0.00	               0.00	               0.00	               0.00	               0.00	               0.00	               0.00	               0.00	               0.00	               0.00	               0.00	               0.00	               0.00	               0.00	               0.00	               0.00	               0.00	               0.00	               0.00	               0.00	               0.00	               0.00	               0.00	               0.00	               0.00	               0.00	               0.00	               0.00	               0.00	               0.00	               0.00	               0.00	               0.00	               0.00	               0.00	               0.00	               0.00	               0.00	               0.00	               0.00	               0.00	               0.00	               0.00	               0.00	               0.00	               0.00	               0.00	               0.00	               0.00	               0.00	               0.00	               0.00
**  WBS NL-N-TS2-002-03-27         Clamp Meter	          115718.03	          115718.03	               0.00	          115718.03	               0.00	               0.00	               0.00	               0.00	               0.00	               0.00	               0.00	               0.00	               0.00	               0.00	               0.00	               0.00	               0.00	               0.00	               0.00	               0.00	          115718.03	          115718.03	               0.00	          115718.03	               0.00	               0.00	               0.00	               0.00	               0.00	               0.00	               0.00	               0.00	               0.00	               0.00	               0.00	               0.00	               0.00	               0.00	               0.00	               0.00	               0.00	               0.00	               0.00	               0.00	               0.00	               0.00	               0.00	               0.00	               0.00	               0.00	               0.00	               0.00	               0.00	               0.00	               0.00	               0.00	               0.00	               0.00	               0.00	               0.00	          115718.03	          115718.03	               0.00	          115718.03	               0.00
**  WBS NL-N-TS2-002-03-28         2X20KVA UPS FOR DRY	         2815000.00	               0.00	         2815000.00	         2815000.00	               0.00	               0.00	               0.00	               0.00	               0.00	               0.00	               0.00	               0.00	               0.00	               0.00	               0.00	               0.00	               0.00	               0.00	               0.00	               0.00	               0.00	               0.00	               0.00	               0.00	               0.00	               0.00	               0.00	               0.00	               0.00	               0.00	         2815000.00	               0.00	         2815000.00	         2815000.00	               0.00	               0.00	               0.00	               0.00	               0.00	               0.00	               0.00	               0.00	               0.00	               0.00	               0.00	               0.00	               0.00	               0.00	               0.00	               0.00	               0.00	               0.00	               0.00	               0.00	               0.00	               0.00	               0.00	               0.00	               0.00	               0.00	         2815000.00	               0.00	         2815000.00	         2815000.00	               0.00
**  WBS NL-N-TS2-002-03-29         Electronic controlle	         9000000.20	         9000000.20	               0.00	         9000000.20	               0.00	               0.00	               0.00	               0.00	               0.00	               0.00	               0.00	               0.00	               0.00	               0.00	               0.00	               0.00	               0.00	               0.00	               0.00	               0.00	               0.00	               0.00	               0.00	               0.00	               0.00	         9000000.20	         9000000.20	               0.00	         9000000.20	               0.00	               0.00	               0.00	               0.00	               0.00	               0.00	               0.00	               0.00	               0.00	               0.00	               0.00	               0.00	               0.00	               0.00	               0.00	               0.00	               0.00	               0.00	               0.00	               0.00	               0.00	               0.00	               0.00	               0.00	               0.00	               0.00	               0.00	               0.00	               0.00	               0.00	               0.00	         9000000.20	         9000000.20	               0.00	         9000000.20	               0.00
**  WBS NL-N-TS2-002-03-30         Centrifuge Control p	         2281333.36	               0.00	         2281333.36	         2281333.36	               0.00	               0.00	               0.00	               0.00	               0.00	               0.00	               0.00	               0.00	               0.00	               0.00	               0.00	               0.00	               0.00	               0.00	               0.00	               0.00	               0.00	               0.00	               0.00	               0.00	               0.00	               0.00	               0.00	               0.00	               0.00	               0.00	         2281333.36	               0.00	         2281333.36	         2281333.36	               0.00	               0.00	               0.00	               0.00	               0.00	               0.00	               0.00	               0.00	               0.00	               0.00	               0.00	               0.00	               0.00	               0.00	               0.00	               0.00	               0.00	               0.00	               0.00	               0.00	               0.00	               0.00	               0.00	               0.00	               0.00	               0.00	         2281333.36	               0.00	         2281333.36	         2281333.36	               0.00
**  WBS NL-N-TS2-002-03-31         MODERN-BOILER LIFT 2	        16563232.00	               0.00	        16541616.00	        16541616.00	           21616.00	               0.00	               0.00	               0.00	               0.00	               0.00	               0.00	               0.00	               0.00	               0.00	               0.00	               0.00	               0.00	               0.00	               0.00	               0.00	               0.00	               0.00	               0.00	               0.00	               0.00	               0.00	               0.00	               0.00	               0.00	               0.00	        16563232.00	               0.00	        16541616.00	        16541616.00	           21616.00	               0.00	               0.00	               0.00	               0.00	               0.00	               0.00	               0.00	               0.00	               0.00	               0.00	               0.00	               0.00	               0.00	               0.00	               0.00	               0.00	               0.00	               0.00	               0.00	               0.00	               0.00	               0.00	               0.00	               0.00	               0.00	        16563232.00	               0.00	        16541616.00	        16541616.00	           21616.00
**  WBS NL-N-TS2-002-03-32         Battery Bank for U#5	        16655567.76	               0.00	        16655567.76	        16655567.76	               0.00	               0.00	               0.00	               0.00	               0.00	               0.00	               0.00	               0.00	               0.00	               0.00	               0.00	               0.00	               0.00	               0.00	               0.00	               0.00	               0.00	               0.00	               0.00	               0.00	               0.00	               0.00	               0.00	               0.00	               0.00	               0.00	        16655567.76	               0.00	        16655567.76	        16655567.76	               0.00	               0.00	               0.00	               0.00	               0.00	               0.00	               0.00	               0.00	               0.00	               0.00	               0.00	               0.00	               0.00	               0.00	               0.00	               0.00	               0.00	               0.00	               0.00	               0.00	               0.00	               0.00	               0.00	               0.00	               0.00	               0.00	        16655567.76	               0.00	        16655567.76	        16655567.76	               0.00
**  WBS NL-N-TS2-002-03-33         Battery charger for	         4042766.66	               0.00	         4042766.66	         4042766.66	               0.00	               0.00	               0.00	               0.00	               0.00	               0.00	               0.00	               0.00	               0.00	               0.00	               0.00	               0.00	               0.00	               0.00	               0.00	               0.00	               0.00	               0.00	               0.00	               0.00	               0.00	               0.00	               0.00	               0.00	               0.00	               0.00	         4042766.66	               0.00	         4042766.66	         4042766.66	               0.00	               0.00	               0.00	               0.00	               0.00	               0.00	               0.00	               0.00	               0.00	               0.00	               0.00	               0.00	               0.00	               0.00	               0.00	               0.00	               0.00	               0.00	               0.00	               0.00	               0.00	               0.00	               0.00	               0.00	               0.00	               0.00	         4042766.66	               0.00	         4042766.66	         4042766.66	               0.00
**  WBS NL-N-TS2-002-03-34         GT Cooler contrl Pan	         3640693.32	               0.00	         3640693.32	         3640693.32	               0.00	               0.00	               0.00	               0.00	               0.00	               0.00	               0.00	               0.00	               0.00	               0.00	               0.00	               0.00	               0.00	               0.00	               0.00	               0.00	               0.00	               0.00	               0.00	               0.00	               0.00	               0.00	               0.00	               0.00	               0.00	               0.00	         3640693.32	               0.00	         3640693.32	         3640693.32	               0.00	               0.00	               0.00	               0.00	               0.00	               0.00	               0.00	               0.00	               0.00	               0.00	               0.00	               0.00	               0.00	               0.00	               0.00	               0.00	               0.00	               0.00	               0.00	               0.00	               0.00	               0.00	               0.00	               0.00	               0.00	               0.00	         3640693.32	               0.00	         3640693.32	         3640693.32	               0.00
**  WBS NL-N-TS2-002-03-35         Bttry bank for UPS U	        13671702.00	               0.00	        13671702.00	        13671702.00	               0.00	               0.00	               0.00	               0.00	               0.00	               0.00	               0.00	               0.00	               0.00	               0.00	               0.00	               0.00	               0.00	               0.00	               0.00	               0.00	               0.00	               0.00	               0.00	               0.00	               0.00	               0.00	               0.00	               0.00	               0.00	               0.00	        13671702.00	               0.00	        13671702.00	        13671702.00	               0.00	               0.00	               0.00	               0.00	               0.00	               0.00	               0.00	               0.00	               0.00	               0.00	               0.00	               0.00	               0.00	               0.00	               0.00	               0.00	               0.00	               0.00	               0.00	               0.00	               0.00	               0.00	               0.00	               0.00	               0.00	               0.00	        13671702.00	               0.00	        13671702.00	        13671702.00	               0.00
*** WBS NL-N-TS2-002-04            ELECTRICAL MAINTENAN	      2261409232.99	       923634323.31	      1296143532.37	      2219777855.68	        41631377.31	        48602182.39	        48602182.39	               0.00	        48602182.39	               0.00	       122864795.65	       122864795.65	               0.00	       122864795.65	               0.00	       158950952.84	       158950952.84	               0.00	       158950952.84	               0.00	       353236665.94	       353123975.94	               0.00	       353123975.94	          112690.00	       225780721.95	       225769972.15	               0.00	       225769972.15	           10749.80	      1341395374.30	        14322444.34	      1296143532.37	      1310465976.71	        30929397.59	               0.00	               0.00	               0.00	               0.00	               0.00	               0.00	               0.00	               0.00	               0.00	               0.00	               0.00	               0.00	               0.00	               0.00	               0.00	               0.00	               0.00	               0.00	               0.00	               0.00	               0.00	               0.00	               0.00	               0.00	               0.00	      2250830693.07	       923634323.31	      1296143532.37	      2219777855.68	        31052837.39
**  WBS NL-N-TS2-002-04-01         LHS CONTROLS	        24112987.59	        22178828.83	         1934158.76	        24112987.59	               0.00	         5130640.00	         5130640.00	               0.00	         5130640.00	               0.00	          700500.02	          700500.02	               0.00	          700500.02	               0.00	               0.00	               0.00	               0.00	               0.00	               0.00	        10110599.46	        10110599.46	               0.00	        10110599.46	               0.00	         1182277.40	         1182277.40	               0.00	         1182277.40	               0.00	         6988970.71	         5054811.95	         1934158.76	         6988970.71	               0.00	               0.00	               0.00	               0.00	               0.00	               0.00	               0.00	               0.00	               0.00	               0.00	               0.00	               0.00	               0.00	               0.00	               0.00	               0.00	               0.00	               0.00	               0.00	               0.00	               0.00	               0.00	               0.00	               0.00	               0.00	               0.00	        24112987.59	        22178828.83	         1934158.76	        24112987.59	               0.00
*   WBS NL-N-TS2-002-04-01-02       Bunker Level Transm	         5130640.00	         5130640.00	               0.00	         5130640.00	               0.00	         5130640.00	         5130640.00	               0.00	         5130640.00	               0.00	               0.00	               0.00	               0.00	               0.00	               0.00	               0.00	               0.00	               0.00	               0.00	               0.00	               0.00	               0.00	               0.00	               0.00	               0.00	               0.00	               0.00	               0.00	               0.00	               0.00	               0.00	               0.00	               0.00	               0.00	               0.00	               0.00	               0.00	               0.00	               0.00	               0.00	               0.00	               0.00	               0.00	               0.00	               0.00	               0.00	               0.00	               0.00	               0.00	               0.00	               0.00	               0.00	               0.00	               0.00	               0.00	               0.00	               0.00	               0.00	               0.00	               0.00	         5130640.00	         5130640.00	               0.00	         5130640.00	               0.00
*   WBS NL-N-TS2-002-04-01-04      HMI Hardware Worksta	          700500.02	          700500.02	               0.00	          700500.02	               0.00	               0.00	               0.00	               0.00	               0.00	               0.00	          700500.02	          700500.02	               0.00	          700500.02	               0.00	               0.00	               0.00	               0.00	               0.00	               0.00	               0.00	               0.00	               0.00	               0.00	               0.00	               0.00	               0.00	               0.00	               0.00	               0.00	               0.00	               0.00	               0.00	               0.00	               0.00	               0.00	               0.00	               0.00	               0.00	               0.00	               0.00	               0.00	               0.00	               0.00	               0.00	               0.00	               0.00	               0.00	               0.00	               0.00	               0.00	               0.00	               0.00	               0.00	               0.00	               0.00	               0.00	               0.00	               0.00	               0.00	          700500.02	          700500.02	               0.00	          700500.02	               0.00
*   WBS NL-N-TS2-002-04-01-13      Procurement of Magne	         9192000.00	         9192000.00	               0.00	         9192000.00	               0.00	               0.00	               0.00	               0.00	               0.00	               0.00	               0.00	               0.00	               0.00	               0.00	               0.00	               0.00	               0.00	               0.00	               0.00	               0.00	         9192000.00	         9192000.00	               0.00	         9192000.00	               0.00	               0.00	               0.00	               0.00	               0.00	               0.00	               0.00	               0.00	               0.00	               0.00	               0.00	               0.00	               0.00	               0.00	               0.00	               0.00	               0.00	               0.00	               0.00	               0.00	               0.00	               0.00	               0.00	               0.00	               0.00	               0.00	               0.00	               0.00	               0.00	               0.00	               0.00	               0.00	               0.00	               0.00	               0.00	               0.00	         9192000.00	         9192000.00	               0.00	         9192000.00	               0.00
*   WBS NL-N-TS2-002-04-01-14      2T capacity Battery	          690950.00	               0.00	          690950.00	          690950.00	               0.00	               0.00	               0.00	               0.00	               0.00	               0.00	               0.00	               0.00	               0.00	               0.00	               0.00	               0.00	               0.00	               0.00	               0.00	               0.00	               0.00	               0.00	               0.00	               0.00	               0.00	               0.00	               0.00	               0.00	               0.00	               0.00	          690950.00	               0.00	          690950.00	          690950.00	               0.00	               0.00	               0.00	               0.00	               0.00	               0.00	               0.00	               0.00	               0.00	               0.00	               0.00	               0.00	               0.00	               0.00	               0.00	               0.00	               0.00	               0.00	               0.00	               0.00	               0.00	               0.00	               0.00	               0.00	               0.00	               0.00	          690950.00	               0.00	          690950.00	          690950.00	               0.00
*   WBS NL-N-TS2-002-04-01-15      Linear Heat Sensing	          851239.74	          851239.74	               0.00	          851239.74	               0.00	               0.00	               0.00	               0.00	               0.00	               0.00	               0.00	               0.00	               0.00	               0.00	               0.00	               0.00	               0.00	               0.00	               0.00	               0.00	          851239.74	          851239.74	               0.00	          851239.74	               0.00	               0.00	               0.00	               0.00	               0.00	               0.00	               0.00	               0.00	               0.00	               0.00	               0.00	               0.00	               0.00	               0.00	               0.00	               0.00	               0.00	               0.00	               0.00	               0.00	               0.00	               0.00	               0.00	               0.00	               0.00	               0.00	               0.00	               0.00	               0.00	               0.00	               0.00	               0.00	               0.00	               0.00	               0.00	               0.00	          851239.74	          851239.74	               0.00	          851239.74	               0.00
*   WBS NL-N-TS2-002-04-01-16      Rotex 2/2 Direct Act	           67359.72	           67359.72	               0.00	           67359.72	               0.00	               0.00	               0.00	               0.00	               0.00	               0.00	               0.00	               0.00	               0.00	               0.00	               0.00	               0.00	               0.00	               0.00	               0.00	               0.00	           67359.72	           67359.72	               0.00	           67359.72	               0.00	               0.00	               0.00	               0.00	               0.00	               0.00	               0.00	               0.00	               0.00	               0.00	               0.00	               0.00	               0.00	               0.00	               0.00	               0.00	               0.00	               0.00	               0.00	               0.00	               0.00	               0.00	               0.00	               0.00	               0.00	               0.00	               0.00	               0.00	               0.00	               0.00	               0.00	               0.00	               0.00	               0.00	               0.00	               0.00	           67359.72	           67359.72	               0.00	           67359.72	               0.00
*   WBS NL-N-TS2-002-04-01-17      Procurement of Infra	         1182277.40	         1182277.40	               0.00	         1182277.40	               0.00	               0.00	               0.00	               0.00	               0.00	               0.00	               0.00	               0.00	               0.00	               0.00	               0.00	               0.00	               0.00	               0.00	               0.00	               0.00	               0.00	               0.00	               0.00	               0.00	               0.00	         1182277.40	         1182277.40	               0.00	         1182277.40	               0.00	               0.00	               0.00	               0.00	               0.00	               0.00	               0.00	               0.00	               0.00	               0.00	               0.00	               0.00	               0.00	               0.00	               0.00	               0.00	               0.00	               0.00	               0.00	               0.00	               0.00	               0.00	               0.00	               0.00	               0.00	               0.00	               0.00	               0.00	               0.00	               0.00	               0.00	         1182277.40	         1182277.40	               0.00	         1182277.40	               0.00
*   WBS NL-N-TS2-002-04-01-18      UPGRADE-S1-SIEMENS P	         6298020.71	         5054811.95	         1243208.76	         6298020.71	               0.00	               0.00	               0.00	               0.00	               0.00	               0.00	               0.00	               0.00	               0.00	               0.00	               0.00	               0.00	               0.00	               0.00	               0.00	               0.00	               0.00	               0.00	               0.00	               0.00	               0.00	               0.00	               0.00	               0.00	               0.00	               0.00	         6298020.71	         5054811.95	         1243208.76	         6298020.71	               0.00	               0.00	               0.00	               0.00	               0.00	               0.00	               0.00	               0.00	               0.00	               0.00	               0.00	               0.00	               0.00	               0.00	               0.00	               0.00	               0.00	               0.00	               0.00	               0.00	               0.00	               0.00	               0.00	               0.00	               0.00	               0.00	         6298020.71	         5054811.95	         1243208.76	         6298020.71	               0.00
**  WBS NL-N-TS2-002-04-02         ESP CONTROLS	        21325198.59	        20276248.57	         1048950.02	        21325198.59	               0.00	        16006881.91	        16006881.91	               0.00	        16006881.91	               0.00	           71390.00	           71390.00	               0.00	           71390.00	               0.00	         3067999.99	         3067999.99	               0.00	         3067999.99	               0.00	         1129976.67	         1129976.67	               0.00	         1129976.67	               0.00	               0.00	               0.00	               0.00	               0.00	               0.00	         1048950.02	               0.00	         1048950.02	         1048950.02	               0.00	               0.00	               0.00	               0.00	               0.00	               0.00	               0.00	               0.00	               0.00	               0.00	               0.00	               0.00	               0.00	               0.00	               0.00	               0.00	               0.00	               0.00	               0.00	               0.00	               0.00	               0.00	               0.00	               0.00	               0.00	               0.00	        21325198.59	        20276248.57	         1048950.02	        21325198.59	               0.00
*   WBS NL-N-TS2-002-04-02-01       Boiler Lift-5 & 6	        15340000.00	        14572999.99	          767000.01	        15340000.00	               0.00	        11505000.00	        11505000.00	               0.00	        11505000.00	               0.00	               0.00	               0.00	               0.00	               0.00	               0.00	         3067999.99	         3067999.99	               0.00	         3067999.99	               0.00	               0.00	               0.00	               0.00	               0.00	               0.00	               0.00	               0.00	               0.00	               0.00	               0.00	          767000.01	               0.00	          767000.01	          767000.01	               0.00	               0.00	               0.00	               0.00	               0.00	               0.00	               0.00	               0.00	               0.00	               0.00	               0.00	               0.00	               0.00	               0.00	               0.00	               0.00	               0.00	               0.00	               0.00	               0.00	               0.00	               0.00	               0.00	               0.00	               0.00	               0.00	        15340000.00	        14572999.99	          767000.01	        15340000.00	               0.00
*   WBS NL-N-TS2-002-04-02-04      Boiler lift- 2,4 & 7	         2060704.80	         2060704.80	               0.00	         2060704.80	               0.00	         2060704.80	         2060704.80	               0.00	         2060704.80	               0.00	               0.00	               0.00	               0.00	               0.00	               0.00	               0.00	               0.00	               0.00	               0.00	               0.00	               0.00	               0.00	               0.00	               0.00	               0.00	               0.00	               0.00	               0.00	               0.00	               0.00	               0.00	               0.00	               0.00	               0.00	               0.00	               0.00	               0.00	               0.00	               0.00	               0.00	               0.00	               0.00	               0.00	               0.00	               0.00	               0.00	               0.00	               0.00	               0.00	               0.00	               0.00	               0.00	               0.00	               0.00	               0.00	               0.00	               0.00	               0.00	               0.00	               0.00	         2060704.80	         2060704.80	               0.00	         2060704.80	               0.00
*   WBS NL-N-TS2-002-04-02-07      Supply,Erection&Comm	         1400000.38	         1400000.38	               0.00	         1400000.38	               0.00	         1400000.38	         1400000.38	               0.00	         1400000.38	               0.00	               0.00	               0.00	               0.00	               0.00	               0.00	               0.00	               0.00	               0.00	               0.00	               0.00	               0.00	               0.00	               0.00	               0.00	               0.00	               0.00	               0.00	               0.00	               0.00	               0.00	               0.00	               0.00	               0.00	               0.00	               0.00	               0.00	               0.00	               0.00	               0.00	               0.00	               0.00	               0.00	               0.00	               0.00	               0.00	               0.00	               0.00	               0.00	               0.00	               0.00	               0.00	               0.00	               0.00	               0.00	               0.00	               0.00	               0.00	               0.00	               0.00	               0.00	         1400000.38	         1400000.38	               0.00	         1400000.38	               0.00
*   WBS NL-N-TS2-002-04-02-08      Retrofitting of Unit	         1112566.73	         1112566.73	               0.00	         1112566.73	               0.00	         1041176.73	         1041176.73	               0.00	         1041176.73	               0.00	           71390.00	           71390.00	               0.00	           71390.00	               0.00	               0.00	               0.00	               0.00	               0.00	               0.00	               0.00	               0.00	               0.00	               0.00	               0.00	               0.00	               0.00	               0.00	               0.00	               0.00	               0.00	               0.00	               0.00	               0.00	               0.00	               0.00	               0.00	               0.00	               0.00	               0.00	               0.00	               0.00	               0.00	               0.00	               0.00	               0.00	               0.00	               0.00	               0.00	               0.00	               0.00	               0.00	               0.00	               0.00	               0.00	               0.00	               0.00	               0.00	               0.00	               0.00	         1112566.73	         1112566.73	               0.00	         1112566.73	               0.00
*   WBS NL-N-TS2-002-04-02-09      Procurement and inst	         1411926.68	         1129976.67	          281950.01	         1411926.68	               0.00	               0.00	               0.00	               0.00	               0.00	               0.00	               0.00	               0.00	               0.00	               0.00	               0.00	               0.00	               0.00	               0.00	               0.00	               0.00	         1129976.67	         1129976.67	               0.00	         1129976.67	               0.00	               0.00	               0.00	               0.00	               0.00	               0.00	          281950.01	               0.00	          281950.01	          281950.01	               0.00	               0.00	               0.00	               0.00	               0.00	               0.00	               0.00	               0.00	               0.00	               0.00	               0.00	               0.00	               0.00	               0.00	               0.00	               0.00	               0.00	               0.00	               0.00	               0.00	               0.00	               0.00	               0.00	               0.00	               0.00	               0.00	         1411926.68	         1129976.67	          281950.01	         1411926.68	               0.00
**  WBS NL-N-TS2-002-04-03         ELECTRICAL MAINTENAN	       359308671.70	       322956717.37	        35832754.33	       358789471.70	          519200.00	        10797070.24	        10797070.24	               0.00	        10797070.24	               0.00	        60077557.28	        60077557.28	               0.00	        60077557.28	               0.00	        81909211.66	        81909211.66	               0.00	        81909211.66	               0.00	       166518138.74	       166414298.74	               0.00	       166414298.74	          103840.00	         3758579.45	         3758579.45	               0.00	         3758579.45	               0.00	        36040434.33	               0.00	        35832754.33	        35832754.33	          207680.00	               0.00	               0.00	               0.00	               0.00	               0.00	               0.00	               0.00	               0.00	               0.00	               0.00	               0.00	               0.00	               0.00	               0.00	               0.00	               0.00	               0.00	               0.00	               0.00	               0.00	               0.00	               0.00	               0.00	               0.00	               0.00	       359100991.70	       322956717.37	        35832754.33	       358789471.70	          311520.00
*   WBS NL-N-TS2-002-04-03-09      Retrofitting of 6.6K	        11581426.18	        11581426.18	               0.00	        11581426.18	               0.00	               0.00	               0.00	               0.00	               0.00	               0.00	               0.00	               0.00	               0.00	               0.00	               0.00	               0.00	               0.00	               0.00	               0.00	               0.00	        11581426.18	        11581426.18	               0.00	        11581426.18	               0.00	               0.00	               0.00	               0.00	               0.00	               0.00	               0.00	               0.00	               0.00	               0.00	               0.00	               0.00	               0.00	               0.00	               0.00	               0.00	               0.00	               0.00	               0.00	               0.00	               0.00	               0.00	               0.00	               0.00	               0.00	               0.00	               0.00	               0.00	               0.00	               0.00	               0.00	               0.00	               0.00	               0.00	               0.00	               0.00	        11581426.18	        11581426.18	               0.00	        11581426.18	               0.00
*   WBS NL-N-TS2-002-04-03-11      GENERATOR STATOR END	         6826717.25	         6826717.25	               0.00	         6826717.25	               0.00	         6826717.25	         6826717.25	               0.00	         6826717.25	               0.00	               0.00	               0.00	               0.00	               0.00	               0.00	               0.00	               0.00	               0.00	               0.00	               0.00	               0.00	               0.00	               0.00	               0.00	               0.00	               0.00	               0.00	               0.00	               0.00	               0.00	               0.00	               0.00	               0.00	               0.00	               0.00	               0.00	               0.00	               0.00	               0.00	               0.00	               0.00	               0.00	               0.00	               0.00	               0.00	               0.00	               0.00	               0.00	               0.00	               0.00	               0.00	               0.00	               0.00	               0.00	               0.00	               0.00	               0.00	               0.00	               0.00	               0.00	         6826717.25	         6826717.25	               0.00	         6826717.25	               0.00
*   WBS NL-N-TS2-002-04-03-12      OIP 400 KV Bushing -	         4311174.55	         4311174.55	               0.00	         4311174.55	               0.00	               0.00	               0.00	               0.00	               0.00	               0.00	               0.00	               0.00	               0.00	               0.00	               0.00	               0.00	               0.00	               0.00	               0.00	               0.00	         4311174.55	         4311174.55	               0.00	         4311174.55	               0.00	               0.00	               0.00	               0.00	               0.00	               0.00	               0.00	               0.00	               0.00	               0.00	               0.00	               0.00	               0.00	               0.00	               0.00	               0.00	               0.00	               0.00	               0.00	               0.00	               0.00	               0.00	               0.00	               0.00	               0.00	               0.00	               0.00	               0.00	               0.00	               0.00	               0.00	               0.00	               0.00	               0.00	               0.00	               0.00	         4311174.55	         4311174.55	               0.00	         4311174.55	               0.00
*   WBS NL-N-TS2-002-04-03-13      LVBushing for Stage-	         1947000.00	         1947000.00	               0.00	         1947000.00	               0.00	               0.00	               0.00	               0.00	               0.00	               0.00	               0.00	               0.00	               0.00	               0.00	               0.00	               0.00	               0.00	               0.00	               0.00	               0.00	         1947000.00	         1947000.00	               0.00	         1947000.00	               0.00	               0.00	               0.00	               0.00	               0.00	               0.00	               0.00	               0.00	               0.00	               0.00	               0.00	               0.00	               0.00	               0.00	               0.00	               0.00	               0.00	               0.00	               0.00	               0.00	               0.00	               0.00	               0.00	               0.00	               0.00	               0.00	               0.00	               0.00	               0.00	               0.00	               0.00	               0.00	               0.00	               0.00	               0.00	               0.00	         1947000.00	         1947000.00	               0.00	         1947000.00	               0.00
*   WBS NL-N-TS2-002-04-03-14      LV Bushing for Stage	          251233.80	          251233.80	               0.00	          251233.80	               0.00	               0.00	               0.00	               0.00	               0.00	               0.00	               0.00	               0.00	               0.00	               0.00	               0.00	               0.00	               0.00	               0.00	               0.00	               0.00	          251233.80	          251233.80	               0.00	          251233.80	               0.00	               0.00	               0.00	               0.00	               0.00	               0.00	               0.00	               0.00	               0.00	               0.00	               0.00	               0.00	               0.00	               0.00	               0.00	               0.00	               0.00	               0.00	               0.00	               0.00	               0.00	               0.00	               0.00	               0.00	               0.00	               0.00	               0.00	               0.00	               0.00	               0.00	               0.00	               0.00	               0.00	               0.00	               0.00	               0.00	          251233.80	          251233.80	               0.00	          251233.80	               0.00
*   WBS NL-N-TS2-002-04-03-15      LV Bushing for Stage	         2920500.00	         2920500.00	               0.00	         2920500.00	               0.00	               0.00	               0.00	               0.00	               0.00	               0.00	               0.00	               0.00	               0.00	               0.00	               0.00	               0.00	               0.00	               0.00	               0.00	               0.00	         2920500.00	         2920500.00	               0.00	         2920500.00	               0.00	               0.00	               0.00	               0.00	               0.00	               0.00	               0.00	               0.00	               0.00	               0.00	               0.00	               0.00	               0.00	               0.00	               0.00	               0.00	               0.00	               0.00	               0.00	               0.00	               0.00	               0.00	               0.00	               0.00	               0.00	               0.00	               0.00	               0.00	               0.00	               0.00	               0.00	               0.00	               0.00	               0.00	               0.00	               0.00	         2920500.00	         2920500.00	               0.00	         2920500.00	               0.00
*   WBS NL-N-TS2-002-04-03-16      LV Bushing for Stage	          502467.60	          502467.60	               0.00	          502467.60	               0.00	               0.00	               0.00	               0.00	               0.00	               0.00	               0.00	               0.00	               0.00	               0.00	               0.00	               0.00	               0.00	               0.00	               0.00	               0.00	          502467.60	          502467.60	               0.00	          502467.60	               0.00	               0.00	               0.00	               0.00	               0.00	               0.00	               0.00	               0.00	               0.00	               0.00	               0.00	               0.00	               0.00	               0.00	               0.00	               0.00	               0.00	               0.00	               0.00	               0.00	               0.00	               0.00	               0.00	               0.00	               0.00	               0.00	               0.00	               0.00	               0.00	               0.00	               0.00	               0.00	               0.00	               0.00	               0.00	               0.00	          502467.60	          502467.60	               0.00	          502467.60	               0.00
*   WBS NL-N-TS2-002-04-03-17      Oil Pump for stage-1	          389400.00	          389400.00	               0.00	          389400.00	               0.00	               0.00	               0.00	               0.00	               0.00	               0.00	               0.00	               0.00	               0.00	               0.00	               0.00	               0.00	               0.00	               0.00	               0.00	               0.00	          389400.00	          389400.00	               0.00	          389400.00	               0.00	               0.00	               0.00	               0.00	               0.00	               0.00	               0.00	               0.00	               0.00	               0.00	               0.00	               0.00	               0.00	               0.00	               0.00	               0.00	               0.00	               0.00	               0.00	               0.00	               0.00	               0.00	               0.00	               0.00	               0.00	               0.00	               0.00	               0.00	               0.00	               0.00	               0.00	               0.00	               0.00	               0.00	               0.00	               0.00	          389400.00	          389400.00	               0.00	          389400.00	               0.00
*   WBS NL-N-TS2-002-04-03-18      Oil Pump for stage-2	          389400.00	          389400.00	               0.00	          389400.00	               0.00	               0.00	               0.00	               0.00	               0.00	               0.00	               0.00	               0.00	               0.00	               0.00	               0.00	               0.00	               0.00	               0.00	               0.00	               0.00	          389400.00	          389400.00	               0.00	          389400.00	               0.00	               0.00	               0.00	               0.00	               0.00	               0.00	               0.00	               0.00	               0.00	               0.00	               0.00	               0.00	               0.00	               0.00	               0.00	               0.00	               0.00	               0.00	               0.00	               0.00	               0.00	               0.00	               0.00	               0.00	               0.00	               0.00	               0.00	               0.00	               0.00	               0.00	               0.00	               0.00	               0.00	               0.00	               0.00	               0.00	          389400.00	          389400.00	               0.00	          389400.00	               0.00
*   WBS NL-N-TS2-002-04-03-19      160 KVA LDB Transfor	         1402289.81	         1402289.81	               0.00	         1402289.81	               0.00	               0.00	               0.00	               0.00	               0.00	               0.00	         1402289.81	         1402289.81	               0.00	         1402289.81	               0.00	               0.00	               0.00	               0.00	               0.00	               0.00	               0.00	               0.00	               0.00	               0.00	               0.00	               0.00	               0.00	               0.00	               0.00	               0.00	               0.00	               0.00	               0.00	               0.00	               0.00	               0.00	               0.00	               0.00	               0.00	               0.00	               0.00	               0.00	               0.00	               0.00	               0.00	               0.00	               0.00	               0.00	               0.00	               0.00	               0.00	               0.00	               0.00	               0.00	               0.00	               0.00	               0.00	               0.00	               0.00	               0.00	         1402289.81	         1402289.81	               0.00	         1402289.81	               0.00
*   WBS NL-N-TS2-002-04-03-21      Retrofitting of Tadi	         2400000.00	         2400000.00	               0.00	         2400000.00	               0.00	               0.00	               0.00	               0.00	               0.00	               0.00	         2400000.00	         2400000.00	               0.00	         2400000.00	               0.00	               0.00	               0.00	               0.00	               0.00	               0.00	               0.00	               0.00	               0.00	               0.00	               0.00	               0.00	               0.00	               0.00	               0.00	               0.00	               0.00	               0.00	               0.00	               0.00	               0.00	               0.00	               0.00	               0.00	               0.00	               0.00	               0.00	               0.00	               0.00	               0.00	               0.00	               0.00	               0.00	               0.00	               0.00	               0.00	               0.00	               0.00	               0.00	               0.00	               0.00	               0.00	               0.00	               0.00	               0.00	               0.00	         2400000.00	         2400000.00	               0.00	         2400000.00	               0.00
*   WBS NL-N-TS2-002-04-03-22      Purchase of 12 KV,25	         3841472.82	         3841472.82	               0.00	         3841472.82	               0.00	               0.00	               0.00	               0.00	               0.00	               0.00	               0.00	               0.00	               0.00	               0.00	               0.00	         3841472.82	         3841472.82	               0.00	         3841472.82	               0.00	               0.00	               0.00	               0.00	               0.00	               0.00	               0.00	               0.00	               0.00	               0.00	               0.00	               0.00	               0.00	               0.00	               0.00	               0.00	               0.00	               0.00	               0.00	               0.00	               0.00	               0.00	               0.00	               0.00	               0.00	               0.00	               0.00	               0.00	               0.00	               0.00	               0.00	               0.00	               0.00	               0.00	               0.00	               0.00	               0.00	               0.00	               0.00	               0.00	               0.00	         3841472.82	         3841472.82	               0.00	         3841472.82	               0.00
*   WBS NL-N-TS2-002-04-03-23      Generator Seal Rings	         1517272.00	         1517272.00	               0.00	         1517272.00	               0.00	               0.00	               0.00	               0.00	               0.00	               0.00	         1517272.00	         1517272.00	               0.00	         1517272.00	               0.00	               0.00	               0.00	               0.00	               0.00	               0.00	               0.00	               0.00	               0.00	               0.00	               0.00	               0.00	               0.00	               0.00	               0.00	               0.00	               0.00	               0.00	               0.00	               0.00	               0.00	               0.00	               0.00	               0.00	               0.00	               0.00	               0.00	               0.00	               0.00	               0.00	               0.00	               0.00	               0.00	               0.00	               0.00	               0.00	               0.00	               0.00	               0.00	               0.00	               0.00	               0.00	               0.00	               0.00	               0.00	               0.00	         1517272.00	         1517272.00	               0.00	         1517272.00	               0.00
*   WBS NL-N-TS2-002-04-03-24      100KVA LTG Transform	          446040.03	          423738.00	           22302.03	          446040.03	               0.00	               0.00	               0.00	               0.00	               0.00	               0.00	          423738.00	          423738.00	               0.00	          423738.00	               0.00	               0.00	               0.00	               0.00	               0.00	               0.00	               0.00	               0.00	               0.00	               0.00	               0.00	               0.00	               0.00	               0.00	               0.00	               0.00	           22302.03	               0.00	           22302.03	           22302.03	               0.00	               0.00	               0.00	               0.00	               0.00	               0.00	               0.00	               0.00	               0.00	               0.00	               0.00	               0.00	               0.00	               0.00	               0.00	               0.00	               0.00	               0.00	               0.00	               0.00	               0.00	               0.00	               0.00	               0.00	               0.00	               0.00	          446040.03	          423738.00	           22302.03	          446040.03	               0.00
*   WBS NL-N-TS2-002-04-03-25      400KVA Bore Well Tra	          472000.03	          472000.00	               0.03	          472000.03	               0.00	               0.00	               0.00	               0.00	               0.00	               0.00	          472000.00	          472000.00	               0.00	          472000.00	               0.00	               0.00	               0.00	               0.00	               0.00	               0.00	               0.00	               0.00	               0.00	               0.00	               0.00	               0.00	               0.00	               0.00	               0.00	               0.00	               0.03	               0.00	               0.03	               0.03	               0.00	               0.00	               0.00	               0.00	               0.00	               0.00	               0.00	               0.00	               0.00	               0.00	               0.00	               0.00	               0.00	               0.00	               0.00	               0.00	               0.00	               0.00	               0.00	               0.00	               0.00	               0.00	               0.00	               0.00	               0.00	               0.00	          472000.03	          472000.00	               0.03	          472000.03	               0.00
*   WBS NL-N-TS2-002-04-03-26      Field over voltage c	          325385.00	          325385.00	               0.00	          325385.00	               0.00	               0.00	               0.00	               0.00	               0.00	               0.00	          325385.00	          325385.00	               0.00	          325385.00	               0.00	               0.00	               0.00	               0.00	               0.00	               0.00	               0.00	               0.00	               0.00	               0.00	               0.00	               0.00	               0.00	               0.00	               0.00	               0.00	               0.00	               0.00	               0.00	               0.00	               0.00	               0.00	               0.00	               0.00	               0.00	               0.00	               0.00	               0.00	               0.00	               0.00	               0.00	               0.00	               0.00	               0.00	               0.00	               0.00	               0.00	               0.00	               0.00	               0.00	               0.00	               0.00	               0.00	               0.00	               0.00	               0.00	          325385.00	          325385.00	               0.00	          325385.00	               0.00
*   WBS NL-N-TS2-002-04-03-27      Differential Pressur	         3581659.62	         3581659.62	               0.00	         3581659.62	               0.00	               0.00	               0.00	               0.00	               0.00	               0.00	         3581659.62	         3581659.62	               0.00	         3581659.62	               0.00	               0.00	               0.00	               0.00	               0.00	               0.00	               0.00	               0.00	               0.00	               0.00	               0.00	               0.00	               0.00	               0.00	               0.00	               0.00	               0.00	               0.00	               0.00	               0.00	               0.00	               0.00	               0.00	               0.00	               0.00	               0.00	               0.00	               0.00	               0.00	               0.00	               0.00	               0.00	               0.00	               0.00	               0.00	               0.00	               0.00	               0.00	               0.00	               0.00	               0.00	               0.00	               0.00	               0.00	               0.00	               0.00	         3581659.62	         3581659.62	               0.00	         3581659.62	               0.00
*   WBS NL-N-TS2-002-04-03-28      Radio Remote Control	          304463.60	          304463.60	               0.00	          304463.60	               0.00	          304463.60	          304463.60	               0.00	          304463.60	               0.00	               0.00	               0.00	               0.00	               0.00	               0.00	               0.00	               0.00	               0.00	               0.00	               0.00	               0.00	               0.00	               0.00	               0.00	               0.00	               0.00	               0.00	               0.00	               0.00	               0.00	               0.00	               0.00	               0.00	               0.00	               0.00	               0.00	               0.00	               0.00	               0.00	               0.00	               0.00	               0.00	               0.00	               0.00	               0.00	               0.00	               0.00	               0.00	               0.00	               0.00	               0.00	               0.00	               0.00	               0.00	               0.00	               0.00	               0.00	               0.00	               0.00	               0.00	          304463.60	          304463.60	               0.00	          304463.60	               0.00
*   WBS NL-N-TS2-002-04-03-29      Dielectric Coating a	         1688344.00	         1688344.00	               0.00	         1688344.00	               0.00	         1688344.00	         1688344.00	               0.00	         1688344.00	               0.00	               0.00	               0.00	               0.00	               0.00	               0.00	               0.00	               0.00	               0.00	               0.00	               0.00	               0.00	               0.00	               0.00	               0.00	               0.00	               0.00	               0.00	               0.00	               0.00	               0.00	               0.00	               0.00	               0.00	               0.00	               0.00	               0.00	               0.00	               0.00	               0.00	               0.00	               0.00	               0.00	               0.00	               0.00	               0.00	               0.00	               0.00	               0.00	               0.00	               0.00	               0.00	               0.00	               0.00	               0.00	               0.00	               0.00	               0.00	               0.00	               0.00	               0.00	         1688344.00	         1688344.00	               0.00	         1688344.00	               0.00
*   WBS NL-N-TS2-002-04-03-30      Carbon brush holder	         2041926.68	         2041926.68	               0.00	         2041926.68	               0.00	               0.00	               0.00	               0.00	               0.00	               0.00	         2041926.68	         2041926.68	               0.00	         2041926.68	               0.00	               0.00	               0.00	               0.00	               0.00	               0.00	               0.00	               0.00	               0.00	               0.00	               0.00	               0.00	               0.00	               0.00	               0.00	               0.00	               0.00	               0.00	               0.00	               0.00	               0.00	               0.00	               0.00	               0.00	               0.00	               0.00	               0.00	               0.00	               0.00	               0.00	               0.00	               0.00	               0.00	               0.00	               0.00	               0.00	               0.00	               0.00	               0.00	               0.00	               0.00	               0.00	               0.00	               0.00	               0.00	               0.00	         2041926.68	         2041926.68	               0.00	         2041926.68	               0.00
*   WBS NL-N-TS2-002-04-03-32      AC Drive suitable fo	         1716500.10	         1716500.10	               0.00	         1716500.10	               0.00	               0.00	               0.00	               0.00	               0.00	               0.00	         1716500.10	         1716500.10	               0.00	         1716500.10	               0.00	               0.00	               0.00	               0.00	               0.00	               0.00	               0.00	               0.00	               0.00	               0.00	               0.00	               0.00	               0.00	               0.00	               0.00	               0.00	               0.00	               0.00	               0.00	               0.00	               0.00	               0.00	               0.00	               0.00	               0.00	               0.00	               0.00	               0.00	               0.00	               0.00	               0.00	               0.00	               0.00	               0.00	               0.00	               0.00	               0.00	               0.00	               0.00	               0.00	               0.00	               0.00	               0.00	               0.00	               0.00	               0.00	         1716500.10	         1716500.10	               0.00	         1716500.10	               0.00
*   WBS NL-N-TS2-002-04-03-33      Erection & Commissio	          525100.00	          525100.00	               0.00	          525100.00	               0.00	          289100.00	          289100.00	               0.00	          289100.00	               0.00	          236000.00	          236000.00	               0.00	          236000.00	               0.00	               0.00	               0.00	               0.00	               0.00	               0.00	               0.00	               0.00	               0.00	               0.00	               0.00	               0.00	               0.00	               0.00	               0.00	               0.00	               0.00	               0.00	               0.00	               0.00	               0.00	               0.00	               0.00	               0.00	               0.00	               0.00	               0.00	               0.00	               0.00	               0.00	               0.00	               0.00	               0.00	               0.00	               0.00	               0.00	               0.00	               0.00	               0.00	               0.00	               0.00	               0.00	               0.00	               0.00	               0.00	               0.00	          525100.00	          525100.00	               0.00	          525100.00	               0.00
*   WBS NL-N-TS2-002-04-03-34      Complete Overhauling	          222548.00	          222548.00	               0.00	          222548.00	               0.00	          222548.00	          222548.00	               0.00	          222548.00	               0.00	               0.00	               0.00	               0.00	               0.00	               0.00	               0.00	               0.00	               0.00	               0.00	               0.00	               0.00	               0.00	               0.00	               0.00	               0.00	               0.00	               0.00	               0.00	               0.00	               0.00	               0.00	               0.00	               0.00	               0.00	               0.00	               0.00	               0.00	               0.00	               0.00	               0.00	               0.00	               0.00	               0.00	               0.00	               0.00	               0.00	               0.00	               0.00	               0.00	               0.00	               0.00	               0.00	               0.00	               0.00	               0.00	               0.00	               0.00	               0.00	               0.00	               0.00	          222548.00	          222548.00	               0.00	          222548.00	               0.00
*   WBS NL-N-TS2-002-04-03-36      Rectification of NGR	          283200.00	          283200.00	               0.00	          283200.00	               0.00	          283200.00	          283200.00	               0.00	          283200.00	               0.00	               0.00	               0.00	               0.00	               0.00	               0.00	               0.00	               0.00	               0.00	               0.00	               0.00	               0.00	               0.00	               0.00	               0.00	               0.00	               0.00	               0.00	               0.00	               0.00	               0.00	               0.00	               0.00	               0.00	               0.00	               0.00	               0.00	               0.00	               0.00	               0.00	               0.00	               0.00	               0.00	               0.00	               0.00	               0.00	               0.00	               0.00	               0.00	               0.00	               0.00	               0.00	               0.00	               0.00	               0.00	               0.00	               0.00	               0.00	               0.00	               0.00	               0.00	          283200.00	          283200.00	               0.00	          283200.00	               0.00
*   WBS NL-N-TS2-002-04-03-45      Generator Spares	          550980.00	          550980.00	               0.00	          550980.00	               0.00	          550980.00	          550980.00	               0.00	          550980.00	               0.00	               0.00	               0.00	               0.00	               0.00	               0.00	               0.00	               0.00	               0.00	               0.00	               0.00	               0.00	               0.00	               0.00	               0.00	               0.00	               0.00	               0.00	               0.00	               0.00	               0.00	               0.00	               0.00	               0.00	               0.00	               0.00	               0.00	               0.00	               0.00	               0.00	               0.00	               0.00	               0.00	               0.00	               0.00	               0.00	               0.00	               0.00	               0.00	               0.00	               0.00	               0.00	               0.00	               0.00	               0.00	               0.00	               0.00	               0.00	               0.00	               0.00	               0.00	          550980.00	          550980.00	               0.00	          550980.00	               0.00
*   WBS NL-N-TS2-002-04-03-51      Dry Type Indoor Exci	         8341426.72	         8341426.72	               0.00	         8341426.72	               0.00	               0.00	               0.00	               0.00	               0.00	               0.00	         6675738.72	         6675738.72	               0.00	         6675738.72	               0.00	         1665688.00	         1665688.00	               0.00	         1665688.00	               0.00	               0.00	               0.00	               0.00	               0.00	               0.00	               0.00	               0.00	               0.00	               0.00	               0.00	               0.00	               0.00	               0.00	               0.00	               0.00	               0.00	               0.00	               0.00	               0.00	               0.00	               0.00	               0.00	               0.00	               0.00	               0.00	               0.00	               0.00	               0.00	               0.00	               0.00	               0.00	               0.00	               0.00	               0.00	               0.00	               0.00	               0.00	               0.00	               0.00	               0.00	         8341426.72	         8341426.72	               0.00	         8341426.72	               0.00
*   WBS NL-N-TS2-002-04-03-52      Inter Connecting Tra	         2322594.03	         2322594.00	               0.03	         2322594.03	               0.00	               0.00	               0.00	               0.00	               0.00	               0.00	         1699200.00	         1699200.00	               0.00	         1699200.00	               0.00	          623394.00	          623394.00	               0.00	          623394.00	               0.00	               0.00	               0.00	               0.00	               0.00	               0.00	               0.00	               0.00	               0.00	               0.00	               0.00	               0.03	               0.00	               0.03	               0.03	               0.00	               0.00	               0.00	               0.00	               0.00	               0.00	               0.00	               0.00	               0.00	               0.00	               0.00	               0.00	               0.00	               0.00	               0.00	               0.00	               0.00	               0.00	               0.00	               0.00	               0.00	               0.00	               0.00	               0.00	               0.00	               0.00	         2322594.03	         2322594.00	               0.03	         2322594.03	               0.00
*   WBS NL-N-TS2-002-04-03-56      Main & Stuffing Bell	          631717.39	          631717.39	               0.00	          631717.39	               0.00	          631717.39	          631717.39	               0.00	          631717.39	               0.00	               0.00	               0.00	               0.00	               0.00	               0.00	               0.00	               0.00	               0.00	               0.00	               0.00	               0.00	               0.00	               0.00	               0.00	               0.00	               0.00	               0.00	               0.00	               0.00	               0.00	               0.00	               0.00	               0.00	               0.00	               0.00	               0.00	               0.00	               0.00	               0.00	               0.00	               0.00	               0.00	               0.00	               0.00	               0.00	               0.00	               0.00	               0.00	               0.00	               0.00	               0.00	               0.00	               0.00	               0.00	               0.00	               0.00	               0.00	               0.00	               0.00	               0.00	          631717.39	          631717.39	               0.00	          631717.39	               0.00
*   WBS NL-N-TS2-002-04-03-57      Split AC 2 Ton Capac	         1024960.00	         1024960.00	               0.00	         1024960.00	               0.00	               0.00	               0.00	               0.00	               0.00	               0.00	         1024960.00	         1024960.00	               0.00	         1024960.00	               0.00	               0.00	               0.00	               0.00	               0.00	               0.00	               0.00	               0.00	               0.00	               0.00	               0.00	               0.00	               0.00	               0.00	               0.00	               0.00	               0.00	               0.00	               0.00	               0.00	               0.00	               0.00	               0.00	               0.00	               0.00	               0.00	               0.00	               0.00	               0.00	               0.00	               0.00	               0.00	               0.00	               0.00	               0.00	               0.00	               0.00	               0.00	               0.00	               0.00	               0.00	               0.00	               0.00	               0.00	               0.00	               0.00	         1024960.00	         1024960.00	               0.00	         1024960.00	               0.00
*   WBS NL-N-TS2-002-04-03-58      Rejuvenation of ESP	          552239.98	          552239.68	               0.30	          552239.98	               0.00	               0.00	               0.00	               0.00	               0.00	               0.00	          552239.68	          552239.68	               0.00	          552239.68	               0.00	               0.00	               0.00	               0.00	               0.00	               0.00	               0.00	               0.00	               0.00	               0.00	               0.00	               0.00	               0.00	               0.00	               0.00	               0.00	               0.30	               0.00	               0.30	               0.30	               0.00	               0.00	               0.00	               0.00	               0.00	               0.00	               0.00	               0.00	               0.00	               0.00	               0.00	               0.00	               0.00	               0.00	               0.00	               0.00	               0.00	               0.00	               0.00	               0.00	               0.00	               0.00	               0.00	               0.00	               0.00	               0.00	          552239.98	          552239.68	               0.30	          552239.98	               0.00
*   WBS NL-N-TS2-002-04-03-59      Refregirant H2 Gas D	         2468559.99	         2468559.99	               0.00	         2468559.99	               0.00	               0.00	               0.00	               0.00	               0.00	               0.00	               0.00	               0.00	               0.00	               0.00	               0.00	         2057133.00	         2057133.00	               0.00	         2057133.00	               0.00	               0.00	               0.00	               0.00	               0.00	               0.00	          411426.99	          411426.99	               0.00	          411426.99	               0.00	               0.00	               0.00	               0.00	               0.00	               0.00	               0.00	               0.00	               0.00	               0.00	               0.00	               0.00	               0.00	               0.00	               0.00	               0.00	               0.00	               0.00	               0.00	               0.00	               0.00	               0.00	               0.00	               0.00	               0.00	               0.00	               0.00	               0.00	               0.00	               0.00	               0.00	         2468559.99	         2468559.99	               0.00	         2468559.99	               0.00
*   WBS NL-N-TS2-002-04-03-60      Vacuum Cleaner for H	           18336.10	           18336.10	               0.00	           18336.10	               0.00	               0.00	               0.00	               0.00	               0.00	               0.00	           18336.10	           18336.10	               0.00	           18336.10	               0.00	               0.00	               0.00	               0.00	               0.00	               0.00	               0.00	               0.00	               0.00	               0.00	               0.00	               0.00	               0.00	               0.00	               0.00	               0.00	               0.00	               0.00	               0.00	               0.00	               0.00	               0.00	               0.00	               0.00	               0.00	               0.00	               0.00	               0.00	               0.00	               0.00	               0.00	               0.00	               0.00	               0.00	               0.00	               0.00	               0.00	               0.00	               0.00	               0.00	               0.00	               0.00	               0.00	               0.00	               0.00	               0.00	           18336.10	           18336.10	               0.00	           18336.10	               0.00
*   WBS NL-N-TS2-002-04-03-61      REFREGIRANT TYPE H2G	         2095500.00	         2095500.00	               0.00	         2095500.00	               0.00	               0.00	               0.00	               0.00	               0.00	               0.00	               0.00	               0.00	               0.00	               0.00	               0.00	         1676400.00	         1676400.00	               0.00	         1676400.00	               0.00	          419100.00	          419100.00	               0.00	          419100.00	               0.00	               0.00	               0.00	               0.00	               0.00	               0.00	               0.00	               0.00	               0.00	               0.00	               0.00	               0.00	               0.00	               0.00	               0.00	               0.00	               0.00	               0.00	               0.00	               0.00	               0.00	               0.00	               0.00	               0.00	               0.00	               0.00	               0.00	               0.00	               0.00	               0.00	               0.00	               0.00	               0.00	               0.00	               0.00	               0.00	         2095500.00	         2095500.00	               0.00	         2095500.00	               0.00
*   WBS NL-N-TS2-002-04-03-62      refurishment of Roto	       113312609.33	       110070559.30	         3242050.03	       113312609.33	               0.00	               0.00	               0.00	               0.00	               0.00	               0.00	               0.00	               0.00	               0.00	               0.00	               0.00	               0.00	               0.00	               0.00	               0.00	               0.00	       110070559.30	       110070559.30	               0.00	       110070559.30	               0.00	               0.00	               0.00	               0.00	               0.00	               0.00	         3242050.03	               0.00	         3242050.03	         3242050.03	               0.00	               0.00	               0.00	               0.00	               0.00	               0.00	               0.00	               0.00	               0.00	               0.00	               0.00	               0.00	               0.00	               0.00	               0.00	               0.00	               0.00	               0.00	               0.00	               0.00	               0.00	               0.00	               0.00	               0.00	               0.00	               0.00	       113312609.33	       110070559.30	         3242050.03	       113312609.33	               0.00
*   WBS NL-N-TS2-002-04-03-63      Rectification of Uni	        25075000.00	        25075000.00	               0.00	        25075000.00	               0.00	               0.00	               0.00	               0.00	               0.00	               0.00	        25075000.00	        25075000.00	               0.00	        25075000.00	               0.00	               0.00	               0.00	               0.00	               0.00	               0.00	               0.00	               0.00	               0.00	               0.00	               0.00	               0.00	               0.00	               0.00	               0.00	               0.00	               0.00	               0.00	               0.00	               0.00	               0.00	               0.00	               0.00	               0.00	               0.00	               0.00	               0.00	               0.00	               0.00	               0.00	               0.00	               0.00	               0.00	               0.00	               0.00	               0.00	               0.00	               0.00	               0.00	               0.00	               0.00	               0.00	               0.00	               0.00	               0.00	               0.00	        25075000.00	        25075000.00	               0.00	        25075000.00	               0.00
*   WBS NL-N-TS2-002-04-03-64      digital Tachometer f	           51174.01	           51174.01	               0.00	           51174.01	               0.00	               0.00	               0.00	               0.00	               0.00	               0.00	           51174.01	           51174.01	               0.00	           51174.01	               0.00	               0.00	               0.00	               0.00	               0.00	               0.00	               0.00	               0.00	               0.00	               0.00	               0.00	               0.00	               0.00	               0.00	               0.00	               0.00	               0.00	               0.00	               0.00	               0.00	               0.00	               0.00	               0.00	               0.00	               0.00	               0.00	               0.00	               0.00	               0.00	               0.00	               0.00	               0.00	               0.00	               0.00	               0.00	               0.00	               0.00	               0.00	               0.00	               0.00	               0.00	               0.00	               0.00	               0.00	               0.00	               0.00	           51174.01	           51174.01	               0.00	           51174.01	               0.00
*   WBS NL-N-TS2-002-04-03-65      Top panel mount cool	         2200500.00	         2200500.00	               0.00	         2200500.00	               0.00	               0.00	               0.00	               0.00	               0.00	               0.00	         2200500.00	         2200500.00	               0.00	         2200500.00	               0.00	               0.00	               0.00	               0.00	               0.00	               0.00	               0.00	               0.00	               0.00	               0.00	               0.00	               0.00	               0.00	               0.00	               0.00	               0.00	               0.00	               0.00	               0.00	               0.00	               0.00	               0.00	               0.00	               0.00	               0.00	               0.00	               0.00	               0.00	               0.00	               0.00	               0.00	               0.00	               0.00	               0.00	               0.00	               0.00	               0.00	               0.00	               0.00	               0.00	               0.00	               0.00	               0.00	               0.00	               0.00	               0.00	         2200500.00	         2200500.00	               0.00	         2200500.00	               0.00
*   WBS NL-N-TS2-002-04-03-66      11/0.433kv transform	          584640.03	          501500.00	           83140.03	          584640.03	               0.00	               0.00	               0.00	               0.00	               0.00	               0.00	          501500.00	          501500.00	               0.00	          501500.00	               0.00	               0.00	               0.00	               0.00	               0.00	               0.00	               0.00	               0.00	               0.00	               0.00	               0.00	               0.00	               0.00	               0.00	               0.00	               0.00	           83140.03	               0.00	           83140.03	           83140.03	               0.00	               0.00	               0.00	               0.00	               0.00	               0.00	               0.00	               0.00	               0.00	               0.00	               0.00	               0.00	               0.00	               0.00	               0.00	               0.00	               0.00	               0.00	               0.00	               0.00	               0.00	               0.00	               0.00	               0.00	               0.00	               0.00	          584640.03	          501500.00	           83140.03	          584640.03	               0.00
*   WBS NL-N-TS2-002-04-03-67      Seal oil pump for st	         1337576.56	         1337576.56	               0.00	         1337576.56	               0.00	               0.00	               0.00	               0.00	               0.00	               0.00	               0.00	               0.00	               0.00	               0.00	               0.00	         1337576.56	         1337576.56	               0.00	         1337576.56	               0.00	               0.00	               0.00	               0.00	               0.00	               0.00	               0.00	               0.00	               0.00	               0.00	               0.00	               0.00	               0.00	               0.00	               0.00	               0.00	               0.00	               0.00	               0.00	               0.00	               0.00	               0.00	               0.00	               0.00	               0.00	               0.00	               0.00	               0.00	               0.00	               0.00	               0.00	               0.00	               0.00	               0.00	               0.00	               0.00	               0.00	               0.00	               0.00	               0.00	               0.00	         1337576.56	         1337576.56	               0.00	         1337576.56	               0.00
*   WBS NL-N-TS2-002-04-03-68      tranformer movement	         3223763.56	         2379429.56	          844334.00	         3223763.56	               0.00	               0.00	               0.00	               0.00	               0.00	               0.00	         2379429.56	         2379429.56	               0.00	         2379429.56	               0.00	               0.00	               0.00	               0.00	               0.00	               0.00	               0.00	               0.00	               0.00	               0.00	               0.00	               0.00	               0.00	               0.00	               0.00	               0.00	          844334.00	               0.00	          844334.00	          844334.00	               0.00	               0.00	               0.00	               0.00	               0.00	               0.00	               0.00	               0.00	               0.00	               0.00	               0.00	               0.00	               0.00	               0.00	               0.00	               0.00	               0.00	               0.00	               0.00	               0.00	               0.00	               0.00	               0.00	               0.00	               0.00	               0.00	         3223763.56	         2379429.56	          844334.00	         3223763.56	               0.00
*   WBS NL-N-TS2-002-04-03-69      Arresting oil leaks	          323480.03	          231280.00	           92200.03	          323480.03	               0.00	               0.00	               0.00	               0.00	               0.00	               0.00	          231280.00	          231280.00	               0.00	          231280.00	               0.00	               0.00	               0.00	               0.00	               0.00	               0.00	               0.00	               0.00	               0.00	               0.00	               0.00	               0.00	               0.00	               0.00	               0.00	               0.00	           92200.03	               0.00	           92200.03	           92200.03	               0.00	               0.00	               0.00	               0.00	               0.00	               0.00	               0.00	               0.00	               0.00	               0.00	               0.00	               0.00	               0.00	               0.00	               0.00	               0.00	               0.00	               0.00	               0.00	               0.00	               0.00	               0.00	               0.00	               0.00	               0.00	               0.00	          323480.03	          231280.00	           92200.03	          323480.03	               0.00
*   WBS NL-N-TS2-002-04-03-70      3X240 sqmm XLPE cabl	         6101753.79	         6101753.79	               0.00	         6101753.79	               0.00	               0.00	               0.00	               0.00	               0.00	               0.00	               0.00	               0.00	               0.00	               0.00	               0.00	         6101753.79	         6101753.79	               0.00	         6101753.79	               0.00	               0.00	               0.00	               0.00	               0.00	               0.00	               0.00	               0.00	               0.00	               0.00	               0.00	               0.00	               0.00	               0.00	               0.00	               0.00	               0.00	               0.00	               0.00	               0.00	               0.00	               0.00	               0.00	               0.00	               0.00	               0.00	               0.00	               0.00	               0.00	               0.00	               0.00	               0.00	               0.00	               0.00	               0.00	               0.00	               0.00	               0.00	               0.00	               0.00	               0.00	         6101753.79	         6101753.79	               0.00	         6101753.79	               0.00
*   WBS NL-N-TS2-002-04-03-71      Purchase of 420 KV O	         5748960.00	               0.00	         5748960.00	         5748960.00	               0.00	               0.00	               0.00	               0.00	               0.00	               0.00	               0.00	               0.00	               0.00	               0.00	               0.00	               0.00	               0.00	               0.00	               0.00	               0.00	               0.00	               0.00	               0.00	               0.00	               0.00	               0.00	               0.00	               0.00	               0.00	               0.00	         5748960.00	               0.00	         5748960.00	         5748960.00	               0.00	               0.00	               0.00	               0.00	               0.00	               0.00	               0.00	               0.00	               0.00	               0.00	               0.00	               0.00	               0.00	               0.00	               0.00	               0.00	               0.00	               0.00	               0.00	               0.00	               0.00	               0.00	               0.00	               0.00	               0.00	               0.00	         5748960.00	               0.00	         5748960.00	         5748960.00	               0.00
*   WBS NL-N-TS2-002-04-03-72      Overhauling work of	         4029700.01	         3109300.00	          920400.01	         4029700.01	               0.00	               0.00	               0.00	               0.00	               0.00	               0.00	         1162300.00	         1162300.00	               0.00	         1162300.00	               0.00	         1947000.00	         1947000.00	               0.00	         1947000.00	               0.00	               0.00	               0.00	               0.00	               0.00	               0.00	               0.00	               0.00	               0.00	               0.00	               0.00	          920400.01	               0.00	          920400.01	          920400.01	               0.00	               0.00	               0.00	               0.00	               0.00	               0.00	               0.00	               0.00	               0.00	               0.00	               0.00	               0.00	               0.00	               0.00	               0.00	               0.00	               0.00	               0.00	               0.00	               0.00	               0.00	               0.00	               0.00	               0.00	               0.00	               0.00	         4029700.01	         3109300.00	          920400.01	         4029700.01	               0.00
*   WBS NL-N-TS2-002-04-03-73      DCS 800 converter FO	         1911600.00	         1911600.00	               0.00	         1911600.00	               0.00	               0.00	               0.00	               0.00	               0.00	               0.00	         1911600.00	         1911600.00	               0.00	         1911600.00	               0.00	               0.00	               0.00	               0.00	               0.00	               0.00	               0.00	               0.00	               0.00	               0.00	               0.00	               0.00	               0.00	               0.00	               0.00	               0.00	               0.00	               0.00	               0.00	               0.00	               0.00	               0.00	               0.00	               0.00	               0.00	               0.00	               0.00	               0.00	               0.00	               0.00	               0.00	               0.00	               0.00	               0.00	               0.00	               0.00	               0.00	               0.00	               0.00	               0.00	               0.00	               0.00	               0.00	               0.00	               0.00	               0.00	         1911600.00	         1911600.00	               0.00	         1911600.00	               0.00
*   WBS NL-N-TS2-002-04-03-74      Purchase of 2 T batt	          505000.00	          505000.00	               0.00	          505000.00	               0.00	               0.00	               0.00	               0.00	               0.00	               0.00	               0.00	               0.00	               0.00	               0.00	               0.00	               0.00	               0.00	               0.00	               0.00	               0.00	          505000.00	          505000.00	               0.00	          505000.00	               0.00	               0.00	               0.00	               0.00	               0.00	               0.00	               0.00	               0.00	               0.00	               0.00	               0.00	               0.00	               0.00	               0.00	               0.00	               0.00	               0.00	               0.00	               0.00	               0.00	               0.00	               0.00	               0.00	               0.00	               0.00	               0.00	               0.00	               0.00	               0.00	               0.00	               0.00	               0.00	               0.00	               0.00	               0.00	               0.00	          505000.00	          505000.00	               0.00	          505000.00	               0.00
*   WBS NL-N-TS2-002-04-03-75      Replacement of 2650	         1633545.02	         1563795.00	           69750.02	         1633545.02	               0.00	               0.00	               0.00	               0.00	               0.00	               0.00	               0.00	               0.00	               0.00	               0.00	               0.00	         1563795.00	         1563795.00	               0.00	         1563795.00	               0.00	               0.00	               0.00	               0.00	               0.00	               0.00	               0.00	               0.00	               0.00	               0.00	               0.00	           69750.02	               0.00	           69750.02	           69750.02	               0.00	               0.00	               0.00	               0.00	               0.00	               0.00	               0.00	               0.00	               0.00	               0.00	               0.00	               0.00	               0.00	               0.00	               0.00	               0.00	               0.00	               0.00	               0.00	               0.00	               0.00	               0.00	               0.00	               0.00	               0.00	               0.00	         1633545.02	         1563795.00	           69750.02	         1633545.02	               0.00
*   WBS NL-N-TS2-002-04-03-76      Transformer Oil IS33	               0.00	               0.00	               0.00	               0.00	               0.00	               0.00	               0.00	               0.00	               0.00	               0.00	               0.00	               0.00	               0.00	               0.00	               0.00	               0.00	               0.00	               0.00	               0.00	               0.00	               0.00	               0.00	               0.00	               0.00	               0.00	               0.00	               0.00	               0.00	               0.00	               0.00	               0.00	               0.00	               0.00	               0.00	               0.00	               0.00	               0.00	               0.00	               0.00	               0.00	               0.00	               0.00	               0.00	               0.00	               0.00	               0.00	               0.00	               0.00	               0.00	               0.00	               0.00	               0.00	               0.00	               0.00	               0.00	               0.00	               0.00	               0.00	               0.00	               0.00	               0.00	               0.00	               0.00	               0.00	               0.00
*   WBS NL-N-TS2-002-04-03-77      Stator water centrif	          586090.00	          586090.00	               0.00	          586090.00	               0.00	               0.00	               0.00	               0.00	               0.00	               0.00	               0.00	               0.00	               0.00	               0.00	               0.00	               0.00	               0.00	               0.00	               0.00	               0.00	               0.00	               0.00	               0.00	               0.00	               0.00	          586090.00	          586090.00	               0.00	          586090.00	               0.00	               0.00	               0.00	               0.00	               0.00	               0.00	               0.00	               0.00	               0.00	               0.00	               0.00	               0.00	               0.00	               0.00	               0.00	               0.00	               0.00	               0.00	               0.00	               0.00	               0.00	               0.00	               0.00	               0.00	               0.00	               0.00	               0.00	               0.00	               0.00	               0.00	               0.00	          586090.00	          586090.00	               0.00	          586090.00	               0.00
*   WBS NL-N-TS2-002-04-03-78      ST-Repair & RC of 3.	         6941940.03	         6941940.00	               0.03	         6941940.03	               0.00	               0.00	               0.00	               0.00	               0.00	               0.00	               0.00	               0.00	               0.00	               0.00	               0.00	         6941940.00	         6941940.00	               0.00	         6941940.00	               0.00	               0.00	               0.00	               0.00	               0.00	               0.00	               0.00	               0.00	               0.00	               0.00	               0.00	               0.03	               0.00	               0.03	               0.03	               0.00	               0.00	               0.00	               0.00	               0.00	               0.00	               0.00	               0.00	               0.00	               0.00	               0.00	               0.00	               0.00	               0.00	               0.00	               0.00	               0.00	               0.00	               0.00	               0.00	               0.00	               0.00	               0.00	               0.00	               0.00	               0.00	         6941940.03	         6941940.00	               0.03	         6941940.03	               0.00
*   WBS NL-N-TS2-002-04-03-79      Purchase of St-I Dig	         1803653.60	         1803653.60	               0.00	         1803653.60	               0.00	               0.00	               0.00	               0.00	               0.00	               0.00	               0.00	               0.00	               0.00	               0.00	               0.00	          396975.60	          396975.60	               0.00	          396975.60	               0.00	         1406678.00	         1406678.00	               0.00	         1406678.00	               0.00	               0.00	               0.00	               0.00	               0.00	               0.00	               0.00	               0.00	               0.00	               0.00	               0.00	               0.00	               0.00	               0.00	               0.00	               0.00	               0.00	               0.00	               0.00	               0.00	               0.00	               0.00	               0.00	               0.00	               0.00	               0.00	               0.00	               0.00	               0.00	               0.00	               0.00	               0.00	               0.00	               0.00	               0.00	               0.00	         1803653.60	         1803653.60	               0.00	         1803653.60	               0.00
*   WBS NL-N-TS2-002-04-03-80      Seal rings Tubine&Ex	         6194187.78	         6194187.78	               0.00	         6194187.78	               0.00	               0.00	               0.00	               0.00	               0.00	               0.00	               0.00	               0.00	               0.00	               0.00	               0.00	               0.00	               0.00	               0.00	               0.00	               0.00	         6194187.78	         6194187.78	               0.00	         6194187.78	               0.00	               0.00	               0.00	               0.00	               0.00	               0.00	               0.00	               0.00	               0.00	               0.00	               0.00	               0.00	               0.00	               0.00	               0.00	               0.00	               0.00	               0.00	               0.00	               0.00	               0.00	               0.00	               0.00	               0.00	               0.00	               0.00	               0.00	               0.00	               0.00	               0.00	               0.00	               0.00	               0.00	               0.00	               0.00	               0.00	         6194187.78	         6194187.78	               0.00	         6194187.78	               0.00
*   WBS NL-N-TS2-002-04-03-81      Megger make Coulomet	         1714950.50	         1714950.50	               0.00	         1714950.50	               0.00	               0.00	               0.00	               0.00	               0.00	               0.00	               0.00	               0.00	               0.00	               0.00	               0.00	               0.00	               0.00	               0.00	               0.00	               0.00	         1714950.50	         1714950.50	               0.00	         1714950.50	               0.00	               0.00	               0.00	               0.00	               0.00	               0.00	               0.00	               0.00	               0.00	               0.00	               0.00	               0.00	               0.00	               0.00	               0.00	               0.00	               0.00	               0.00	               0.00	               0.00	               0.00	               0.00	               0.00	               0.00	               0.00	               0.00	               0.00	               0.00	               0.00	               0.00	               0.00	               0.00	               0.00	               0.00	               0.00	               0.00	         1714950.50	         1714950.50	               0.00	         1714950.50	               0.00
*   WBS NL-N-TS2-002-04-03-83      MURR make power supp	          307941.06	          307941.06	               0.00	          307941.06	               0.00	               0.00	               0.00	               0.00	               0.00	               0.00	               0.00	               0.00	               0.00	               0.00	               0.00	          307941.06	          307941.06	               0.00	          307941.06	               0.00	               0.00	               0.00	               0.00	               0.00	               0.00	               0.00	               0.00	               0.00	               0.00	               0.00	               0.00	               0.00	               0.00	               0.00	               0.00	               0.00	               0.00	               0.00	               0.00	               0.00	               0.00	               0.00	               0.00	               0.00	               0.00	               0.00	               0.00	               0.00	               0.00	               0.00	               0.00	               0.00	               0.00	               0.00	               0.00	               0.00	               0.00	               0.00	               0.00	               0.00	          307941.06	          307941.06	               0.00	          307941.06	               0.00
*   WBS NL-N-TS2-002-04-03-84      Generator Stator Win	        17006868.00	        17006868.00	               0.00	        17006868.00	               0.00	               0.00	               0.00	               0.00	               0.00	               0.00	               0.00	               0.00	               0.00	               0.00	               0.00	               0.00	               0.00	               0.00	               0.00	               0.00	        17006868.00	        17006868.00	               0.00	        17006868.00	               0.00	               0.00	               0.00	               0.00	               0.00	               0.00	               0.00	               0.00	               0.00	               0.00	               0.00	               0.00	               0.00	               0.00	               0.00	               0.00	               0.00	               0.00	               0.00	               0.00	               0.00	               0.00	               0.00	               0.00	               0.00	               0.00	               0.00	               0.00	               0.00	               0.00	               0.00	               0.00	               0.00	               0.00	               0.00	               0.00	        17006868.00	        17006868.00	               0.00	        17006868.00	               0.00
*   WBS NL-N-TS2-002-04-03-85      Rotor Fan blades for	        29557734.47	        29557734.47	               0.00	        29557734.47	               0.00	               0.00	               0.00	               0.00	               0.00	               0.00	               0.00	               0.00	               0.00	               0.00	               0.00	        29557734.47	        29557734.47	               0.00	        29557734.47	               0.00	               0.00	               0.00	               0.00	               0.00	               0.00	               0.00	               0.00	               0.00	               0.00	               0.00	               0.00	               0.00	               0.00	               0.00	               0.00	               0.00	               0.00	               0.00	               0.00	               0.00	               0.00	               0.00	               0.00	               0.00	               0.00	               0.00	               0.00	               0.00	               0.00	               0.00	               0.00	               0.00	               0.00	               0.00	               0.00	               0.00	               0.00	               0.00	               0.00	               0.00	        29557734.47	        29557734.47	               0.00	        29557734.47	               0.00
*   WBS NL-N-TS2-002-04-03-86      Proc of Submersible	          204299.99	          204299.99	               0.00	          204299.99	               0.00	               0.00	               0.00	               0.00	               0.00	               0.00	               0.00	               0.00	               0.00	               0.00	               0.00	          204299.99	          204299.99	               0.00	          204299.99	               0.00	               0.00	               0.00	               0.00	               0.00	               0.00	               0.00	               0.00	               0.00	               0.00	               0.00	               0.00	               0.00	               0.00	               0.00	               0.00	               0.00	               0.00	               0.00	               0.00	               0.00	               0.00	               0.00	               0.00	               0.00	               0.00	               0.00	               0.00	               0.00	               0.00	               0.00	               0.00	               0.00	               0.00	               0.00	               0.00	               0.00	               0.00	               0.00	               0.00	               0.00	          204299.99	          204299.99	               0.00	          204299.99	               0.00
*   WBS NL-N-TS2-002-04-03-87      Purchase of Mill Mot	        22978497.00	               0.00	        22978497.00	        22978497.00	               0.00	               0.00	               0.00	               0.00	               0.00	               0.00	               0.00	               0.00	               0.00	               0.00	               0.00	               0.00	               0.00	               0.00	               0.00	               0.00	               0.00	               0.00	               0.00	               0.00	               0.00	               0.00	               0.00	               0.00	               0.00	               0.00	        22978497.00	               0.00	        22978497.00	        22978497.00	               0.00	               0.00	               0.00	               0.00	               0.00	               0.00	               0.00	               0.00	               0.00	               0.00	               0.00	               0.00	               0.00	               0.00	               0.00	               0.00	               0.00	               0.00	               0.00	               0.00	               0.00	               0.00	               0.00	               0.00	               0.00	               0.00	        22978497.00	               0.00	        22978497.00	        22978497.00	               0.00
*   WBS NL-N-TS2-002-04-03-88      Retrofitting of Publ	         2117876.83	         1851062.46	          266814.37	         2117876.83	               0.00	               0.00	               0.00	               0.00	               0.00	               0.00	               0.00	               0.00	               0.00	               0.00	               0.00	               0.00	               0.00	               0.00	               0.00	               0.00	               0.00	               0.00	               0.00	               0.00	               0.00	         1851062.46	         1851062.46	               0.00	         1851062.46	               0.00	          266814.37	               0.00	          266814.37	          266814.37	               0.00	               0.00	               0.00	               0.00	               0.00	               0.00	               0.00	               0.00	               0.00	               0.00	               0.00	               0.00	               0.00	               0.00	               0.00	               0.00	               0.00	               0.00	               0.00	               0.00	               0.00	               0.00	               0.00	               0.00	               0.00	               0.00	         2117876.83	         1851062.46	          266814.37	         2117876.83	               0.00
*   WBS NL-N-TS2-002-04-03-90      Refurbishment of sea	         1056000.01	               0.00	         1056000.01	         1056000.01	               0.00	               0.00	               0.00	               0.00	               0.00	               0.00	               0.00	               0.00	               0.00	               0.00	               0.00	               0.00	               0.00	               0.00	               0.00	               0.00	               0.00	               0.00	               0.00	               0.00	               0.00	               0.00	               0.00	               0.00	               0.00	               0.00	         1056000.01	               0.00	         1056000.01	         1056000.01	               0.00	               0.00	               0.00	               0.00	               0.00	               0.00	               0.00	               0.00	               0.00	               0.00	               0.00	               0.00	               0.00	               0.00	               0.00	               0.00	               0.00	               0.00	               0.00	               0.00	               0.00	               0.00	               0.00	               0.00	               0.00	               0.00	         1056000.01	               0.00	         1056000.01	         1056000.01	               0.00
*   WBS NL-N-TS2-002-04-03-91      SCISSOR LIFT	          910000.00	          910000.00	               0.00	          910000.00	               0.00	               0.00	               0.00	               0.00	               0.00	               0.00	               0.00	               0.00	               0.00	               0.00	               0.00	               0.00	               0.00	               0.00	               0.00	               0.00	               0.00	               0.00	               0.00	               0.00	               0.00	          910000.00	          910000.00	               0.00	          910000.00	               0.00	               0.00	               0.00	               0.00	               0.00	               0.00	               0.00	               0.00	               0.00	               0.00	               0.00	               0.00	               0.00	               0.00	               0.00	               0.00	               0.00	               0.00	               0.00	               0.00	               0.00	               0.00	               0.00	               0.00	               0.00	               0.00	               0.00	               0.00	               0.00	               0.00	               0.00	          910000.00	          910000.00	               0.00	          910000.00	               0.00
*   WBS NL-N-TS2-002-04-03-92      ST work repair and r	         1419800.03	          687940.00	          420340.03	         1108280.03	          311520.00	               0.00	               0.00	               0.00	               0.00	               0.00	               0.00	               0.00	               0.00	               0.00	               0.00	          791780.00	          791780.00	               0.00	          791780.00	               0.00	               0.00	         -103840.00	               0.00	         -103840.00	          103840.00	               0.00	               0.00	               0.00	               0.00	               0.00	          524180.03	               0.00	          420340.03	          420340.03	          103840.00	               0.00	               0.00	               0.00	               0.00	               0.00	               0.00	               0.00	               0.00	               0.00	               0.00	               0.00	               0.00	               0.00	               0.00	               0.00	               0.00	               0.00	               0.00	               0.00	               0.00	               0.00	               0.00	               0.00	               0.00	               0.00	         1315960.03	          687940.00	          420340.03	         1108280.03	          207680.00
*   WBS NL-N-TS2-002-04-03-93      Electrolytic Cells i	         3630510.04	         3590720.53	           39789.51	         3630510.04	               0.00	               0.00	               0.00	               0.00	               0.00	               0.00	               0.00	               0.00	               0.00	               0.00	               0.00	         3590720.53	         3590720.53	               0.00	         3590720.53	               0.00	               0.00	               0.00	               0.00	               0.00	               0.00	               0.00	               0.00	               0.00	               0.00	               0.00	           39789.51	               0.00	           39789.51	           39789.51	               0.00	               0.00	               0.00	               0.00	               0.00	               0.00	               0.00	               0.00	               0.00	               0.00	               0.00	               0.00	               0.00	               0.00	               0.00	               0.00	               0.00	               0.00	               0.00	               0.00	               0.00	               0.00	               0.00	               0.00	               0.00	               0.00	         3630510.04	         3590720.53	           39789.51	         3630510.04	               0.00
*   WBS NL-N-TS2-002-04-03-94      Hydraulic Torque wre	         1534639.15	         1534639.15	               0.00	         1534639.15	               0.00	               0.00	               0.00	               0.00	               0.00	               0.00	               0.00	               0.00	               0.00	               0.00	               0.00	         1534639.15	         1534639.15	               0.00	         1534639.15	               0.00	               0.00	               0.00	               0.00	               0.00	               0.00	               0.00	               0.00	               0.00	               0.00	               0.00	               0.00	               0.00	               0.00	               0.00	               0.00	               0.00	               0.00	               0.00	               0.00	               0.00	               0.00	               0.00	               0.00	               0.00	               0.00	               0.00	               0.00	               0.00	               0.00	               0.00	               0.00	               0.00	               0.00	               0.00	               0.00	               0.00	               0.00	               0.00	               0.00	               0.00	         1534639.15	         1534639.15	               0.00	         1534639.15	               0.00
*   WBS NL-N-TS2-002-04-03-95      10 KV Insulation Tes	          802164.00	          802164.00	               0.00	          802164.00	               0.00	               0.00	               0.00	               0.00	               0.00	               0.00	               0.00	               0.00	               0.00	               0.00	               0.00	               0.00	               0.00	               0.00	               0.00	               0.00	          802164.00	          802164.00	               0.00	          802164.00	               0.00	               0.00	               0.00	               0.00	               0.00	               0.00	               0.00	               0.00	               0.00	               0.00	               0.00	               0.00	               0.00	               0.00	               0.00	               0.00	               0.00	               0.00	               0.00	               0.00	               0.00	               0.00	               0.00	               0.00	               0.00	               0.00	               0.00	               0.00	               0.00	               0.00	               0.00	               0.00	               0.00	               0.00	               0.00	               0.00	          802164.00	          802164.00	               0.00	          802164.00	               0.00
*   WBS NL-N-TS2-002-04-03-96      Retrofit & Upgrade t	         2408843.82	         2360666.95	           48176.87	         2408843.82	               0.00	               0.00	               0.00	               0.00	               0.00	               0.00	               0.00	               0.00	               0.00	               0.00	               0.00	         2360666.95	         2360666.95	               0.00	         2360666.95	               0.00	               0.00	               0.00	               0.00	               0.00	               0.00	               0.00	               0.00	               0.00	               0.00	               0.00	           48176.87	               0.00	           48176.87	           48176.87	               0.00	               0.00	               0.00	               0.00	               0.00	               0.00	               0.00	               0.00	               0.00	               0.00	               0.00	               0.00	               0.00	               0.00	               0.00	               0.00	               0.00	               0.00	               0.00	               0.00	               0.00	               0.00	               0.00	               0.00	               0.00	               0.00	         2408843.82	         2360666.95	           48176.87	         2408843.82	               0.00
*   WBS NL-N-TS2-002-04-03-97      Hydogen gas Compress	        18488300.74	        18488300.74	               0.00	        18488300.74	               0.00	               0.00	               0.00	               0.00	               0.00	               0.00	               0.00	               0.00	               0.00	               0.00	               0.00	        15408300.74	        15408300.74	               0.00	        15408300.74	               0.00	         3080000.00	         3080000.00	               0.00	         3080000.00	               0.00	               0.00	               0.00	               0.00	               0.00	               0.00	               0.00	               0.00	               0.00	               0.00	               0.00	               0.00	               0.00	               0.00	               0.00	               0.00	               0.00	               0.00	               0.00	               0.00	               0.00	               0.00	               0.00	               0.00	               0.00	               0.00	               0.00	               0.00	               0.00	               0.00	               0.00	               0.00	               0.00	               0.00	               0.00	               0.00	        18488300.74	        18488300.74	               0.00	        18488300.74	               0.00
*   WBS NL-N-TS2-002-04-03-98      Supply,insta and com	         2477528.00	         2477528.00	               0.00	         2477528.00	               0.00	               0.00	               0.00	               0.00	               0.00	               0.00	         2477528.00	         2477528.00	               0.00	         2477528.00	               0.00	               0.00	               0.00	               0.00	               0.00	               0.00	               0.00	               0.00	               0.00	               0.00	               0.00	               0.00	               0.00	               0.00	               0.00	               0.00	               0.00	               0.00	               0.00	               0.00	               0.00	               0.00	               0.00	               0.00	               0.00	               0.00	               0.00	               0.00	               0.00	               0.00	               0.00	               0.00	               0.00	               0.00	               0.00	               0.00	               0.00	               0.00	               0.00	               0.00	               0.00	               0.00	               0.00	               0.00	               0.00	               0.00	         2477528.00	         2477528.00	               0.00	         2477528.00	               0.00
*   WBS NL-N-TS2-002-04-03-99      1cX1000 Sq mm Al XLP	         3026029.03	         3026029.03	               0.00	         3026029.03	               0.00	               0.00	               0.00	               0.00	               0.00	               0.00	               0.00	               0.00	               0.00	               0.00	               0.00	               0.00	               0.00	               0.00	               0.00	               0.00	         3026029.03	         3026029.03	               0.00	         3026029.03	               0.00	               0.00	               0.00	               0.00	               0.00	               0.00	               0.00	               0.00	               0.00	               0.00	               0.00	               0.00	               0.00	               0.00	               0.00	               0.00	               0.00	               0.00	               0.00	               0.00	               0.00	               0.00	               0.00	               0.00	               0.00	               0.00	               0.00	               0.00	               0.00	               0.00	               0.00	               0.00	               0.00	               0.00	               0.00	               0.00	         3026029.03	         3026029.03	               0.00	         3026029.03	               0.00
**  WBS NL-N-TS2-002-04-04         ELECTRICAL MAINTENAN	        80998357.30	        38652553.73	        42195803.57	        80848357.30	          150000.00	               0.00	               0.00	               0.00	               0.00	               0.00	         9370579.07	         9370579.07	               0.00	         9370579.07	               0.00	         4873525.74	         4873525.74	               0.00	         4873525.74	               0.00	        22377541.28	        22377541.28	               0.00	        22377541.28	               0.00	         2030907.64	         2030907.64	               0.00	         2030907.64	               0.00	        42285803.57	               0.00	        42195803.57	        42195803.57	           90000.00	               0.00	               0.00	               0.00	               0.00	               0.00	               0.00	               0.00	               0.00	               0.00	               0.00	               0.00	               0.00	               0.00	               0.00	               0.00	               0.00	               0.00	               0.00	               0.00	               0.00	               0.00	               0.00	               0.00	               0.00	               0.00	        80938357.30	        38652553.73	        42195803.57	        80848357.30	           90000.00
*   WBS NL-N-TS2-002-04-04-09      Purchase of Switchge	         5707638.41	         5707638.41	               0.00	         5707638.41	               0.00	               0.00	               0.00	               0.00	               0.00	               0.00	         5707638.41	         5707638.41	               0.00	         5707638.41	               0.00	               0.00	               0.00	               0.00	               0.00	               0.00	               0.00	               0.00	               0.00	               0.00	               0.00	               0.00	               0.00	               0.00	               0.00	               0.00	               0.00	               0.00	               0.00	               0.00	               0.00	               0.00	               0.00	               0.00	               0.00	               0.00	               0.00	               0.00	               0.00	               0.00	               0.00	               0.00	               0.00	               0.00	               0.00	               0.00	               0.00	               0.00	               0.00	               0.00	               0.00	               0.00	               0.00	               0.00	               0.00	               0.00	         5707638.41	         5707638.41	               0.00	         5707638.41	               0.00
*   WBS NL-N-TS2-002-04-04-10      Retrofit  of Switchg	         2259373.83	         2239533.80	           19840.03	         2259373.83	               0.00	               0.00	               0.00	               0.00	               0.00	               0.00	         2239533.80	         2239533.80	               0.00	         2239533.80	               0.00	               0.00	               0.00	               0.00	               0.00	               0.00	               0.00	               0.00	               0.00	               0.00	               0.00	               0.00	               0.00	               0.00	               0.00	               0.00	           19840.03	               0.00	           19840.03	           19840.03	               0.00	               0.00	               0.00	               0.00	               0.00	               0.00	               0.00	               0.00	               0.00	               0.00	               0.00	               0.00	               0.00	               0.00	               0.00	               0.00	               0.00	               0.00	               0.00	               0.00	               0.00	               0.00	               0.00	               0.00	               0.00	               0.00	         2259373.83	         2239533.80	           19840.03	         2259373.83	               0.00
*   WBS NL-N-TS2-002-04-04-11      PMCC panel for Stage	        12824240.00	               0.00	        12824240.00	        12824240.00	               0.00	               0.00	               0.00	               0.00	               0.00	               0.00	               0.00	               0.00	               0.00	               0.00	               0.00	               0.00	               0.00	               0.00	               0.00	               0.00	               0.00	               0.00	               0.00	               0.00	               0.00	               0.00	               0.00	               0.00	               0.00	               0.00	        12824240.00	               0.00	        12824240.00	        12824240.00	               0.00	               0.00	               0.00	               0.00	               0.00	               0.00	               0.00	               0.00	               0.00	               0.00	               0.00	               0.00	               0.00	               0.00	               0.00	               0.00	               0.00	               0.00	               0.00	               0.00	               0.00	               0.00	               0.00	               0.00	               0.00	               0.00	        12824240.00	               0.00	        12824240.00	        12824240.00	               0.00
*   WBS NL-N-TS2-002-04-04-12      PMCC panel for Stage	        23782132.57	        17123122.56	         6659010.01	        23782132.57	               0.00	               0.00	               0.00	               0.00	               0.00	               0.00	               0.00	               0.00	               0.00	               0.00	               0.00	               0.00	               0.00	               0.00	               0.00	               0.00	        17123122.56	        17123122.56	               0.00	        17123122.56	               0.00	               0.00	               0.00	               0.00	               0.00	               0.00	         6659010.01	               0.00	         6659010.01	         6659010.01	               0.00	               0.00	               0.00	               0.00	               0.00	               0.00	               0.00	               0.00	               0.00	               0.00	               0.00	               0.00	               0.00	               0.00	               0.00	               0.00	               0.00	               0.00	               0.00	               0.00	               0.00	               0.00	               0.00	               0.00	               0.00	               0.00	        23782132.57	        17123122.56	         6659010.01	        23782132.57	               0.00
*   WBS NL-N-TS2-002-04-04-13      Supply of spares&Rep	         1873579.53	         1873456.50	             123.03	         1873579.53	               0.00	               0.00	               0.00	               0.00	               0.00	               0.00	               0.00	               0.00	               0.00	               0.00	               0.00	         1873456.50	         1873456.50	               0.00	         1873456.50	               0.00	               0.00	               0.00	               0.00	               0.00	               0.00	               0.00	               0.00	               0.00	               0.00	               0.00	             123.03	               0.00	             123.03	             123.03	               0.00	               0.00	               0.00	               0.00	               0.00	               0.00	               0.00	               0.00	               0.00	               0.00	               0.00	               0.00	               0.00	               0.00	               0.00	               0.00	               0.00	               0.00	               0.00	               0.00	               0.00	               0.00	               0.00	               0.00	               0.00	               0.00	         1873579.53	         1873456.50	             123.03	         1873579.53	               0.00
*   WBS NL-N-TS2-002-04-04-14      Refurbish of Festoon	         1520560.05	         1429791.84	             768.21	         1430560.05	           90000.00	               0.00	               0.00	               0.00	               0.00	               0.00	         1423406.86	         1423406.86	               0.00	         1423406.86	               0.00	            6384.98	            6384.98	               0.00	            6384.98	               0.00	               0.00	               0.00	               0.00	               0.00	               0.00	               0.00	               0.00	               0.00	               0.00	               0.00	           60768.21	               0.00	             768.21	             768.21	           60000.00	               0.00	               0.00	               0.00	               0.00	               0.00	               0.00	               0.00	               0.00	               0.00	               0.00	               0.00	               0.00	               0.00	               0.00	               0.00	               0.00	               0.00	               0.00	               0.00	               0.00	               0.00	               0.00	               0.00	               0.00	               0.00	         1490560.05	         1429791.84	             768.21	         1430560.05	           60000.00
*   WBS NL-N-TS2-002-04-04-26      2 ton  Battery power	          514985.00	          514985.00	               0.00	          514985.00	               0.00	               0.00	               0.00	               0.00	               0.00	               0.00	               0.00	               0.00	               0.00	               0.00	               0.00	          514985.00	          514985.00	               0.00	          514985.00	               0.00	               0.00	               0.00	               0.00	               0.00	               0.00	               0.00	               0.00	               0.00	               0.00	               0.00	               0.00	               0.00	               0.00	               0.00	               0.00	               0.00	               0.00	               0.00	               0.00	               0.00	               0.00	               0.00	               0.00	               0.00	               0.00	               0.00	               0.00	               0.00	               0.00	               0.00	               0.00	               0.00	               0.00	               0.00	               0.00	               0.00	               0.00	               0.00	               0.00	               0.00	          514985.00	          514985.00	               0.00	          514985.00	               0.00
*   WBS NL-N-TS2-002-04-04-27      2 Ton Battery powere	          516669.62	          516669.62	               0.00	          516669.62	               0.00	               0.00	               0.00	               0.00	               0.00	               0.00	               0.00	               0.00	               0.00	               0.00	               0.00	          516669.62	          516669.62	               0.00	          516669.62	               0.00	               0.00	               0.00	               0.00	               0.00	               0.00	               0.00	               0.00	               0.00	               0.00	               0.00	               0.00	               0.00	               0.00	               0.00	               0.00	               0.00	               0.00	               0.00	               0.00	               0.00	               0.00	               0.00	               0.00	               0.00	               0.00	               0.00	               0.00	               0.00	               0.00	               0.00	               0.00	               0.00	               0.00	               0.00	               0.00	               0.00	               0.00	               0.00	               0.00	               0.00	          516669.62	          516669.62	               0.00	          516669.62	               0.00
*   WBS NL-N-TS2-002-04-04-28      Refurbish of 3.5cX30	          526018.88	          526018.88	               0.00	          526018.88	               0.00	               0.00	               0.00	               0.00	               0.00	               0.00	               0.00	               0.00	               0.00	               0.00	               0.00	               0.00	               0.00	               0.00	               0.00	               0.00	          526018.88	          526018.88	               0.00	          526018.88	               0.00	               0.00	               0.00	               0.00	               0.00	               0.00	               0.00	               0.00	               0.00	               0.00	               0.00	               0.00	               0.00	               0.00	               0.00	               0.00	               0.00	               0.00	               0.00	               0.00	               0.00	               0.00	               0.00	               0.00	               0.00	               0.00	               0.00	               0.00	               0.00	               0.00	               0.00	               0.00	               0.00	               0.00	               0.00	               0.00	          526018.88	          526018.88	               0.00	          526018.88	               0.00
*   WBS NL-N-TS2-002-04-04-29      Procurement of Dewat	          136731.95	          136731.95	               0.00	          136731.95	               0.00	               0.00	               0.00	               0.00	               0.00	               0.00	               0.00	               0.00	               0.00	               0.00	               0.00	          136731.95	          136731.95	               0.00	          136731.95	               0.00	               0.00	               0.00	               0.00	               0.00	               0.00	               0.00	               0.00	               0.00	               0.00	               0.00	               0.00	               0.00	               0.00	               0.00	               0.00	               0.00	               0.00	               0.00	               0.00	               0.00	               0.00	               0.00	               0.00	               0.00	               0.00	               0.00	               0.00	               0.00	               0.00	               0.00	               0.00	               0.00	               0.00	               0.00	               0.00	               0.00	               0.00	               0.00	               0.00	               0.00	          136731.95	          136731.95	               0.00	          136731.95	               0.00
*   WBS NL-N-TS2-002-04-04-30      Procurement of MCM M	          190000.06	          190000.06	               0.00	          190000.06	               0.00	               0.00	               0.00	               0.00	               0.00	               0.00	               0.00	               0.00	               0.00	               0.00	               0.00	          190000.06	          190000.06	               0.00	          190000.06	               0.00	               0.00	               0.00	               0.00	               0.00	               0.00	               0.00	               0.00	               0.00	               0.00	               0.00	               0.00	               0.00	               0.00	               0.00	               0.00	               0.00	               0.00	               0.00	               0.00	               0.00	               0.00	               0.00	               0.00	               0.00	               0.00	               0.00	               0.00	               0.00	               0.00	               0.00	               0.00	               0.00	               0.00	               0.00	               0.00	               0.00	               0.00	               0.00	               0.00	               0.00	          190000.06	          190000.06	               0.00	          190000.06	               0.00
*   WBS NL-N-TS2-002-04-04-31      Rotork make actuator	         1635297.63	         1635297.63	               0.00	         1635297.63	               0.00	               0.00	               0.00	               0.00	               0.00	               0.00	               0.00	               0.00	               0.00	               0.00	               0.00	         1635297.63	         1635297.63	               0.00	         1635297.63	               0.00	               0.00	               0.00	               0.00	               0.00	               0.00	               0.00	               0.00	               0.00	               0.00	               0.00	               0.00	               0.00	               0.00	               0.00	               0.00	               0.00	               0.00	               0.00	               0.00	               0.00	               0.00	               0.00	               0.00	               0.00	               0.00	               0.00	               0.00	               0.00	               0.00	               0.00	               0.00	               0.00	               0.00	               0.00	               0.00	               0.00	               0.00	               0.00	               0.00	               0.00	         1635297.63	         1635297.63	               0.00	         1635297.63	               0.00
*   WBS NL-N-TS2-002-04-04-32      Procurement of Stage	         1905927.40	         1905927.40	               0.00	         1905927.40	               0.00	               0.00	               0.00	               0.00	               0.00	               0.00	               0.00	               0.00	               0.00	               0.00	               0.00	               0.00	               0.00	               0.00	               0.00	               0.00	         1905927.40	         1905927.40	               0.00	         1905927.40	               0.00	               0.00	               0.00	               0.00	               0.00	               0.00	               0.00	               0.00	               0.00	               0.00	               0.00	               0.00	               0.00	               0.00	               0.00	               0.00	               0.00	               0.00	               0.00	               0.00	               0.00	               0.00	               0.00	               0.00	               0.00	               0.00	               0.00	               0.00	               0.00	               0.00	               0.00	               0.00	               0.00	               0.00	               0.00	               0.00	         1905927.40	         1905927.40	               0.00	         1905927.40	               0.00
*   WBS NL-N-TS2-002-04-04-33      Procurement of motor	         2088813.82	         2088813.82	               0.00	         2088813.82	               0.00	               0.00	               0.00	               0.00	               0.00	               0.00	               0.00	               0.00	               0.00	               0.00	               0.00	               0.00	               0.00	               0.00	               0.00	               0.00	         1408934.21	         1408934.21	               0.00	         1408934.21	               0.00	          679879.61	          679879.61	               0.00	          679879.61	               0.00	               0.00	               0.00	               0.00	               0.00	               0.00	               0.00	               0.00	               0.00	               0.00	               0.00	               0.00	               0.00	               0.00	               0.00	               0.00	               0.00	               0.00	               0.00	               0.00	               0.00	               0.00	               0.00	               0.00	               0.00	               0.00	               0.00	               0.00	               0.00	               0.00	               0.00	         2088813.82	         2088813.82	               0.00	         2088813.82	               0.00
*   WBS NL-N-TS2-002-04-04-34      1100 V greade 3Cx2.5	         1878086.77	               0.00	         1878086.77	         1878086.77	               0.00	               0.00	               0.00	               0.00	               0.00	               0.00	               0.00	               0.00	               0.00	               0.00	               0.00	               0.00	               0.00	               0.00	               0.00	               0.00	               0.00	               0.00	               0.00	               0.00	               0.00	               0.00	               0.00	               0.00	               0.00	               0.00	         1878086.77	               0.00	         1878086.77	         1878086.77	               0.00	               0.00	               0.00	               0.00	               0.00	               0.00	               0.00	               0.00	               0.00	               0.00	               0.00	               0.00	               0.00	               0.00	               0.00	               0.00	               0.00	               0.00	               0.00	               0.00	               0.00	               0.00	               0.00	               0.00	               0.00	               0.00	         1878086.77	               0.00	         1878086.77	         1878086.77	               0.00
*   WBS NL-N-TS2-002-04-04-35      Purchase of 12"/15"/	         1205176.33	          506220.85	          698955.48	         1205176.33	               0.00	               0.00	               0.00	               0.00	               0.00	               0.00	               0.00	               0.00	               0.00	               0.00	               0.00	               0.00	               0.00	               0.00	               0.00	               0.00	          281100.21	          281100.21	               0.00	          281100.21	               0.00	          225120.64	          225120.64	               0.00	          225120.64	               0.00	          698955.48	               0.00	          698955.48	          698955.48	               0.00	               0.00	               0.00	               0.00	               0.00	               0.00	               0.00	               0.00	               0.00	               0.00	               0.00	               0.00	               0.00	               0.00	               0.00	               0.00	               0.00	               0.00	               0.00	               0.00	               0.00	               0.00	               0.00	               0.00	               0.00	               0.00	         1205176.33	          506220.85	          698955.48	         1205176.33	               0.00
*   WBS NL-N-TS2-002-04-04-36      1100V grade,3.5C*35	          741735.00	          741735.00	               0.00	          741735.00	               0.00	               0.00	               0.00	               0.00	               0.00	               0.00	               0.00	               0.00	               0.00	               0.00	               0.00	               0.00	               0.00	               0.00	               0.00	               0.00	          741735.00	          741735.00	               0.00	          741735.00	               0.00	               0.00	               0.00	               0.00	               0.00	               0.00	               0.00	               0.00	               0.00	               0.00	               0.00	               0.00	               0.00	               0.00	               0.00	               0.00	               0.00	               0.00	               0.00	               0.00	               0.00	               0.00	               0.00	               0.00	               0.00	               0.00	               0.00	               0.00	               0.00	               0.00	               0.00	               0.00	               0.00	               0.00	               0.00	               0.00	          741735.00	          741735.00	               0.00	          741735.00	               0.00
*   WBS NL-N-TS2-002-04-04-39      1100V grade , 3.5 C	         2264000.00	               0.00	         2264000.00	         2264000.00	               0.00	               0.00	               0.00	               0.00	               0.00	               0.00	               0.00	               0.00	               0.00	               0.00	               0.00	               0.00	               0.00	               0.00	               0.00	               0.00	               0.00	               0.00	               0.00	               0.00	               0.00	               0.00	               0.00	               0.00	               0.00	               0.00	         2264000.00	               0.00	         2264000.00	         2264000.00	               0.00	               0.00	               0.00	               0.00	               0.00	               0.00	               0.00	               0.00	               0.00	               0.00	               0.00	               0.00	               0.00	               0.00	               0.00	               0.00	               0.00	               0.00	               0.00	               0.00	               0.00	               0.00	               0.00	               0.00	               0.00	               0.00	         2264000.00	               0.00	         2264000.00	         2264000.00	               0.00
*   WBS NL-N-TS2-002-04-04-40      1100V grade 3CX4sqmm	               0.00	               0.00	               0.00	               0.00	               0.00	               0.00	               0.00	               0.00	               0.00	               0.00	               0.00	               0.00	               0.00	               0.00	               0.00	               0.00	               0.00	               0.00	               0.00	               0.00	               0.00	               0.00	               0.00	               0.00	               0.00	               0.00	               0.00	               0.00	               0.00	               0.00	               0.00	               0.00	               0.00	               0.00	               0.00	               0.00	               0.00	               0.00	               0.00	               0.00	               0.00	               0.00	               0.00	               0.00	               0.00	               0.00	               0.00	               0.00	               0.00	               0.00	               0.00	               0.00	               0.00	               0.00	               0.00	               0.00	               0.00	               0.00	               0.00	               0.00	               0.00	               0.00	               0.00	               0.00	               0.00
*   WBS NL-N-TS2-002-04-04-41      WBS-Budget-Repair& R	          394398.78	          390703.02	            3695.76	          394398.78	               0.00	               0.00	               0.00	               0.00	               0.00	               0.00	               0.00	               0.00	               0.00	               0.00	               0.00	               0.00	               0.00	               0.00	               0.00	               0.00	          390703.02	          390703.02	               0.00	          390703.02	               0.00	               0.00	               0.00	               0.00	               0.00	               0.00	            3695.76	               0.00	            3695.76	            3695.76	               0.00	               0.00	               0.00	               0.00	               0.00	               0.00	               0.00	               0.00	               0.00	               0.00	               0.00	               0.00	               0.00	               0.00	               0.00	               0.00	               0.00	               0.00	               0.00	               0.00	               0.00	               0.00	               0.00	               0.00	               0.00	               0.00	          394398.78	          390703.02	            3695.76	          394398.78	               0.00
*   WBS NL-N-TS2-002-04-04-42      FIRE SURVIVAL CABLES	         2022976.71	          810669.89	         1212306.82	         2022976.71	               0.00	               0.00	               0.00	               0.00	               0.00	               0.00	               0.00	               0.00	               0.00	               0.00	               0.00	               0.00	               0.00	               0.00	               0.00	               0.00	               0.00	               0.00	               0.00	               0.00	               0.00	          810669.89	          810669.89	               0.00	          810669.89	               0.00	         1212306.82	               0.00	         1212306.82	         1212306.82	               0.00	               0.00	               0.00	               0.00	               0.00	               0.00	               0.00	               0.00	               0.00	               0.00	               0.00	               0.00	               0.00	               0.00	               0.00	               0.00	               0.00	               0.00	               0.00	               0.00	               0.00	               0.00	               0.00	               0.00	               0.00	               0.00	         2022976.71	          810669.89	         1212306.82	         2022976.71	               0.00
*   WBS NL-N-TS2-002-04-04-43      1100v grade 3.5C X 2	         1998000.00	               0.00	         1998000.00	         1998000.00	               0.00	               0.00	               0.00	               0.00	               0.00	               0.00	               0.00	               0.00	               0.00	               0.00	               0.00	               0.00	               0.00	               0.00	               0.00	               0.00	               0.00	               0.00	               0.00	               0.00	               0.00	               0.00	               0.00	               0.00	               0.00	               0.00	         1998000.00	               0.00	         1998000.00	         1998000.00	               0.00	               0.00	               0.00	               0.00	               0.00	               0.00	               0.00	               0.00	               0.00	               0.00	               0.00	               0.00	               0.00	               0.00	               0.00	               0.00	               0.00	               0.00	               0.00	               0.00	               0.00	               0.00	               0.00	               0.00	               0.00	               0.00	         1998000.00	               0.00	         1998000.00	         1998000.00	               0.00
*   WBS NL-N-TS2-002-04-04-44      Proc-SIRENS ALONG WI	          322136.96	          315237.50	            6899.46	          322136.96	               0.00	               0.00	               0.00	               0.00	               0.00	               0.00	               0.00	               0.00	               0.00	               0.00	               0.00	               0.00	               0.00	               0.00	               0.00	               0.00	               0.00	               0.00	               0.00	               0.00	               0.00	          315237.50	          315237.50	               0.00	          315237.50	               0.00	            6899.46	               0.00	            6899.46	            6899.46	               0.00	               0.00	               0.00	               0.00	               0.00	               0.00	               0.00	               0.00	               0.00	               0.00	               0.00	               0.00	               0.00	               0.00	               0.00	               0.00	               0.00	               0.00	               0.00	               0.00	               0.00	               0.00	               0.00	               0.00	               0.00	               0.00	          322136.96	          315237.50	            6899.46	          322136.96	               0.00
*   WBS NL-N-TS2-002-04-04-45      ARMORED COPPER POWER	               0.00	               0.00	               0.00	               0.00	               0.00	               0.00	               0.00	               0.00	               0.00	               0.00	               0.00	               0.00	               0.00	               0.00	               0.00	               0.00	               0.00	               0.00	               0.00	               0.00	               0.00	               0.00	               0.00	               0.00	               0.00	               0.00	               0.00	               0.00	               0.00	               0.00	               0.00	               0.00	               0.00	               0.00	               0.00	               0.00	               0.00	               0.00	               0.00	               0.00	               0.00	               0.00	               0.00	               0.00	               0.00	               0.00	               0.00	               0.00	               0.00	               0.00	               0.00	               0.00	               0.00	               0.00	               0.00	               0.00	               0.00	               0.00	               0.00	               0.00	               0.00	               0.00	               0.00	               0.00	               0.00
*   WBS NL-N-TS2-002-04-04-46      Proc of 76 nos of LT	         2147600.00	               0.00	         2147600.00	         2147600.00	               0.00	               0.00	               0.00	               0.00	               0.00	               0.00	               0.00	               0.00	               0.00	               0.00	               0.00	               0.00	               0.00	               0.00	               0.00	               0.00	               0.00	               0.00	               0.00	               0.00	               0.00	               0.00	               0.00	               0.00	               0.00	               0.00	         2147600.00	               0.00	         2147600.00	         2147600.00	               0.00	               0.00	               0.00	               0.00	               0.00	               0.00	               0.00	               0.00	               0.00	               0.00	               0.00	               0.00	               0.00	               0.00	               0.00	               0.00	               0.00	               0.00	               0.00	               0.00	               0.00	               0.00	               0.00	               0.00	               0.00	               0.00	         2147600.00	               0.00	         2147600.00	         2147600.00	               0.00
*   WBS NL-N-TS2-002-04-04-47      1.1kV armoured Al Ca	         2320000.00	               0.00	         2320000.00	         2320000.00	               0.00	               0.00	               0.00	               0.00	               0.00	               0.00	               0.00	               0.00	               0.00	               0.00	               0.00	               0.00	               0.00	               0.00	               0.00	               0.00	               0.00	               0.00	               0.00	               0.00	               0.00	               0.00	               0.00	               0.00	               0.00	               0.00	         2320000.00	               0.00	         2320000.00	         2320000.00	               0.00	               0.00	               0.00	               0.00	               0.00	               0.00	               0.00	               0.00	               0.00	               0.00	               0.00	               0.00	               0.00	               0.00	               0.00	               0.00	               0.00	               0.00	               0.00	               0.00	               0.00	               0.00	               0.00	               0.00	               0.00	               0.00	         2320000.00	               0.00	         2320000.00	         2320000.00	               0.00
*   WBS NL-N-TS2-002-04-04-48      out door type bore w	        10162278.00	               0.00	        10162278.00	        10162278.00	               0.00	               0.00	               0.00	               0.00	               0.00	               0.00	               0.00	               0.00	               0.00	               0.00	               0.00	               0.00	               0.00	               0.00	               0.00	               0.00	               0.00	               0.00	               0.00	               0.00	               0.00	               0.00	               0.00	               0.00	               0.00	               0.00	        10162278.00	               0.00	        10162278.00	        10162278.00	               0.00	               0.00	               0.00	               0.00	               0.00	               0.00	               0.00	               0.00	               0.00	               0.00	               0.00	               0.00	               0.00	               0.00	               0.00	               0.00	               0.00	               0.00	               0.00	               0.00	               0.00	               0.00	               0.00	               0.00	               0.00	               0.00	        10162278.00	               0.00	        10162278.00	        10162278.00	               0.00
**  WBS NL-N-TS2-002-04-05         SWITCH YARD	       348633695.54	       111478191.37	       234548936.17	       346027127.54	         2606568.00	        16667590.24	        16667590.24	               0.00	        16667590.24	               0.00	        52644769.28	        52644769.28	               0.00	        52644769.28	               0.00	        16964028.52	        16964028.52	               0.00	        16964028.52	               0.00	         1442818.46	         1442818.46	               0.00	         1442818.46	               0.00	        23758984.87	        23758984.87	               0.00	        23758984.87	               0.00	       237155504.17	               0.00	       234548936.17	       234548936.17	         2606568.00	               0.00	               0.00	               0.00	               0.00	               0.00	               0.00	               0.00	               0.00	               0.00	               0.00	               0.00	               0.00	               0.00	               0.00	               0.00	               0.00	               0.00	               0.00	               0.00	               0.00	               0.00	               0.00	               0.00	               0.00	               0.00	       348633695.54	       111478191.37	       234548936.17	       346027127.54	         2606568.00
*   WBS NL-N-TS2-002-04-05-03      Thermal Imaging Came	         3657174.00	         3657174.00	               0.00	         3657174.00	               0.00	               0.00	               0.00	               0.00	               0.00	               0.00	         3657174.00	         3657174.00	               0.00	         3657174.00	               0.00	               0.00	               0.00	               0.00	               0.00	               0.00	               0.00	               0.00	               0.00	               0.00	               0.00	               0.00	               0.00	               0.00	               0.00	               0.00	               0.00	               0.00	               0.00	               0.00	               0.00	               0.00	               0.00	               0.00	               0.00	               0.00	               0.00	               0.00	               0.00	               0.00	               0.00	               0.00	               0.00	               0.00	               0.00	               0.00	               0.00	               0.00	               0.00	               0.00	               0.00	               0.00	               0.00	               0.00	               0.00	               0.00	         3657174.00	         3657174.00	               0.00	         3657174.00	               0.00
*   WBS NL-N-TS2-002-04-05-04       Self propelled Scis	          465000.00	          465000.00	               0.00	          465000.00	               0.00	          465000.00	          465000.00	               0.00	          465000.00	               0.00	               0.00	               0.00	               0.00	               0.00	               0.00	               0.00	               0.00	               0.00	               0.00	               0.00	               0.00	               0.00	               0.00	               0.00	               0.00	               0.00	               0.00	               0.00	               0.00	               0.00	               0.00	               0.00	               0.00	               0.00	               0.00	               0.00	               0.00	               0.00	               0.00	               0.00	               0.00	               0.00	               0.00	               0.00	               0.00	               0.00	               0.00	               0.00	               0.00	               0.00	               0.00	               0.00	               0.00	               0.00	               0.00	               0.00	               0.00	               0.00	               0.00	               0.00	          465000.00	          465000.00	               0.00	          465000.00	               0.00
*   WBS NL-N-TS2-002-04-05-11      360KV 20KA DISCHARGE	         1505225.72	         1505225.72	               0.00	         1505225.72	               0.00	         1505225.72	         1505225.72	               0.00	         1505225.72	               0.00	               0.00	               0.00	               0.00	               0.00	               0.00	               0.00	               0.00	               0.00	               0.00	               0.00	               0.00	               0.00	               0.00	               0.00	               0.00	               0.00	               0.00	               0.00	               0.00	               0.00	               0.00	               0.00	               0.00	               0.00	               0.00	               0.00	               0.00	               0.00	               0.00	               0.00	               0.00	               0.00	               0.00	               0.00	               0.00	               0.00	               0.00	               0.00	               0.00	               0.00	               0.00	               0.00	               0.00	               0.00	               0.00	               0.00	               0.00	               0.00	               0.00	               0.00	         1505225.72	         1505225.72	               0.00	         1505225.72	               0.00
*   WBS NL-N-TS2-002-04-05-12      245KV CTs Type-I & I	         8544755.11	         8544755.11	               0.00	         8544755.11	               0.00	         8544755.11	         8544755.11	               0.00	         8544755.11	               0.00	               0.00	               0.00	               0.00	               0.00	               0.00	               0.00	               0.00	               0.00	               0.00	               0.00	               0.00	               0.00	               0.00	               0.00	               0.00	               0.00	               0.00	               0.00	               0.00	               0.00	               0.00	               0.00	               0.00	               0.00	               0.00	               0.00	               0.00	               0.00	               0.00	               0.00	               0.00	               0.00	               0.00	               0.00	               0.00	               0.00	               0.00	               0.00	               0.00	               0.00	               0.00	               0.00	               0.00	               0.00	               0.00	               0.00	               0.00	               0.00	               0.00	               0.00	         8544755.11	         8544755.11	               0.00	         8544755.11	               0.00
*   WBS NL-N-TS2-002-04-05-13      Clamps for HTLS Cond	          873047.05	          873047.05	               0.00	          873047.05	               0.00	          873047.05	          873047.05	               0.00	          873047.05	               0.00	               0.00	               0.00	               0.00	               0.00	               0.00	               0.00	               0.00	               0.00	               0.00	               0.00	               0.00	               0.00	               0.00	               0.00	               0.00	               0.00	               0.00	               0.00	               0.00	               0.00	               0.00	               0.00	               0.00	               0.00	               0.00	               0.00	               0.00	               0.00	               0.00	               0.00	               0.00	               0.00	               0.00	               0.00	               0.00	               0.00	               0.00	               0.00	               0.00	               0.00	               0.00	               0.00	               0.00	               0.00	               0.00	               0.00	               0.00	               0.00	               0.00	               0.00	          873047.05	          873047.05	               0.00	          873047.05	               0.00
*   WBS NL-N-TS2-002-04-05-14      Self propelled Artic	               0.00	               0.00	               0.00	               0.00	               0.00	               0.00	               0.00	               0.00	               0.00	               0.00	               0.00	               0.00	               0.00	               0.00	               0.00	               0.00	               0.00	               0.00	               0.00	               0.00	               0.00	               0.00	               0.00	               0.00	               0.00	               0.00	               0.00	               0.00	               0.00	               0.00	               0.00	               0.00	               0.00	               0.00	               0.00	               0.00	               0.00	               0.00	               0.00	               0.00	               0.00	               0.00	               0.00	               0.00	               0.00	               0.00	               0.00	               0.00	               0.00	               0.00	               0.00	               0.00	               0.00	               0.00	               0.00	               0.00	               0.00	               0.00	               0.00	               0.00	               0.00	               0.00	               0.00	               0.00	               0.00
*   WBS NL-N-TS2-002-04-05-15      245KV SPRING OPERATE	        11206361.87	         1659478.89	         9546882.98	        11206361.87	               0.00	               0.00	               0.00	               0.00	               0.00	               0.00	         1659478.89	         1659478.89	               0.00	         1659478.89	               0.00	               0.00	               0.00	               0.00	               0.00	               0.00	               0.00	               0.00	               0.00	               0.00	               0.00	               0.00	               0.00	               0.00	               0.00	               0.00	         9546882.98	               0.00	         9546882.98	         9546882.98	               0.00	               0.00	               0.00	               0.00	               0.00	               0.00	               0.00	               0.00	               0.00	               0.00	               0.00	               0.00	               0.00	               0.00	               0.00	               0.00	               0.00	               0.00	               0.00	               0.00	               0.00	               0.00	               0.00	               0.00	               0.00	               0.00	        11206361.87	         1659478.89	         9546882.98	        11206361.87	               0.00
*   WBS NL-N-TS2-002-04-05-16      Proc 245kV DB isolat	        14600120.80	               0.00	        14600120.80	        14600120.80	               0.00	               0.00	               0.00	               0.00	               0.00	               0.00	               0.00	               0.00	               0.00	               0.00	               0.00	               0.00	               0.00	               0.00	               0.00	               0.00	               0.00	               0.00	               0.00	               0.00	               0.00	               0.00	               0.00	               0.00	               0.00	               0.00	        14600120.80	               0.00	        14600120.80	        14600120.80	               0.00	               0.00	               0.00	               0.00	               0.00	               0.00	               0.00	               0.00	               0.00	               0.00	               0.00	               0.00	               0.00	               0.00	               0.00	               0.00	               0.00	               0.00	               0.00	               0.00	               0.00	               0.00	               0.00	               0.00	               0.00	               0.00	        14600120.80	               0.00	        14600120.80	        14600120.80	               0.00
*   WBS NL-N-TS2-002-04-05-17      245KV SF6 Gas Curren	         8989240.00	               0.00	         8989240.00	         8989240.00	               0.00	               0.00	               0.00	               0.00	               0.00	               0.00	               0.00	               0.00	               0.00	               0.00	               0.00	               0.00	               0.00	               0.00	               0.00	               0.00	               0.00	               0.00	               0.00	               0.00	               0.00	               0.00	               0.00	               0.00	               0.00	               0.00	         8989240.00	               0.00	         8989240.00	         8989240.00	               0.00	               0.00	               0.00	               0.00	               0.00	               0.00	               0.00	               0.00	               0.00	               0.00	               0.00	               0.00	               0.00	               0.00	               0.00	               0.00	               0.00	               0.00	               0.00	               0.00	               0.00	               0.00	               0.00	               0.00	               0.00	               0.00	         8989240.00	               0.00	         8989240.00	         8989240.00	               0.00
*   WBS NL-N-TS2-002-04-05-18      400KV Capacitance Vo	         2458379.79	         2458379.79	               0.00	         2458379.79	               0.00	               0.00	               0.00	               0.00	               0.00	               0.00	         2458379.79	         2458379.79	               0.00	         2458379.79	               0.00	               0.00	               0.00	               0.00	               0.00	               0.00	               0.00	               0.00	               0.00	               0.00	               0.00	               0.00	               0.00	               0.00	               0.00	               0.00	               0.00	               0.00	               0.00	               0.00	               0.00	               0.00	               0.00	               0.00	               0.00	               0.00	               0.00	               0.00	               0.00	               0.00	               0.00	               0.00	               0.00	               0.00	               0.00	               0.00	               0.00	               0.00	               0.00	               0.00	               0.00	               0.00	               0.00	               0.00	               0.00	               0.00	         2458379.79	         2458379.79	               0.00	         2458379.79	               0.00
*   WBS NL-N-TS2-002-04-05-19      Replacement of fault	          634910.00	          618910.00	           16000.00	          634910.00	               0.00	          618910.00	          618910.00	               0.00	          618910.00	               0.00	               0.00	               0.00	               0.00	               0.00	               0.00	               0.00	               0.00	               0.00	               0.00	               0.00	               0.00	               0.00	               0.00	               0.00	               0.00	               0.00	               0.00	               0.00	               0.00	               0.00	           16000.00	               0.00	           16000.00	           16000.00	               0.00	               0.00	               0.00	               0.00	               0.00	               0.00	               0.00	               0.00	               0.00	               0.00	               0.00	               0.00	               0.00	               0.00	               0.00	               0.00	               0.00	               0.00	               0.00	               0.00	               0.00	               0.00	               0.00	               0.00	               0.00	               0.00	          634910.00	          618910.00	           16000.00	          634910.00	               0.00
*   WBS NL-N-TS2-002-04-05-20      Dead end & Suspensio	          687595.24	          687595.24	               0.00	          687595.24	               0.00	          687595.24	          687595.24	               0.00	          687595.24	               0.00	               0.00	               0.00	               0.00	               0.00	               0.00	               0.00	               0.00	               0.00	               0.00	               0.00	               0.00	               0.00	               0.00	               0.00	               0.00	               0.00	               0.00	               0.00	               0.00	               0.00	               0.00	               0.00	               0.00	               0.00	               0.00	               0.00	               0.00	               0.00	               0.00	               0.00	               0.00	               0.00	               0.00	               0.00	               0.00	               0.00	               0.00	               0.00	               0.00	               0.00	               0.00	               0.00	               0.00	               0.00	               0.00	               0.00	               0.00	               0.00	               0.00	               0.00	          687595.24	          687595.24	               0.00	          687595.24	               0.00
*   WBS NL-N-TS2-002-04-05-21      Extension of ABT EMS	         1592946.60	         1592946.60	               0.00	         1592946.60	               0.00	               0.00	               0.00	               0.00	               0.00	               0.00	         1592946.60	         1592946.60	               0.00	         1592946.60	               0.00	               0.00	               0.00	               0.00	               0.00	               0.00	               0.00	               0.00	               0.00	               0.00	               0.00	               0.00	               0.00	               0.00	               0.00	               0.00	               0.00	               0.00	               0.00	               0.00	               0.00	               0.00	               0.00	               0.00	               0.00	               0.00	               0.00	               0.00	               0.00	               0.00	               0.00	               0.00	               0.00	               0.00	               0.00	               0.00	               0.00	               0.00	               0.00	               0.00	               0.00	               0.00	               0.00	               0.00	               0.00	               0.00	         1592946.60	         1592946.60	               0.00	         1592946.60	               0.00
*   WBS NL-N-TS2-002-04-05-23       400kV SF6 gas Curre	         3781897.12	         3781897.12	               0.00	         3781897.12	               0.00	         3781897.12	         3781897.12	               0.00	         3781897.12	               0.00	               0.00	               0.00	               0.00	               0.00	               0.00	               0.00	               0.00	               0.00	               0.00	               0.00	               0.00	               0.00	               0.00	               0.00	               0.00	               0.00	               0.00	               0.00	               0.00	               0.00	               0.00	               0.00	               0.00	               0.00	               0.00	               0.00	               0.00	               0.00	               0.00	               0.00	               0.00	               0.00	               0.00	               0.00	               0.00	               0.00	               0.00	               0.00	               0.00	               0.00	               0.00	               0.00	               0.00	               0.00	               0.00	               0.00	               0.00	               0.00	               0.00	               0.00	         3781897.12	         3781897.12	               0.00	         3781897.12	               0.00
*   WBS NL-N-TS2-002-04-05-24      Retrofitting of 400K	        21776116.60	        21776116.60	               0.00	        21776116.60	               0.00	               0.00	               0.00	               0.00	               0.00	               0.00	        21776116.60	        21776116.60	               0.00	        21776116.60	               0.00	               0.00	               0.00	               0.00	               0.00	               0.00	               0.00	               0.00	               0.00	               0.00	               0.00	               0.00	               0.00	               0.00	               0.00	               0.00	               0.00	               0.00	               0.00	               0.00	               0.00	               0.00	               0.00	               0.00	               0.00	               0.00	               0.00	               0.00	               0.00	               0.00	               0.00	               0.00	               0.00	               0.00	               0.00	               0.00	               0.00	               0.00	               0.00	               0.00	               0.00	               0.00	               0.00	               0.00	               0.00	               0.00	        21776116.60	        21776116.60	               0.00	        21776116.60	               0.00
*   WBS NL-N-TS2-002-04-05-25      Replacement of 420 K	          191160.00	          191160.00	               0.00	          191160.00	               0.00	          191160.00	          191160.00	               0.00	          191160.00	               0.00	               0.00	               0.00	               0.00	               0.00	               0.00	               0.00	               0.00	               0.00	               0.00	               0.00	               0.00	               0.00	               0.00	               0.00	               0.00	               0.00	               0.00	               0.00	               0.00	               0.00	               0.00	               0.00	               0.00	               0.00	               0.00	               0.00	               0.00	               0.00	               0.00	               0.00	               0.00	               0.00	               0.00	               0.00	               0.00	               0.00	               0.00	               0.00	               0.00	               0.00	               0.00	               0.00	               0.00	               0.00	               0.00	               0.00	               0.00	               0.00	               0.00	               0.00	          191160.00	          191160.00	               0.00	          191160.00	               0.00
*   WBS NL-N-TS2-002-04-05-26      400KV Spring Operate	        19846903.40	        19846903.40	               0.00	        19846903.40	               0.00	               0.00	               0.00	               0.00	               0.00	               0.00	        19846903.40	        19846903.40	               0.00	        19846903.40	               0.00	               0.00	               0.00	               0.00	               0.00	               0.00	               0.00	               0.00	               0.00	               0.00	               0.00	               0.00	               0.00	               0.00	               0.00	               0.00	               0.00	               0.00	               0.00	               0.00	               0.00	               0.00	               0.00	               0.00	               0.00	               0.00	               0.00	               0.00	               0.00	               0.00	               0.00	               0.00	               0.00	               0.00	               0.00	               0.00	               0.00	               0.00	               0.00	               0.00	               0.00	               0.00	               0.00	               0.00	               0.00	               0.00	        19846903.40	        19846903.40	               0.00	        19846903.40	               0.00
*   WBS NL-N-TS2-002-04-05-27      ABT Based Energy Met	        10469303.28	         8724273.78	         1745029.50	        10469303.28	               0.00	               0.00	               0.00	               0.00	               0.00	               0.00	               0.00	               0.00	               0.00	               0.00	               0.00	         8724273.78	         8724273.78	               0.00	         8724273.78	               0.00	               0.00	               0.00	               0.00	               0.00	               0.00	               0.00	               0.00	               0.00	               0.00	               0.00	         1745029.50	               0.00	         1745029.50	         1745029.50	               0.00	               0.00	               0.00	               0.00	               0.00	               0.00	               0.00	               0.00	               0.00	               0.00	               0.00	               0.00	               0.00	               0.00	               0.00	               0.00	               0.00	               0.00	               0.00	               0.00	               0.00	               0.00	               0.00	               0.00	               0.00	               0.00	        10469303.28	         8724273.78	         1745029.50	        10469303.28	               0.00
*   WBS NL-N-TS2-002-04-05-31      ST work for Repl of	          818520.03	          547520.00	          271000.03	          818520.03	               0.00	               0.00	               0.00	               0.00	               0.00	               0.00	          311520.00	          311520.00	               0.00	          311520.00	               0.00	          236000.00	          236000.00	               0.00	          236000.00	               0.00	               0.00	               0.00	               0.00	               0.00	               0.00	               0.00	               0.00	               0.00	               0.00	               0.00	          271000.03	               0.00	          271000.03	          271000.03	               0.00	               0.00	               0.00	               0.00	               0.00	               0.00	               0.00	               0.00	               0.00	               0.00	               0.00	               0.00	               0.00	               0.00	               0.00	               0.00	               0.00	               0.00	               0.00	               0.00	               0.00	               0.00	               0.00	               0.00	               0.00	               0.00	          818520.03	          547520.00	          271000.03	          818520.03	               0.00
*   WBS NL-N-TS2-002-04-05-32      Reconductoring  Exis	         2147600.03	         1342250.00	          805350.03	         2147600.03	               0.00	               0.00	               0.00	               0.00	               0.00	               0.00	         1342250.00	         1342250.00	               0.00	         1342250.00	               0.00	               0.00	               0.00	               0.00	               0.00	               0.00	               0.00	               0.00	               0.00	               0.00	               0.00	               0.00	               0.00	               0.00	               0.00	               0.00	          805350.03	               0.00	          805350.03	          805350.03	               0.00	               0.00	               0.00	               0.00	               0.00	               0.00	               0.00	               0.00	               0.00	               0.00	               0.00	               0.00	               0.00	               0.00	               0.00	               0.00	               0.00	               0.00	               0.00	               0.00	               0.00	               0.00	               0.00	               0.00	               0.00	               0.00	         2147600.03	         1342250.00	          805350.03	         2147600.03	               0.00
*   WBS NL-N-TS2-002-04-05-33      Supply & Servicing o	        10749857.21	         9446573.20	               0.01	         9446573.21	         1303284.00	               0.00	               0.00	               0.00	               0.00	               0.00	               0.00	               0.00	               0.00	               0.00	               0.00	         8003754.74	         8003754.74	               0.00	         8003754.74	               0.00	         1442818.46	         1442818.46	               0.00	         1442818.46	               0.00	               0.00	               0.00	               0.00	               0.00	               0.00	         1303284.01	               0.00	               0.01	               0.01	         1303284.00	               0.00	               0.00	               0.00	               0.00	               0.00	               0.00	               0.00	               0.00	               0.00	               0.00	               0.00	               0.00	               0.00	               0.00	               0.00	               0.00	               0.00	               0.00	               0.00	               0.00	               0.00	               0.00	               0.00	               0.00	               0.00	        10749857.21	         9446573.20	               0.01	         9446573.21	         1303284.00
*   WBS NL-N-TS2-002-04-05-34      Supply and installat	         9956000.00	               0.00	         9956000.00	         9956000.00	               0.00	               0.00	               0.00	               0.00	               0.00	               0.00	               0.00	               0.00	               0.00	               0.00	               0.00	               0.00	               0.00	               0.00	               0.00	               0.00	               0.00	               0.00	               0.00	               0.00	               0.00	               0.00	               0.00	               0.00	               0.00	               0.00	         9956000.00	               0.00	         9956000.00	         9956000.00	               0.00	               0.00	               0.00	               0.00	               0.00	               0.00	               0.00	               0.00	               0.00	               0.00	               0.00	               0.00	               0.00	               0.00	               0.00	               0.00	               0.00	               0.00	               0.00	               0.00	               0.00	               0.00	               0.00	               0.00	               0.00	               0.00	         9956000.00	               0.00	         9956000.00	         9956000.00	               0.00
*   WBS NL-N-TS2-002-04-05-35      Comm of 230 kv 1200	       136500000.36	               0.00	       136500000.36	       136500000.36	               0.00	               0.00	               0.00	               0.00	               0.00	               0.00	               0.00	               0.00	               0.00	               0.00	               0.00	               0.00	               0.00	               0.00	               0.00	               0.00	               0.00	               0.00	               0.00	               0.00	               0.00	               0.00	               0.00	               0.00	               0.00	               0.00	       136500000.36	               0.00	       136500000.36	       136500000.36	               0.00	               0.00	               0.00	               0.00	               0.00	               0.00	               0.00	               0.00	               0.00	               0.00	               0.00	               0.00	               0.00	               0.00	               0.00	               0.00	               0.00	               0.00	               0.00	               0.00	               0.00	               0.00	               0.00	               0.00	               0.00	               0.00	       136500000.36	               0.00	       136500000.36	       136500000.36	               0.00
*   WBS NL-N-TS2-002-04-05-36      PUR OF 360KV 20KA LI	         3073251.00	         3073251.00	               0.00	         3073251.00	               0.00	               0.00	               0.00	               0.00	               0.00	               0.00	               0.00	               0.00	               0.00	               0.00	               0.00	               0.00	               0.00	               0.00	               0.00	               0.00	               0.00	               0.00	               0.00	               0.00	               0.00	         3073251.00	         3073251.00	               0.00	         3073251.00	               0.00	               0.00	               0.00	               0.00	               0.00	               0.00	               0.00	               0.00	               0.00	               0.00	               0.00	               0.00	               0.00	               0.00	               0.00	               0.00	               0.00	               0.00	               0.00	               0.00	               0.00	               0.00	               0.00	               0.00	               0.00	               0.00	               0.00	               0.00	               0.00	               0.00	               0.00	         3073251.00	         3073251.00	               0.00	         3073251.00	               0.00
*   WBS NL-N-TS2-002-04-05-37      PUR OF 360KV 20KA LI	        13246674.03	        13246674.03	               0.00	        13246674.03	               0.00	               0.00	               0.00	               0.00	               0.00	               0.00	               0.00	               0.00	               0.00	               0.00	               0.00	               0.00	               0.00	               0.00	               0.00	               0.00	               0.00	               0.00	               0.00	               0.00	               0.00	        13246674.03	        13246674.03	               0.00	        13246674.03	               0.00	               0.00	               0.00	               0.00	               0.00	               0.00	               0.00	               0.00	               0.00	               0.00	               0.00	               0.00	               0.00	               0.00	               0.00	               0.00	               0.00	               0.00	               0.00	               0.00	               0.00	               0.00	               0.00	               0.00	               0.00	               0.00	               0.00	               0.00	               0.00	               0.00	               0.00	        13246674.03	        13246674.03	               0.00	        13246674.03	               0.00
*   WBS NL-N-TS2-002-04-05-39      4T BATTERY OPERATED	         8599953.13	               0.00	         8599953.13	         8599953.13	               0.00	               0.00	               0.00	               0.00	               0.00	               0.00	               0.00	               0.00	               0.00	               0.00	               0.00	               0.00	               0.00	               0.00	               0.00	               0.00	               0.00	               0.00	               0.00	               0.00	               0.00	               0.00	               0.00	               0.00	               0.00	               0.00	         8599953.13	               0.00	         8599953.13	         8599953.13	               0.00	               0.00	               0.00	               0.00	               0.00	               0.00	               0.00	               0.00	               0.00	               0.00	               0.00	               0.00	               0.00	               0.00	               0.00	               0.00	               0.00	               0.00	               0.00	               0.00	               0.00	               0.00	               0.00	               0.00	               0.00	               0.00	         8599953.13	               0.00	         8599953.13	         8599953.13	               0.00
*   WBS NL-N-TS2-002-04-05-40      SF6 GAS ANALYZER	         2168250.00	               0.00	         2168250.00	         2168250.00	               0.00	               0.00	               0.00	               0.00	               0.00	               0.00	               0.00	               0.00	               0.00	               0.00	               0.00	               0.00	               0.00	               0.00	               0.00	               0.00	               0.00	               0.00	               0.00	               0.00	               0.00	               0.00	               0.00	               0.00	               0.00	               0.00	         2168250.00	               0.00	         2168250.00	         2168250.00	               0.00	               0.00	               0.00	               0.00	               0.00	               0.00	               0.00	               0.00	               0.00	               0.00	               0.00	               0.00	               0.00	               0.00	               0.00	               0.00	               0.00	               0.00	               0.00	               0.00	               0.00	               0.00	               0.00	               0.00	               0.00	               0.00	         2168250.00	               0.00	         2168250.00	         2168250.00	               0.00
*   WBS NL-N-TS2-002-04-05-41      245kv SIEMENS CIRCUI	         8563119.87	         7439059.84	         1124060.03	         8563119.87	               0.00	               0.00	               0.00	               0.00	               0.00	               0.00	               0.00	               0.00	               0.00	               0.00	               0.00	               0.00	               0.00	               0.00	               0.00	               0.00	               0.00	               0.00	               0.00	               0.00	               0.00	         7439059.84	         7439059.84	               0.00	         7439059.84	               0.00	         1124060.03	               0.00	         1124060.03	         1124060.03	               0.00	               0.00	               0.00	               0.00	               0.00	               0.00	               0.00	               0.00	               0.00	               0.00	               0.00	               0.00	               0.00	               0.00	               0.00	               0.00	               0.00	               0.00	               0.00	               0.00	               0.00	               0.00	               0.00	               0.00	               0.00	               0.00	         8563119.87	         7439059.84	         1124060.03	         8563119.87	               0.00
*   WBS NL-N-TS2-002-04-05-42      BACK-UP COVER AND EA	          596047.50	               0.00	          596047.50	          596047.50	               0.00	               0.00	               0.00	               0.00	               0.00	               0.00	               0.00	               0.00	               0.00	               0.00	               0.00	               0.00	               0.00	               0.00	               0.00	               0.00	               0.00	               0.00	               0.00	               0.00	               0.00	               0.00	               0.00	               0.00	               0.00	               0.00	          596047.50	               0.00	          596047.50	          596047.50	               0.00	               0.00	               0.00	               0.00	               0.00	               0.00	               0.00	               0.00	               0.00	               0.00	               0.00	               0.00	               0.00	               0.00	               0.00	               0.00	               0.00	               0.00	               0.00	               0.00	               0.00	               0.00	               0.00	               0.00	               0.00	               0.00	          596047.50	               0.00	          596047.50	          596047.50	               0.00
*   WBS NL-N-TS2-002-04-05-43      PROCUREMENT OF 3NOS	         1937263.00	               0.00	         1937263.00	         1937263.00	               0.00	               0.00	               0.00	               0.00	               0.00	               0.00	               0.00	               0.00	               0.00	               0.00	               0.00	               0.00	               0.00	               0.00	               0.00	               0.00	               0.00	               0.00	               0.00	               0.00	               0.00	               0.00	               0.00	               0.00	               0.00	               0.00	         1937263.00	               0.00	         1937263.00	         1937263.00	               0.00	               0.00	               0.00	               0.00	               0.00	               0.00	               0.00	               0.00	               0.00	               0.00	               0.00	               0.00	               0.00	               0.00	               0.00	               0.00	               0.00	               0.00	               0.00	               0.00	               0.00	               0.00	               0.00	               0.00	               0.00	               0.00	         1937263.00	               0.00	         1937263.00	         1937263.00	               0.00
*   WBS NL-N-TS2-002-04-05-45      Schneider control sp	          263918.80	               0.00	          263918.80	          263918.80	               0.00	               0.00	               0.00	               0.00	               0.00	               0.00	               0.00	               0.00	               0.00	               0.00	               0.00	               0.00	               0.00	               0.00	               0.00	               0.00	               0.00	               0.00	               0.00	               0.00	               0.00	               0.00	               0.00	               0.00	               0.00	               0.00	          263918.80	               0.00	          263918.80	          263918.80	               0.00	               0.00	               0.00	               0.00	               0.00	               0.00	               0.00	               0.00	               0.00	               0.00	               0.00	               0.00	               0.00	               0.00	               0.00	               0.00	               0.00	               0.00	               0.00	               0.00	               0.00	               0.00	               0.00	               0.00	               0.00	               0.00	          263918.80	               0.00	          263918.80	          263918.80	               0.00
*   WBS NL-N-TS2-002-04-05-46      400 kV SF6 Spring op	        15780000.00	               0.00	        15780000.00	        15780000.00	               0.00	               0.00	               0.00	               0.00	               0.00	               0.00	               0.00	               0.00	               0.00	               0.00	               0.00	               0.00	               0.00	               0.00	               0.00	               0.00	               0.00	               0.00	               0.00	               0.00	               0.00	               0.00	               0.00	               0.00	               0.00	               0.00	        15780000.00	               0.00	        15780000.00	        15780000.00	               0.00	               0.00	               0.00	               0.00	               0.00	               0.00	               0.00	               0.00	               0.00	               0.00	               0.00	               0.00	               0.00	               0.00	               0.00	               0.00	               0.00	               0.00	               0.00	               0.00	               0.00	               0.00	               0.00	               0.00	               0.00	               0.00	        15780000.00	               0.00	        15780000.00	        15780000.00	               0.00
*   WBS NL-N-TS2-002-04-05-47      Retrofit of RTU Remo	        14304490.00	               0.00	        14304490.00	        14304490.00	               0.00	               0.00	               0.00	               0.00	               0.00	               0.00	               0.00	               0.00	               0.00	               0.00	               0.00	               0.00	               0.00	               0.00	               0.00	               0.00	               0.00	               0.00	               0.00	               0.00	               0.00	               0.00	               0.00	               0.00	               0.00	               0.00	        14304490.00	               0.00	        14304490.00	        14304490.00	               0.00	               0.00	               0.00	               0.00	               0.00	               0.00	               0.00	               0.00	               0.00	               0.00	               0.00	               0.00	               0.00	               0.00	               0.00	               0.00	               0.00	               0.00	               0.00	               0.00	               0.00	               0.00	               0.00	               0.00	               0.00	               0.00	        14304490.00	               0.00	        14304490.00	        14304490.00	               0.00
*   WBS NL-N-TS2-002-04-05-48      UPGRADE PHASE 1 PLC	         7345330.00	               0.00	         7345330.00	         7345330.00	               0.00	               0.00	               0.00	               0.00	               0.00	               0.00	               0.00	               0.00	               0.00	               0.00	               0.00	               0.00	               0.00	               0.00	               0.00	               0.00	               0.00	               0.00	               0.00	               0.00	               0.00	               0.00	               0.00	               0.00	               0.00	               0.00	         7345330.00	               0.00	         7345330.00	         7345330.00	               0.00	               0.00	               0.00	               0.00	               0.00	               0.00	               0.00	               0.00	               0.00	               0.00	               0.00	               0.00	               0.00	               0.00	               0.00	               0.00	               0.00	               0.00	               0.00	               0.00	               0.00	               0.00	               0.00	               0.00	               0.00	               0.00	         7345330.00	               0.00	         7345330.00	         7345330.00	               0.00
**  WBS NL-N-TS2-002-04-06         MRT	        46393250.06	         9467363.35	        36925886.71	        46393250.06	               0.00	               0.00	               0.00	               0.00	               0.00	               0.00	               0.00	               0.00	               0.00	               0.00	               0.00	         1148068.01	         1148068.01	               0.00	         1148068.01	               0.00	         7818092.90	         7818092.90	               0.00	         7818092.90	               0.00	          501202.44	          501202.44	               0.00	          501202.44	               0.00	        36925886.71	               0.00	        36925886.71	        36925886.71	               0.00	               0.00	               0.00	               0.00	               0.00	               0.00	               0.00	               0.00	               0.00	               0.00	               0.00	               0.00	               0.00	               0.00	               0.00	               0.00	               0.00	               0.00	               0.00	               0.00	               0.00	               0.00	               0.00	               0.00	               0.00	               0.00	        46393250.06	         9467363.35	        36925886.71	        46393250.06	               0.00
*   WBS NL-N-TS2-002-04-06-02      Numerical Motor Prot	               0.00	               0.00	               0.00	               0.00	               0.00	               0.00	               0.00	               0.00	               0.00	               0.00	               0.00	               0.00	               0.00	               0.00	               0.00	               0.00	               0.00	               0.00	               0.00	               0.00	               0.00	               0.00	               0.00	               0.00	               0.00	               0.00	               0.00	               0.00	               0.00	               0.00	               0.00	               0.00	               0.00	               0.00	               0.00	               0.00	               0.00	               0.00	               0.00	               0.00	               0.00	               0.00	               0.00	               0.00	               0.00	               0.00	               0.00	               0.00	               0.00	               0.00	               0.00	               0.00	               0.00	               0.00	               0.00	               0.00	               0.00	               0.00	               0.00	               0.00	               0.00	               0.00	               0.00	               0.00	               0.00
*   WBS NL-N-TS2-002-04-06-03      Insulation Resistanc	         1148068.01	         1148068.01	               0.00	         1148068.01	               0.00	               0.00	               0.00	               0.00	               0.00	               0.00	               0.00	               0.00	               0.00	               0.00	               0.00	         1148068.01	         1148068.01	               0.00	         1148068.01	               0.00	               0.00	               0.00	               0.00	               0.00	               0.00	               0.00	               0.00	               0.00	               0.00	               0.00	               0.00	               0.00	               0.00	               0.00	               0.00	               0.00	               0.00	               0.00	               0.00	               0.00	               0.00	               0.00	               0.00	               0.00	               0.00	               0.00	               0.00	               0.00	               0.00	               0.00	               0.00	               0.00	               0.00	               0.00	               0.00	               0.00	               0.00	               0.00	               0.00	               0.00	         1148068.01	         1148068.01	               0.00	         1148068.01	               0.00
*   WBS NL-N-TS2-002-04-06-04      Procurement of Break	               0.00	               0.00	               0.00	               0.00	               0.00	               0.00	               0.00	               0.00	               0.00	               0.00	               0.00	               0.00	               0.00	               0.00	               0.00	               0.00	               0.00	               0.00	               0.00	               0.00	               0.00	               0.00	               0.00	               0.00	               0.00	               0.00	               0.00	               0.00	               0.00	               0.00	               0.00	               0.00	               0.00	               0.00	               0.00	               0.00	               0.00	               0.00	               0.00	               0.00	               0.00	               0.00	               0.00	               0.00	               0.00	               0.00	               0.00	               0.00	               0.00	               0.00	               0.00	               0.00	               0.00	               0.00	               0.00	               0.00	               0.00	               0.00	               0.00	               0.00	               0.00	               0.00	               0.00	               0.00	               0.00
*   WBS NL-N-TS2-002-04-06-05      DELTA 4110 Megger ma	         5861591.10	         5861591.10	               0.00	         5861591.10	               0.00	               0.00	               0.00	               0.00	               0.00	               0.00	               0.00	               0.00	               0.00	               0.00	               0.00	               0.00	               0.00	               0.00	               0.00	               0.00	         5861591.10	         5861591.10	               0.00	         5861591.10	               0.00	               0.00	               0.00	               0.00	               0.00	               0.00	               0.00	               0.00	               0.00	               0.00	               0.00	               0.00	               0.00	               0.00	               0.00	               0.00	               0.00	               0.00	               0.00	               0.00	               0.00	               0.00	               0.00	               0.00	               0.00	               0.00	               0.00	               0.00	               0.00	               0.00	               0.00	               0.00	               0.00	               0.00	               0.00	               0.00	         5861591.10	         5861591.10	               0.00	         5861591.10	               0.00
*   WBS NL-N-TS2-002-04-06-06      Over current/Neutral	          785560.02	          785560.02	               0.00	          785560.02	               0.00	               0.00	               0.00	               0.00	               0.00	               0.00	               0.00	               0.00	               0.00	               0.00	               0.00	               0.00	               0.00	               0.00	               0.00	               0.00	          785560.02	          785560.02	               0.00	          785560.02	               0.00	               0.00	               0.00	               0.00	               0.00	               0.00	               0.00	               0.00	               0.00	               0.00	               0.00	               0.00	               0.00	               0.00	               0.00	               0.00	               0.00	               0.00	               0.00	               0.00	               0.00	               0.00	               0.00	               0.00	               0.00	               0.00	               0.00	               0.00	               0.00	               0.00	               0.00	               0.00	               0.00	               0.00	               0.00	               0.00	          785560.02	          785560.02	               0.00	          785560.02	               0.00
*   WBS NL-N-TS2-002-04-06-07      Procurement of new I	         8575500.00	               0.00	         8575500.00	         8575500.00	               0.00	               0.00	               0.00	               0.00	               0.00	               0.00	               0.00	               0.00	               0.00	               0.00	               0.00	               0.00	               0.00	               0.00	               0.00	               0.00	               0.00	               0.00	               0.00	               0.00	               0.00	               0.00	               0.00	               0.00	               0.00	               0.00	         8575500.00	               0.00	         8575500.00	         8575500.00	               0.00	               0.00	               0.00	               0.00	               0.00	               0.00	               0.00	               0.00	               0.00	               0.00	               0.00	               0.00	               0.00	               0.00	               0.00	               0.00	               0.00	               0.00	               0.00	               0.00	               0.00	               0.00	               0.00	               0.00	               0.00	               0.00	         8575500.00	               0.00	         8575500.00	         8575500.00	               0.00
*   WBS NL-N-TS2-002-04-06-08      purchase of 3 phase	         1170941.78	         1170941.78	               0.00	         1170941.78	               0.00	               0.00	               0.00	               0.00	               0.00	               0.00	               0.00	               0.00	               0.00	               0.00	               0.00	               0.00	               0.00	               0.00	               0.00	               0.00	         1170941.78	         1170941.78	               0.00	         1170941.78	               0.00	               0.00	               0.00	               0.00	               0.00	               0.00	               0.00	               0.00	               0.00	               0.00	               0.00	               0.00	               0.00	               0.00	               0.00	               0.00	               0.00	               0.00	               0.00	               0.00	               0.00	               0.00	               0.00	               0.00	               0.00	               0.00	               0.00	               0.00	               0.00	               0.00	               0.00	               0.00	               0.00	               0.00	               0.00	               0.00	         1170941.78	         1170941.78	               0.00	         1170941.78	               0.00
*   WBS NL-N-TS2-002-04-06-09      NUMERICAL MOTOR PROT	          501202.44	          501202.44	               0.00	          501202.44	               0.00	               0.00	               0.00	               0.00	               0.00	               0.00	               0.00	               0.00	               0.00	               0.00	               0.00	               0.00	               0.00	               0.00	               0.00	               0.00	               0.00	               0.00	               0.00	               0.00	               0.00	          501202.44	          501202.44	               0.00	          501202.44	               0.00	               0.00	               0.00	               0.00	               0.00	               0.00	               0.00	               0.00	               0.00	               0.00	               0.00	               0.00	               0.00	               0.00	               0.00	               0.00	               0.00	               0.00	               0.00	               0.00	               0.00	               0.00	               0.00	               0.00	               0.00	               0.00	               0.00	               0.00	               0.00	               0.00	               0.00	          501202.44	          501202.44	               0.00	          501202.44	               0.00
*   WBS NL-N-TS2-002-04-06-10      3 phase Automatic T/	         2338878.00	               0.00	         2338878.00	         2338878.00	               0.00	               0.00	               0.00	               0.00	               0.00	               0.00	               0.00	               0.00	               0.00	               0.00	               0.00	               0.00	               0.00	               0.00	               0.00	               0.00	               0.00	               0.00	               0.00	               0.00	               0.00	               0.00	               0.00	               0.00	               0.00	               0.00	         2338878.00	               0.00	         2338878.00	         2338878.00	               0.00	               0.00	               0.00	               0.00	               0.00	               0.00	               0.00	               0.00	               0.00	               0.00	               0.00	               0.00	               0.00	               0.00	               0.00	               0.00	               0.00	               0.00	               0.00	               0.00	               0.00	               0.00	               0.00	               0.00	               0.00	               0.00	         2338878.00	               0.00	         2338878.00	         2338878.00	               0.00
*   WBS NL-N-TS2-002-04-06-11      Num microprocsr moto	        20659657.71	               0.00	        20659657.71	        20659657.71	               0.00	               0.00	               0.00	               0.00	               0.00	               0.00	               0.00	               0.00	               0.00	               0.00	               0.00	               0.00	               0.00	               0.00	               0.00	               0.00	               0.00	               0.00	               0.00	               0.00	               0.00	               0.00	               0.00	               0.00	               0.00	               0.00	        20659657.71	               0.00	        20659657.71	        20659657.71	               0.00	               0.00	               0.00	               0.00	               0.00	               0.00	               0.00	               0.00	               0.00	               0.00	               0.00	               0.00	               0.00	               0.00	               0.00	               0.00	               0.00	               0.00	               0.00	               0.00	               0.00	               0.00	               0.00	               0.00	               0.00	               0.00	        20659657.71	               0.00	        20659657.71	        20659657.71	               0.00
*   WBS NL-N-TS2-002-04-06-12      3phase Transf windg	         5351851.00	               0.00	         5351851.00	         5351851.00	               0.00	               0.00	               0.00	               0.00	               0.00	               0.00	               0.00	               0.00	               0.00	               0.00	               0.00	               0.00	               0.00	               0.00	               0.00	               0.00	               0.00	               0.00	               0.00	               0.00	               0.00	               0.00	               0.00	               0.00	               0.00	               0.00	         5351851.00	               0.00	         5351851.00	         5351851.00	               0.00	               0.00	               0.00	               0.00	               0.00	               0.00	               0.00	               0.00	               0.00	               0.00	               0.00	               0.00	               0.00	               0.00	               0.00	               0.00	               0.00	               0.00	               0.00	               0.00	               0.00	               0.00	               0.00	               0.00	               0.00	               0.00	         5351851.00	               0.00	         5351851.00	         5351851.00	               0.00
**  WBS NL-N-TS2-002-04-07         ELECTRICAL MAINTENAN	      1367473091.26	       398624420.09	       943657042.81	      1342281462.90	        25191628.36	               0.00	               0.00	               0.00	               0.00	               0.00	               0.00	               0.00	               0.00	               0.00	               0.00	        50988118.92	        50988118.92	               0.00	        50988118.92	               0.00	       143839498.43	       143830648.43	               0.00	       143830648.43	            8850.00	       194548770.15	       194538020.35	               0.00	       194538020.35	           10749.80	       971303283.80	         9267632.39	       943657042.81	       952924675.20	        18378608.60	               0.00	               0.00	               0.00	               0.00	               0.00	               0.00	               0.00	               0.00	               0.00	               0.00	               0.00	               0.00	               0.00	               0.00	               0.00	               0.00	               0.00	               0.00	               0.00	               0.00	               0.00	               0.00	               0.00	               0.00	               0.00	      1360679671.30	       398624420.09	       943657042.81	      1342281462.90	        18398208.40
*   WBS NL-N-TS2-002-04-07-01      DSES-Field discharge	         1852052.04	         1852052.04	               0.00	         1852052.04	               0.00	               0.00	               0.00	               0.00	               0.00	               0.00	               0.00	               0.00	               0.00	               0.00	               0.00	         1852052.04	         1852052.04	               0.00	         1852052.04	               0.00	               0.00	               0.00	               0.00	               0.00	               0.00	               0.00	               0.00	               0.00	               0.00	               0.00	               0.00	               0.00	               0.00	               0.00	               0.00	               0.00	               0.00	               0.00	               0.00	               0.00	               0.00	               0.00	               0.00	               0.00	               0.00	               0.00	               0.00	               0.00	               0.00	               0.00	               0.00	               0.00	               0.00	               0.00	               0.00	               0.00	               0.00	               0.00	               0.00	               0.00	         1852052.04	         1852052.04	               0.00	         1852052.04	               0.00
*   WBS NL-N-TS2-002-04-07-02      BHEL HVR T/F ESP STG	        18074656.90	        18074656.90	               0.00	        18074656.90	               0.00	               0.00	               0.00	               0.00	               0.00	               0.00	               0.00	               0.00	               0.00	               0.00	               0.00	               0.00	               0.00	               0.00	               0.00	               0.00	        18074656.90	        18074656.90	               0.00	        18074656.90	               0.00	               0.00	               0.00	               0.00	               0.00	               0.00	               0.00	               0.00	               0.00	               0.00	               0.00	               0.00	               0.00	               0.00	               0.00	               0.00	               0.00	               0.00	               0.00	               0.00	               0.00	               0.00	               0.00	               0.00	               0.00	               0.00	               0.00	               0.00	               0.00	               0.00	               0.00	               0.00	               0.00	               0.00	               0.00	               0.00	        18074656.90	        18074656.90	               0.00	        18074656.90	               0.00
*   WBS NL-N-TS2-002-04-07-03      Upgradation of DSES	        59473074.64	        52131545.98	         2891042.66	        55022588.64	         4450486.00	               0.00	               0.00	               0.00	               0.00	               0.00	               0.00	               0.00	               0.00	               0.00	               0.00	               0.00	               0.00	               0.00	               0.00	               0.00	        52131545.98	        52131545.98	               0.00	        52131545.98	               0.00	               0.00	               0.00	               0.00	               0.00	               0.00	         7276195.66	               0.00	         2891042.66	         2891042.66	         4385153.00	               0.00	               0.00	               0.00	               0.00	               0.00	               0.00	               0.00	               0.00	               0.00	               0.00	               0.00	               0.00	               0.00	               0.00	               0.00	               0.00	               0.00	               0.00	               0.00	               0.00	               0.00	               0.00	               0.00	               0.00	               0.00	        59407741.64	        52131545.98	         2891042.66	        55022588.64	         4385153.00
*   WBS NL-N-TS2-002-04-07-04      Monorail of stage 1	         1119128.03	         1108728.00	           10400.03	         1119128.03	               0.00	               0.00	               0.00	               0.00	               0.00	               0.00	               0.00	               0.00	               0.00	               0.00	               0.00	               0.00	               0.00	               0.00	               0.00	               0.00	         1108728.00	         1108728.00	               0.00	         1108728.00	               0.00	               0.00	               0.00	               0.00	               0.00	               0.00	           10400.03	               0.00	           10400.03	           10400.03	               0.00	               0.00	               0.00	               0.00	               0.00	               0.00	               0.00	               0.00	               0.00	               0.00	               0.00	               0.00	               0.00	               0.00	               0.00	               0.00	               0.00	               0.00	               0.00	               0.00	               0.00	               0.00	               0.00	               0.00	               0.00	               0.00	         1119128.03	         1108728.00	           10400.03	         1119128.03	               0.00
*   WBS NL-N-TS2-002-04-07-05      Purchase of Motorola	         2297460.00	         2213680.00	           83780.00	         2297460.00	               0.00	               0.00	               0.00	               0.00	               0.00	               0.00	               0.00	               0.00	               0.00	               0.00	               0.00	               0.00	               0.00	               0.00	               0.00	               0.00	               0.00	               0.00	               0.00	               0.00	               0.00	         2213680.00	         2213680.00	               0.00	         2213680.00	               0.00	           83780.00	               0.00	           83780.00	           83780.00	               0.00	               0.00	               0.00	               0.00	               0.00	               0.00	               0.00	               0.00	               0.00	               0.00	               0.00	               0.00	               0.00	               0.00	               0.00	               0.00	               0.00	               0.00	               0.00	               0.00	               0.00	               0.00	               0.00	               0.00	               0.00	               0.00	         2297460.00	         2213680.00	           83780.00	         2297460.00	               0.00
*   WBS NL-N-TS2-002-04-07-06      Tranformer oil BDV t	          997510.01	          997510.01	               0.00	          997510.01	               0.00	               0.00	               0.00	               0.00	               0.00	               0.00	               0.00	               0.00	               0.00	               0.00	               0.00	          997510.01	          997510.01	               0.00	          997510.01	               0.00	               0.00	               0.00	               0.00	               0.00	               0.00	               0.00	               0.00	               0.00	               0.00	               0.00	               0.00	               0.00	               0.00	               0.00	               0.00	               0.00	               0.00	               0.00	               0.00	               0.00	               0.00	               0.00	               0.00	               0.00	               0.00	               0.00	               0.00	               0.00	               0.00	               0.00	               0.00	               0.00	               0.00	               0.00	               0.00	               0.00	               0.00	               0.00	               0.00	               0.00	          997510.01	          997510.01	               0.00	          997510.01	               0.00
*   WBS NL-N-TS2-002-04-07-07      SES and VFD	               0.00	               0.00	               0.00	               0.00	               0.00	               0.00	               0.00	               0.00	               0.00	               0.00	               0.00	               0.00	               0.00	               0.00	               0.00	               0.00	               0.00	               0.00	               0.00	               0.00	               0.00	               0.00	               0.00	               0.00	               0.00	               0.00	               0.00	               0.00	               0.00	               0.00	               0.00	               0.00	               0.00	               0.00	               0.00	               0.00	               0.00	               0.00	               0.00	               0.00	               0.00	               0.00	               0.00	               0.00	               0.00	               0.00	               0.00	               0.00	               0.00	               0.00	               0.00	               0.00	               0.00	               0.00	               0.00	               0.00	               0.00	               0.00	               0.00	               0.00	               0.00	               0.00	               0.00	               0.00	               0.00
*   WBS NL-N-TS2-002-04-07-08      Rectifier Spares of	          255262.00	               0.00	          255262.00	          255262.00	               0.00	               0.00	               0.00	               0.00	               0.00	               0.00	               0.00	               0.00	               0.00	               0.00	               0.00	               0.00	               0.00	               0.00	               0.00	               0.00	               0.00	               0.00	               0.00	               0.00	               0.00	               0.00	               0.00	               0.00	               0.00	               0.00	          255262.00	               0.00	          255262.00	          255262.00	               0.00	               0.00	               0.00	               0.00	               0.00	               0.00	               0.00	               0.00	               0.00	               0.00	               0.00	               0.00	               0.00	               0.00	               0.00	               0.00	               0.00	               0.00	               0.00	               0.00	               0.00	               0.00	               0.00	               0.00	               0.00	               0.00	          255262.00	               0.00	          255262.00	          255262.00	               0.00
*   WBS NL-N-TS2-002-04-07-09      ST contract work for	         6360200.08	         6042190.00	          318010.08	         6360200.08	               0.00	               0.00	               0.00	               0.00	               0.00	               0.00	               0.00	               0.00	               0.00	               0.00	               0.00	               0.00	               0.00	               0.00	               0.00	               0.00	         6042190.00	         6042190.00	               0.00	         6042190.00	               0.00	               0.00	               0.00	               0.00	               0.00	               0.00	          318010.08	               0.00	          318010.08	          318010.08	               0.00	               0.00	               0.00	               0.00	               0.00	               0.00	               0.00	               0.00	               0.00	               0.00	               0.00	               0.00	               0.00	               0.00	               0.00	               0.00	               0.00	               0.00	               0.00	               0.00	               0.00	               0.00	               0.00	               0.00	               0.00	               0.00	         6360200.08	         6042190.00	          318010.08	         6360200.08	               0.00
*   WBS NL-N-TS2-002-04-07-10      Pur of self propelle	         4307000.00	         4307000.00	               0.00	         4307000.00	               0.00	               0.00	               0.00	               0.00	               0.00	               0.00	               0.00	               0.00	               0.00	               0.00	               0.00	               0.00	               0.00	               0.00	               0.00	               0.00	               0.00	               0.00	               0.00	               0.00	               0.00	         4307000.00	         4307000.00	               0.00	         4307000.00	               0.00	               0.00	               0.00	               0.00	               0.00	               0.00	               0.00	               0.00	               0.00	               0.00	               0.00	               0.00	               0.00	               0.00	               0.00	               0.00	               0.00	               0.00	               0.00	               0.00	               0.00	               0.00	               0.00	               0.00	               0.00	               0.00	               0.00	               0.00	               0.00	               0.00	               0.00	         4307000.00	         4307000.00	               0.00	         4307000.00	               0.00
*   WBS NL-N-TS2-002-04-07-11      ST work for Overhaul	         4729109.58	         4365065.81	          205683.77	         4570749.58	          158360.00	               0.00	               0.00	               0.00	               0.00	               0.00	               0.00	               0.00	               0.00	               0.00	               0.00	               0.00	               0.00	               0.00	               0.00	               0.00	         4118999.70	         4118999.70	               0.00	         4118999.70	               0.00	          246066.11	          246066.11	               0.00	          246066.11	               0.00	          205683.77	               0.00	          205683.77	          205683.77	               0.00	               0.00	               0.00	               0.00	               0.00	               0.00	               0.00	               0.00	               0.00	               0.00	               0.00	               0.00	               0.00	               0.00	               0.00	               0.00	               0.00	               0.00	               0.00	               0.00	               0.00	               0.00	               0.00	               0.00	               0.00	               0.00	         4570749.58	         4365065.81	          205683.77	         4570749.58	               0.00
*   WBS NL-N-TS2-002-04-07-12      Purchase of Thermal	          835208.83	          835208.83	               0.00	          835208.83	               0.00	               0.00	               0.00	               0.00	               0.00	               0.00	               0.00	               0.00	               0.00	               0.00	               0.00	               0.00	               0.00	               0.00	               0.00	               0.00	          835208.83	          835208.83	               0.00	          835208.83	               0.00	               0.00	               0.00	               0.00	               0.00	               0.00	               0.00	               0.00	               0.00	               0.00	               0.00	               0.00	               0.00	               0.00	               0.00	               0.00	               0.00	               0.00	               0.00	               0.00	               0.00	               0.00	               0.00	               0.00	               0.00	               0.00	               0.00	               0.00	               0.00	               0.00	               0.00	               0.00	               0.00	               0.00	               0.00	               0.00	          835208.83	          835208.83	               0.00	          835208.83	               0.00
*   WBS NL-N-TS2-002-04-07-13      Retrofitting of stag	         2560110.89	         2560110.89	               0.00	         2560110.89	               0.00	               0.00	               0.00	               0.00	               0.00	               0.00	               0.00	               0.00	               0.00	               0.00	               0.00	               0.00	               0.00	               0.00	               0.00	               0.00	               0.00	               0.00	               0.00	               0.00	               0.00	         2560110.89	         2560110.89	               0.00	         2560110.89	               0.00	               0.00	               0.00	               0.00	               0.00	               0.00	               0.00	               0.00	               0.00	               0.00	               0.00	               0.00	               0.00	               0.00	               0.00	               0.00	               0.00	               0.00	               0.00	               0.00	               0.00	               0.00	               0.00	               0.00	               0.00	               0.00	               0.00	               0.00	               0.00	               0.00	               0.00	         2560110.89	         2560110.89	               0.00	         2560110.89	               0.00
*   WBS NL-N-TS2-002-04-07-14      HT Motor and cable m	         4759869.97	         4154270.14	          233729.83	         4387999.97	          371870.00	               0.00	               0.00	               0.00	               0.00	               0.00	               0.00	               0.00	               0.00	               0.00	               0.00	               0.00	               0.00	               0.00	               0.00	               0.00	         3545305.76	         3545305.76	               0.00	         3545305.76	               0.00	          608964.38	          608964.38	               0.00	          608964.38	               0.00	          605599.83	               0.00	          233729.83	          233729.83	          371870.00	               0.00	               0.00	               0.00	               0.00	               0.00	               0.00	               0.00	               0.00	               0.00	               0.00	               0.00	               0.00	               0.00	               0.00	               0.00	               0.00	               0.00	               0.00	               0.00	               0.00	               0.00	               0.00	               0.00	               0.00	               0.00	         4759869.97	         4154270.14	          233729.83	         4387999.97	          371870.00
*   WBS NL-N-TS2-002-04-07-15      11000V grade 1C X630	         4623213.75	               0.00	         4623213.75	         4623213.75	               0.00	               0.00	               0.00	               0.00	               0.00	               0.00	               0.00	               0.00	               0.00	               0.00	               0.00	               0.00	               0.00	               0.00	               0.00	               0.00	               0.00	               0.00	               0.00	               0.00	               0.00	               0.00	               0.00	               0.00	               0.00	               0.00	         4623213.75	               0.00	         4623213.75	         4623213.75	               0.00	               0.00	               0.00	               0.00	               0.00	               0.00	               0.00	               0.00	               0.00	               0.00	               0.00	               0.00	               0.00	               0.00	               0.00	               0.00	               0.00	               0.00	               0.00	               0.00	               0.00	               0.00	               0.00	               0.00	               0.00	               0.00	         4623213.75	               0.00	         4623213.75	         4623213.75	               0.00
*   WBS NL-N-TS2-002-04-07-16      Megger make Micro oh	         1382663.44	         1382663.44	               0.00	         1382663.44	               0.00	               0.00	               0.00	               0.00	               0.00	               0.00	               0.00	               0.00	               0.00	               0.00	               0.00	               0.00	               0.00	               0.00	               0.00	               0.00	         1382663.44	         1382663.44	               0.00	         1382663.44	               0.00	               0.00	               0.00	               0.00	               0.00	               0.00	               0.00	               0.00	               0.00	               0.00	               0.00	               0.00	               0.00	               0.00	               0.00	               0.00	               0.00	               0.00	               0.00	               0.00	               0.00	               0.00	               0.00	               0.00	               0.00	               0.00	               0.00	               0.00	               0.00	               0.00	               0.00	               0.00	               0.00	               0.00	               0.00	               0.00	         1382663.44	         1382663.44	               0.00	         1382663.44	               0.00
*   WBS NL-N-TS2-002-04-07-17      Online partial disch	         1806179.01	         1806179.01	               0.00	         1806179.01	               0.00	               0.00	               0.00	               0.00	               0.00	               0.00	               0.00	               0.00	               0.00	               0.00	               0.00	               0.00	               0.00	               0.00	               0.00	               0.00	         1806179.01	         1806179.01	               0.00	         1806179.01	               0.00	               0.00	               0.00	               0.00	               0.00	               0.00	               0.00	               0.00	               0.00	               0.00	               0.00	               0.00	               0.00	               0.00	               0.00	               0.00	               0.00	               0.00	               0.00	               0.00	               0.00	               0.00	               0.00	               0.00	               0.00	               0.00	               0.00	               0.00	               0.00	               0.00	               0.00	               0.00	               0.00	               0.00	               0.00	               0.00	         1806179.01	         1806179.01	               0.00	         1806179.01	               0.00
*   WBS NL-N-TS2-002-04-07-18      Retrofitting of 6.6	        24464160.35	        24464160.35	               0.00	        24464160.35	               0.00	               0.00	               0.00	               0.00	               0.00	               0.00	               0.00	               0.00	               0.00	               0.00	               0.00	          268316.87	          268316.87	               0.00	          268316.87	               0.00	        24195843.48	        24195843.48	               0.00	        24195843.48	               0.00	               0.00	               0.00	               0.00	               0.00	               0.00	               0.00	               0.00	               0.00	               0.00	               0.00	               0.00	               0.00	               0.00	               0.00	               0.00	               0.00	               0.00	               0.00	               0.00	               0.00	               0.00	               0.00	               0.00	               0.00	               0.00	               0.00	               0.00	               0.00	               0.00	               0.00	               0.00	               0.00	               0.00	               0.00	               0.00	        24464160.35	        24464160.35	               0.00	        24464160.35	               0.00
*   WBS NL-N-TS2-002-04-07-19      CEP Motor for St-I 6	         5809486.45	         5809486.45	               0.00	         5809486.45	               0.00	               0.00	               0.00	               0.00	               0.00	               0.00	               0.00	               0.00	               0.00	               0.00	               0.00	               0.00	               0.00	               0.00	               0.00	               0.00	               0.00	               0.00	               0.00	               0.00	               0.00	               0.00	               0.00	               0.00	               0.00	               0.00	         5809486.45	         5809486.45	               0.00	         5809486.45	               0.00	               0.00	               0.00	               0.00	               0.00	               0.00	               0.00	               0.00	               0.00	               0.00	               0.00	               0.00	               0.00	               0.00	               0.00	               0.00	               0.00	               0.00	               0.00	               0.00	               0.00	               0.00	               0.00	               0.00	               0.00	               0.00	         5809486.45	         5809486.45	               0.00	         5809486.45	               0.00
*   WBS NL-N-TS2-002-04-07-20      CAC Motor for DRY as	        13028696.24	        13028696.24	               0.00	        13028696.24	               0.00	               0.00	               0.00	               0.00	               0.00	               0.00	               0.00	               0.00	               0.00	               0.00	               0.00	               0.00	               0.00	               0.00	               0.00	               0.00	               0.00	               0.00	               0.00	               0.00	               0.00	        13028696.24	        13028696.24	               0.00	        13028696.24	               0.00	               0.00	               0.00	               0.00	               0.00	               0.00	               0.00	               0.00	               0.00	               0.00	               0.00	               0.00	               0.00	               0.00	               0.00	               0.00	               0.00	               0.00	               0.00	               0.00	               0.00	               0.00	               0.00	               0.00	               0.00	               0.00	               0.00	               0.00	               0.00	               0.00	               0.00	        13028696.24	        13028696.24	               0.00	        13028696.24	               0.00
*   WBS NL-N-TS2-002-04-07-21      Condition assesment	         1534860.03	         1015390.00	          370850.03	         1386240.03	          148620.00	               0.00	               0.00	               0.00	               0.00	               0.00	               0.00	               0.00	               0.00	               0.00	               0.00	         1024240.00	         1024240.00	               0.00	         1024240.00	               0.00	               0.00	           -8850.00	               0.00	           -8850.00	            8850.00	               0.00	               0.00	               0.00	               0.00	               0.00	          501770.03	               0.00	          370850.03	          370850.03	          130920.00	               0.00	               0.00	               0.00	               0.00	               0.00	               0.00	               0.00	               0.00	               0.00	               0.00	               0.00	               0.00	               0.00	               0.00	               0.00	               0.00	               0.00	               0.00	               0.00	               0.00	               0.00	               0.00	               0.00	               0.00	               0.00	         1526010.03	         1015390.00	          370850.03	         1386240.03	          139770.00
*   WBS NL-N-TS2-002-04-07-22      AC drive  for 3 phas	         5876000.22	         5876000.22	               0.00	         5876000.22	               0.00	               0.00	               0.00	               0.00	               0.00	               0.00	               0.00	               0.00	               0.00	               0.00	               0.00	               0.00	               0.00	               0.00	               0.00	               0.00	         5876000.22	         5876000.22	               0.00	         5876000.22	               0.00	               0.00	               0.00	               0.00	               0.00	               0.00	               0.00	               0.00	               0.00	               0.00	               0.00	               0.00	               0.00	               0.00	               0.00	               0.00	               0.00	               0.00	               0.00	               0.00	               0.00	               0.00	               0.00	               0.00	               0.00	               0.00	               0.00	               0.00	               0.00	               0.00	               0.00	               0.00	               0.00	               0.00	               0.00	               0.00	         5876000.22	         5876000.22	               0.00	         5876000.22	               0.00
*   WBS NL-N-TS2-002-04-07-23      Single Core XLPE cab	        22554870.00	               0.00	        22554870.00	        22554870.00	               0.00	               0.00	               0.00	               0.00	               0.00	               0.00	               0.00	               0.00	               0.00	               0.00	               0.00	               0.00	               0.00	               0.00	               0.00	               0.00	               0.00	               0.00	               0.00	               0.00	               0.00	               0.00	               0.00	               0.00	               0.00	               0.00	        22554870.00	               0.00	        22554870.00	        22554870.00	               0.00	               0.00	               0.00	               0.00	               0.00	               0.00	               0.00	               0.00	               0.00	               0.00	               0.00	               0.00	               0.00	               0.00	               0.00	               0.00	               0.00	               0.00	               0.00	               0.00	               0.00	               0.00	               0.00	               0.00	               0.00	               0.00	        22554870.00	               0.00	        22554870.00	        22554870.00	               0.00
*   WBS NL-N-TS2-002-04-07-25      Rectifi,OH and Testi	        54416928.05	        49520293.00	          700000.05	        50220293.05	         4196635.00	               0.00	               0.00	               0.00	               0.00	               0.00	               0.00	               0.00	               0.00	               0.00	               0.00	        46846000.00	        46846000.00	               0.00	        46846000.00	               0.00	         2674293.00	         2674293.00	               0.00	         2674293.00	               0.00	               0.00	               0.00	               0.00	               0.00	               0.00	         4896635.05	               0.00	          700000.05	          700000.05	         4196635.00	               0.00	               0.00	               0.00	               0.00	               0.00	               0.00	               0.00	               0.00	               0.00	               0.00	               0.00	               0.00	               0.00	               0.00	               0.00	               0.00	               0.00	               0.00	               0.00	               0.00	               0.00	               0.00	               0.00	               0.00	               0.00	        54416928.05	        49520293.00	          700000.05	        50220293.05	         4196635.00
*   WBS NL-N-TS2-002-04-07-26      Servicing of Siemens	         1477165.90	         1442055.89	               0.01	         1442055.90	           35110.00	               0.00	               0.00	               0.00	               0.00	               0.00	               0.00	               0.00	               0.00	               0.00	               0.00	               0.00	               0.00	               0.00	               0.00	               0.00	         1442055.89	         1442055.89	               0.00	         1442055.89	               0.00	               0.00	               0.00	               0.00	               0.00	               0.00	               0.01	               0.00	               0.01	               0.01	               0.00	               0.00	               0.00	               0.00	               0.00	               0.00	               0.00	               0.00	               0.00	               0.00	               0.00	               0.00	               0.00	               0.00	               0.00	               0.00	               0.00	               0.00	               0.00	               0.00	               0.00	               0.00	               0.00	               0.00	               0.00	               0.00	         1442055.90	         1442055.89	               0.01	         1442055.90	               0.00
*   WBS NL-N-TS2-002-04-07-27      Supply insta &comm o	         2037470.90	         1697970.85	          339500.05	         2037470.90	               0.00	               0.00	               0.00	               0.00	               0.00	               0.00	               0.00	               0.00	               0.00	               0.00	               0.00	               0.00	               0.00	               0.00	               0.00	               0.00	               0.00	               0.00	               0.00	               0.00	               0.00	               0.00	               0.00	               0.00	               0.00	               0.00	         2037470.90	         1697970.85	          339500.05	         2037470.90	               0.00	               0.00	               0.00	               0.00	               0.00	               0.00	               0.00	               0.00	               0.00	               0.00	               0.00	               0.00	               0.00	               0.00	               0.00	               0.00	               0.00	               0.00	               0.00	               0.00	               0.00	               0.00	               0.00	               0.00	               0.00	               0.00	         2037470.90	         1697970.85	          339500.05	         2037470.90	               0.00
*   WBS NL-N-TS2-002-04-07-28      Procure and commissi	       313163347.00	               0.00	       313163347.00	       313163347.00	               0.00	               0.00	               0.00	               0.00	               0.00	               0.00	               0.00	               0.00	               0.00	               0.00	               0.00	               0.00	               0.00	               0.00	               0.00	               0.00	               0.00	               0.00	               0.00	               0.00	               0.00	               0.00	               0.00	               0.00	               0.00	               0.00	       313163347.00	               0.00	       313163347.00	       313163347.00	               0.00	               0.00	               0.00	               0.00	               0.00	               0.00	               0.00	               0.00	               0.00	               0.00	               0.00	               0.00	               0.00	               0.00	               0.00	               0.00	               0.00	               0.00	               0.00	               0.00	               0.00	               0.00	               0.00	               0.00	               0.00	               0.00	       313163347.00	               0.00	       313163347.00	       313163347.00	               0.00
*   WBS NL-N-TS2-002-04-07-29      Refurb & rewinding o	        18312245.42	        18312245.36	               0.06	        18312245.42	               0.00	               0.00	               0.00	               0.00	               0.00	               0.00	               0.00	               0.00	               0.00	               0.00	               0.00	               0.00	               0.00	               0.00	               0.00	               0.00	         8266608.00	         8266608.00	               0.00	         8266608.00	               0.00	        10045637.36	        10045637.36	               0.00	        10045637.36	               0.00	               0.06	               0.00	               0.06	               0.06	               0.00	               0.00	               0.00	               0.00	               0.00	               0.00	               0.00	               0.00	               0.00	               0.00	               0.00	               0.00	               0.00	               0.00	               0.00	               0.00	               0.00	               0.00	               0.00	               0.00	               0.00	               0.00	               0.00	               0.00	               0.00	               0.00	        18312245.42	        18312245.36	               0.06	        18312245.42	               0.00
*   WBS NL-N-TS2-002-04-07-30      Purchase of 3 cX240	        12898165.70	               0.00	        12898165.70	        12898165.70	               0.00	               0.00	               0.00	               0.00	               0.00	               0.00	               0.00	               0.00	               0.00	               0.00	               0.00	               0.00	               0.00	               0.00	               0.00	               0.00	               0.00	               0.00	               0.00	               0.00	               0.00	               0.00	               0.00	               0.00	               0.00	               0.00	        12898165.70	               0.00	        12898165.70	        12898165.70	               0.00	               0.00	               0.00	               0.00	               0.00	               0.00	               0.00	               0.00	               0.00	               0.00	               0.00	               0.00	               0.00	               0.00	               0.00	               0.00	               0.00	               0.00	               0.00	               0.00	               0.00	               0.00	               0.00	               0.00	               0.00	               0.00	        12898165.70	               0.00	        12898165.70	        12898165.70	               0.00
*   WBS NL-N-TS2-002-04-07-31      Purchase of Circuit	          112100.00	          112100.00	               0.00	          112100.00	               0.00	               0.00	               0.00	               0.00	               0.00	               0.00	               0.00	               0.00	               0.00	               0.00	               0.00	               0.00	               0.00	               0.00	               0.00	               0.00	          112100.00	          112100.00	               0.00	          112100.00	               0.00	               0.00	               0.00	               0.00	               0.00	               0.00	               0.00	               0.00	               0.00	               0.00	               0.00	               0.00	               0.00	               0.00	               0.00	               0.00	               0.00	               0.00	               0.00	               0.00	               0.00	               0.00	               0.00	               0.00	               0.00	               0.00	               0.00	               0.00	               0.00	               0.00	               0.00	               0.00	               0.00	               0.00	               0.00	               0.00	          112100.00	          112100.00	               0.00	          112100.00	               0.00
*   WBS NL-N-TS2-002-04-07-32      Retrofitting and Upg	        44096000.06	        43896000.00	          200000.06	        44096000.06	               0.00	               0.00	               0.00	               0.00	               0.00	               0.00	               0.00	               0.00	               0.00	               0.00	               0.00	               0.00	               0.00	               0.00	               0.00	               0.00	               0.00	               0.00	               0.00	               0.00	               0.00	        43896000.00	        43896000.00	               0.00	        43896000.00	               0.00	          200000.06	               0.00	          200000.06	          200000.06	               0.00	               0.00	               0.00	               0.00	               0.00	               0.00	               0.00	               0.00	               0.00	               0.00	               0.00	               0.00	               0.00	               0.00	               0.00	               0.00	               0.00	               0.00	               0.00	               0.00	               0.00	               0.00	               0.00	               0.00	               0.00	               0.00	        44096000.06	        43896000.00	          200000.06	        44096000.06	               0.00
*   WBS NL-N-TS2-002-04-07-33      DCS 800 Converter un	         1970600.00	         1970600.00	               0.00	         1970600.00	               0.00	               0.00	               0.00	               0.00	               0.00	               0.00	               0.00	               0.00	               0.00	               0.00	               0.00	               0.00	               0.00	               0.00	               0.00	               0.00	         1970600.00	         1970600.00	               0.00	         1970600.00	               0.00	               0.00	               0.00	               0.00	               0.00	               0.00	               0.00	               0.00	               0.00	               0.00	               0.00	               0.00	               0.00	               0.00	               0.00	               0.00	               0.00	               0.00	               0.00	               0.00	               0.00	               0.00	               0.00	               0.00	               0.00	               0.00	               0.00	               0.00	               0.00	               0.00	               0.00	               0.00	               0.00	               0.00	               0.00	               0.00	         1970600.00	         1970600.00	               0.00	         1970600.00	               0.00
*   WBS NL-N-TS2-002-04-07-34      Repair and Rectifica	         7170897.15	         6166189.12	         1004708.03	         7170897.15	               0.00	               0.00	               0.00	               0.00	               0.00	               0.00	               0.00	               0.00	               0.00	               0.00	               0.00	               0.00	               0.00	               0.00	               0.00	               0.00	         6166189.12	         6166189.12	               0.00	         6166189.12	               0.00	               0.00	               0.00	               0.00	               0.00	               0.00	         1004708.03	               0.00	         1004708.03	         1004708.03	               0.00	               0.00	               0.00	               0.00	               0.00	               0.00	               0.00	               0.00	               0.00	               0.00	               0.00	               0.00	               0.00	               0.00	               0.00	               0.00	               0.00	               0.00	               0.00	               0.00	               0.00	               0.00	               0.00	               0.00	               0.00	               0.00	         7170897.15	         6166189.12	         1004708.03	         7170897.15	               0.00
*   WBS NL-N-TS2-002-04-07-35      RETROFITTING OF VCs	         3915210.84	         3915210.84	               0.00	         3915210.84	               0.00	               0.00	               0.00	               0.00	               0.00	               0.00	               0.00	               0.00	               0.00	               0.00	               0.00	               0.00	               0.00	               0.00	               0.00	               0.00	         3660330.84	         3660330.84	               0.00	         3660330.84	               0.00	          254880.00	          254880.00	               0.00	          254880.00	               0.00	               0.00	               0.00	               0.00	               0.00	               0.00	               0.00	               0.00	               0.00	               0.00	               0.00	               0.00	               0.00	               0.00	               0.00	               0.00	               0.00	               0.00	               0.00	               0.00	               0.00	               0.00	               0.00	               0.00	               0.00	               0.00	               0.00	               0.00	               0.00	               0.00	               0.00	         3915210.84	         3915210.84	               0.00	         3915210.84	               0.00
*   WBS NL-N-TS2-002-04-07-36      6 NOS OF MOTORIZED H	         5143062.94	         4753662.94	          389400.00	         5143062.94	               0.00	               0.00	               0.00	               0.00	               0.00	               0.00	               0.00	               0.00	               0.00	               0.00	               0.00	               0.00	               0.00	               0.00	               0.00	               0.00	               0.00	               0.00	               0.00	               0.00	               0.00	         4753662.94	         4753662.94	               0.00	         4753662.94	               0.00	          389400.00	               0.00	          389400.00	          389400.00	               0.00	               0.00	               0.00	               0.00	               0.00	               0.00	               0.00	               0.00	               0.00	               0.00	               0.00	               0.00	               0.00	               0.00	               0.00	               0.00	               0.00	               0.00	               0.00	               0.00	               0.00	               0.00	               0.00	               0.00	               0.00	               0.00	         5143062.94	         4753662.94	          389400.00	         5143062.94	               0.00
*   WBS NL-N-TS2-002-04-07-37      REPAIR-RECTIFICATION	          462249.69	          419250.46	           10749.83	          430000.29	           32249.40	               0.00	               0.00	               0.00	               0.00	               0.00	               0.00	               0.00	               0.00	               0.00	               0.00	               0.00	               0.00	               0.00	               0.00	               0.00	          430000.26	          430000.26	               0.00	          430000.26	               0.00	               0.00	          -10749.80	               0.00	          -10749.80	           10749.80	           32249.43	               0.00	           10749.83	           10749.83	           21499.60	               0.00	               0.00	               0.00	               0.00	               0.00	               0.00	               0.00	               0.00	               0.00	               0.00	               0.00	               0.00	               0.00	               0.00	               0.00	               0.00	               0.00	               0.00	               0.00	               0.00	               0.00	               0.00	               0.00	               0.00	               0.00	          462249.69	          419250.46	           10749.83	          430000.29	           32249.40
*   WBS NL-N-TS2-002-04-07-38      PURCHASE OF NEUTRAL	         1628416.84	         1628416.84	               0.00	         1628416.84	               0.00	               0.00	               0.00	               0.00	               0.00	               0.00	               0.00	               0.00	               0.00	               0.00	               0.00	               0.00	               0.00	               0.00	               0.00	               0.00	               0.00	               0.00	               0.00	               0.00	               0.00	         1628416.84	         1628416.84	               0.00	         1628416.84	               0.00	               0.00	               0.00	               0.00	               0.00	               0.00	               0.00	               0.00	               0.00	               0.00	               0.00	               0.00	               0.00	               0.00	               0.00	               0.00	               0.00	               0.00	               0.00	               0.00	               0.00	               0.00	               0.00	               0.00	               0.00	               0.00	               0.00	               0.00	               0.00	               0.00	               0.00	         1628416.84	         1628416.84	               0.00	         1628416.84	               0.00
*   WBS NL-N-TS2-002-04-07-39      TG HALL EOT CRANE EL	         1937279.77	         1937279.77	               0.00	         1937279.77	               0.00	               0.00	               0.00	               0.00	               0.00	               0.00	               0.00	               0.00	               0.00	               0.00	               0.00	               0.00	               0.00	               0.00	               0.00	               0.00	               0.00	               0.00	               0.00	               0.00	               0.00	         1937279.77	         1937279.77	               0.00	         1937279.77	               0.00	               0.00	               0.00	               0.00	               0.00	               0.00	               0.00	               0.00	               0.00	               0.00	               0.00	               0.00	               0.00	               0.00	               0.00	               0.00	               0.00	               0.00	               0.00	               0.00	               0.00	               0.00	               0.00	               0.00	               0.00	               0.00	               0.00	               0.00	               0.00	               0.00	               0.00	         1937279.77	         1937279.77	               0.00	         1937279.77	               0.00
*   WBS NL-N-TS2-002-04-07-40      MILL MOTOR-STAGE1-6.	        49520863.75	               0.00	        49520863.75	        49520863.75	               0.00	               0.00	               0.00	               0.00	               0.00	               0.00	               0.00	               0.00	               0.00	               0.00	               0.00	               0.00	               0.00	               0.00	               0.00	               0.00	               0.00	               0.00	               0.00	               0.00	               0.00	               0.00	               0.00	               0.00	               0.00	               0.00	        49520863.75	               0.00	        49520863.75	        49520863.75	               0.00	               0.00	               0.00	               0.00	               0.00	               0.00	               0.00	               0.00	               0.00	               0.00	               0.00	               0.00	               0.00	               0.00	               0.00	               0.00	               0.00	               0.00	               0.00	               0.00	               0.00	               0.00	               0.00	               0.00	               0.00	               0.00	        49520863.75	               0.00	        49520863.75	        49520863.75	               0.00
*   WBS NL-N-TS2-002-04-07-41      MILL MOTOR-STAGE2-6.	        41651373.46	               0.00	        41651373.46	        41651373.46	               0.00	               0.00	               0.00	               0.00	               0.00	               0.00	               0.00	               0.00	               0.00	               0.00	               0.00	               0.00	               0.00	               0.00	               0.00	               0.00	               0.00	               0.00	               0.00	               0.00	               0.00	               0.00	               0.00	               0.00	               0.00	               0.00	        41651373.46	               0.00	        41651373.46	        41651373.46	               0.00	               0.00	               0.00	               0.00	               0.00	               0.00	               0.00	               0.00	               0.00	               0.00	               0.00	               0.00	               0.00	               0.00	               0.00	               0.00	               0.00	               0.00	               0.00	               0.00	               0.00	               0.00	               0.00	               0.00	               0.00	               0.00	        41651373.46	               0.00	        41651373.46	        41651373.46	               0.00
*   WBS NL-N-TS2-002-04-07-42      PURS-LT CONTROL CABL	          997295.95	          997295.95	               0.00	          997295.95	               0.00	               0.00	               0.00	               0.00	               0.00	               0.00	               0.00	               0.00	               0.00	               0.00	               0.00	               0.00	               0.00	               0.00	               0.00	               0.00	               0.00	               0.00	               0.00	               0.00	               0.00	          997295.95	          997295.95	               0.00	          997295.95	               0.00	               0.00	               0.00	               0.00	               0.00	               0.00	               0.00	               0.00	               0.00	               0.00	               0.00	               0.00	               0.00	               0.00	               0.00	               0.00	               0.00	               0.00	               0.00	               0.00	               0.00	               0.00	               0.00	               0.00	               0.00	               0.00	               0.00	               0.00	               0.00	               0.00	               0.00	          997295.95	          997295.95	               0.00	          997295.95	               0.00
*   WBS NL-N-TS2-002-04-07-43      PURS-LT CABLES-3RD I	         1124345.28	         1124345.28	               0.00	         1124345.28	               0.00	               0.00	               0.00	               0.00	               0.00	               0.00	               0.00	               0.00	               0.00	               0.00	               0.00	               0.00	               0.00	               0.00	               0.00	               0.00	               0.00	               0.00	               0.00	               0.00	               0.00	         1124345.28	         1124345.28	               0.00	         1124345.28	               0.00	               0.00	               0.00	               0.00	               0.00	               0.00	               0.00	               0.00	               0.00	               0.00	               0.00	               0.00	               0.00	               0.00	               0.00	               0.00	               0.00	               0.00	               0.00	               0.00	               0.00	               0.00	               0.00	               0.00	               0.00	               0.00	               0.00	               0.00	               0.00	               0.00	               0.00	         1124345.28	         1124345.28	               0.00	         1124345.28	               0.00
*   WBS NL-N-TS2-002-04-07-44      30 NOS OF VACUUM CIR	        15501617.65	        14572952.60	          928665.05	        15501617.65	               0.00	               0.00	               0.00	               0.00	               0.00	               0.00	               0.00	               0.00	               0.00	               0.00	               0.00	               0.00	               0.00	               0.00	               0.00	               0.00	               0.00	               0.00	               0.00	               0.00	               0.00	        13025177.51	        13025177.51	               0.00	        13025177.51	               0.00	         2476440.14	         1547775.09	          928665.05	         2476440.14	               0.00	               0.00	               0.00	               0.00	               0.00	               0.00	               0.00	               0.00	               0.00	               0.00	               0.00	               0.00	               0.00	               0.00	               0.00	               0.00	               0.00	               0.00	               0.00	               0.00	               0.00	               0.00	               0.00	               0.00	               0.00	               0.00	        15501617.65	        14572952.60	          928665.05	        15501617.65	               0.00
*   WBS NL-N-TS2-002-04-07-45      STATOR WINDING REPAI	        26693601.45	        26693601.45	               0.00	        26693601.45	               0.00	               0.00	               0.00	               0.00	               0.00	               0.00	               0.00	               0.00	               0.00	               0.00	               0.00	               0.00	               0.00	               0.00	               0.00	               0.00	               0.00	               0.00	               0.00	               0.00	               0.00	        26693601.45	        26693601.45	               0.00	        26693601.45	               0.00	               0.00	               0.00	               0.00	               0.00	               0.00	               0.00	               0.00	               0.00	               0.00	               0.00	               0.00	               0.00	               0.00	               0.00	               0.00	               0.00	               0.00	               0.00	               0.00	               0.00	               0.00	               0.00	               0.00	               0.00	               0.00	               0.00	               0.00	               0.00	               0.00	               0.00	        26693601.45	        26693601.45	               0.00	        26693601.45	               0.00
*   WBS NL-N-TS2-002-04-07-46      TRANSFORMER MTCE-RLA	         3138800.03	         2714000.00	          424800.03	         3138800.03	               0.00	               0.00	               0.00	               0.00	               0.00	               0.00	               0.00	               0.00	               0.00	               0.00	               0.00	               0.00	               0.00	               0.00	               0.00	               0.00	               0.00	               0.00	               0.00	               0.00	               0.00	         2501600.00	         2501600.00	               0.00	         2501600.00	               0.00	          637200.03	          212400.00	          424800.03	          637200.03	               0.00	               0.00	               0.00	               0.00	               0.00	               0.00	               0.00	               0.00	               0.00	               0.00	               0.00	               0.00	               0.00	               0.00	               0.00	               0.00	               0.00	               0.00	               0.00	               0.00	               0.00	               0.00	               0.00	               0.00	               0.00	               0.00	         3138800.03	         2714000.00	          424800.03	         3138800.03	               0.00
*   WBS NL-N-TS2-002-04-07-47      REPAIR AND RECTIFICA	         1979498.50	         1979498.38	               0.12	         1979498.50	               0.00	               0.00	               0.00	               0.00	               0.00	               0.00	               0.00	               0.00	               0.00	               0.00	               0.00	               0.00	               0.00	               0.00	               0.00	               0.00	               0.00	               0.00	               0.00	               0.00	               0.00	         1979498.38	         1979498.38	               0.00	         1979498.38	               0.00	               0.12	               0.00	               0.12	               0.12	               0.00	               0.00	               0.00	               0.00	               0.00	               0.00	               0.00	               0.00	               0.00	               0.00	               0.00	               0.00	               0.00	               0.00	               0.00	               0.00	               0.00	               0.00	               0.00	               0.00	               0.00	               0.00	               0.00	               0.00	               0.00	               0.00	         1979498.50	         1979498.38	               0.12	         1979498.50	               0.00
*   WBS NL-N-TS2-002-04-07-48      PURC 3 NO OIP TYPE H	         4747752.71	               0.00	         4747752.71	         4747752.71	               0.00	               0.00	               0.00	               0.00	               0.00	               0.00	               0.00	               0.00	               0.00	               0.00	               0.00	               0.00	               0.00	               0.00	               0.00	               0.00	               0.00	               0.00	               0.00	               0.00	               0.00	               0.00	               0.00	               0.00	               0.00	               0.00	         4747752.71	               0.00	         4747752.71	         4747752.71	               0.00	               0.00	               0.00	               0.00	               0.00	               0.00	               0.00	               0.00	               0.00	               0.00	               0.00	               0.00	               0.00	               0.00	               0.00	               0.00	               0.00	               0.00	               0.00	               0.00	               0.00	               0.00	               0.00	               0.00	               0.00	               0.00	         4747752.71	               0.00	         4747752.71	         4747752.71	               0.00
*   WBS NL-N-TS2-002-04-07-49      REPAIR & RECT/ 6.6 K	         5428700.03	         5428700.02	               0.01	         5428700.03	               0.00	               0.00	               0.00	               0.00	               0.00	               0.00	               0.00	               0.00	               0.00	               0.00	               0.00	               0.00	               0.00	               0.00	               0.00	               0.00	               0.00	               0.00	               0.00	               0.00	               0.00	         5428700.02	         5428700.02	               0.00	         5428700.02	               0.00	               0.01	               0.00	               0.01	               0.01	               0.00	               0.00	               0.00	               0.00	               0.00	               0.00	               0.00	               0.00	               0.00	               0.00	               0.00	               0.00	               0.00	               0.00	               0.00	               0.00	               0.00	               0.00	               0.00	               0.00	               0.00	               0.00	               0.00	               0.00	               0.00	               0.00	         5428700.03	         5428700.02	               0.01	         5428700.03	               0.00
*   WBS NL-N-TS2-002-04-07-50      TRANSFORMER OIL-100K	        14730394.71	        14730394.71	               0.00	        14730394.71	               0.00	               0.00	               0.00	               0.00	               0.00	               0.00	               0.00	               0.00	               0.00	               0.00	               0.00	               0.00	               0.00	               0.00	               0.00	               0.00	               0.00	               0.00	               0.00	               0.00	               0.00	        14730394.71	        14730394.71	               0.00	        14730394.71	               0.00	               0.00	               0.00	               0.00	               0.00	               0.00	               0.00	               0.00	               0.00	               0.00	               0.00	               0.00	               0.00	               0.00	               0.00	               0.00	               0.00	               0.00	               0.00	               0.00	               0.00	               0.00	               0.00	               0.00	               0.00	               0.00	               0.00	               0.00	               0.00	               0.00	               0.00	        14730394.71	        14730394.71	               0.00	        14730394.71	               0.00
*   WBS NL-N-TS2-002-04-07-51      STATOR WINDING BARS	       387608760.00	               0.00	       387608760.00	       387608760.00	               0.00	               0.00	               0.00	               0.00	               0.00	               0.00	               0.00	               0.00	               0.00	               0.00	               0.00	               0.00	               0.00	               0.00	               0.00	               0.00	               0.00	               0.00	               0.00	               0.00	               0.00	               0.00	               0.00	               0.00	               0.00	               0.00	       387608760.00	               0.00	       387608760.00	       387608760.00	               0.00	               0.00	               0.00	               0.00	               0.00	               0.00	               0.00	               0.00	               0.00	               0.00	               0.00	               0.00	               0.00	               0.00	               0.00	               0.00	               0.00	               0.00	               0.00	               0.00	               0.00	               0.00	               0.00	               0.00	               0.00	               0.00	       387608760.00	               0.00	       387608760.00	       387608760.00	               0.00
*   WBS NL-N-TS2-002-04-07-52      overhauling 6.6 kv m	         8836220.02	         6599740.00	         2236480.02	         8836220.02	               0.00	               0.00	               0.00	               0.00	               0.00	               0.00	               0.00	               0.00	               0.00	               0.00	               0.00	               0.00	               0.00	               0.00	               0.00	               0.00	               0.00	               0.00	               0.00	               0.00	               0.00	         6599740.00	         6599740.00	               0.00	         6599740.00	               0.00	         2236480.02	               0.00	         2236480.02	         2236480.02	               0.00	               0.00	               0.00	               0.00	               0.00	               0.00	               0.00	               0.00	               0.00	               0.00	               0.00	               0.00	               0.00	               0.00	               0.00	               0.00	               0.00	               0.00	               0.00	               0.00	               0.00	               0.00	               0.00	               0.00	               0.00	               0.00	         8836220.02	         6599740.00	         2236480.02	         8836220.02	               0.00
*   WBS NL-N-TS2-002-04-07-53      I/O Carrier,rofinet	         1616706.09	               0.00	         1616706.09	         1616706.09	               0.00	               0.00	               0.00	               0.00	               0.00	               0.00	               0.00	               0.00	               0.00	               0.00	               0.00	               0.00	               0.00	               0.00	               0.00	               0.00	               0.00	               0.00	               0.00	               0.00	               0.00	               0.00	               0.00	               0.00	               0.00	               0.00	         1616706.09	               0.00	         1616706.09	         1616706.09	               0.00	               0.00	               0.00	               0.00	               0.00	               0.00	               0.00	               0.00	               0.00	               0.00	               0.00	               0.00	               0.00	               0.00	               0.00	               0.00	               0.00	               0.00	               0.00	               0.00	               0.00	               0.00	               0.00	               0.00	               0.00	               0.00	         1616706.09	               0.00	         1616706.09	         1616706.09	               0.00
*   WBS NL-N-TS2-002-04-07-54      6.6KV, 1800KW, 994RP	        24794750.00	               0.00	        24794750.00	        24794750.00	               0.00	               0.00	               0.00	               0.00	               0.00	               0.00	               0.00	               0.00	               0.00	               0.00	               0.00	               0.00	               0.00	               0.00	               0.00	               0.00	               0.00	               0.00	               0.00	               0.00	               0.00	               0.00	               0.00	               0.00	               0.00	               0.00	        24794750.00	               0.00	        24794750.00	        24794750.00	               0.00	               0.00	               0.00	               0.00	               0.00	               0.00	               0.00	               0.00	               0.00	               0.00	               0.00	               0.00	               0.00	               0.00	               0.00	               0.00	               0.00	               0.00	               0.00	               0.00	               0.00	               0.00	               0.00	               0.00	               0.00	               0.00	        24794750.00	               0.00	        24794750.00	        24794750.00	               0.00
*   WBS NL-N-TS2-002-04-07-55      FAULT IDENTIFICATION	        82698930.48	        31421665.40	        48135098.08	        79556763.48	         3142167.00	               0.00	               0.00	               0.00	               0.00	               0.00	               0.00	               0.00	               0.00	               0.00	               0.00	               0.00	               0.00	               0.00	               0.00	               0.00	               0.00	               0.00	               0.00	               0.00	               0.00	        31421665.40	        31421665.40	               0.00	        31421665.40	               0.00	        48135098.08	               0.00	        48135098.08	        48135098.08	               0.00	               0.00	               0.00	               0.00	               0.00	               0.00	               0.00	               0.00	               0.00	               0.00	               0.00	               0.00	               0.00	               0.00	               0.00	               0.00	               0.00	               0.00	               0.00	               0.00	               0.00	               0.00	               0.00	               0.00	               0.00	               0.00	        79556763.48	        31421665.40	        48135098.08	        79556763.48	               0.00
*   WBS NL-N-TS2-002-04-07-56      Voltage Transformers	         1612818.90	               0.00	         1612818.90	         1612818.90	               0.00	               0.00	               0.00	               0.00	               0.00	               0.00	               0.00	               0.00	               0.00	               0.00	               0.00	               0.00	               0.00	               0.00	               0.00	               0.00	               0.00	               0.00	               0.00	               0.00	               0.00	               0.00	               0.00	               0.00	               0.00	               0.00	         1612818.90	               0.00	         1612818.90	         1612818.90	               0.00	               0.00	               0.00	               0.00	               0.00	               0.00	               0.00	               0.00	               0.00	               0.00	               0.00	               0.00	               0.00	               0.00	               0.00	               0.00	               0.00	               0.00	               0.00	               0.00	               0.00	               0.00	               0.00	               0.00	               0.00	               0.00	         1612818.90	               0.00	         1612818.90	         1612818.90	               0.00
*   WBS NL-N-TS2-002-04-07-57      THYRISTOR BRIDGE SPA	         3464456.67	               0.00	         3464456.67	         3464456.67	               0.00	               0.00	               0.00	               0.00	               0.00	               0.00	               0.00	               0.00	               0.00	               0.00	               0.00	               0.00	               0.00	               0.00	               0.00	               0.00	               0.00	               0.00	               0.00	               0.00	               0.00	               0.00	               0.00	               0.00	               0.00	               0.00	         3464456.67	               0.00	         3464456.67	         3464456.67	               0.00	               0.00	               0.00	               0.00	               0.00	               0.00	               0.00	               0.00	               0.00	               0.00	               0.00	               0.00	               0.00	               0.00	               0.00	               0.00	               0.00	               0.00	               0.00	               0.00	               0.00	               0.00	               0.00	               0.00	               0.00	               0.00	         3464456.67	               0.00	         3464456.67	         3464456.67	               0.00
*   WBS NL-N-TS2-002-04-07-58      purs 3 nos 245kv OIP	         2659342.50	               0.00	         2659342.50	         2659342.50	               0.00	               0.00	               0.00	               0.00	               0.00	               0.00	               0.00	               0.00	               0.00	               0.00	               0.00	               0.00	               0.00	               0.00	               0.00	               0.00	               0.00	               0.00	               0.00	               0.00	               0.00	               0.00	               0.00	               0.00	               0.00	               0.00	         2659342.50	               0.00	         2659342.50	         2659342.50	               0.00	               0.00	               0.00	               0.00	               0.00	               0.00	               0.00	               0.00	               0.00	               0.00	               0.00	               0.00	               0.00	               0.00	               0.00	               0.00	               0.00	               0.00	               0.00	               0.00	               0.00	               0.00	               0.00	               0.00	               0.00	               0.00	         2659342.50	               0.00	         2659342.50	         2659342.50	               0.00
*   WBS NL-N-TS2-002-04-07-59      REP-4 NUMBER OF 6.6K	         8942973.38	         4566356.92	         4376616.46	         8942973.38	               0.00	               0.00	               0.00	               0.00	               0.00	               0.00	               0.00	               0.00	               0.00	               0.00	               0.00	               0.00	               0.00	               0.00	               0.00	               0.00	               0.00	               0.00	               0.00	               0.00	               0.00	         4566356.92	         4566356.92	               0.00	         4566356.92	               0.00	         4376616.46	               0.00	         4376616.46	         4376616.46	               0.00	               0.00	               0.00	               0.00	               0.00	               0.00	               0.00	               0.00	               0.00	               0.00	               0.00	               0.00	               0.00	               0.00	               0.00	               0.00	               0.00	               0.00	               0.00	               0.00	               0.00	               0.00	               0.00	               0.00	               0.00	               0.00	         8942973.38	         4566356.92	         4376616.46	         8942973.38	               0.00
*   WBS NL-N-TS2-002-04-07-62      REPAIRING 2NOS OF DE	         1911016.84	               0.00	         1911016.84	         1911016.84	               0.00	               0.00	               0.00	               0.00	               0.00	               0.00	               0.00	               0.00	               0.00	               0.00	               0.00	               0.00	               0.00	               0.00	               0.00	               0.00	               0.00	               0.00	               0.00	               0.00	               0.00	               0.00	               0.00	               0.00	               0.00	               0.00	         1911016.84	               0.00	         1911016.84	         1911016.84	               0.00	               0.00	               0.00	               0.00	               0.00	               0.00	               0.00	               0.00	               0.00	               0.00	               0.00	               0.00	               0.00	               0.00	               0.00	               0.00	               0.00	               0.00	               0.00	               0.00	               0.00	               0.00	               0.00	               0.00	               0.00	               0.00	         1911016.84	               0.00	         1911016.84	         1911016.84	               0.00
*   WBS NL-N-TS2-002-04-07-63      Retrofit of Sf6CB wi	         7714829.18	               0.00	         7714829.18	         7714829.18	               0.00	               0.00	               0.00	               0.00	               0.00	               0.00	               0.00	               0.00	               0.00	               0.00	               0.00	               0.00	               0.00	               0.00	               0.00	               0.00	               0.00	               0.00	               0.00	               0.00	               0.00	               0.00	               0.00	               0.00	               0.00	               0.00	         7714829.18	               0.00	         7714829.18	         7714829.18	               0.00	               0.00	               0.00	               0.00	               0.00	               0.00	               0.00	               0.00	               0.00	               0.00	               0.00	               0.00	               0.00	               0.00	               0.00	               0.00	               0.00	               0.00	               0.00	               0.00	               0.00	               0.00	               0.00	               0.00	               0.00	               0.00	         7714829.18	               0.00	         7714829.18	         7714829.18	               0.00
*** WBS NL-N-TS2-002-05            BOILER MAINTENANCE	      1664417090.87	       665512789.94	       954450971.57	      1619974482.50	        44442608.37	        37041460.20	        44858050.24	               0.00	        44858050.24	        -7816590.04	       125922652.55	       123886025.60	         3713916.21	       127610662.80	        -1688010.25	        52752003.85	        52752003.85	               0.00	        52752003.85	               0.00	       271609746.74	       265804239.52	               0.00	       265804239.52	         5805507.22	       171326071.06	       171296005.26	               0.00	       171296005.26	           30065.80	       981167922.46	         6916465.47	       950737055.36	       957653520.83	        23514401.63	               0.00	               0.00	               0.00	               0.00	               0.00	               0.00	               0.00	               0.00	               0.00	               0.00	               0.00	               0.00	               0.00	               0.00	               0.00	               0.00	               0.00	               0.00	               0.00	               0.00	               0.00	               0.00	               0.00	               0.00	               0.00	      1639819856.86	       665512789.94	       954450971.57	      1619974482.50	        19845374.36
**  WBS NL-N-TS2-002-05-01         SLAG CONVEYOR,ABG &	       328715542.01	       184979850.23	       141725697.78	       326705548.01	         2009994.00	        11784736.90	        11784736.90	               0.00	        11784736.90	               0.00	        47677130.40	        47677130.40	               0.00	        47677130.40	               0.00	        14342999.58	        14342999.58	               0.00	        14342999.58	               0.00	        50068172.02	        50068172.02	               0.00	        50068172.02	               0.00	        59148639.59	        59148639.59	               0.00	        59148639.59	               0.00	       144928887.52	         1958171.74	       141725697.78	       143683869.52	         1245018.00	               0.00	               0.00	               0.00	               0.00	               0.00	               0.00	               0.00	               0.00	               0.00	               0.00	               0.00	               0.00	               0.00	               0.00	               0.00	               0.00	               0.00	               0.00	               0.00	               0.00	               0.00	               0.00	               0.00	               0.00	               0.00	       327950566.01	       184979850.23	       141725697.78	       326705548.01	         1245018.00
*   WBS NL-N-TS2-002-05-01-01      SLAG CONVEYOR CHAIN,	        17118894.93	        10762694.93	         6356200.00	        17118894.93	               0.00	         6629042.10	         6629042.10	               0.00	         6629042.10	               0.00	         4133652.83	         4133652.83	               0.00	         4133652.83	               0.00	               0.00	               0.00	               0.00	               0.00	               0.00	               0.00	               0.00	               0.00	               0.00	               0.00	               0.00	               0.00	               0.00	               0.00	               0.00	         6356200.00	               0.00	         6356200.00	         6356200.00	               0.00	               0.00	               0.00	               0.00	               0.00	               0.00	               0.00	               0.00	               0.00	               0.00	               0.00	               0.00	               0.00	               0.00	               0.00	               0.00	               0.00	               0.00	               0.00	               0.00	               0.00	               0.00	               0.00	               0.00	               0.00	               0.00	        17118894.93	        10762694.93	         6356200.00	        17118894.93	               0.00
*   WBS NL-N-TS2-002-05-01-02      Replace Str & Cheque	         3132330.00	         3132330.00	               0.00	         3132330.00	               0.00	          557659.60	          557659.60	               0.00	          557659.60	               0.00	         2574670.40	         2574670.40	               0.00	         2574670.40	               0.00	               0.00	               0.00	               0.00	               0.00	               0.00	               0.00	               0.00	               0.00	               0.00	               0.00	               0.00	               0.00	               0.00	               0.00	               0.00	               0.00	               0.00	               0.00	               0.00	               0.00	               0.00	               0.00	               0.00	               0.00	               0.00	               0.00	               0.00	               0.00	               0.00	               0.00	               0.00	               0.00	               0.00	               0.00	               0.00	               0.00	               0.00	               0.00	               0.00	               0.00	               0.00	               0.00	               0.00	               0.00	               0.00	         3132330.00	         3132330.00	               0.00	         3132330.00	               0.00
*   WBS NL-N-TS2-002-05-01-03      Procurement of PB El	         2436741.11	         2436741.11	               0.00	         2436741.11	               0.00	               0.00	               0.00	               0.00	               0.00	               0.00	         2436741.11	         2436741.11	               0.00	         2436741.11	               0.00	               0.00	               0.00	               0.00	               0.00	               0.00	               0.00	               0.00	               0.00	               0.00	               0.00	               0.00	               0.00	               0.00	               0.00	               0.00	               0.00	               0.00	               0.00	               0.00	               0.00	               0.00	               0.00	               0.00	               0.00	               0.00	               0.00	               0.00	               0.00	               0.00	               0.00	               0.00	               0.00	               0.00	               0.00	               0.00	               0.00	               0.00	               0.00	               0.00	               0.00	               0.00	               0.00	               0.00	               0.00	               0.00	         2436741.11	         2436741.11	               0.00	         2436741.11	               0.00
*   WBS NL-N-TS2-002-05-01-04      Rectification of Uni	         4598035.20	         4598035.20	               0.00	         4598035.20	               0.00	         4598035.20	         4598035.20	               0.00	         4598035.20	               0.00	               0.00	               0.00	               0.00	               0.00	               0.00	               0.00	               0.00	               0.00	               0.00	               0.00	               0.00	               0.00	               0.00	               0.00	               0.00	               0.00	               0.00	               0.00	               0.00	               0.00	               0.00	               0.00	               0.00	               0.00	               0.00	               0.00	               0.00	               0.00	               0.00	               0.00	               0.00	               0.00	               0.00	               0.00	               0.00	               0.00	               0.00	               0.00	               0.00	               0.00	               0.00	               0.00	               0.00	               0.00	               0.00	               0.00	               0.00	               0.00	               0.00	               0.00	         4598035.20	         4598035.20	               0.00	         4598035.20	               0.00
*   WBS NL-N-TS2-002-05-01-05      Replacement of liner	         2419000.00	               0.00	         2419000.00	         2419000.00	               0.00	               0.00	               0.00	               0.00	               0.00	               0.00	               0.00	               0.00	               0.00	               0.00	               0.00	               0.00	               0.00	               0.00	               0.00	               0.00	               0.00	               0.00	               0.00	               0.00	               0.00	               0.00	               0.00	               0.00	               0.00	               0.00	         2419000.00	               0.00	         2419000.00	         2419000.00	               0.00	               0.00	               0.00	               0.00	               0.00	               0.00	               0.00	               0.00	               0.00	               0.00	               0.00	               0.00	               0.00	               0.00	               0.00	               0.00	               0.00	               0.00	               0.00	               0.00	               0.00	               0.00	               0.00	               0.00	               0.00	               0.00	         2419000.00	               0.00	         2419000.00	         2419000.00	               0.00
*   WBS NL-N-TS2-002-05-01-06      procurement of ABG l	         3504656.00	               0.00	         3490656.00	         3490656.00	           14000.00	               0.00	               0.00	               0.00	               0.00	               0.00	               0.00	               0.00	               0.00	               0.00	               0.00	               0.00	               0.00	               0.00	               0.00	               0.00	               0.00	               0.00	               0.00	               0.00	               0.00	               0.00	               0.00	               0.00	               0.00	               0.00	         3490656.00	               0.00	         3490656.00	         3490656.00	               0.00	               0.00	               0.00	               0.00	               0.00	               0.00	               0.00	               0.00	               0.00	               0.00	               0.00	               0.00	               0.00	               0.00	               0.00	               0.00	               0.00	               0.00	               0.00	               0.00	               0.00	               0.00	               0.00	               0.00	               0.00	               0.00	         3490656.00	               0.00	         3490656.00	         3490656.00	               0.00
*   WBS NL-N-TS2-002-05-01-07      link chain size 22*8	        33254760.00	        33254760.00	               0.00	        33254760.00	               0.00	               0.00	               0.00	               0.00	               0.00	               0.00	        33254760.00	        33254760.00	               0.00	        33254760.00	               0.00	               0.00	               0.00	               0.00	               0.00	               0.00	               0.00	               0.00	               0.00	               0.00	               0.00	               0.00	               0.00	               0.00	               0.00	               0.00	               0.00	               0.00	               0.00	               0.00	               0.00	               0.00	               0.00	               0.00	               0.00	               0.00	               0.00	               0.00	               0.00	               0.00	               0.00	               0.00	               0.00	               0.00	               0.00	               0.00	               0.00	               0.00	               0.00	               0.00	               0.00	               0.00	               0.00	               0.00	               0.00	               0.00	        33254760.00	        33254760.00	               0.00	        33254760.00	               0.00
*   WBS NL-N-TS2-002-05-01-08      Round link Chain-14X	          993504.14	          993504.14	               0.00	          993504.14	               0.00	               0.00	               0.00	               0.00	               0.00	               0.00	          993504.14	          993504.14	               0.00	          993504.14	               0.00	               0.00	               0.00	               0.00	               0.00	               0.00	               0.00	               0.00	               0.00	               0.00	               0.00	               0.00	               0.00	               0.00	               0.00	               0.00	               0.00	               0.00	               0.00	               0.00	               0.00	               0.00	               0.00	               0.00	               0.00	               0.00	               0.00	               0.00	               0.00	               0.00	               0.00	               0.00	               0.00	               0.00	               0.00	               0.00	               0.00	               0.00	               0.00	               0.00	               0.00	               0.00	               0.00	               0.00	               0.00	               0.00	          993504.14	          993504.14	               0.00	          993504.14	               0.00
*   WBS NL-N-TS2-002-05-01-09      Side/Intermediate Gr	         4160393.60	         4160393.60	               0.00	         4160393.60	               0.00	               0.00	               0.00	               0.00	               0.00	               0.00	         4160393.60	         4160393.60	               0.00	         4160393.60	               0.00	               0.00	               0.00	               0.00	               0.00	               0.00	               0.00	               0.00	               0.00	               0.00	               0.00	               0.00	               0.00	               0.00	               0.00	               0.00	               0.00	               0.00	               0.00	               0.00	               0.00	               0.00	               0.00	               0.00	               0.00	               0.00	               0.00	               0.00	               0.00	               0.00	               0.00	               0.00	               0.00	               0.00	               0.00	               0.00	               0.00	               0.00	               0.00	               0.00	               0.00	               0.00	               0.00	               0.00	               0.00	               0.00	         4160393.60	         4160393.60	               0.00	         4160393.60	               0.00
*   WBS NL-N-TS2-002-05-01-10      Roller for ABG 355mm	         1509025.32	         1509025.32	               0.00	         1509025.32	               0.00	               0.00	               0.00	               0.00	               0.00	               0.00	               0.00	               0.00	               0.00	               0.00	               0.00	         1509025.32	         1509025.32	               0.00	         1509025.32	               0.00	               0.00	               0.00	               0.00	               0.00	               0.00	               0.00	               0.00	               0.00	               0.00	               0.00	               0.00	               0.00	               0.00	               0.00	               0.00	               0.00	               0.00	               0.00	               0.00	               0.00	               0.00	               0.00	               0.00	               0.00	               0.00	               0.00	               0.00	               0.00	               0.00	               0.00	               0.00	               0.00	               0.00	               0.00	               0.00	               0.00	               0.00	               0.00	               0.00	               0.00	         1509025.32	         1509025.32	               0.00	         1509025.32	               0.00
*   WBS NL-N-TS2-002-05-01-11      Connecting pin for A	          411500.01	          411500.01	               0.00	          411500.01	               0.00	               0.00	               0.00	               0.00	               0.00	               0.00	               0.00	               0.00	               0.00	               0.00	               0.00	          411500.01	          411500.01	               0.00	          411500.01	               0.00	               0.00	               0.00	               0.00	               0.00	               0.00	               0.00	               0.00	               0.00	               0.00	               0.00	               0.00	               0.00	               0.00	               0.00	               0.00	               0.00	               0.00	               0.00	               0.00	               0.00	               0.00	               0.00	               0.00	               0.00	               0.00	               0.00	               0.00	               0.00	               0.00	               0.00	               0.00	               0.00	               0.00	               0.00	               0.00	               0.00	               0.00	               0.00	               0.00	               0.00	          411500.01	          411500.01	               0.00	          411500.01	               0.00
*   WBS NL-N-TS2-002-05-01-12      Louver Type Grate Ba	         6763015.55	         6763015.55	               0.00	         6763015.55	               0.00	               0.00	               0.00	               0.00	               0.00	               0.00	               0.00	               0.00	               0.00	               0.00	               0.00	         1690754.66	         1690754.66	               0.00	         1690754.66	               0.00	         5072260.89	         5072260.89	               0.00	         5072260.89	               0.00	               0.00	               0.00	               0.00	               0.00	               0.00	               0.00	               0.00	               0.00	               0.00	               0.00	               0.00	               0.00	               0.00	               0.00	               0.00	               0.00	               0.00	               0.00	               0.00	               0.00	               0.00	               0.00	               0.00	               0.00	               0.00	               0.00	               0.00	               0.00	               0.00	               0.00	               0.00	               0.00	               0.00	               0.00	               0.00	         6763015.55	         6763015.55	               0.00	         6763015.55	               0.00
*   WBS NL-N-TS2-002-05-01-13      ABG CAP BEARING A180	          929790.96	          929790.96	               0.00	          929790.96	               0.00	               0.00	               0.00	               0.00	               0.00	               0.00	               0.00	               0.00	               0.00	               0.00	               0.00	          929790.96	          929790.96	               0.00	          929790.96	               0.00	               0.00	               0.00	               0.00	               0.00	               0.00	               0.00	               0.00	               0.00	               0.00	               0.00	               0.00	               0.00	               0.00	               0.00	               0.00	               0.00	               0.00	               0.00	               0.00	               0.00	               0.00	               0.00	               0.00	               0.00	               0.00	               0.00	               0.00	               0.00	               0.00	               0.00	               0.00	               0.00	               0.00	               0.00	               0.00	               0.00	               0.00	               0.00	               0.00	               0.00	          929790.96	          929790.96	               0.00	          929790.96	               0.00
*   WBS NL-N-TS2-002-05-01-14      ABG plate link chain	         3051478.28	         3051478.28	               0.00	         3051478.28	               0.00	               0.00	               0.00	               0.00	               0.00	               0.00	               0.00	               0.00	               0.00	               0.00	               0.00	         3051478.28	         3051478.28	               0.00	         3051478.28	               0.00	               0.00	               0.00	               0.00	               0.00	               0.00	               0.00	               0.00	               0.00	               0.00	               0.00	               0.00	               0.00	               0.00	               0.00	               0.00	               0.00	               0.00	               0.00	               0.00	               0.00	               0.00	               0.00	               0.00	               0.00	               0.00	               0.00	               0.00	               0.00	               0.00	               0.00	               0.00	               0.00	               0.00	               0.00	               0.00	               0.00	               0.00	               0.00	               0.00	               0.00	         3051478.28	         3051478.28	               0.00	         3051478.28	               0.00
*   WBS NL-N-TS2-002-05-01-15      Repl & Recti of Supp	         5990827.89	         4705657.99	         1202925.90	         5908583.89	           82244.00	               0.00	               0.00	               0.00	               0.00	               0.00	               0.00	               0.00	               0.00	               0.00	               0.00	         3239720.49	         3239720.49	               0.00	         3239720.49	               0.00	         1189975.52	         1189975.52	               0.00	         1189975.52	               0.00	          275961.98	          275961.98	               0.00	          275961.98	               0.00	         1202925.90	               0.00	         1202925.90	         1202925.90	               0.00	               0.00	               0.00	               0.00	               0.00	               0.00	               0.00	               0.00	               0.00	               0.00	               0.00	               0.00	               0.00	               0.00	               0.00	               0.00	               0.00	               0.00	               0.00	               0.00	               0.00	               0.00	               0.00	               0.00	               0.00	               0.00	         5908583.89	         4705657.99	         1202925.90	         5908583.89	               0.00
*   WBS NL-N-TS2-002-05-01-16      Belt Conveyor Idler	          428599.22	          428599.22	               0.00	          428599.22	               0.00	               0.00	               0.00	               0.00	               0.00	               0.00	               0.00	               0.00	               0.00	               0.00	               0.00	          428599.22	          428599.22	               0.00	          428599.22	               0.00	               0.00	               0.00	               0.00	               0.00	               0.00	               0.00	               0.00	               0.00	               0.00	               0.00	               0.00	               0.00	               0.00	               0.00	               0.00	               0.00	               0.00	               0.00	               0.00	               0.00	               0.00	               0.00	               0.00	               0.00	               0.00	               0.00	               0.00	               0.00	               0.00	               0.00	               0.00	               0.00	               0.00	               0.00	               0.00	               0.00	               0.00	               0.00	               0.00	               0.00	          428599.22	          428599.22	               0.00	          428599.22	               0.00
*   WBS NL-N-TS2-002-05-01-17      Replacement of damag	          123408.32	          123408.32	               0.00	          123408.32	               0.00	               0.00	               0.00	               0.00	               0.00	               0.00	          123408.32	          123408.32	               0.00	          123408.32	               0.00	               0.00	               0.00	               0.00	               0.00	               0.00	               0.00	               0.00	               0.00	               0.00	               0.00	               0.00	               0.00	               0.00	               0.00	               0.00	               0.00	               0.00	               0.00	               0.00	               0.00	               0.00	               0.00	               0.00	               0.00	               0.00	               0.00	               0.00	               0.00	               0.00	               0.00	               0.00	               0.00	               0.00	               0.00	               0.00	               0.00	               0.00	               0.00	               0.00	               0.00	               0.00	               0.00	               0.00	               0.00	               0.00	          123408.32	          123408.32	               0.00	          123408.32	               0.00
*   WBS NL-N-TS2-002-05-01-18      ABG Drive Shaft Chai	         1230871.05	         1230871.05	               0.00	         1230871.05	               0.00	               0.00	               0.00	               0.00	               0.00	               0.00	               0.00	               0.00	               0.00	               0.00	               0.00	          123087.12	          123087.12	               0.00	          123087.12	               0.00	         1107783.93	         1107783.93	               0.00	         1107783.93	               0.00	               0.00	               0.00	               0.00	               0.00	               0.00	               0.00	               0.00	               0.00	               0.00	               0.00	               0.00	               0.00	               0.00	               0.00	               0.00	               0.00	               0.00	               0.00	               0.00	               0.00	               0.00	               0.00	               0.00	               0.00	               0.00	               0.00	               0.00	               0.00	               0.00	               0.00	               0.00	               0.00	               0.00	               0.00	               0.00	         1230871.05	         1230871.05	               0.00	         1230871.05	               0.00
*   WBS NL-N-TS2-002-05-01-19      Complete set of Spac	         1064049.66	         1064049.66	               0.00	         1064049.66	               0.00	               0.00	               0.00	               0.00	               0.00	               0.00	               0.00	               0.00	               0.00	               0.00	               0.00	         1064049.66	         1064049.66	               0.00	         1064049.66	               0.00	               0.00	               0.00	               0.00	               0.00	               0.00	               0.00	               0.00	               0.00	               0.00	               0.00	               0.00	               0.00	               0.00	               0.00	               0.00	               0.00	               0.00	               0.00	               0.00	               0.00	               0.00	               0.00	               0.00	               0.00	               0.00	               0.00	               0.00	               0.00	               0.00	               0.00	               0.00	               0.00	               0.00	               0.00	               0.00	               0.00	               0.00	               0.00	               0.00	               0.00	         1064049.66	         1064049.66	               0.00	         1064049.66	               0.00
*   WBS NL-N-TS2-002-05-01-20      ST contract 5 nos AB	         8700029.16	         7345573.16	         1035265.00	         8380838.16	          319191.00	               0.00	               0.00	               0.00	               0.00	               0.00	               0.00	               0.00	               0.00	               0.00	               0.00	         1894993.86	         1894993.86	               0.00	         1894993.86	               0.00	         4488734.16	         4488734.16	               0.00	         4488734.16	               0.00	          961845.14	          961845.14	               0.00	          961845.14	               0.00	         1354456.00	               0.00	         1035265.00	         1035265.00	          319191.00	               0.00	               0.00	               0.00	               0.00	               0.00	               0.00	               0.00	               0.00	               0.00	               0.00	               0.00	               0.00	               0.00	               0.00	               0.00	               0.00	               0.00	               0.00	               0.00	               0.00	               0.00	               0.00	               0.00	               0.00	               0.00	         8700029.16	         7345573.16	         1035265.00	         8380838.16	          319191.00
*   WBS NL-N-TS2-002-05-01-21      RUD Chain coupling c	         2660000.02	         2660000.02	               0.00	         2660000.02	               0.00	               0.00	               0.00	               0.00	               0.00	               0.00	               0.00	               0.00	               0.00	               0.00	               0.00	               0.00	               0.00	               0.00	               0.00	               0.00	         2660000.02	         2660000.02	               0.00	         2660000.02	               0.00	               0.00	               0.00	               0.00	               0.00	               0.00	               0.00	               0.00	               0.00	               0.00	               0.00	               0.00	               0.00	               0.00	               0.00	               0.00	               0.00	               0.00	               0.00	               0.00	               0.00	               0.00	               0.00	               0.00	               0.00	               0.00	               0.00	               0.00	               0.00	               0.00	               0.00	               0.00	               0.00	               0.00	               0.00	               0.00	         2660000.02	         2660000.02	               0.00	         2660000.02	               0.00
*   WBS NL-N-TS2-002-05-01-22      ST work for fabricat	         6932981.00	         6491180.00	          260000.00	         6751180.00	          181801.00	               0.00	               0.00	               0.00	               0.00	               0.00	               0.00	               0.00	               0.00	               0.00	               0.00	               0.00	               0.00	               0.00	               0.00	               0.00	         6095880.00	         6095880.00	               0.00	         6095880.00	               0.00	          395300.00	          395300.00	               0.00	          395300.00	               0.00	          441801.00	               0.00	          260000.00	          260000.00	          181801.00	               0.00	               0.00	               0.00	               0.00	               0.00	               0.00	               0.00	               0.00	               0.00	               0.00	               0.00	               0.00	               0.00	               0.00	               0.00	               0.00	               0.00	               0.00	               0.00	               0.00	               0.00	               0.00	               0.00	               0.00	               0.00	         6932981.00	         6491180.00	          260000.00	         6751180.00	          181801.00
*   WBS NL-N-TS2-002-05-01-23      Louvre Type Grate ba	        10508223.41	        10508223.41	               0.00	        10508223.41	               0.00	               0.00	               0.00	               0.00	               0.00	               0.00	               0.00	               0.00	               0.00	               0.00	               0.00	               0.00	               0.00	               0.00	               0.00	               0.00	        10508223.41	        10508223.41	               0.00	        10508223.41	               0.00	               0.00	               0.00	               0.00	               0.00	               0.00	               0.00	               0.00	               0.00	               0.00	               0.00	               0.00	               0.00	               0.00	               0.00	               0.00	               0.00	               0.00	               0.00	               0.00	               0.00	               0.00	               0.00	               0.00	               0.00	               0.00	               0.00	               0.00	               0.00	               0.00	               0.00	               0.00	               0.00	               0.00	               0.00	               0.00	        10508223.41	        10508223.41	               0.00	        10508223.41	               0.00
*   WBS NL-N-TS2-002-05-01-24      Changing /Rectifi of	        17043919.40	        13535431.20	         3299168.20	        16834599.40	          209320.00	               0.00	               0.00	               0.00	               0.00	               0.00	               0.00	               0.00	               0.00	               0.00	               0.00	               0.00	               0.00	               0.00	               0.00	               0.00	         5013766.16	         5013766.16	               0.00	         5013766.16	               0.00	         8521665.04	         8521665.04	               0.00	         8521665.04	               0.00	         3299168.20	               0.00	         3299168.20	         3299168.20	               0.00	               0.00	               0.00	               0.00	               0.00	               0.00	               0.00	               0.00	               0.00	               0.00	               0.00	               0.00	               0.00	               0.00	               0.00	               0.00	               0.00	               0.00	               0.00	               0.00	               0.00	               0.00	               0.00	               0.00	               0.00	               0.00	        16834599.40	        13535431.20	         3299168.20	        16834599.40	               0.00
*   WBS NL-N-TS2-002-05-01-25      Side/Intermediate Gr	         6621457.85	         6621457.85	               0.00	         6621457.85	               0.00	               0.00	               0.00	               0.00	               0.00	               0.00	               0.00	               0.00	               0.00	               0.00	               0.00	               0.00	               0.00	               0.00	               0.00	               0.00	         6621457.85	         6621457.85	               0.00	         6621457.85	               0.00	               0.00	               0.00	               0.00	               0.00	               0.00	               0.00	               0.00	               0.00	               0.00	               0.00	               0.00	               0.00	               0.00	               0.00	               0.00	               0.00	               0.00	               0.00	               0.00	               0.00	               0.00	               0.00	               0.00	               0.00	               0.00	               0.00	               0.00	               0.00	               0.00	               0.00	               0.00	               0.00	               0.00	               0.00	               0.00	         6621457.85	         6621457.85	               0.00	         6621457.85	               0.00
*   WBS NL-N-TS2-002-05-01-26      ABG Plate Link Chain	         3934566.89	         3934566.89	               0.00	         3934566.89	               0.00	               0.00	               0.00	               0.00	               0.00	               0.00	               0.00	               0.00	               0.00	               0.00	               0.00	               0.00	               0.00	               0.00	               0.00	               0.00	         3934566.89	         3934566.89	               0.00	         3934566.89	               0.00	               0.00	               0.00	               0.00	               0.00	               0.00	               0.00	               0.00	               0.00	               0.00	               0.00	               0.00	               0.00	               0.00	               0.00	               0.00	               0.00	               0.00	               0.00	               0.00	               0.00	               0.00	               0.00	               0.00	               0.00	               0.00	               0.00	               0.00	               0.00	               0.00	               0.00	               0.00	               0.00	               0.00	               0.00	               0.00	         3934566.89	         3934566.89	               0.00	         3934566.89	               0.00
*   WBS NL-N-TS2-002-05-01-27      ABG- COMPLETE SET OF	         2552516.73	         2552516.73	               0.00	         2552516.73	               0.00	               0.00	               0.00	               0.00	               0.00	               0.00	               0.00	               0.00	               0.00	               0.00	               0.00	               0.00	               0.00	               0.00	               0.00	               0.00	          238058.57	          238058.57	               0.00	          238058.57	               0.00	         2314458.16	         2314458.16	               0.00	         2314458.16	               0.00	               0.00	               0.00	               0.00	               0.00	               0.00	               0.00	               0.00	               0.00	               0.00	               0.00	               0.00	               0.00	               0.00	               0.00	               0.00	               0.00	               0.00	               0.00	               0.00	               0.00	               0.00	               0.00	               0.00	               0.00	               0.00	               0.00	               0.00	               0.00	               0.00	               0.00	         2552516.73	         2552516.73	               0.00	         2552516.73	               0.00
*   WBS NL-N-TS2-002-05-01-28      ABG-ROLLER-305MM	         1114269.57	         1114269.57	               0.00	         1114269.57	               0.00	               0.00	               0.00	               0.00	               0.00	               0.00	               0.00	               0.00	               0.00	               0.00	               0.00	               0.00	               0.00	               0.00	               0.00	               0.00	         1114269.57	         1114269.57	               0.00	         1114269.57	               0.00	               0.00	               0.00	               0.00	               0.00	               0.00	               0.00	               0.00	               0.00	               0.00	               0.00	               0.00	               0.00	               0.00	               0.00	               0.00	               0.00	               0.00	               0.00	               0.00	               0.00	               0.00	               0.00	               0.00	               0.00	               0.00	               0.00	               0.00	               0.00	               0.00	               0.00	               0.00	               0.00	               0.00	               0.00	               0.00	         1114269.57	         1114269.57	               0.00	         1114269.57	               0.00
*   WBS NL-N-TS2-002-05-01-29      ABG-ROLLER-355MM	         2659419.91	         2659419.91	               0.00	         2659419.91	               0.00	               0.00	               0.00	               0.00	               0.00	               0.00	               0.00	               0.00	               0.00	               0.00	               0.00	               0.00	               0.00	               0.00	               0.00	               0.00	         2023195.05	         2023195.05	               0.00	         2023195.05	               0.00	          636224.86	          636224.86	               0.00	          636224.86	               0.00	               0.00	               0.00	               0.00	               0.00	               0.00	               0.00	               0.00	               0.00	               0.00	               0.00	               0.00	               0.00	               0.00	               0.00	               0.00	               0.00	               0.00	               0.00	               0.00	               0.00	               0.00	               0.00	               0.00	               0.00	               0.00	               0.00	               0.00	               0.00	               0.00	               0.00	         2659419.91	         2659419.91	               0.00	         2659419.91	               0.00
*   WBS NL-N-TS2-002-05-01-30      IMPORTED ROUND LINK	        40740000.09	        40740000.09	               0.00	        40740000.09	               0.00	               0.00	               0.00	               0.00	               0.00	               0.00	               0.00	               0.00	               0.00	               0.00	               0.00	               0.00	               0.00	               0.00	               0.00	               0.00	               0.00	               0.00	               0.00	               0.00	               0.00	        40740000.09	        40740000.09	               0.00	        40740000.09	               0.00	               0.00	               0.00	               0.00	               0.00	               0.00	               0.00	               0.00	               0.00	               0.00	               0.00	               0.00	               0.00	               0.00	               0.00	               0.00	               0.00	               0.00	               0.00	               0.00	               0.00	               0.00	               0.00	               0.00	               0.00	               0.00	               0.00	               0.00	               0.00	               0.00	               0.00	        40740000.09	        40740000.09	               0.00	        40740000.09	               0.00
*   WBS NL-N-TS2-002-05-01-31      SEVEN NO OF ABG OVER	         7761793.21	         5303184.32	         2381684.89	         7684869.21	           76924.00	               0.00	               0.00	               0.00	               0.00	               0.00	               0.00	               0.00	               0.00	               0.00	               0.00	               0.00	               0.00	               0.00	               0.00	               0.00	               0.00	               0.00	               0.00	               0.00	               0.00	         5303184.32	         5303184.32	               0.00	         5303184.32	               0.00	         2381684.89	               0.00	         2381684.89	         2381684.89	               0.00	               0.00	               0.00	               0.00	               0.00	               0.00	               0.00	               0.00	               0.00	               0.00	               0.00	               0.00	               0.00	               0.00	               0.00	               0.00	               0.00	               0.00	               0.00	               0.00	               0.00	               0.00	               0.00	               0.00	               0.00	               0.00	         7684869.21	         5303184.32	         2381684.89	         7684869.21	               0.00
*   WBS NL-N-TS2-002-05-01-32      ABG TENSION GUIDE DR	         1958171.74	         1958171.74	               0.00	         1958171.74	               0.00	               0.00	               0.00	               0.00	               0.00	               0.00	               0.00	               0.00	               0.00	               0.00	               0.00	               0.00	               0.00	               0.00	               0.00	               0.00	               0.00	               0.00	               0.00	               0.00	               0.00	               0.00	               0.00	               0.00	               0.00	               0.00	         1958171.74	         1958171.74	               0.00	         1958171.74	               0.00	               0.00	               0.00	               0.00	               0.00	               0.00	               0.00	               0.00	               0.00	               0.00	               0.00	               0.00	               0.00	               0.00	               0.00	               0.00	               0.00	               0.00	               0.00	               0.00	               0.00	               0.00	               0.00	               0.00	               0.00	               0.00	         1958171.74	         1958171.74	               0.00	         1958171.74	               0.00
*   WBS NL-N-TS2-002-05-01-33      GEAR BOX MOTOR	         3538818.00	               0.00	         3538818.00	         3538818.00	               0.00	               0.00	               0.00	               0.00	               0.00	               0.00	               0.00	               0.00	               0.00	               0.00	               0.00	               0.00	               0.00	               0.00	               0.00	               0.00	               0.00	               0.00	               0.00	               0.00	               0.00	               0.00	               0.00	               0.00	               0.00	               0.00	         3538818.00	               0.00	         3538818.00	         3538818.00	               0.00	               0.00	               0.00	               0.00	               0.00	               0.00	               0.00	               0.00	               0.00	               0.00	               0.00	               0.00	               0.00	               0.00	               0.00	               0.00	               0.00	               0.00	               0.00	               0.00	               0.00	               0.00	               0.00	               0.00	               0.00	               0.00	         3538818.00	               0.00	         3538818.00	         3538818.00	               0.00
*   WBS NL-N-TS2-002-05-01-34      i/p pinion shaft for	         1581790.00	               0.00	         1581790.00	         1581790.00	               0.00	               0.00	               0.00	               0.00	               0.00	               0.00	               0.00	               0.00	               0.00	               0.00	               0.00	               0.00	               0.00	               0.00	               0.00	               0.00	               0.00	               0.00	               0.00	               0.00	               0.00	               0.00	               0.00	               0.00	               0.00	               0.00	         1581790.00	               0.00	         1581790.00	         1581790.00	               0.00	               0.00	               0.00	               0.00	               0.00	               0.00	               0.00	               0.00	               0.00	               0.00	               0.00	               0.00	               0.00	               0.00	               0.00	               0.00	               0.00	               0.00	               0.00	               0.00	               0.00	               0.00	               0.00	               0.00	               0.00	               0.00	         1581790.00	               0.00	         1581790.00	         1581790.00	               0.00
*   WBS NL-N-TS2-002-05-01-35      Lvr type grate bar39	        29207360.00	               0.00	        29207360.00	        29207360.00	               0.00	               0.00	               0.00	               0.00	               0.00	               0.00	               0.00	               0.00	               0.00	               0.00	               0.00	               0.00	               0.00	               0.00	               0.00	               0.00	               0.00	               0.00	               0.00	               0.00	               0.00	               0.00	               0.00	               0.00	               0.00	               0.00	        29207360.00	               0.00	        29207360.00	        29207360.00	               0.00	               0.00	               0.00	               0.00	               0.00	               0.00	               0.00	               0.00	               0.00	               0.00	               0.00	               0.00	               0.00	               0.00	               0.00	               0.00	               0.00	               0.00	               0.00	               0.00	               0.00	               0.00	               0.00	               0.00	               0.00	               0.00	        29207360.00	               0.00	        29207360.00	        29207360.00	               0.00
*   WBS NL-N-TS2-002-05-01-36      Proc of SC Round lin	        38515540.00	               0.00	        38515540.00	        38515540.00	               0.00	               0.00	               0.00	               0.00	               0.00	               0.00	               0.00	               0.00	               0.00	               0.00	               0.00	               0.00	               0.00	               0.00	               0.00	               0.00	               0.00	               0.00	               0.00	               0.00	               0.00	               0.00	               0.00	               0.00	               0.00	               0.00	        38515540.00	               0.00	        38515540.00	        38515540.00	               0.00	               0.00	               0.00	               0.00	               0.00	               0.00	               0.00	               0.00	               0.00	               0.00	               0.00	               0.00	               0.00	               0.00	               0.00	               0.00	               0.00	               0.00	               0.00	               0.00	               0.00	               0.00	               0.00	               0.00	               0.00	               0.00	        38515540.00	               0.00	        38515540.00	        38515540.00	               0.00
*   WBS NL-N-TS2-002-05-01-37      Louvre Type Grate Ba	         7068000.00	               0.00	         7068000.00	         7068000.00	               0.00	               0.00	               0.00	               0.00	               0.00	               0.00	               0.00	               0.00	               0.00	               0.00	               0.00	               0.00	               0.00	               0.00	               0.00	               0.00	               0.00	               0.00	               0.00	               0.00	               0.00	               0.00	               0.00	               0.00	               0.00	               0.00	         7068000.00	               0.00	         7068000.00	         7068000.00	               0.00	               0.00	               0.00	               0.00	               0.00	               0.00	               0.00	               0.00	               0.00	               0.00	               0.00	               0.00	               0.00	               0.00	               0.00	               0.00	               0.00	               0.00	               0.00	               0.00	               0.00	               0.00	               0.00	               0.00	               0.00	               0.00	         7068000.00	               0.00	         7068000.00	         7068000.00	               0.00
*   WBS NL-N-TS2-002-05-01-38      Spacer Bar set,Tube	         2225040.00	               0.00	         2225040.00	         2225040.00	               0.00	               0.00	               0.00	               0.00	               0.00	               0.00	               0.00	               0.00	               0.00	               0.00	               0.00	               0.00	               0.00	               0.00	               0.00	               0.00	               0.00	               0.00	               0.00	               0.00	               0.00	               0.00	               0.00	               0.00	               0.00	               0.00	         2225040.00	               0.00	         2225040.00	         2225040.00	               0.00	               0.00	               0.00	               0.00	               0.00	               0.00	               0.00	               0.00	               0.00	               0.00	               0.00	               0.00	               0.00	               0.00	               0.00	               0.00	               0.00	               0.00	               0.00	               0.00	               0.00	               0.00	               0.00	               0.00	               0.00	               0.00	         2225040.00	               0.00	         2225040.00	         2225040.00	               0.00
*   WBS NL-N-TS2-002-05-01-39       ABG Side grate bar	         8819000.00	               0.00	         8819000.00	         8819000.00	               0.00	               0.00	               0.00	               0.00	               0.00	               0.00	               0.00	               0.00	               0.00	               0.00	               0.00	               0.00	               0.00	               0.00	               0.00	               0.00	               0.00	               0.00	               0.00	               0.00	               0.00	               0.00	               0.00	               0.00	               0.00	               0.00	         8819000.00	               0.00	         8819000.00	         8819000.00	               0.00	               0.00	               0.00	               0.00	               0.00	               0.00	               0.00	               0.00	               0.00	               0.00	               0.00	               0.00	               0.00	               0.00	               0.00	               0.00	               0.00	               0.00	               0.00	               0.00	               0.00	               0.00	               0.00	               0.00	               0.00	               0.00	         8819000.00	               0.00	         8819000.00	         8819000.00	               0.00
*   WBS NL-N-TS2-002-05-01-40      ABG ROLLER 305 MM-35	         6161250.00	               0.00	         6161250.00	         6161250.00	               0.00	               0.00	               0.00	               0.00	               0.00	               0.00	               0.00	               0.00	               0.00	               0.00	               0.00	               0.00	               0.00	               0.00	               0.00	               0.00	               0.00	               0.00	               0.00	               0.00	               0.00	               0.00	               0.00	               0.00	               0.00	               0.00	         6161250.00	               0.00	         6161250.00	         6161250.00	               0.00	               0.00	               0.00	               0.00	               0.00	               0.00	               0.00	               0.00	               0.00	               0.00	               0.00	               0.00	               0.00	               0.00	               0.00	               0.00	               0.00	               0.00	               0.00	               0.00	               0.00	               0.00	               0.00	               0.00	               0.00	               0.00	         6161250.00	               0.00	         6161250.00	         6161250.00	               0.00
*   WBS NL-N-TS2-002-05-01-41      FABRICATION OF NEW S	        24163999.79	               0.00	        24163999.79	        24163999.79	               0.00	               0.00	               0.00	               0.00	               0.00	               0.00	               0.00	               0.00	               0.00	               0.00	               0.00	               0.00	               0.00	               0.00	               0.00	               0.00	               0.00	               0.00	               0.00	               0.00	               0.00	               0.00	               0.00	               0.00	               0.00	               0.00	        24163999.79	               0.00	        24163999.79	        24163999.79	               0.00	               0.00	               0.00	               0.00	               0.00	               0.00	               0.00	               0.00	               0.00	               0.00	               0.00	               0.00	               0.00	               0.00	               0.00	               0.00	               0.00	               0.00	               0.00	               0.00	               0.00	               0.00	               0.00	               0.00	               0.00	               0.00	        24163999.79	               0.00	        24163999.79	        24163999.79	               0.00
**  WBS NL-N-TS2-002-05-02         MILL MAINTENANCE	       277188809.75	        92051087.93	       185017459.08	       277068547.01	          120262.74	        12369467.99	        12369467.99	               0.00	        12369467.99	               0.00	        20298067.96	        20298067.96	               0.00	        20298067.96	               0.00	        11038311.15	        11038311.15	               0.00	        11038311.15	               0.00	        35235681.46	        35235681.46	               0.00	        35235681.46	               0.00	        12197758.49	        12167692.81	               0.00	        12167692.81	           30065.68	       186049522.66	          941866.56	       185017459.08	       185959325.64	           90197.02	               0.00	               0.00	               0.00	               0.00	               0.00	               0.00	               0.00	               0.00	               0.00	               0.00	               0.00	               0.00	               0.00	               0.00	               0.00	               0.00	               0.00	               0.00	               0.00	               0.00	               0.00	               0.00	               0.00	               0.00	               0.00	       277188809.71	        92051087.93	       185017459.08	       277068547.01	          120262.70
*   WBS NL-N-TS2-002-05-02-01      MILLS AND PF DUCTS	        21074260.09	        20507859.74	          566400.35	        21074260.09	               0.00	        12369467.99	        12369467.99	               0.00	        12369467.99	               0.00	         8138391.75	         8138391.75	               0.00	         8138391.75	               0.00	               0.00	               0.00	               0.00	               0.00	               0.00	               0.00	               0.00	               0.00	               0.00	               0.00	               0.00	               0.00	               0.00	               0.00	               0.00	          566400.35	               0.00	          566400.35	          566400.35	               0.00	               0.00	               0.00	               0.00	               0.00	               0.00	               0.00	               0.00	               0.00	               0.00	               0.00	               0.00	               0.00	               0.00	               0.00	               0.00	               0.00	               0.00	               0.00	               0.00	               0.00	               0.00	               0.00	               0.00	               0.00	               0.00	        21074260.09	        20507859.74	          566400.35	        21074260.09	               0.00
*   WBS NL-N-TS2-002-05-02-02      Helical Spring &Visc	         8138236.21	         8138236.21	               0.00	         8138236.21	               0.00	               0.00	               0.00	               0.00	               0.00	               0.00	         8138236.21	         8138236.21	               0.00	         8138236.21	               0.00	               0.00	               0.00	               0.00	               0.00	               0.00	               0.00	               0.00	               0.00	               0.00	               0.00	               0.00	               0.00	               0.00	               0.00	               0.00	               0.00	               0.00	               0.00	               0.00	               0.00	               0.00	               0.00	               0.00	               0.00	               0.00	               0.00	               0.00	               0.00	               0.00	               0.00	               0.00	               0.00	               0.00	               0.00	               0.00	               0.00	               0.00	               0.00	               0.00	               0.00	               0.00	               0.00	               0.00	               0.00	               0.00	         8138236.21	         8138236.21	               0.00	         8138236.21	               0.00
*   WBS NL-N-TS2-002-05-02-03      Mill double bearing	          890100.00	          890100.00	               0.00	          890100.00	               0.00	               0.00	               0.00	               0.00	               0.00	               0.00	               0.00	               0.00	               0.00	               0.00	               0.00	          890100.00	          890100.00	               0.00	          890100.00	               0.00	               0.00	               0.00	               0.00	               0.00	               0.00	               0.00	               0.00	               0.00	               0.00	               0.00	               0.00	               0.00	               0.00	               0.00	               0.00	               0.00	               0.00	               0.00	               0.00	               0.00	               0.00	               0.00	               0.00	               0.00	               0.00	               0.00	               0.00	               0.00	               0.00	               0.00	               0.00	               0.00	               0.00	               0.00	               0.00	               0.00	               0.00	               0.00	               0.00	               0.00	          890100.00	          890100.00	               0.00	          890100.00	               0.00
*   WBS NL-N-TS2-002-05-02-04      PF Duct lifting & Al	         2320200.03	         1486800.00	          833400.03	         2320200.03	               0.00	               0.00	               0.00	               0.00	               0.00	               0.00	         1486800.00	         1486800.00	               0.00	         1486800.00	               0.00	               0.00	               0.00	               0.00	               0.00	               0.00	               0.00	               0.00	               0.00	               0.00	               0.00	               0.00	               0.00	               0.00	               0.00	               0.00	          833400.03	               0.00	          833400.03	          833400.03	               0.00	               0.00	               0.00	               0.00	               0.00	               0.00	               0.00	               0.00	               0.00	               0.00	               0.00	               0.00	               0.00	               0.00	               0.00	               0.00	               0.00	               0.00	               0.00	               0.00	               0.00	               0.00	               0.00	               0.00	               0.00	               0.00	         2320200.03	         1486800.00	          833400.03	         2320200.03	               0.00
*   WBS NL-N-TS2-002-05-02-05      replace of spring un	         2534640.02	         2534640.00	               0.02	         2534640.02	               0.00	               0.00	               0.00	               0.00	               0.00	               0.00	         2534640.00	         2534640.00	               0.00	         2534640.00	               0.00	               0.00	               0.00	               0.00	               0.00	               0.00	               0.00	               0.00	               0.00	               0.00	               0.00	               0.00	               0.00	               0.00	               0.00	               0.00	               0.02	               0.00	               0.02	               0.02	               0.00	               0.00	               0.00	               0.00	               0.00	               0.00	               0.00	               0.00	               0.00	               0.00	               0.00	               0.00	               0.00	               0.00	               0.00	               0.00	               0.00	               0.00	               0.00	               0.00	               0.00	               0.00	               0.00	               0.00	               0.00	               0.00	         2534640.02	         2534640.00	               0.02	         2534640.02	               0.00
*   WBS NL-N-TS2-002-05-02-06      Replace recti classi	         4787744.17	         2906354.54	         1791192.59	         4697547.13	           90197.04	               0.00	               0.00	               0.00	               0.00	               0.00	               0.00	               0.00	               0.00	               0.00	               0.00	         1849024.42	         1849024.42	               0.00	         1849024.42	               0.00	         1087395.80	         1087395.80	               0.00	         1087395.80	               0.00	               0.00	          -30065.68	               0.00	          -30065.68	           30065.68	         1851323.93	               0.00	         1791192.59	         1791192.59	           60131.34	               0.00	               0.00	               0.00	               0.00	               0.00	               0.00	               0.00	               0.00	               0.00	               0.00	               0.00	               0.00	               0.00	               0.00	               0.00	               0.00	               0.00	               0.00	               0.00	               0.00	               0.00	               0.00	               0.00	               0.00	               0.00	         4787744.15	         2906354.54	         1791192.59	         4697547.13	           90197.02
*   WBS NL-N-TS2-002-05-02-07      Spring unit/visco da	         8299186.73	         8299186.73	               0.00	         8299186.73	               0.00	               0.00	               0.00	               0.00	               0.00	               0.00	               0.00	               0.00	               0.00	               0.00	               0.00	         8299186.73	         8299186.73	               0.00	         8299186.73	               0.00	               0.00	               0.00	               0.00	               0.00	               0.00	               0.00	               0.00	               0.00	               0.00	               0.00	               0.00	               0.00	               0.00	               0.00	               0.00	               0.00	               0.00	               0.00	               0.00	               0.00	               0.00	               0.00	               0.00	               0.00	               0.00	               0.00	               0.00	               0.00	               0.00	               0.00	               0.00	               0.00	               0.00	               0.00	               0.00	               0.00	               0.00	               0.00	               0.00	               0.00	         8299186.73	         8299186.73	               0.00	         8299186.73	               0.00
*   WBS NL-N-TS2-002-05-02-08      Replace of Spring Vi	         2534640.02	         2534640.00	               0.02	         2534640.02	               0.00	               0.00	               0.00	               0.00	               0.00	               0.00	               0.00	               0.00	               0.00	               0.00	               0.00	               0.00	               0.00	               0.00	               0.00	               0.00	         2534640.00	         2534640.00	               0.00	         2534640.00	               0.00	               0.00	               0.00	               0.00	               0.00	               0.00	               0.02	               0.00	               0.02	               0.02	               0.00	               0.00	               0.00	               0.00	               0.00	               0.00	               0.00	               0.00	               0.00	               0.00	               0.00	               0.00	               0.00	               0.00	               0.00	               0.00	               0.00	               0.00	               0.00	               0.00	               0.00	               0.00	               0.00	               0.00	               0.00	               0.00	         2534640.02	         2534640.00	               0.02	         2534640.02	               0.00
*   WBS NL-N-TS2-002-05-02-09      Mill Door seal colla	        11446000.00	        11446000.00	               0.00	        11446000.00	               0.00	               0.00	               0.00	               0.00	               0.00	               0.00	               0.00	               0.00	               0.00	               0.00	               0.00	               0.00	               0.00	               0.00	               0.00	               0.00	        11446000.00	        11446000.00	               0.00	        11446000.00	               0.00	               0.00	               0.00	               0.00	               0.00	               0.00	               0.00	               0.00	               0.00	               0.00	               0.00	               0.00	               0.00	               0.00	               0.00	               0.00	               0.00	               0.00	               0.00	               0.00	               0.00	               0.00	               0.00	               0.00	               0.00	               0.00	               0.00	               0.00	               0.00	               0.00	               0.00	               0.00	               0.00	               0.00	               0.00	               0.00	        11446000.00	        11446000.00	               0.00	        11446000.00	               0.00
*   WBS NL-N-TS2-002-05-02-10      Voith Turbo/EPK Conn	         9612273.02	         9612273.02	               0.00	         9612273.02	               0.00	               0.00	               0.00	               0.00	               0.00	               0.00	               0.00	               0.00	               0.00	               0.00	               0.00	               0.00	               0.00	               0.00	               0.00	               0.00	         9612273.02	         9612273.02	               0.00	         9612273.02	               0.00	               0.00	               0.00	               0.00	               0.00	               0.00	               0.00	               0.00	               0.00	               0.00	               0.00	               0.00	               0.00	               0.00	               0.00	               0.00	               0.00	               0.00	               0.00	               0.00	               0.00	               0.00	               0.00	               0.00	               0.00	               0.00	               0.00	               0.00	               0.00	               0.00	               0.00	               0.00	               0.00	               0.00	               0.00	               0.00	         9612273.02	         9612273.02	               0.00	         9612273.02	               0.00
*   WBS NL-N-TS2-002-05-02-11      MILL DOUBLE BEARING	        10555372.64	        10555372.64	               0.00	        10555372.64	               0.00	               0.00	               0.00	               0.00	               0.00	               0.00	               0.00	               0.00	               0.00	               0.00	               0.00	               0.00	               0.00	               0.00	               0.00	               0.00	        10555372.64	        10555372.64	               0.00	        10555372.64	               0.00	               0.00	               0.00	               0.00	               0.00	               0.00	               0.00	               0.00	               0.00	               0.00	               0.00	               0.00	               0.00	               0.00	               0.00	               0.00	               0.00	               0.00	               0.00	               0.00	               0.00	               0.00	               0.00	               0.00	               0.00	               0.00	               0.00	               0.00	               0.00	               0.00	               0.00	               0.00	               0.00	               0.00	               0.00	               0.00	        10555372.64	        10555372.64	               0.00	        10555372.64	               0.00
*   WBS NL-N-TS2-002-05-02-12      REVAMPING-MILL DOOR	         5840629.22	         5740228.00	          100401.22	         5840629.22	               0.00	               0.00	               0.00	               0.00	               0.00	               0.00	               0.00	               0.00	               0.00	               0.00	               0.00	               0.00	               0.00	               0.00	               0.00	               0.00	               0.00	               0.00	               0.00	               0.00	               0.00	         5740228.00	         5740228.00	               0.00	         5740228.00	               0.00	          100401.22	               0.00	          100401.22	          100401.22	               0.00	               0.00	               0.00	               0.00	               0.00	               0.00	               0.00	               0.00	               0.00	               0.00	               0.00	               0.00	               0.00	               0.00	               0.00	               0.00	               0.00	               0.00	               0.00	               0.00	               0.00	               0.00	               0.00	               0.00	               0.00	               0.00	         5840629.22	         5740228.00	          100401.22	         5840629.22	               0.00
*   WBS NL-N-TS2-002-05-02-13      PROC-MILL DOUBLE BEA	         4809264.01	         4809264.01	               0.00	         4809264.01	               0.00	               0.00	               0.00	               0.00	               0.00	               0.00	               0.00	               0.00	               0.00	               0.00	               0.00	               0.00	               0.00	               0.00	               0.00	               0.00	               0.00	               0.00	               0.00	               0.00	               0.00	         4809264.01	         4809264.01	               0.00	         4809264.01	               0.00	               0.00	               0.00	               0.00	               0.00	               0.00	               0.00	               0.00	               0.00	               0.00	               0.00	               0.00	               0.00	               0.00	               0.00	               0.00	               0.00	               0.00	               0.00	               0.00	               0.00	               0.00	               0.00	               0.00	               0.00	               0.00	               0.00	               0.00	               0.00	               0.00	               0.00	         4809264.01	         4809264.01	               0.00	         4809264.01	               0.00
*   WBS NL-N-TS2-002-05-02-14      Mill Door Puller 4 S	         2284052.00	               0.00	         2284052.00	         2284052.00	               0.00	               0.00	               0.00	               0.00	               0.00	               0.00	               0.00	               0.00	               0.00	               0.00	               0.00	               0.00	               0.00	               0.00	               0.00	               0.00	               0.00	               0.00	               0.00	               0.00	               0.00	               0.00	               0.00	               0.00	               0.00	               0.00	         2284052.00	               0.00	         2284052.00	         2284052.00	               0.00	               0.00	               0.00	               0.00	               0.00	               0.00	               0.00	               0.00	               0.00	               0.00	               0.00	               0.00	               0.00	               0.00	               0.00	               0.00	               0.00	               0.00	               0.00	               0.00	               0.00	               0.00	               0.00	               0.00	               0.00	               0.00	         2284052.00	               0.00	         2284052.00	         2284052.00	               0.00
*   WBS NL-N-TS2-002-05-02-15      Instln BW Mill asmbl	        98840000.01	               0.00	        98840000.01	        98840000.01	               0.00	               0.00	               0.00	               0.00	               0.00	               0.00	               0.00	               0.00	               0.00	               0.00	               0.00	               0.00	               0.00	               0.00	               0.00	               0.00	               0.00	               0.00	               0.00	               0.00	               0.00	               0.00	               0.00	               0.00	               0.00	               0.00	        98840000.01	               0.00	        98840000.01	        98840000.01	               0.00	               0.00	               0.00	               0.00	               0.00	               0.00	               0.00	               0.00	               0.00	               0.00	               0.00	               0.00	               0.00	               0.00	               0.00	               0.00	               0.00	               0.00	               0.00	               0.00	               0.00	               0.00	               0.00	               0.00	               0.00	               0.00	        98840000.01	               0.00	        98840000.01	        98840000.01	               0.00
*   WBS NL-N-TS2-002-05-02-16      Voith fluid coup for	         7688580.00	               0.00	         7688580.00	         7688580.00	               0.00	               0.00	               0.00	               0.00	               0.00	               0.00	               0.00	               0.00	               0.00	               0.00	               0.00	               0.00	               0.00	               0.00	               0.00	               0.00	               0.00	               0.00	               0.00	               0.00	               0.00	               0.00	               0.00	               0.00	               0.00	               0.00	         7688580.00	               0.00	         7688580.00	         7688580.00	               0.00	               0.00	               0.00	               0.00	               0.00	               0.00	               0.00	               0.00	               0.00	               0.00	               0.00	               0.00	               0.00	               0.00	               0.00	               0.00	               0.00	               0.00	               0.00	               0.00	               0.00	               0.00	               0.00	               0.00	               0.00	               0.00	         7688580.00	               0.00	         7688580.00	         7688580.00	               0.00
*   WBS NL-N-TS2-002-05-02-17      REP LD2 Damper along	         5095029.64	         2590133.04	         2504896.60	         5095029.64	               0.00	               0.00	               0.00	               0.00	               0.00	               0.00	               0.00	               0.00	               0.00	               0.00	               0.00	               0.00	               0.00	               0.00	               0.00	               0.00	               0.00	               0.00	               0.00	               0.00	               0.00	         1648266.48	         1648266.48	               0.00	         1648266.48	               0.00	         3446763.16	          941866.56	         2504896.60	         3446763.16	               0.00	               0.00	               0.00	               0.00	               0.00	               0.00	               0.00	               0.00	               0.00	               0.00	               0.00	               0.00	               0.00	               0.00	               0.00	               0.00	               0.00	               0.00	               0.00	               0.00	               0.00	               0.00	               0.00	               0.00	               0.00	               0.00	         5095029.64	         2590133.04	         2504896.60	         5095029.64	               0.00
*   WBS NL-N-TS2-002-05-02-18      Mill DBrg Shaft 18no	        10756830.24	               0.00	        10756830.24	        10756830.24	               0.00	               0.00	               0.00	               0.00	               0.00	               0.00	               0.00	               0.00	               0.00	               0.00	               0.00	               0.00	               0.00	               0.00	               0.00	               0.00	               0.00	               0.00	               0.00	               0.00	               0.00	               0.00	               0.00	               0.00	               0.00	               0.00	        10756830.24	               0.00	        10756830.24	        10756830.24	               0.00	               0.00	               0.00	               0.00	               0.00	               0.00	               0.00	               0.00	               0.00	               0.00	               0.00	               0.00	               0.00	               0.00	               0.00	               0.00	               0.00	               0.00	               0.00	               0.00	               0.00	               0.00	               0.00	               0.00	               0.00	               0.00	        10756830.24	               0.00	        10756830.24	        10756830.24	               0.00
*   WBS NL-N-TS2-002-05-02-19      6 no of Mill Door Se	        45404040.00	               0.00	        45404040.00	        45404040.00	               0.00	               0.00	               0.00	               0.00	               0.00	               0.00	               0.00	               0.00	               0.00	               0.00	               0.00	               0.00	               0.00	               0.00	               0.00	               0.00	               0.00	               0.00	               0.00	               0.00	               0.00	               0.00	               0.00	               0.00	               0.00	               0.00	        45404040.00	               0.00	        45404040.00	        45404040.00	               0.00	               0.00	               0.00	               0.00	               0.00	               0.00	               0.00	               0.00	               0.00	               0.00	               0.00	               0.00	               0.00	               0.00	               0.00	               0.00	               0.00	               0.00	               0.00	               0.00	               0.00	               0.00	               0.00	               0.00	               0.00	               0.00	        45404040.00	               0.00	        45404040.00	        45404040.00	               0.00
*   WBS NL-N-TS2-002-05-02-20      18 set Ext LO skid f	        14202000.00	               0.00	        14202000.00	        14202000.00	               0.00	               0.00	               0.00	               0.00	               0.00	               0.00	               0.00	               0.00	               0.00	               0.00	               0.00	               0.00	               0.00	               0.00	               0.00	               0.00	               0.00	               0.00	               0.00	               0.00	               0.00	               0.00	               0.00	               0.00	               0.00	               0.00	        14202000.00	               0.00	        14202000.00	        14202000.00	               0.00	               0.00	               0.00	               0.00	               0.00	               0.00	               0.00	               0.00	               0.00	               0.00	               0.00	               0.00	               0.00	               0.00	               0.00	               0.00	               0.00	               0.00	               0.00	               0.00	               0.00	               0.00	               0.00	               0.00	               0.00	               0.00	        14202000.00	               0.00	        14202000.00	        14202000.00	               0.00
*   WBS NL-N-TS2-002-05-02-21      Procurement of 1 Nos	           45666.00	               0.00	           45666.00	           45666.00	               0.00	               0.00	               0.00	               0.00	               0.00	               0.00	               0.00	               0.00	               0.00	               0.00	               0.00	               0.00	               0.00	               0.00	               0.00	               0.00	               0.00	               0.00	               0.00	               0.00	               0.00	               0.00	               0.00	               0.00	               0.00	               0.00	           45666.00	               0.00	           45666.00	           45666.00	               0.00	               0.00	               0.00	               0.00	               0.00	               0.00	               0.00	               0.00	               0.00	               0.00	               0.00	               0.00	               0.00	               0.00	               0.00	               0.00	               0.00	               0.00	               0.00	               0.00	               0.00	               0.00	               0.00	               0.00	               0.00	               0.00	           45666.00	               0.00	           45666.00	           45666.00	               0.00
**  WBS NL-N-TS2-002-05-03         PRESSURE PARTS	       729775888.81	       180524279.10	       547331763.39	       727856042.49	         1919846.32	         8013663.42	         8013663.42	               0.00	         8013663.42	               0.00	        27408907.35	        27394084.21	         3713916.21	        31108000.42	        -3699093.07	        20847413.71	        20847413.71	               0.00	        20847413.71	               0.00	        64898661.07	        64898661.07	               0.00	        64898661.07	               0.00	        55354029.64	        55354029.52	               0.00	        55354029.52	               0.12	       553253213.26	         4016427.17	       543617847.18	       547634274.35	         5618938.91	               0.00	               0.00	               0.00	               0.00	               0.00	               0.00	               0.00	               0.00	               0.00	               0.00	               0.00	               0.00	               0.00	               0.00	               0.00	               0.00	               0.00	               0.00	               0.00	               0.00	               0.00	               0.00	               0.00	               0.00	               0.00	       729775888.45	       180524279.10	       547331763.39	       727856042.49	         1919845.96
*   WBS NL-N-TS2-002-05-03-04      Drum Safety Valves (	         7404920.03	         7404919.99	               0.04	         7404920.03	               0.00	               0.00	               0.00	               0.00	               0.00	               0.00	               0.00	               0.00	               0.00	               0.00	               0.00	               0.00	               0.00	               0.00	               0.00	               0.00	         7404919.99	         7404919.99	               0.00	         7404919.99	               0.00	               0.00	               0.00	               0.00	               0.00	               0.00	               0.04	               0.00	               0.04	               0.04	               0.00	               0.00	               0.00	               0.00	               0.00	               0.00	               0.00	               0.00	               0.00	               0.00	               0.00	               0.00	               0.00	               0.00	               0.00	               0.00	               0.00	               0.00	               0.00	               0.00	               0.00	               0.00	               0.00	               0.00	               0.00	               0.00	         7404920.03	         7404919.99	               0.04	         7404920.03	               0.00
*   WBS NL-N-TS2-002-05-03-06      Temperature Control	         2257641.00	               0.00	         2257641.00	         2257641.00	               0.00	               0.00	               0.00	               0.00	               0.00	               0.00	               0.00	               0.00	               0.00	               0.00	               0.00	               0.00	               0.00	               0.00	               0.00	               0.00	               0.00	               0.00	               0.00	               0.00	               0.00	               0.00	               0.00	               0.00	               0.00	               0.00	         2257641.00	               0.00	         2257641.00	         2257641.00	               0.00	               0.00	               0.00	               0.00	               0.00	               0.00	               0.00	               0.00	               0.00	               0.00	               0.00	               0.00	               0.00	               0.00	               0.00	               0.00	               0.00	               0.00	               0.00	               0.00	               0.00	               0.00	               0.00	               0.00	               0.00	               0.00	         2257641.00	               0.00	         2257641.00	         2257641.00	               0.00
*   WBS NL-N-TS2-002-05-03-09      Water Lance Pump	         1813850.98	         1813850.98	               0.00	         1813850.98	               0.00	               0.00	               0.00	               0.00	               0.00	               0.00	         1813850.98	         1813850.98	               0.00	         1813850.98	               0.00	               0.00	               0.00	               0.00	               0.00	               0.00	               0.00	               0.00	               0.00	               0.00	               0.00	               0.00	               0.00	               0.00	               0.00	               0.00	               0.00	               0.00	               0.00	               0.00	               0.00	               0.00	               0.00	               0.00	               0.00	               0.00	               0.00	               0.00	               0.00	               0.00	               0.00	               0.00	               0.00	               0.00	               0.00	               0.00	               0.00	               0.00	               0.00	               0.00	               0.00	               0.00	               0.00	               0.00	               0.00	               0.00	         1813850.98	         1813850.98	               0.00	         1813850.98	               0.00
*   WBS NL-N-TS2-002-05-03-12      Automatic Stress Rel	          372880.00	          372880.00	               0.00	          372880.00	               0.00	          372880.00	          372880.00	               0.00	          372880.00	               0.00	               0.00	               0.00	               0.00	               0.00	               0.00	               0.00	               0.00	               0.00	               0.00	               0.00	               0.00	               0.00	               0.00	               0.00	               0.00	               0.00	               0.00	               0.00	               0.00	               0.00	               0.00	               0.00	               0.00	               0.00	               0.00	               0.00	               0.00	               0.00	               0.00	               0.00	               0.00	               0.00	               0.00	               0.00	               0.00	               0.00	               0.00	               0.00	               0.00	               0.00	               0.00	               0.00	               0.00	               0.00	               0.00	               0.00	               0.00	               0.00	               0.00	               0.00	          372880.00	          372880.00	               0.00	          372880.00	               0.00
*   WBS NL-N-TS2-002-05-03-13      Portable Rebound Har	          198240.00	          198240.00	               0.00	          198240.00	               0.00	          198240.00	          198240.00	               0.00	          198240.00	               0.00	               0.00	               0.00	               0.00	               0.00	               0.00	               0.00	               0.00	               0.00	               0.00	               0.00	               0.00	               0.00	               0.00	               0.00	               0.00	               0.00	               0.00	               0.00	               0.00	               0.00	               0.00	               0.00	               0.00	               0.00	               0.00	               0.00	               0.00	               0.00	               0.00	               0.00	               0.00	               0.00	               0.00	               0.00	               0.00	               0.00	               0.00	               0.00	               0.00	               0.00	               0.00	               0.00	               0.00	               0.00	               0.00	               0.00	               0.00	               0.00	               0.00	               0.00	          198240.00	          198240.00	               0.00	          198240.00	               0.00
*   WBS NL-N-TS2-002-05-03-14      Water Wall Tube & Pa	          595145.97	          595145.97	               0.00	          595145.97	               0.00	          595145.97	          595145.97	               0.00	          595145.97	               0.00	               0.00	               0.00	               0.00	               0.00	               0.00	               0.00	               0.00	               0.00	               0.00	               0.00	               0.00	               0.00	               0.00	               0.00	               0.00	               0.00	               0.00	               0.00	               0.00	               0.00	               0.00	               0.00	               0.00	               0.00	               0.00	               0.00	               0.00	               0.00	               0.00	               0.00	               0.00	               0.00	               0.00	               0.00	               0.00	               0.00	               0.00	               0.00	               0.00	               0.00	               0.00	               0.00	               0.00	               0.00	               0.00	               0.00	               0.00	               0.00	               0.00	               0.00	          595145.97	          595145.97	               0.00	          595145.97	               0.00
*   WBS NL-N-TS2-002-05-03-15      Boiler-5 Hanger Insp	               0.00	               0.00	               0.00	               0.00	               0.00	               0.00	               0.00	               0.00	               0.00	               0.00	               0.00	               0.00	               0.00	               0.00	               0.00	               0.00	               0.00	               0.00	               0.00	               0.00	               0.00	               0.00	               0.00	               0.00	               0.00	               0.00	               0.00	               0.00	               0.00	               0.00	               0.00	               0.00	               0.00	               0.00	               0.00	               0.00	               0.00	               0.00	               0.00	               0.00	               0.00	               0.00	               0.00	               0.00	               0.00	               0.00	               0.00	               0.00	               0.00	               0.00	               0.00	               0.00	               0.00	               0.00	               0.00	               0.00	               0.00	               0.00	               0.00	               0.00	               0.00	               0.00	               0.00	               0.00	               0.00
*   WBS NL-N-TS2-002-05-03-16      Water Wall Tube,Pane	         1651570.50	         1651570.50	               0.00	         1651570.50	               0.00	          441140.38	          441140.38	               0.00	          441140.38	               0.00	         1210430.12	         1210430.12	               0.00	         1210430.12	               0.00	               0.00	               0.00	               0.00	               0.00	               0.00	               0.00	               0.00	               0.00	               0.00	               0.00	               0.00	               0.00	               0.00	               0.00	               0.00	               0.00	               0.00	               0.00	               0.00	               0.00	               0.00	               0.00	               0.00	               0.00	               0.00	               0.00	               0.00	               0.00	               0.00	               0.00	               0.00	               0.00	               0.00	               0.00	               0.00	               0.00	               0.00	               0.00	               0.00	               0.00	               0.00	               0.00	               0.00	               0.00	               0.00	         1651570.50	         1651570.50	               0.00	         1651570.50	               0.00
*   WBS NL-N-TS2-002-05-03-17      Replace of Drain,Ven	         3817888.81	          998841.12	         2789401.41	         3788242.53	           29646.28	         1013664.26	         1013664.26	               0.00	         1013664.26	               0.00	               0.00	          -14823.14	               0.00	          -14823.14	           14823.14	               0.00	               0.00	               0.00	               0.00	               0.00	               0.00	               0.00	               0.00	               0.00	               0.00	               0.00	               0.00	               0.00	               0.00	               0.00	         2804224.55	               0.00	         2789401.41	         2789401.41	           14823.14	               0.00	               0.00	               0.00	               0.00	               0.00	               0.00	               0.00	               0.00	               0.00	               0.00	               0.00	               0.00	               0.00	               0.00	               0.00	               0.00	               0.00	               0.00	               0.00	               0.00	               0.00	               0.00	               0.00	               0.00	               0.00	         3817888.81	          998841.12	         2789401.41	         3788242.53	           29646.28
*   WBS NL-N-TS2-002-05-03-18      Replacement of WW Pa	         2204377.30	         2204377.30	               0.00	         2204377.30	               0.00	         2204377.30	         2204377.30	               0.00	         2204377.30	               0.00	               0.00	               0.00	               0.00	               0.00	               0.00	               0.00	               0.00	               0.00	               0.00	               0.00	               0.00	               0.00	               0.00	               0.00	               0.00	               0.00	               0.00	               0.00	               0.00	               0.00	               0.00	               0.00	               0.00	               0.00	               0.00	               0.00	               0.00	               0.00	               0.00	               0.00	               0.00	               0.00	               0.00	               0.00	               0.00	               0.00	               0.00	               0.00	               0.00	               0.00	               0.00	               0.00	               0.00	               0.00	               0.00	               0.00	               0.00	               0.00	               0.00	               0.00	         2204377.30	         2204377.30	               0.00	         2204377.30	               0.00
*   WBS NL-N-TS2-002-05-03-19      HRH Safety Valve Tap	         1828205.99	         1828205.99	               0.00	         1828205.99	               0.00	         1828205.99	         1828205.99	               0.00	         1828205.99	               0.00	               0.00	               0.00	               0.00	               0.00	               0.00	               0.00	               0.00	               0.00	               0.00	               0.00	               0.00	               0.00	               0.00	               0.00	               0.00	               0.00	               0.00	               0.00	               0.00	               0.00	               0.00	               0.00	               0.00	               0.00	               0.00	               0.00	               0.00	               0.00	               0.00	               0.00	               0.00	               0.00	               0.00	               0.00	               0.00	               0.00	               0.00	               0.00	               0.00	               0.00	               0.00	               0.00	               0.00	               0.00	               0.00	               0.00	               0.00	               0.00	               0.00	               0.00	         1828205.99	         1828205.99	               0.00	         1828205.99	               0.00
*   WBS NL-N-TS2-002-05-03-24      Safety Valve Spares	         2088271.46	         2088271.46	               0.00	         2088271.46	               0.00	               0.00	               0.00	               0.00	               0.00	               0.00	         1726419.54	         1726419.54	               0.00	         1726419.54	               0.00	          361851.92	          361851.92	               0.00	          361851.92	               0.00	               0.00	               0.00	               0.00	               0.00	               0.00	               0.00	               0.00	               0.00	               0.00	               0.00	               0.00	               0.00	               0.00	               0.00	               0.00	               0.00	               0.00	               0.00	               0.00	               0.00	               0.00	               0.00	               0.00	               0.00	               0.00	               0.00	               0.00	               0.00	               0.00	               0.00	               0.00	               0.00	               0.00	               0.00	               0.00	               0.00	               0.00	               0.00	               0.00	               0.00	         2088271.46	         2088271.46	               0.00	         2088271.46	               0.00
*   WBS NL-N-TS2-002-05-03-25      Thickness Survey -Bo	         1258352.83	         1258352.83	               0.00	         1258352.83	               0.00	               0.00	               0.00	               0.00	               0.00	               0.00	          722166.06	          722166.06	               0.00	          722166.06	               0.00	          536186.77	          536186.77	               0.00	          536186.77	               0.00	               0.00	               0.00	               0.00	               0.00	               0.00	               0.00	               0.00	               0.00	               0.00	               0.00	               0.00	               0.00	               0.00	               0.00	               0.00	               0.00	               0.00	               0.00	               0.00	               0.00	               0.00	               0.00	               0.00	               0.00	               0.00	               0.00	               0.00	               0.00	               0.00	               0.00	               0.00	               0.00	               0.00	               0.00	               0.00	               0.00	               0.00	               0.00	               0.00	               0.00	         1258352.83	         1258352.83	               0.00	         1258352.83	               0.00
*   WBS NL-N-TS2-002-05-03-26      Replacement of WW Pa	        13690283.49	        13658204.49	               0.00	        13658204.49	           32079.00	               0.00	               0.00	               0.00	               0.00	               0.00	         6076152.12	         6076152.12	               0.00	         6076152.12	               0.00	         7316848.04	         7316848.04	               0.00	         7316848.04	               0.00	          265204.33	          265204.33	               0.00	          265204.33	               0.00	               0.00	               0.00	               0.00	               0.00	               0.00	           32079.00	               0.00	               0.00	               0.00	           32079.00	               0.00	               0.00	               0.00	               0.00	               0.00	               0.00	               0.00	               0.00	               0.00	               0.00	               0.00	               0.00	               0.00	               0.00	               0.00	               0.00	               0.00	               0.00	               0.00	               0.00	               0.00	               0.00	               0.00	               0.00	               0.00	        13690283.49	        13658204.49	               0.00	        13658204.49	           32079.00
*   WBS NL-N-TS2-002-05-03-27      Refractory Work insi	         2294142.48	         1387542.48	               0.00	         1387542.48	          906600.00	         1360009.52	         1360009.52	               0.00	         1360009.52	               0.00	           27532.96	           27532.96	               0.00	           27532.96	               0.00	               0.00	               0.00	               0.00	               0.00	               0.00	               0.00	               0.00	               0.00	               0.00	               0.00	               0.00	               0.00	               0.00	               0.00	               0.00	          906600.00	               0.00	               0.00	               0.00	          906600.00	               0.00	               0.00	               0.00	               0.00	               0.00	               0.00	               0.00	               0.00	               0.00	               0.00	               0.00	               0.00	               0.00	               0.00	               0.00	               0.00	               0.00	               0.00	               0.00	               0.00	               0.00	               0.00	               0.00	               0.00	               0.00	         2294142.48	         1387542.48	               0.00	         1387542.48	          906600.00
*   WBS NL-N-TS2-002-05-03-29      Procurement of fuel	         6584693.82	         6584693.82	               0.00	         6584693.82	               0.00	               0.00	               0.00	               0.00	               0.00	               0.00	               0.00	               0.00	               0.00	               0.00	               0.00	         6584693.82	         6584693.82	               0.00	         6584693.82	               0.00	               0.00	               0.00	               0.00	               0.00	               0.00	               0.00	               0.00	               0.00	               0.00	               0.00	               0.00	               0.00	               0.00	               0.00	               0.00	               0.00	               0.00	               0.00	               0.00	               0.00	               0.00	               0.00	               0.00	               0.00	               0.00	               0.00	               0.00	               0.00	               0.00	               0.00	               0.00	               0.00	               0.00	               0.00	               0.00	               0.00	               0.00	               0.00	               0.00	               0.00	         6584693.82	         6584693.82	               0.00	         6584693.82	               0.00
*   WBS NL-N-TS2-002-05-03-30      Replacement of Insul	        34014139.29	        30300223.08	         3713916.21	        34014139.29	               0.00	               0.00	               0.00	               0.00	               0.00	               0.00	         9005229.57	         9005229.57	         3713916.21	        12719145.78	        -3713916.21	               0.00	               0.00	               0.00	               0.00	               0.00	        21294993.51	        21294993.51	               0.00	        21294993.51	               0.00	               0.00	               0.00	               0.00	               0.00	               0.00	         3713916.21	               0.00	               0.00	               0.00	         3713916.21	               0.00	               0.00	               0.00	               0.00	               0.00	               0.00	               0.00	               0.00	               0.00	               0.00	               0.00	               0.00	               0.00	               0.00	               0.00	               0.00	               0.00	               0.00	               0.00	               0.00	               0.00	               0.00	               0.00	               0.00	               0.00	        34014139.29	        30300223.08	         3713916.21	        34014139.29	               0.00
*   WBS NL-N-TS2-002-05-03-31      Procurement of FCS M	         2485080.00	         2485080.00	               0.00	         2485080.00	               0.00	               0.00	               0.00	               0.00	               0.00	               0.00	               0.00	               0.00	               0.00	               0.00	               0.00	         2485080.00	         2485080.00	               0.00	         2485080.00	               0.00	               0.00	               0.00	               0.00	               0.00	               0.00	               0.00	               0.00	               0.00	               0.00	               0.00	               0.00	               0.00	               0.00	               0.00	               0.00	               0.00	               0.00	               0.00	               0.00	               0.00	               0.00	               0.00	               0.00	               0.00	               0.00	               0.00	               0.00	               0.00	               0.00	               0.00	               0.00	               0.00	               0.00	               0.00	               0.00	               0.00	               0.00	               0.00	               0.00	               0.00	         2485080.00	         2485080.00	               0.00	         2485080.00	               0.00
*   WBS NL-N-TS2-002-05-03-32      Hopper S type &Corne	         7375592.01	         7375592.01	               0.00	         7375592.01	               0.00	               0.00	               0.00	               0.00	               0.00	               0.00	               0.00	               0.00	               0.00	               0.00	               0.00	               0.00	               0.00	               0.00	               0.00	               0.00	         7375592.01	         7375592.01	               0.00	         7375592.01	               0.00	               0.00	               0.00	               0.00	               0.00	               0.00	               0.00	               0.00	               0.00	               0.00	               0.00	               0.00	               0.00	               0.00	               0.00	               0.00	               0.00	               0.00	               0.00	               0.00	               0.00	               0.00	               0.00	               0.00	               0.00	               0.00	               0.00	               0.00	               0.00	               0.00	               0.00	               0.00	               0.00	               0.00	               0.00	               0.00	         7375592.01	         7375592.01	               0.00	         7375592.01	               0.00
*   WBS NL-N-TS2-002-05-03-33      Replacement of ECO o	         7523680.03	         5168282.00	         2355398.03	         7523680.03	               0.00	               0.00	               0.00	               0.00	               0.00	               0.00	         5168282.00	         5168282.00	               0.00	         5168282.00	               0.00	               0.00	               0.00	               0.00	               0.00	               0.00	               0.00	               0.00	               0.00	               0.00	               0.00	               0.00	               0.00	               0.00	               0.00	               0.00	         2355398.03	               0.00	         2355398.03	         2355398.03	               0.00	               0.00	               0.00	               0.00	               0.00	               0.00	               0.00	               0.00	               0.00	               0.00	               0.00	               0.00	               0.00	               0.00	               0.00	               0.00	               0.00	               0.00	               0.00	               0.00	               0.00	               0.00	               0.00	               0.00	               0.00	               0.00	         7523680.03	         5168282.00	         2355398.03	         7523680.03	               0.00
*   WBS NL-N-TS2-002-05-03-34      Water lance casing T	          547053.92	          547053.92	               0.00	          547053.92	               0.00	               0.00	               0.00	               0.00	               0.00	               0.00	               0.00	               0.00	               0.00	               0.00	               0.00	               0.00	               0.00	               0.00	               0.00	               0.00	          547053.92	          547053.92	               0.00	          547053.92	               0.00	               0.00	               0.00	               0.00	               0.00	               0.00	               0.00	               0.00	               0.00	               0.00	               0.00	               0.00	               0.00	               0.00	               0.00	               0.00	               0.00	               0.00	               0.00	               0.00	               0.00	               0.00	               0.00	               0.00	               0.00	               0.00	               0.00	               0.00	               0.00	               0.00	               0.00	               0.00	               0.00	               0.00	               0.00	               0.00	          547053.92	          547053.92	               0.00	          547053.92	               0.00
*   WBS NL-N-TS2-002-05-03-35      Procurement of FAS M	         2450860.00	         2450860.00	               0.00	         2450860.00	               0.00	               0.00	               0.00	               0.00	               0.00	               0.00	               0.00	               0.00	               0.00	               0.00	               0.00	         2450860.00	         2450860.00	               0.00	         2450860.00	               0.00	               0.00	               0.00	               0.00	               0.00	               0.00	               0.00	               0.00	               0.00	               0.00	               0.00	               0.00	               0.00	               0.00	               0.00	               0.00	               0.00	               0.00	               0.00	               0.00	               0.00	               0.00	               0.00	               0.00	               0.00	               0.00	               0.00	               0.00	               0.00	               0.00	               0.00	               0.00	               0.00	               0.00	               0.00	               0.00	               0.00	               0.00	               0.00	               0.00	               0.00	         2450860.00	         2450860.00	               0.00	         2450860.00	               0.00
*   WBS NL-N-TS2-002-05-03-37      Replacement of HRH S	         1568696.03	         1105896.00	          462800.03	         1568696.03	               0.00	               0.00	               0.00	               0.00	               0.00	               0.00	         1105896.00	         1105896.00	               0.00	         1105896.00	               0.00	               0.00	               0.00	               0.00	               0.00	               0.00	               0.00	               0.00	               0.00	               0.00	               0.00	               0.00	               0.00	               0.00	               0.00	               0.00	          462800.03	               0.00	          462800.03	          462800.03	               0.00	               0.00	               0.00	               0.00	               0.00	               0.00	               0.00	               0.00	               0.00	               0.00	               0.00	               0.00	               0.00	               0.00	               0.00	               0.00	               0.00	               0.00	               0.00	               0.00	               0.00	               0.00	               0.00	               0.00	               0.00	               0.00	         1568696.03	         1105896.00	          462800.03	         1568696.03	               0.00
*   WBS NL-N-TS2-002-05-03-38      Replacement of HRH S	          552948.03	          552948.00	               0.03	          552948.03	               0.00	               0.00	               0.00	               0.00	               0.00	               0.00	          552948.00	          552948.00	               0.00	          552948.00	               0.00	               0.00	               0.00	               0.00	               0.00	               0.00	               0.00	               0.00	               0.00	               0.00	               0.00	               0.00	               0.00	               0.00	               0.00	               0.00	               0.03	               0.00	               0.03	               0.03	               0.00	               0.00	               0.00	               0.00	               0.00	               0.00	               0.00	               0.00	               0.00	               0.00	               0.00	               0.00	               0.00	               0.00	               0.00	               0.00	               0.00	               0.00	               0.00	               0.00	               0.00	               0.00	               0.00	               0.00	               0.00	               0.00	          552948.03	          552948.00	               0.03	          552948.03	               0.00
*   WBS NL-N-TS2-002-05-03-39      Procurement of SSB C	         1894449.80	         1894449.80	               0.00	         1894449.80	               0.00	               0.00	               0.00	               0.00	               0.00	               0.00	               0.00	               0.00	               0.00	               0.00	               0.00	               0.00	               0.00	               0.00	               0.00	               0.00	         1894449.80	         1894449.80	               0.00	         1894449.80	               0.00	               0.00	               0.00	               0.00	               0.00	               0.00	               0.00	               0.00	               0.00	               0.00	               0.00	               0.00	               0.00	               0.00	               0.00	               0.00	               0.00	               0.00	               0.00	               0.00	               0.00	               0.00	               0.00	               0.00	               0.00	               0.00	               0.00	               0.00	               0.00	               0.00	               0.00	               0.00	               0.00	               0.00	               0.00	               0.00	         1894449.80	         1894449.80	               0.00	         1894449.80	               0.00
*   WBS NL-N-TS2-002-05-03-40      Procu of St-II SSB P	         4773265.20	         4773265.20	               0.00	         4773265.20	               0.00	               0.00	               0.00	               0.00	               0.00	               0.00	               0.00	               0.00	               0.00	               0.00	               0.00	               0.00	               0.00	               0.00	               0.00	               0.00	         4773265.20	         4773265.20	               0.00	         4773265.20	               0.00	               0.00	               0.00	               0.00	               0.00	               0.00	               0.00	               0.00	               0.00	               0.00	               0.00	               0.00	               0.00	               0.00	               0.00	               0.00	               0.00	               0.00	               0.00	               0.00	               0.00	               0.00	               0.00	               0.00	               0.00	               0.00	               0.00	               0.00	               0.00	               0.00	               0.00	               0.00	               0.00	               0.00	               0.00	               0.00	         4773265.20	         4773265.20	               0.00	         4773265.20	               0.00
*   WBS NL-N-TS2-002-05-03-41      Procure of fuel oil	          747223.40	               0.00	          747223.40	          747223.40	               0.00	               0.00	               0.00	               0.00	               0.00	               0.00	               0.00	               0.00	               0.00	               0.00	               0.00	               0.00	               0.00	               0.00	               0.00	               0.00	               0.00	               0.00	               0.00	               0.00	               0.00	               0.00	               0.00	               0.00	               0.00	               0.00	          747223.40	               0.00	          747223.40	          747223.40	               0.00	               0.00	               0.00	               0.00	               0.00	               0.00	               0.00	               0.00	               0.00	               0.00	               0.00	               0.00	               0.00	               0.00	               0.00	               0.00	               0.00	               0.00	               0.00	               0.00	               0.00	               0.00	               0.00	               0.00	               0.00	               0.00	          747223.40	               0.00	          747223.40	          747223.40	               0.00
*   WBS NL-N-TS2-002-05-03-42      Purchase of pipes an	         2578718.70	         2572704.72	            6013.98	         2578718.70	               0.00	               0.00	               0.00	               0.00	               0.00	               0.00	               0.00	               0.00	               0.00	               0.00	               0.00	               0.00	               0.00	               0.00	               0.00	               0.00	         1396118.34	         1396118.34	               0.00	         1396118.34	               0.00	         1176586.38	         1176586.38	               0.00	         1176586.38	               0.00	            6013.98	               0.00	            6013.98	            6013.98	               0.00	               0.00	               0.00	               0.00	               0.00	               0.00	               0.00	               0.00	               0.00	               0.00	               0.00	               0.00	               0.00	               0.00	               0.00	               0.00	               0.00	               0.00	               0.00	               0.00	               0.00	               0.00	               0.00	               0.00	               0.00	               0.00	         2578718.70	         2572704.72	            6013.98	         2578718.70	               0.00
*   WBS NL-N-TS2-002-05-03-43      Purchase of pipes an	         1444197.88	         1331752.74	           80618.14	         1412370.88	           31827.00	               0.00	               0.00	               0.00	               0.00	               0.00	               0.00	               0.00	               0.00	               0.00	               0.00	          318954.22	          318954.22	               0.00	          318954.22	               0.00	         1012798.52	         1012798.52	               0.00	         1012798.52	               0.00	               0.00	               0.00	               0.00	               0.00	               0.00	          112445.14	               0.00	           80618.14	           80618.14	           31827.00	               0.00	               0.00	               0.00	               0.00	               0.00	               0.00	               0.00	               0.00	               0.00	               0.00	               0.00	               0.00	               0.00	               0.00	               0.00	               0.00	               0.00	               0.00	               0.00	               0.00	               0.00	               0.00	               0.00	               0.00	               0.00	         1444197.88	         1331752.74	           80618.14	         1412370.88	           31827.00
*   WBS NL-N-TS2-002-05-03-44      Purchase of pipes an	         9976875.02	               0.00	         9976875.02	         9976875.02	               0.00	               0.00	               0.00	               0.00	               0.00	               0.00	               0.00	               0.00	               0.00	               0.00	               0.00	               0.00	               0.00	               0.00	               0.00	               0.00	               0.00	               0.00	               0.00	               0.00	               0.00	               0.00	               0.00	               0.00	               0.00	               0.00	         9976875.02	               0.00	         9976875.02	         9976875.02	               0.00	               0.00	               0.00	               0.00	               0.00	               0.00	               0.00	               0.00	               0.00	               0.00	               0.00	               0.00	               0.00	               0.00	               0.00	               0.00	               0.00	               0.00	               0.00	               0.00	               0.00	               0.00	               0.00	               0.00	               0.00	               0.00	         9976875.02	               0.00	         9976875.02	         9976875.02	               0.00
*   WBS NL-N-TS2-002-05-03-45      Procurement of water	         1486463.38	         1486463.38	               0.00	         1486463.38	               0.00	               0.00	               0.00	               0.00	               0.00	               0.00	               0.00	               0.00	               0.00	               0.00	               0.00	               0.00	               0.00	               0.00	               0.00	               0.00	         1486463.38	         1486463.38	               0.00	         1486463.38	               0.00	               0.00	               0.00	               0.00	               0.00	               0.00	               0.00	               0.00	               0.00	               0.00	               0.00	               0.00	               0.00	               0.00	               0.00	               0.00	               0.00	               0.00	               0.00	               0.00	               0.00	               0.00	               0.00	               0.00	               0.00	               0.00	               0.00	               0.00	               0.00	               0.00	               0.00	               0.00	               0.00	               0.00	               0.00	               0.00	         1486463.38	         1486463.38	               0.00	         1486463.38	               0.00
*   WBS NL-N-TS2-002-05-03-46      RLA Study in TPS-II	          840537.80	          792938.94	           31998.86	          824937.80	           15600.00	               0.00	               0.00	               0.00	               0.00	               0.00	               0.00	               0.00	               0.00	               0.00	               0.00	          792938.94	          792938.94	               0.00	          792938.94	               0.00	               0.00	               0.00	               0.00	               0.00	               0.00	               0.00	               0.00	               0.00	               0.00	               0.00	           47598.86	               0.00	           31998.86	           31998.86	           15600.00	               0.00	               0.00	               0.00	               0.00	               0.00	               0.00	               0.00	               0.00	               0.00	               0.00	               0.00	               0.00	               0.00	               0.00	               0.00	               0.00	               0.00	               0.00	               0.00	               0.00	               0.00	               0.00	               0.00	               0.00	               0.00	          840537.80	          792938.94	           31998.86	          824937.80	           15600.00
*   WBS NL-N-TS2-002-05-03-47      Replacement of Eco c	        12415800.01	               0.00	        12415800.01	        12415800.01	               0.00	               0.00	               0.00	               0.00	               0.00	               0.00	               0.00	               0.00	               0.00	               0.00	               0.00	               0.00	               0.00	               0.00	               0.00	               0.00	               0.00	               0.00	               0.00	               0.00	               0.00	               0.00	               0.00	               0.00	               0.00	               0.00	        12415800.01	               0.00	        12415800.01	        12415800.01	               0.00	               0.00	               0.00	               0.00	               0.00	               0.00	               0.00	               0.00	               0.00	               0.00	               0.00	               0.00	               0.00	               0.00	               0.00	               0.00	               0.00	               0.00	               0.00	               0.00	               0.00	               0.00	               0.00	               0.00	               0.00	               0.00	        12415800.01	               0.00	        12415800.01	        12415800.01	               0.00
*   WBS NL-N-TS2-002-05-03-48      Replacement of Boile	         8744700.01	               0.00	         8744700.01	         8744700.01	               0.00	               0.00	               0.00	               0.00	               0.00	               0.00	               0.00	               0.00	               0.00	               0.00	               0.00	               0.00	               0.00	               0.00	               0.00	               0.00	               0.00	               0.00	               0.00	               0.00	               0.00	               0.00	               0.00	               0.00	               0.00	               0.00	         8744700.01	               0.00	         8744700.01	         8744700.01	               0.00	               0.00	               0.00	               0.00	               0.00	               0.00	               0.00	               0.00	               0.00	               0.00	               0.00	               0.00	               0.00	               0.00	               0.00	               0.00	               0.00	               0.00	               0.00	               0.00	               0.00	               0.00	               0.00	               0.00	               0.00	               0.00	         8744700.01	               0.00	         8744700.01	         8744700.01	               0.00
*   WBS NL-N-TS2-002-05-03-49      Procurement of econo	         4674003.60	         4674003.60	               0.00	         4674003.60	               0.00	               0.00	               0.00	               0.00	               0.00	               0.00	               0.00	               0.00	               0.00	               0.00	               0.00	               0.00	               0.00	               0.00	               0.00	               0.00	               0.00	               0.00	               0.00	               0.00	               0.00	         4674003.60	         4674003.60	               0.00	         4674003.60	               0.00	               0.00	               0.00	               0.00	               0.00	               0.00	               0.00	               0.00	               0.00	               0.00	               0.00	               0.00	               0.00	               0.00	               0.00	               0.00	               0.00	               0.00	               0.00	               0.00	               0.00	               0.00	               0.00	               0.00	               0.00	               0.00	               0.00	               0.00	               0.00	               0.00	               0.00	         4674003.60	         4674003.60	               0.00	         4674003.60	               0.00
*   WBS NL-N-TS2-002-05-03-50      Procurement of econo	         3791966.45	         3791962.91	               0.00	         3791962.91	               3.54	               0.00	               0.00	               0.00	               0.00	               0.00	               0.00	               0.00	               0.00	               0.00	               0.00	               0.00	               0.00	               0.00	               0.00	               0.00	               0.00	               0.00	               0.00	               0.00	               0.00	               0.00	               0.00	               0.00	               0.00	               0.00	         3791966.45	         3791962.91	               0.00	         3791962.91	               3.54	               0.00	               0.00	               0.00	               0.00	               0.00	               0.00	               0.00	               0.00	               0.00	               0.00	               0.00	               0.00	               0.00	               0.00	               0.00	               0.00	               0.00	               0.00	               0.00	               0.00	               0.00	               0.00	               0.00	               0.00	               0.00	         3791966.45	         3791962.91	               0.00	         3791962.91	               3.54
*   WBS NL-N-TS2-002-05-03-51      Procurement of High	        24179843.30	               0.00	        24179843.30	        24179843.30	               0.00	               0.00	               0.00	               0.00	               0.00	               0.00	               0.00	               0.00	               0.00	               0.00	               0.00	               0.00	               0.00	               0.00	               0.00	               0.00	               0.00	               0.00	               0.00	               0.00	               0.00	               0.00	               0.00	               0.00	               0.00	               0.00	        24179843.30	               0.00	        24179843.30	        24179843.30	               0.00	               0.00	               0.00	               0.00	               0.00	               0.00	               0.00	               0.00	               0.00	               0.00	               0.00	               0.00	               0.00	               0.00	               0.00	               0.00	               0.00	               0.00	               0.00	               0.00	               0.00	               0.00	               0.00	               0.00	               0.00	               0.00	        24179843.30	               0.00	        24179843.30	        24179843.30	               0.00
*   WBS NL-N-TS2-002-05-03-52      Water Lance 8 stage	         2955348.00	         2955348.00	               0.00	         2955348.00	               0.00	               0.00	               0.00	               0.00	               0.00	               0.00	               0.00	               0.00	               0.00	               0.00	               0.00	               0.00	               0.00	               0.00	               0.00	               0.00	         2955348.00	         2955348.00	               0.00	         2955348.00	               0.00	               0.00	               0.00	               0.00	               0.00	               0.00	               0.00	               0.00	               0.00	               0.00	               0.00	               0.00	               0.00	               0.00	               0.00	               0.00	               0.00	               0.00	               0.00	               0.00	               0.00	               0.00	               0.00	               0.00	               0.00	               0.00	               0.00	               0.00	               0.00	               0.00	               0.00	               0.00	               0.00	               0.00	               0.00	               0.00	         2955348.00	         2955348.00	               0.00	         2955348.00	               0.00
*   WBS NL-N-TS2-002-05-03-53      Boiler J row pipe su	         7035276.03	         6428418.20	          606857.47	         7035275.67	               0.36	               0.00	               0.00	               0.00	               0.00	               0.00	               0.00	               0.00	               0.00	               0.00	               0.00	               0.00	               0.00	               0.00	               0.00	               0.00	               0.00	               0.00	               0.00	               0.00	               0.00	         6428418.20	         6428418.20	               0.00	         6428418.20	               0.00	          606857.47	               0.00	          606857.47	          606857.47	               0.00	               0.00	               0.00	               0.00	               0.00	               0.00	               0.00	               0.00	               0.00	               0.00	               0.00	               0.00	               0.00	               0.00	               0.00	               0.00	               0.00	               0.00	               0.00	               0.00	               0.00	               0.00	               0.00	               0.00	               0.00	               0.00	         7035275.67	         6428418.20	          606857.47	         7035275.67	               0.00
*   WBS NL-N-TS2-002-05-03-54      Damaged Boiler Auxil	          908021.03	          838440.03	           29661.00	          868101.03	           39920.00	               0.00	               0.00	               0.00	               0.00	               0.00	               0.00	               0.00	               0.00	               0.00	               0.00	               0.00	               0.00	               0.00	               0.00	               0.00	          838440.03	          838440.03	               0.00	          838440.03	               0.00	               0.00	               0.00	               0.00	               0.00	               0.00	           69581.00	               0.00	           29661.00	           29661.00	           39920.00	               0.00	               0.00	               0.00	               0.00	               0.00	               0.00	               0.00	               0.00	               0.00	               0.00	               0.00	               0.00	               0.00	               0.00	               0.00	               0.00	               0.00	               0.00	               0.00	               0.00	               0.00	               0.00	               0.00	               0.00	               0.00	          908021.03	          838440.03	           29661.00	          868101.03	           39920.00
*   WBS NL-N-TS2-002-05-03-55      Purchase of Seamless	        31581166.00	               0.00	        31581166.00	        31581166.00	               0.00	               0.00	               0.00	               0.00	               0.00	               0.00	               0.00	               0.00	               0.00	               0.00	               0.00	               0.00	               0.00	               0.00	               0.00	               0.00	               0.00	               0.00	               0.00	               0.00	               0.00	               0.00	               0.00	               0.00	               0.00	               0.00	        31581166.00	               0.00	        31581166.00	        31581166.00	               0.00	               0.00	               0.00	               0.00	               0.00	               0.00	               0.00	               0.00	               0.00	               0.00	               0.00	               0.00	               0.00	               0.00	               0.00	               0.00	               0.00	               0.00	               0.00	               0.00	               0.00	               0.00	               0.00	               0.00	               0.00	               0.00	        31581166.00	               0.00	        31581166.00	        31581166.00	               0.00
*   WBS NL-N-TS2-002-05-03-56      Procurement of Water	        24101976.47	               0.00	        24101976.47	        24101976.47	               0.00	               0.00	               0.00	               0.00	               0.00	               0.00	               0.00	               0.00	               0.00	               0.00	               0.00	               0.00	               0.00	               0.00	               0.00	               0.00	               0.00	               0.00	               0.00	               0.00	               0.00	               0.00	               0.00	               0.00	               0.00	               0.00	        24101976.47	               0.00	        24101976.47	        24101976.47	               0.00	               0.00	               0.00	               0.00	               0.00	               0.00	               0.00	               0.00	               0.00	               0.00	               0.00	               0.00	               0.00	               0.00	               0.00	               0.00	               0.00	               0.00	               0.00	               0.00	               0.00	               0.00	               0.00	               0.00	               0.00	               0.00	        24101976.47	               0.00	        24101976.47	        24101976.47	               0.00
*   WBS NL-N-TS2-002-05-03-57      Replacement of Econo	         9714139.57	         5084160.87	         4448278.70	         9532439.57	          181700.00	               0.00	               0.00	               0.00	               0.00	               0.00	               0.00	               0.00	               0.00	               0.00	               0.00	               0.00	               0.00	               0.00	               0.00	               0.00	         2193620.35	         2193620.35	               0.00	         2193620.35	               0.00	         2890540.52	         2890540.52	               0.00	         2890540.52	               0.00	         4629978.70	               0.00	         4448278.70	         4448278.70	          181700.00	               0.00	               0.00	               0.00	               0.00	               0.00	               0.00	               0.00	               0.00	               0.00	               0.00	               0.00	               0.00	               0.00	               0.00	               0.00	               0.00	               0.00	               0.00	               0.00	               0.00	               0.00	               0.00	               0.00	               0.00	               0.00	         9714139.57	         5084160.87	         4448278.70	         9532439.57	          181700.00
*   WBS NL-N-TS2-002-05-03-58      Rep of damaged water	        13486299.14	        10913265.82	         2373733.32	        13286999.14	          199300.00	               0.00	               0.00	               0.00	               0.00	               0.00	               0.00	               0.00	               0.00	               0.00	               0.00	               0.00	               0.00	               0.00	               0.00	               0.00	        10913265.94	        10913265.94	               0.00	        10913265.94	               0.00	               0.00	              -0.12	               0.00	              -0.12	               0.12	         2573033.20	               0.00	         2373733.32	         2373733.32	          199299.88	               0.00	               0.00	               0.00	               0.00	               0.00	               0.00	               0.00	               0.00	               0.00	               0.00	               0.00	               0.00	               0.00	               0.00	               0.00	               0.00	               0.00	               0.00	               0.00	               0.00	               0.00	               0.00	               0.00	               0.00	               0.00	        13486299.14	        10913265.82	         2373733.32	        13286999.14	          199300.00
*   WBS NL-N-TS2-002-05-03-59      SSB SPARES PURCHASE	         2412633.70	         2412633.70	               0.00	         2412633.70	               0.00	               0.00	               0.00	               0.00	               0.00	               0.00	               0.00	               0.00	               0.00	               0.00	               0.00	               0.00	               0.00	               0.00	               0.00	               0.00	               0.00	               0.00	               0.00	               0.00	               0.00	         2412633.70	         2412633.70	               0.00	         2412633.70	               0.00	               0.00	               0.00	               0.00	               0.00	               0.00	               0.00	               0.00	               0.00	               0.00	               0.00	               0.00	               0.00	               0.00	               0.00	               0.00	               0.00	               0.00	               0.00	               0.00	               0.00	               0.00	               0.00	               0.00	               0.00	               0.00	               0.00	               0.00	               0.00	               0.00	               0.00	         2412633.70	         2412633.70	               0.00	         2412633.70	               0.00
*   WBS NL-N-TS2-002-05-03-60      SKY CLIMBERS	        17911796.46	        17911796.46	               0.00	        17911796.46	               0.00	               0.00	               0.00	               0.00	               0.00	               0.00	               0.00	               0.00	               0.00	               0.00	               0.00	               0.00	               0.00	               0.00	               0.00	               0.00	               0.00	               0.00	               0.00	               0.00	               0.00	        17911796.46	        17911796.46	               0.00	        17911796.46	               0.00	               0.00	               0.00	               0.00	               0.00	               0.00	               0.00	               0.00	               0.00	               0.00	               0.00	               0.00	               0.00	               0.00	               0.00	               0.00	               0.00	               0.00	               0.00	               0.00	               0.00	               0.00	               0.00	               0.00	               0.00	               0.00	               0.00	               0.00	               0.00	               0.00	               0.00	        17911796.46	        17911796.46	               0.00	        17911796.46	               0.00
*   WBS NL-N-TS2-002-05-03-61      RLA STUDY IN UNIT 1	         1539100.29	          911879.58	          627220.71	         1539100.29	               0.00	               0.00	               0.00	               0.00	               0.00	               0.00	               0.00	               0.00	               0.00	               0.00	               0.00	               0.00	               0.00	               0.00	               0.00	               0.00	          547127.75	          547127.75	               0.00	          547127.75	               0.00	          364751.83	          364751.83	               0.00	          364751.83	               0.00	          627220.71	               0.00	          627220.71	          627220.71	               0.00	               0.00	               0.00	               0.00	               0.00	               0.00	               0.00	               0.00	               0.00	               0.00	               0.00	               0.00	               0.00	               0.00	               0.00	               0.00	               0.00	               0.00	               0.00	               0.00	               0.00	               0.00	               0.00	               0.00	               0.00	               0.00	         1539100.29	          911879.58	          627220.71	         1539100.29	               0.00
*   WBS NL-N-TS2-002-05-03-62      PROC STRAIGHT TYPE W	        26435447.50	               0.00	        26435447.50	        26435447.50	               0.00	               0.00	               0.00	               0.00	               0.00	               0.00	               0.00	               0.00	               0.00	               0.00	               0.00	               0.00	               0.00	               0.00	               0.00	               0.00	               0.00	               0.00	               0.00	               0.00	               0.00	               0.00	               0.00	               0.00	               0.00	               0.00	        26435447.50	               0.00	        26435447.50	        26435447.50	               0.00	               0.00	               0.00	               0.00	               0.00	               0.00	               0.00	               0.00	               0.00	               0.00	               0.00	               0.00	               0.00	               0.00	               0.00	               0.00	               0.00	               0.00	               0.00	               0.00	               0.00	               0.00	               0.00	               0.00	               0.00	               0.00	        26435447.50	               0.00	        26435447.50	        26435447.50	               0.00
*   WBS NL-N-TS2-002-05-03-63      PROC- WW HOPPER BEND	         3542683.32	               0.00	         3542683.32	         3542683.32	               0.00	               0.00	               0.00	               0.00	               0.00	               0.00	               0.00	               0.00	               0.00	               0.00	               0.00	               0.00	               0.00	               0.00	               0.00	               0.00	               0.00	               0.00	               0.00	               0.00	               0.00	               0.00	               0.00	               0.00	               0.00	               0.00	         3542683.32	               0.00	         3542683.32	         3542683.32	               0.00	               0.00	               0.00	               0.00	               0.00	               0.00	               0.00	               0.00	               0.00	               0.00	               0.00	               0.00	               0.00	               0.00	               0.00	               0.00	               0.00	               0.00	               0.00	               0.00	               0.00	               0.00	               0.00	               0.00	               0.00	               0.00	         3542683.32	               0.00	         3542683.32	         3542683.32	               0.00
*   WBS NL-N-TS2-002-05-03-64      Procurement of criti	         5836598.60	               0.00	         5836598.60	         5836598.60	               0.00	               0.00	               0.00	               0.00	               0.00	               0.00	               0.00	               0.00	               0.00	               0.00	               0.00	               0.00	               0.00	               0.00	               0.00	               0.00	               0.00	               0.00	               0.00	               0.00	               0.00	               0.00	               0.00	               0.00	               0.00	               0.00	         5836598.60	               0.00	         5836598.60	         5836598.60	               0.00	               0.00	               0.00	               0.00	               0.00	               0.00	               0.00	               0.00	               0.00	               0.00	               0.00	               0.00	               0.00	               0.00	               0.00	               0.00	               0.00	               0.00	               0.00	               0.00	               0.00	               0.00	               0.00	               0.00	               0.00	               0.00	         5836598.60	               0.00	         5836598.60	         5836598.60	               0.00
*   WBS NL-N-TS2-002-05-03-65      Procurement of seaml	        13406180.00	               0.00	        13406180.00	        13406180.00	               0.00	               0.00	               0.00	               0.00	               0.00	               0.00	               0.00	               0.00	               0.00	               0.00	               0.00	               0.00	               0.00	               0.00	               0.00	               0.00	               0.00	               0.00	               0.00	               0.00	               0.00	               0.00	               0.00	               0.00	               0.00	               0.00	        13406180.00	               0.00	        13406180.00	        13406180.00	               0.00	               0.00	               0.00	               0.00	               0.00	               0.00	               0.00	               0.00	               0.00	               0.00	               0.00	               0.00	               0.00	               0.00	               0.00	               0.00	               0.00	               0.00	               0.00	               0.00	               0.00	               0.00	               0.00	               0.00	               0.00	               0.00	        13406180.00	               0.00	        13406180.00	        13406180.00	               0.00
*   WBS NL-N-TS2-002-05-03-66      membrane type water	        23472794.40	               0.00	        23472794.40	        23472794.40	               0.00	               0.00	               0.00	               0.00	               0.00	               0.00	               0.00	               0.00	               0.00	               0.00	               0.00	               0.00	               0.00	               0.00	               0.00	               0.00	               0.00	               0.00	               0.00	               0.00	               0.00	               0.00	               0.00	               0.00	               0.00	               0.00	        23472794.40	               0.00	        23472794.40	        23472794.40	               0.00	               0.00	               0.00	               0.00	               0.00	               0.00	               0.00	               0.00	               0.00	               0.00	               0.00	               0.00	               0.00	               0.00	               0.00	               0.00	               0.00	               0.00	               0.00	               0.00	               0.00	               0.00	               0.00	               0.00	               0.00	               0.00	        23472794.40	               0.00	        23472794.40	        23472794.40	               0.00
*   WBS NL-N-TS2-002-05-03-67      Procurement of Water	        10552150.64	               0.00	        10552150.64	        10552150.64	               0.00	               0.00	               0.00	               0.00	               0.00	               0.00	               0.00	               0.00	               0.00	               0.00	               0.00	               0.00	               0.00	               0.00	               0.00	               0.00	               0.00	               0.00	               0.00	               0.00	               0.00	               0.00	               0.00	               0.00	               0.00	               0.00	        10552150.64	               0.00	        10552150.64	        10552150.64	               0.00	               0.00	               0.00	               0.00	               0.00	               0.00	               0.00	               0.00	               0.00	               0.00	               0.00	               0.00	               0.00	               0.00	               0.00	               0.00	               0.00	               0.00	               0.00	               0.00	               0.00	               0.00	               0.00	               0.00	               0.00	               0.00	        10552150.64	               0.00	        10552150.64	        10552150.64	               0.00
*   WBS NL-N-TS2-002-05-03-68      Proc of critical tem	         7881216.50	               0.00	         7881216.50	         7881216.50	               0.00	               0.00	               0.00	               0.00	               0.00	               0.00	               0.00	               0.00	               0.00	               0.00	               0.00	               0.00	               0.00	               0.00	               0.00	               0.00	               0.00	               0.00	               0.00	               0.00	               0.00	               0.00	               0.00	               0.00	               0.00	               0.00	         7881216.50	               0.00	         7881216.50	         7881216.50	               0.00	               0.00	               0.00	               0.00	               0.00	               0.00	               0.00	               0.00	               0.00	               0.00	               0.00	               0.00	               0.00	               0.00	               0.00	               0.00	               0.00	               0.00	               0.00	               0.00	               0.00	               0.00	               0.00	               0.00	               0.00	               0.00	         7881216.50	               0.00	         7881216.50	         7881216.50	               0.00
*   WBS NL-N-TS2-002-05-03-69      Proc of High pressur	         9048729.45	               0.00	         9048729.45	         9048729.45	               0.00	               0.00	               0.00	               0.00	               0.00	               0.00	               0.00	               0.00	               0.00	               0.00	               0.00	               0.00	               0.00	               0.00	               0.00	               0.00	               0.00	               0.00	               0.00	               0.00	               0.00	               0.00	               0.00	               0.00	               0.00	               0.00	         9048729.45	               0.00	         9048729.45	         9048729.45	               0.00	               0.00	               0.00	               0.00	               0.00	               0.00	               0.00	               0.00	               0.00	               0.00	               0.00	               0.00	               0.00	               0.00	               0.00	               0.00	               0.00	               0.00	               0.00	               0.00	               0.00	               0.00	               0.00	               0.00	               0.00	               0.00	         9048729.45	               0.00	         9048729.45	         9048729.45	               0.00
*   WBS NL-N-TS2-002-05-03-70       Replacement of dama	        13237283.32	         6934378.02	         6302905.30	        13237283.32	               0.00	               0.00	               0.00	               0.00	               0.00	               0.00	               0.00	               0.00	               0.00	               0.00	               0.00	               0.00	               0.00	               0.00	               0.00	               0.00	               0.00	               0.00	               0.00	               0.00	               0.00	         6934378.02	         6934378.02	               0.00	         6934378.02	               0.00	         6302905.30	               0.00	         6302905.30	         6302905.30	               0.00	               0.00	               0.00	               0.00	               0.00	               0.00	               0.00	               0.00	               0.00	               0.00	               0.00	               0.00	               0.00	               0.00	               0.00	               0.00	               0.00	               0.00	               0.00	               0.00	               0.00	               0.00	               0.00	               0.00	               0.00	               0.00	        13237283.32	         6934378.02	         6302905.30	        13237283.32	               0.00
*   WBS NL-N-TS2-002-05-03-71      rectification of dam	        13617837.32	         3974875.96	         9642961.36	        13617837.32	               0.00	               0.00	               0.00	               0.00	               0.00	               0.00	               0.00	               0.00	               0.00	               0.00	               0.00	               0.00	               0.00	               0.00	               0.00	               0.00	               0.00	               0.00	               0.00	               0.00	               0.00	         3979370.93	         3979370.93	               0.00	         3979370.93	               0.00	         9638466.39	           -4494.97	         9642961.36	         9638466.39	               0.00	               0.00	               0.00	               0.00	               0.00	               0.00	               0.00	               0.00	               0.00	               0.00	               0.00	               0.00	               0.00	               0.00	               0.00	               0.00	               0.00	               0.00	               0.00	               0.00	               0.00	               0.00	               0.00	               0.00	               0.00	               0.00	        13617837.32	         3974875.96	         9642961.36	        13617837.32	               0.00
*   WBS NL-N-TS2-002-05-03-72      REPAIR OF STAIRS OF	         1150302.92	          228959.23	          921343.69	         1150302.92	               0.00	               0.00	               0.00	               0.00	               0.00	               0.00	               0.00	               0.00	               0.00	               0.00	               0.00	               0.00	               0.00	               0.00	               0.00	               0.00	               0.00	               0.00	               0.00	               0.00	               0.00	               0.00	               0.00	               0.00	               0.00	               0.00	         1150302.92	          228959.23	          921343.69	         1150302.92	               0.00	               0.00	               0.00	               0.00	               0.00	               0.00	               0.00	               0.00	               0.00	               0.00	               0.00	               0.00	               0.00	               0.00	               0.00	               0.00	               0.00	               0.00	               0.00	               0.00	               0.00	               0.00	               0.00	               0.00	               0.00	               0.00	         1150302.92	          228959.23	          921343.69	         1150302.92	               0.00
*   WBS NL-N-TS2-002-05-03-73      Critical Motor Oper	         2995613.51	               0.00	         2995613.51	         2995613.51	               0.00	               0.00	               0.00	               0.00	               0.00	               0.00	               0.00	               0.00	               0.00	               0.00	               0.00	               0.00	               0.00	               0.00	               0.00	               0.00	               0.00	               0.00	               0.00	               0.00	               0.00	               0.00	               0.00	               0.00	               0.00	               0.00	         2995613.51	               0.00	         2995613.51	         2995613.51	               0.00	               0.00	               0.00	               0.00	               0.00	               0.00	               0.00	               0.00	               0.00	               0.00	               0.00	               0.00	               0.00	               0.00	               0.00	               0.00	               0.00	               0.00	               0.00	               0.00	               0.00	               0.00	               0.00	               0.00	               0.00	               0.00	         2995613.51	               0.00	         2995613.51	         2995613.51	               0.00
*   WBS NL-N-TS2-002-05-03-74      Procurement of Indus	         2386190.10	               0.00	         2386190.10	         2386190.10	               0.00	               0.00	               0.00	               0.00	               0.00	               0.00	               0.00	               0.00	               0.00	               0.00	               0.00	               0.00	               0.00	               0.00	               0.00	               0.00	               0.00	               0.00	               0.00	               0.00	               0.00	               0.00	               0.00	               0.00	               0.00	               0.00	         2386190.10	               0.00	         2386190.10	         2386190.10	               0.00	               0.00	               0.00	               0.00	               0.00	               0.00	               0.00	               0.00	               0.00	               0.00	               0.00	               0.00	               0.00	               0.00	               0.00	               0.00	               0.00	               0.00	               0.00	               0.00	               0.00	               0.00	               0.00	               0.00	               0.00	               0.00	         2386190.10	               0.00	         2386190.10	         2386190.10	               0.00
*   WBS NL-N-TS2-002-05-03-75      Procurement of Heade	       200533802.00	               0.00	       200533802.00	       200533802.00	               0.00	               0.00	               0.00	               0.00	               0.00	               0.00	               0.00	               0.00	               0.00	               0.00	               0.00	               0.00	               0.00	               0.00	               0.00	               0.00	               0.00	               0.00	               0.00	               0.00	               0.00	               0.00	               0.00	               0.00	               0.00	               0.00	       200533802.00	               0.00	       200533802.00	       200533802.00	               0.00	               0.00	               0.00	               0.00	               0.00	               0.00	               0.00	               0.00	               0.00	               0.00	               0.00	               0.00	               0.00	               0.00	               0.00	               0.00	               0.00	               0.00	               0.00	               0.00	               0.00	               0.00	               0.00	               0.00	               0.00	               0.00	       200533802.00	               0.00	       200533802.00	       200533802.00	               0.00
*   WBS NL-N-TS2-002-05-03-76      inspection of Struct	        17163100.01	         8581550.00	         8581550.01	        17163100.01	               0.00	               0.00	               0.00	               0.00	               0.00	               0.00	               0.00	               0.00	               0.00	               0.00	               0.00	               0.00	               0.00	               0.00	               0.00	               0.00	               0.00	               0.00	               0.00	               0.00	               0.00	         8581550.00	         8581550.00	               0.00	         8581550.00	               0.00	         8581550.01	               0.00	         8581550.01	         8581550.01	               0.00	               0.00	               0.00	               0.00	               0.00	               0.00	               0.00	               0.00	               0.00	               0.00	               0.00	               0.00	               0.00	               0.00	               0.00	               0.00	               0.00	               0.00	               0.00	               0.00	               0.00	               0.00	               0.00	               0.00	               0.00	               0.00	        17163100.01	         8581550.00	         8581550.01	        17163100.01	               0.00
*   WBS NL-N-TS2-002-05-03-77      Proc BLR FW Fd water	         7900791.48	               0.00	         7900791.48	         7900791.48	               0.00	               0.00	               0.00	               0.00	               0.00	               0.00	               0.00	               0.00	               0.00	               0.00	               0.00	               0.00	               0.00	               0.00	               0.00	               0.00	               0.00	               0.00	               0.00	               0.00	               0.00	               0.00	               0.00	               0.00	               0.00	               0.00	         7900791.48	               0.00	         7900791.48	         7900791.48	               0.00	               0.00	               0.00	               0.00	               0.00	               0.00	               0.00	               0.00	               0.00	               0.00	               0.00	               0.00	               0.00	               0.00	               0.00	               0.00	               0.00	               0.00	               0.00	               0.00	               0.00	               0.00	               0.00	               0.00	               0.00	               0.00	         7900791.48	               0.00	         7900791.48	         7900791.48	               0.00
*   WBS NL-N-TS2-002-05-03-78      SPARE FOR WATER LANC	          966420.00	               0.00	          966420.00	          966420.00	               0.00	               0.00	               0.00	               0.00	               0.00	               0.00	               0.00	               0.00	               0.00	               0.00	               0.00	               0.00	               0.00	               0.00	               0.00	               0.00	               0.00	               0.00	               0.00	               0.00	               0.00	               0.00	               0.00	               0.00	               0.00	               0.00	          966420.00	               0.00	          966420.00	          966420.00	               0.00	               0.00	               0.00	               0.00	               0.00	               0.00	               0.00	               0.00	               0.00	               0.00	               0.00	               0.00	               0.00	               0.00	               0.00	               0.00	               0.00	               0.00	               0.00	               0.00	               0.00	               0.00	               0.00	               0.00	               0.00	               0.00	          966420.00	               0.00	          966420.00	          966420.00	               0.00
*   WBS NL-N-TS2-002-05-03-79      Proc of High Pr. Cri	        49197402.38	               0.00	        49197402.38	        49197402.38	               0.00	               0.00	               0.00	               0.00	               0.00	               0.00	               0.00	               0.00	               0.00	               0.00	               0.00	               0.00	               0.00	               0.00	               0.00	               0.00	               0.00	               0.00	               0.00	               0.00	               0.00	               0.00	               0.00	               0.00	               0.00	               0.00	        49197402.38	               0.00	        49197402.38	        49197402.38	               0.00	               0.00	               0.00	               0.00	               0.00	               0.00	               0.00	               0.00	               0.00	               0.00	               0.00	               0.00	               0.00	               0.00	               0.00	               0.00	               0.00	               0.00	               0.00	               0.00	               0.00	               0.00	               0.00	               0.00	               0.00	               0.00	        49197402.38	               0.00	        49197402.38	        49197402.38	               0.00
*   WBS NL-N-TS2-002-05-03-81       high pressure pipe	         2246572.50	               0.00	         2246572.50	         2246572.50	               0.00	               0.00	               0.00	               0.00	               0.00	               0.00	               0.00	               0.00	               0.00	               0.00	               0.00	               0.00	               0.00	               0.00	               0.00	               0.00	               0.00	               0.00	               0.00	               0.00	               0.00	               0.00	               0.00	               0.00	               0.00	               0.00	         2246572.50	               0.00	         2246572.50	         2246572.50	               0.00	               0.00	               0.00	               0.00	               0.00	               0.00	               0.00	               0.00	               0.00	               0.00	               0.00	               0.00	               0.00	               0.00	               0.00	               0.00	               0.00	               0.00	               0.00	               0.00	               0.00	               0.00	               0.00	               0.00	               0.00	               0.00	         2246572.50	               0.00	         2246572.50	         2246572.50	               0.00
*   WBS NL-N-TS2-002-05-03-83      Replacement of Econo	        16074287.51	               0.00	        16074287.51	        16074287.51	               0.00	               0.00	               0.00	               0.00	               0.00	               0.00	               0.00	               0.00	               0.00	               0.00	               0.00	               0.00	               0.00	               0.00	               0.00	               0.00	               0.00	               0.00	               0.00	               0.00	               0.00	               0.00	               0.00	               0.00	               0.00	               0.00	        16074287.51	               0.00	        16074287.51	        16074287.51	               0.00	               0.00	               0.00	               0.00	               0.00	               0.00	               0.00	               0.00	               0.00	               0.00	               0.00	               0.00	               0.00	               0.00	               0.00	               0.00	               0.00	               0.00	               0.00	               0.00	               0.00	               0.00	               0.00	               0.00	               0.00	               0.00	        16074287.51	               0.00	        16074287.51	        16074287.51	               0.00
*   WBS NL-N-TS2-002-05-03-84      Remnant Life Assessm	         7875000.00	               0.00	         7875000.00	         7875000.00	               0.00	               0.00	               0.00	               0.00	               0.00	               0.00	               0.00	               0.00	               0.00	               0.00	               0.00	               0.00	               0.00	               0.00	               0.00	               0.00	               0.00	               0.00	               0.00	               0.00	               0.00	               0.00	               0.00	               0.00	               0.00	               0.00	         7875000.00	               0.00	         7875000.00	         7875000.00	               0.00	               0.00	               0.00	               0.00	               0.00	               0.00	               0.00	               0.00	               0.00	               0.00	               0.00	               0.00	               0.00	               0.00	               0.00	               0.00	               0.00	               0.00	               0.00	               0.00	               0.00	               0.00	               0.00	               0.00	               0.00	               0.00	         7875000.00	               0.00	         7875000.00	         7875000.00	               0.00
**  WBS NL-N-TS2-002-05-04         RAPH & FANS	       311794115.11	       207957572.68	        80376051.32	       288344344.99	        23449770.12	         4873591.89	        12690181.93	               0.00	        12690181.93	        -7816590.04	        30538546.84	        28516743.03	               0.00	        28527464.02	         2011082.82	         6523279.41	         6523279.41	               0.00	         6523279.41	               0.00	       121407232.19	       115601724.97	               0.00	       115601724.97	         5805507.22	        44625643.34	        44625643.34	               0.00	        44625643.34	               0.00	        88192641.36	               0.00	        80376051.32	        80376051.32	         7816590.04	               0.00	               0.00	               0.00	               0.00	               0.00	               0.00	               0.00	               0.00	               0.00	               0.00	               0.00	               0.00	               0.00	               0.00	               0.00	               0.00	               0.00	               0.00	               0.00	               0.00	               0.00	               0.00	               0.00	               0.00	               0.00	       296160935.03	       207957572.68	        80376051.32	       288344344.99	         7816590.04
*   WBS NL-N-TS2-002-05-04-01      RAPH BASKETS AND BEA	        29453703.18	        20105055.28	         9348647.90	        29453703.18	               0.00	          912140.00	          912140.00	               0.00	          912140.00	               0.00	        17069889.69	        17069889.69	               0.00	        17069889.69	               0.00	         2123025.59	         2123025.59	               0.00	         2123025.59	               0.00	               0.00	               0.00	               0.00	               0.00	               0.00	               0.00	               0.00	               0.00	               0.00	               0.00	         9348647.90	               0.00	         9348647.90	         9348647.90	               0.00	               0.00	               0.00	               0.00	               0.00	               0.00	               0.00	               0.00	               0.00	               0.00	               0.00	               0.00	               0.00	               0.00	               0.00	               0.00	               0.00	               0.00	               0.00	               0.00	               0.00	               0.00	               0.00	               0.00	               0.00	               0.00	        29453703.18	        20105055.28	         9348647.90	        29453703.18	               0.00
*   WBS NL-N-TS2-002-05-04-02      Lub Oil Pump for RAP	          702336.00	          702336.00	               0.00	          702336.00	               0.00	          702336.00	          702336.00	               0.00	          702336.00	               0.00	               0.00	               0.00	               0.00	               0.00	               0.00	               0.00	               0.00	               0.00	               0.00	               0.00	               0.00	               0.00	               0.00	               0.00	               0.00	               0.00	               0.00	               0.00	               0.00	               0.00	               0.00	               0.00	               0.00	               0.00	               0.00	               0.00	               0.00	               0.00	               0.00	               0.00	               0.00	               0.00	               0.00	               0.00	               0.00	               0.00	               0.00	               0.00	               0.00	               0.00	               0.00	               0.00	               0.00	               0.00	               0.00	               0.00	               0.00	               0.00	               0.00	               0.00	          702336.00	          702336.00	               0.00	          702336.00	               0.00
*   WBS NL-N-TS2-002-05-04-03      Electric operate Hyd	         1618272.00	         1618272.00	               0.00	         1618272.00	               0.00	         1618272.00	         1618272.00	               0.00	         1618272.00	               0.00	               0.00	               0.00	               0.00	               0.00	               0.00	               0.00	               0.00	               0.00	               0.00	               0.00	               0.00	               0.00	               0.00	               0.00	               0.00	               0.00	               0.00	               0.00	               0.00	               0.00	               0.00	               0.00	               0.00	               0.00	               0.00	               0.00	               0.00	               0.00	               0.00	               0.00	               0.00	               0.00	               0.00	               0.00	               0.00	               0.00	               0.00	               0.00	               0.00	               0.00	               0.00	               0.00	               0.00	               0.00	               0.00	               0.00	               0.00	               0.00	               0.00	               0.00	         1618272.00	         1618272.00	               0.00	         1618272.00	               0.00
*   WBS NL-N-TS2-002-05-04-04      Single Bellow Compen	          446438.08	          446438.08	               0.00	          446438.08	               0.00	          446438.08	          446438.08	               0.00	          446438.08	               0.00	               0.00	               0.00	               0.00	               0.00	               0.00	               0.00	               0.00	               0.00	               0.00	               0.00	               0.00	               0.00	               0.00	               0.00	               0.00	               0.00	               0.00	               0.00	               0.00	               0.00	               0.00	               0.00	               0.00	               0.00	               0.00	               0.00	               0.00	               0.00	               0.00	               0.00	               0.00	               0.00	               0.00	               0.00	               0.00	               0.00	               0.00	               0.00	               0.00	               0.00	               0.00	               0.00	               0.00	               0.00	               0.00	               0.00	               0.00	               0.00	               0.00	               0.00	          446438.08	          446438.08	               0.00	          446438.08	               0.00
*   WBS NL-N-TS2-002-05-04-06      Electric Power Winch	         1087716.00	         1087716.00	               0.00	         1087716.00	               0.00	         1087716.00	         1087716.00	               0.00	         1087716.00	               0.00	               0.00	               0.00	               0.00	               0.00	               0.00	               0.00	               0.00	               0.00	               0.00	               0.00	               0.00	               0.00	               0.00	               0.00	               0.00	               0.00	               0.00	               0.00	               0.00	               0.00	               0.00	               0.00	               0.00	               0.00	               0.00	               0.00	               0.00	               0.00	               0.00	               0.00	               0.00	               0.00	               0.00	               0.00	               0.00	               0.00	               0.00	               0.00	               0.00	               0.00	               0.00	               0.00	               0.00	               0.00	               0.00	               0.00	               0.00	               0.00	               0.00	               0.00	         1087716.00	         1087716.00	               0.00	         1087716.00	               0.00
*   WBS NL-N-TS2-002-05-04-07      Spiral Bevel Gear an	           95968.82	           95968.82	               0.00	           95968.82	               0.00	           95968.82	           95968.82	               0.00	           95968.82	               0.00	               0.00	               0.00	               0.00	               0.00	               0.00	               0.00	               0.00	               0.00	               0.00	               0.00	               0.00	               0.00	               0.00	               0.00	               0.00	               0.00	               0.00	               0.00	               0.00	               0.00	               0.00	               0.00	               0.00	               0.00	               0.00	               0.00	               0.00	               0.00	               0.00	               0.00	               0.00	               0.00	               0.00	               0.00	               0.00	               0.00	               0.00	               0.00	               0.00	               0.00	               0.00	               0.00	               0.00	               0.00	               0.00	               0.00	               0.00	               0.00	               0.00	               0.00	           95968.82	           95968.82	               0.00	           95968.82	               0.00
*   WBS NL-N-TS2-002-05-04-10      RAPH Stage-I Gear Bo	         1065370.35	         1060060.32	            5310.03	         1065370.35	               0.00	               0.00	               0.00	               0.00	               0.00	               0.00	          348690.00	          348690.00	               0.00	          348690.00	               0.00	          711370.32	          711370.32	               0.00	          711370.32	               0.00	               0.00	               0.00	               0.00	               0.00	               0.00	               0.00	               0.00	               0.00	               0.00	               0.00	            5310.03	               0.00	            5310.03	            5310.03	               0.00	               0.00	               0.00	               0.00	               0.00	               0.00	               0.00	               0.00	               0.00	               0.00	               0.00	               0.00	               0.00	               0.00	               0.00	               0.00	               0.00	               0.00	               0.00	               0.00	               0.00	               0.00	               0.00	               0.00	               0.00	               0.00	         1065370.35	         1060060.32	            5310.03	         1065370.35	               0.00
*   WBS NL-N-TS2-002-05-04-14      ID fan Blades with C	         7827311.03	               0.00	               0.00	           10720.99	         7816590.04	           10720.99	         7827311.03	               0.00	         7827311.03	        -7816590.04	               0.00	        -2021803.81	               0.00	        -2011082.82	         2011082.82	               0.00	               0.00	               0.00	               0.00	               0.00	               0.00	        -5805507.22	               0.00	        -5805507.22	         5805507.22	               0.00	               0.00	               0.00	               0.00	               0.00	               0.00	               0.00	               0.00	               0.00	               0.00	               0.00	               0.00	               0.00	               0.00	               0.00	               0.00	               0.00	               0.00	               0.00	               0.00	               0.00	               0.00	               0.00	               0.00	               0.00	               0.00	               0.00	               0.00	               0.00	               0.00	               0.00	               0.00	               0.00	               0.00	               0.00	           10720.99	               0.00	               0.00	           10720.99	               0.00
*   WBS NL-N-TS2-002-05-04-21      RAPH HE Basket	         9991927.13	         9991927.13	               0.00	         9991927.13	               0.00	               0.00	               0.00	               0.00	               0.00	               0.00	         9991927.13	         9991927.13	               0.00	         9991927.13	               0.00	               0.00	               0.00	               0.00	               0.00	               0.00	               0.00	               0.00	               0.00	               0.00	               0.00	               0.00	               0.00	               0.00	               0.00	               0.00	               0.00	               0.00	               0.00	               0.00	               0.00	               0.00	               0.00	               0.00	               0.00	               0.00	               0.00	               0.00	               0.00	               0.00	               0.00	               0.00	               0.00	               0.00	               0.00	               0.00	               0.00	               0.00	               0.00	               0.00	               0.00	               0.00	               0.00	               0.00	               0.00	               0.00	         9991927.13	         9991927.13	               0.00	         9991927.13	               0.00
*   WBS NL-N-TS2-002-05-04-24      Dambers Gearbox	         2451625.18	         2451625.18	               0.00	         2451625.18	               0.00	               0.00	               0.00	               0.00	               0.00	               0.00	               0.00	               0.00	               0.00	               0.00	               0.00	         2451625.18	         2451625.18	               0.00	         2451625.18	               0.00	               0.00	               0.00	               0.00	               0.00	               0.00	               0.00	               0.00	               0.00	               0.00	               0.00	               0.00	               0.00	               0.00	               0.00	               0.00	               0.00	               0.00	               0.00	               0.00	               0.00	               0.00	               0.00	               0.00	               0.00	               0.00	               0.00	               0.00	               0.00	               0.00	               0.00	               0.00	               0.00	               0.00	               0.00	               0.00	               0.00	               0.00	               0.00	               0.00	               0.00	         2451625.18	         2451625.18	               0.00	         2451625.18	               0.00
*   WBS NL-N-TS2-002-05-04-28      thochoid lub oil pum	          375240.00	          375240.00	               0.00	          375240.00	               0.00	               0.00	               0.00	               0.00	               0.00	               0.00	          375240.00	          375240.00	               0.00	          375240.00	               0.00	               0.00	               0.00	               0.00	               0.00	               0.00	               0.00	               0.00	               0.00	               0.00	               0.00	               0.00	               0.00	               0.00	               0.00	               0.00	               0.00	               0.00	               0.00	               0.00	               0.00	               0.00	               0.00	               0.00	               0.00	               0.00	               0.00	               0.00	               0.00	               0.00	               0.00	               0.00	               0.00	               0.00	               0.00	               0.00	               0.00	               0.00	               0.00	               0.00	               0.00	               0.00	               0.00	               0.00	               0.00	               0.00	          375240.00	          375240.00	               0.00	          375240.00	               0.00
*   WBS NL-N-TS2-002-05-04-29      Lub oil pump for SB&	         1974000.62	         1974000.02	               0.60	         1974000.62	               0.00	               0.00	               0.00	               0.00	               0.00	               0.00	         1974000.02	         1974000.02	               0.00	         1974000.02	               0.00	               0.00	               0.00	               0.00	               0.00	               0.00	               0.00	               0.00	               0.00	               0.00	               0.00	               0.00	               0.00	               0.00	               0.00	               0.00	               0.60	               0.00	               0.60	               0.60	               0.00	               0.00	               0.00	               0.00	               0.00	               0.00	               0.00	               0.00	               0.00	               0.00	               0.00	               0.00	               0.00	               0.00	               0.00	               0.00	               0.00	               0.00	               0.00	               0.00	               0.00	               0.00	               0.00	               0.00	               0.00	               0.00	         1974000.62	         1974000.02	               0.60	         1974000.62	               0.00
*   WBS NL-N-TS2-002-05-04-30      Disman and Erection	         9412800.03	          778800.00	         8634000.03	         9412800.03	               0.00	               0.00	               0.00	               0.00	               0.00	               0.00	          778800.00	          778800.00	               0.00	          778800.00	               0.00	               0.00	               0.00	               0.00	               0.00	               0.00	               0.00	               0.00	               0.00	               0.00	               0.00	               0.00	               0.00	               0.00	               0.00	               0.00	         8634000.03	               0.00	         8634000.03	         8634000.03	               0.00	               0.00	               0.00	               0.00	               0.00	               0.00	               0.00	               0.00	               0.00	               0.00	               0.00	               0.00	               0.00	               0.00	               0.00	               0.00	               0.00	               0.00	               0.00	               0.00	               0.00	               0.00	               0.00	               0.00	               0.00	               0.00	         9412800.03	          778800.00	         8634000.03	         9412800.03	               0.00
*   WBS NL-N-TS2-002-05-04-31      Single/Double fold b	         1595420.44	         1595420.44	               0.00	         1595420.44	               0.00	               0.00	               0.00	               0.00	               0.00	               0.00	               0.00	               0.00	               0.00	               0.00	               0.00	               0.00	               0.00	               0.00	               0.00	               0.00	         1595420.44	         1595420.44	               0.00	         1595420.44	               0.00	               0.00	               0.00	               0.00	               0.00	               0.00	               0.00	               0.00	               0.00	               0.00	               0.00	               0.00	               0.00	               0.00	               0.00	               0.00	               0.00	               0.00	               0.00	               0.00	               0.00	               0.00	               0.00	               0.00	               0.00	               0.00	               0.00	               0.00	               0.00	               0.00	               0.00	               0.00	               0.00	               0.00	               0.00	               0.00	         1595420.44	         1595420.44	               0.00	         1595420.44	               0.00
*   WBS NL-N-TS2-002-05-04-32      ID Fan Blades	        10974000.00	        10974000.00	               0.00	        10974000.00	               0.00	               0.00	               0.00	               0.00	               0.00	               0.00	               0.00	               0.00	               0.00	               0.00	               0.00	               0.00	               0.00	               0.00	               0.00	               0.00	        10974000.00	        10974000.00	               0.00	        10974000.00	               0.00	               0.00	               0.00	               0.00	               0.00	               0.00	               0.00	               0.00	               0.00	               0.00	               0.00	               0.00	               0.00	               0.00	               0.00	               0.00	               0.00	               0.00	               0.00	               0.00	               0.00	               0.00	               0.00	               0.00	               0.00	               0.00	               0.00	               0.00	               0.00	               0.00	               0.00	               0.00	               0.00	               0.00	               0.00	               0.00	        10974000.00	        10974000.00	               0.00	        10974000.00	               0.00
*   WBS NL-N-TS2-002-05-04-33      Replacement of Suppo	         2474516.67	         1237258.32	         1237258.35	         2474516.67	               0.00	               0.00	               0.00	               0.00	               0.00	               0.00	               0.00	               0.00	               0.00	               0.00	               0.00	         1237258.32	         1237258.32	               0.00	         1237258.32	               0.00	               0.00	               0.00	               0.00	               0.00	               0.00	               0.00	               0.00	               0.00	               0.00	               0.00	         1237258.35	               0.00	         1237258.35	         1237258.35	               0.00	               0.00	               0.00	               0.00	               0.00	               0.00	               0.00	               0.00	               0.00	               0.00	               0.00	               0.00	               0.00	               0.00	               0.00	               0.00	               0.00	               0.00	               0.00	               0.00	               0.00	               0.00	               0.00	               0.00	               0.00	               0.00	         2474516.67	         1237258.32	         1237258.35	         2474516.67	               0.00
*   WBS NL-N-TS2-002-05-04-34      ID Fan Bearing shaft	         4600000.00	         4600000.00	               0.00	         4600000.00	               0.00	               0.00	               0.00	               0.00	               0.00	               0.00	               0.00	               0.00	               0.00	               0.00	               0.00	               0.00	               0.00	               0.00	               0.00	               0.00	         4600000.00	         4600000.00	               0.00	         4600000.00	               0.00	               0.00	               0.00	               0.00	               0.00	               0.00	               0.00	               0.00	               0.00	               0.00	               0.00	               0.00	               0.00	               0.00	               0.00	               0.00	               0.00	               0.00	               0.00	               0.00	               0.00	               0.00	               0.00	               0.00	               0.00	               0.00	               0.00	               0.00	               0.00	               0.00	               0.00	               0.00	               0.00	               0.00	               0.00	               0.00	         4600000.00	         4600000.00	               0.00	         4600000.00	               0.00
*   WBS NL-N-TS2-002-05-04-35      FD fan Impeller blad	         7210000.00	         7210000.00	               0.00	         7210000.00	               0.00	               0.00	               0.00	               0.00	               0.00	               0.00	               0.00	               0.00	               0.00	               0.00	               0.00	               0.00	               0.00	               0.00	               0.00	               0.00	         7210000.00	         7210000.00	               0.00	         7210000.00	               0.00	               0.00	               0.00	               0.00	               0.00	               0.00	               0.00	               0.00	               0.00	               0.00	               0.00	               0.00	               0.00	               0.00	               0.00	               0.00	               0.00	               0.00	               0.00	               0.00	               0.00	               0.00	               0.00	               0.00	               0.00	               0.00	               0.00	               0.00	               0.00	               0.00	               0.00	               0.00	               0.00	               0.00	               0.00	               0.00	         7210000.00	         7210000.00	               0.00	         7210000.00	               0.00
*   WBS NL-N-TS2-002-05-04-36      ID Fan Pressure Rele	         2582999.98	         2582999.98	               0.00	         2582999.98	               0.00	               0.00	               0.00	               0.00	               0.00	               0.00	               0.00	               0.00	               0.00	               0.00	               0.00	               0.00	               0.00	               0.00	               0.00	               0.00	         2582999.98	         2582999.98	               0.00	         2582999.98	               0.00	               0.00	               0.00	               0.00	               0.00	               0.00	               0.00	               0.00	               0.00	               0.00	               0.00	               0.00	               0.00	               0.00	               0.00	               0.00	               0.00	               0.00	               0.00	               0.00	               0.00	               0.00	               0.00	               0.00	               0.00	               0.00	               0.00	               0.00	               0.00	               0.00	               0.00	               0.00	               0.00	               0.00	               0.00	               0.00	         2582999.98	         2582999.98	               0.00	         2582999.98	               0.00
*   WBS NL-N-TS2-002-05-04-37      SEISA GEAR BOX FOR S	        37524000.00	        37524000.00	               0.00	        37524000.00	               0.00	               0.00	               0.00	               0.00	               0.00	               0.00	               0.00	               0.00	               0.00	               0.00	               0.00	               0.00	               0.00	               0.00	               0.00	               0.00	        37524000.00	        37524000.00	               0.00	        37524000.00	               0.00	               0.00	               0.00	               0.00	               0.00	               0.00	               0.00	               0.00	               0.00	               0.00	               0.00	               0.00	               0.00	               0.00	               0.00	               0.00	               0.00	               0.00	               0.00	               0.00	               0.00	               0.00	               0.00	               0.00	               0.00	               0.00	               0.00	               0.00	               0.00	               0.00	               0.00	               0.00	               0.00	               0.00	               0.00	               0.00	        37524000.00	        37524000.00	               0.00	        37524000.00	               0.00
*   WBS NL-N-TS2-002-05-04-38      Stage-I RAPH BASKETS	        56920811.77	        56920811.77	               0.00	        56920811.77	               0.00	               0.00	               0.00	               0.00	               0.00	               0.00	               0.00	               0.00	               0.00	               0.00	               0.00	               0.00	               0.00	               0.00	               0.00	               0.00	        56920811.77	        56920811.77	               0.00	        56920811.77	               0.00	               0.00	               0.00	               0.00	               0.00	               0.00	               0.00	               0.00	               0.00	               0.00	               0.00	               0.00	               0.00	               0.00	               0.00	               0.00	               0.00	               0.00	               0.00	               0.00	               0.00	               0.00	               0.00	               0.00	               0.00	               0.00	               0.00	               0.00	               0.00	               0.00	               0.00	               0.00	               0.00	               0.00	               0.00	               0.00	        56920811.77	        56920811.77	               0.00	        56920811.77	               0.00
*   WBS NL-N-TS2-002-05-04-39      Assembly of heating	        41106704.30	        41106704.30	               0.00	        41106704.30	               0.00	               0.00	               0.00	               0.00	               0.00	               0.00	               0.00	               0.00	               0.00	               0.00	               0.00	               0.00	               0.00	               0.00	               0.00	               0.00	               0.00	               0.00	               0.00	               0.00	               0.00	        41106704.30	        41106704.30	               0.00	        41106704.30	               0.00	               0.00	               0.00	               0.00	               0.00	               0.00	               0.00	               0.00	               0.00	               0.00	               0.00	               0.00	               0.00	               0.00	               0.00	               0.00	               0.00	               0.00	               0.00	               0.00	               0.00	               0.00	               0.00	               0.00	               0.00	               0.00	               0.00	               0.00	               0.00	               0.00	               0.00	        41106704.30	        41106704.30	               0.00	        41106704.30	               0.00
*   WBS NL-N-TS2-002-05-04-40      ID/FD fan lub oil co	         1188289.04	         1188289.04	               0.00	         1188289.04	               0.00	               0.00	               0.00	               0.00	               0.00	               0.00	               0.00	               0.00	               0.00	               0.00	               0.00	               0.00	               0.00	               0.00	               0.00	               0.00	               0.00	               0.00	               0.00	               0.00	               0.00	         1188289.04	         1188289.04	               0.00	         1188289.04	               0.00	               0.00	               0.00	               0.00	               0.00	               0.00	               0.00	               0.00	               0.00	               0.00	               0.00	               0.00	               0.00	               0.00	               0.00	               0.00	               0.00	               0.00	               0.00	               0.00	               0.00	               0.00	               0.00	               0.00	               0.00	               0.00	               0.00	               0.00	               0.00	               0.00	               0.00	         1188289.04	         1188289.04	               0.00	         1188289.04	               0.00
*   WBS NL-N-TS2-002-05-04-41      ID fan impeller blad	        23045400.00	               0.00	        23045400.00	        23045400.00	               0.00	               0.00	               0.00	               0.00	               0.00	               0.00	               0.00	               0.00	               0.00	               0.00	               0.00	               0.00	               0.00	               0.00	               0.00	               0.00	               0.00	               0.00	               0.00	               0.00	               0.00	               0.00	               0.00	               0.00	               0.00	               0.00	        23045400.00	               0.00	        23045400.00	        23045400.00	               0.00	               0.00	               0.00	               0.00	               0.00	               0.00	               0.00	               0.00	               0.00	               0.00	               0.00	               0.00	               0.00	               0.00	               0.00	               0.00	               0.00	               0.00	               0.00	               0.00	               0.00	               0.00	               0.00	               0.00	               0.00	               0.00	        23045400.00	               0.00	        23045400.00	        23045400.00	               0.00
*   WBS NL-N-TS2-002-05-04-42      RAPH PRV & LOP for S	         2330650.00	         2330650.00	               0.00	         2330650.00	               0.00	               0.00	               0.00	               0.00	               0.00	               0.00	               0.00	               0.00	               0.00	               0.00	               0.00	               0.00	               0.00	               0.00	               0.00	               0.00	               0.00	               0.00	               0.00	               0.00	               0.00	         2330650.00	         2330650.00	               0.00	         2330650.00	               0.00	               0.00	               0.00	               0.00	               0.00	               0.00	               0.00	               0.00	               0.00	               0.00	               0.00	               0.00	               0.00	               0.00	               0.00	               0.00	               0.00	               0.00	               0.00	               0.00	               0.00	               0.00	               0.00	               0.00	               0.00	               0.00	               0.00	               0.00	               0.00	               0.00	               0.00	         2330650.00	         2330650.00	               0.00	         2330650.00	               0.00
*   WBS NL-N-TS2-002-05-04-43      Knee Toggle Lever wi	         8654073.45	               0.00	         8654073.45	         8654073.45	               0.00	               0.00	               0.00	               0.00	               0.00	               0.00	               0.00	               0.00	               0.00	               0.00	               0.00	               0.00	               0.00	               0.00	               0.00	               0.00	               0.00	               0.00	               0.00	               0.00	               0.00	               0.00	               0.00	               0.00	               0.00	               0.00	         8654073.45	               0.00	         8654073.45	         8654073.45	               0.00	               0.00	               0.00	               0.00	               0.00	               0.00	               0.00	               0.00	               0.00	               0.00	               0.00	               0.00	               0.00	               0.00	               0.00	               0.00	               0.00	               0.00	               0.00	               0.00	               0.00	               0.00	               0.00	               0.00	               0.00	               0.00	         8654073.45	               0.00	         8654073.45	         8654073.45	               0.00
*   WBS NL-N-TS2-002-05-04-44      2 complete sets of S	        29451360.96	               0.00	        29451360.96	        29451360.96	               0.00	               0.00	               0.00	               0.00	               0.00	               0.00	               0.00	               0.00	               0.00	               0.00	               0.00	               0.00	               0.00	               0.00	               0.00	               0.00	               0.00	               0.00	               0.00	               0.00	               0.00	               0.00	               0.00	               0.00	               0.00	               0.00	        29451360.96	               0.00	        29451360.96	        29451360.96	               0.00	               0.00	               0.00	               0.00	               0.00	               0.00	               0.00	               0.00	               0.00	               0.00	               0.00	               0.00	               0.00	               0.00	               0.00	               0.00	               0.00	               0.00	               0.00	               0.00	               0.00	               0.00	               0.00	               0.00	               0.00	               0.00	        29451360.96	               0.00	        29451360.96	        29451360.96	               0.00
*** WBS NL-N-TS2-002-06            C & I	      1006306500.95	       369962903.47	       625207136.80	       995170040.27	        11136460.68	        30073512.05	        30073512.05	               0.00	        30073512.05	               0.00	         5869803.35	         5837353.24	               0.00	         5837353.24	           32450.11	       212514430.99	       212514430.99	               0.00	       212514430.99	               0.00	        52174206.73	        52174206.73	               0.00	        52174206.73	               0.00	        66323476.50	        66323476.50	               0.00	        66323476.50	               0.00	       573474982.90	         3039923.96	       572907436.40	       575947360.36	        -2472377.46	        52299700.40	               0.00	        52299700.40	        52299700.40	               0.00	               0.00	               0.00	               0.00	               0.00	               0.00	               0.00	               0.00	               0.00	               0.00	               0.00	               0.00	               0.00	               0.00	               0.00	               0.00	               0.00	               0.00	               0.00	               0.00	               0.00	       992730112.92	       369962903.47	       625207136.80	       995170040.27	        -2439927.35
**  WBS NL-N-TS2-002-06-02         Temperature transmit	         1684056.08	         1684056.08	               0.00	         1684056.08	               0.00	               0.00	               0.00	               0.00	               0.00	               0.00	         1684056.08	         1684056.08	               0.00	         1684056.08	               0.00	               0.00	               0.00	               0.00	               0.00	               0.00	               0.00	               0.00	               0.00	               0.00	               0.00	               0.00	               0.00	               0.00	               0.00	               0.00	               0.00	               0.00	               0.00	               0.00	               0.00	               0.00	               0.00	               0.00	               0.00	               0.00	               0.00	               0.00	               0.00	               0.00	               0.00	               0.00	               0.00	               0.00	               0.00	               0.00	               0.00	               0.00	               0.00	               0.00	               0.00	               0.00	               0.00	               0.00	               0.00	               0.00	         1684056.08	         1684056.08	               0.00	         1684056.08	               0.00
**  WBS NL-N-TS2-002-06-09         Water Lance spares-	         2303857.93	         2303857.93	               0.00	         2303857.93	               0.00	               0.00	               0.00	               0.00	               0.00	               0.00	               0.00	               0.00	               0.00	               0.00	               0.00	               0.00	               0.00	               0.00	               0.00	               0.00	               0.00	               0.00	               0.00	               0.00	               0.00	         2303857.93	         2303857.93	               0.00	         2303857.93	               0.00	               0.00	               0.00	               0.00	               0.00	               0.00	               0.00	               0.00	               0.00	               0.00	               0.00	               0.00	               0.00	               0.00	               0.00	               0.00	               0.00	               0.00	               0.00	               0.00	               0.00	               0.00	               0.00	               0.00	               0.00	               0.00	               0.00	               0.00	               0.00	               0.00	               0.00	         2303857.93	         2303857.93	               0.00	         2303857.93	               0.00
**  WBS NL-N-TS2-002-06-11         CO Analyser	               0.00	               0.00	               0.00	               0.00	               0.00	               0.00	               0.00	               0.00	               0.00	               0.00	               0.00	               0.00	               0.00	               0.00	               0.00	               0.00	               0.00	               0.00	               0.00	               0.00	               0.00	               0.00	               0.00	               0.00	               0.00	               0.00	               0.00	               0.00	               0.00	               0.00	               0.00	               0.00	               0.00	               0.00	               0.00	               0.00	               0.00	               0.00	               0.00	               0.00	               0.00	               0.00	               0.00	               0.00	               0.00	               0.00	               0.00	               0.00	               0.00	               0.00	               0.00	               0.00	               0.00	               0.00	               0.00	               0.00	               0.00	               0.00	               0.00	               0.00	               0.00	               0.00	               0.00	               0.00	               0.00
**  WBS NL-N-TS2-002-06-13         Flame Scanner (OIL)	         2277375.90	         2277375.90	               0.00	         2277375.90	               0.00	               0.00	               0.00	               0.00	               0.00	               0.00	         2277375.90	         2277375.90	               0.00	         2277375.90	               0.00	               0.00	               0.00	               0.00	               0.00	               0.00	               0.00	               0.00	               0.00	               0.00	               0.00	               0.00	               0.00	               0.00	               0.00	               0.00	               0.00	               0.00	               0.00	               0.00	               0.00	               0.00	               0.00	               0.00	               0.00	               0.00	               0.00	               0.00	               0.00	               0.00	               0.00	               0.00	               0.00	               0.00	               0.00	               0.00	               0.00	               0.00	               0.00	               0.00	               0.00	               0.00	               0.00	               0.00	               0.00	               0.00	         2277375.90	         2277375.90	               0.00	         2277375.90	               0.00
**  WBS NL-N-TS2-002-06-14         Thermal Imaging came	          826000.00	          826000.00	               0.00	          826000.00	               0.00	               0.00	               0.00	               0.00	               0.00	               0.00	          826000.00	          826000.00	               0.00	          826000.00	               0.00	               0.00	               0.00	               0.00	               0.00	               0.00	               0.00	               0.00	               0.00	               0.00	               0.00	               0.00	               0.00	               0.00	               0.00	               0.00	               0.00	               0.00	               0.00	               0.00	               0.00	               0.00	               0.00	               0.00	               0.00	               0.00	               0.00	               0.00	               0.00	               0.00	               0.00	               0.00	               0.00	               0.00	               0.00	               0.00	               0.00	               0.00	               0.00	               0.00	               0.00	               0.00	               0.00	               0.00	               0.00	               0.00	          826000.00	          826000.00	               0.00	          826000.00	               0.00
**  WBS NL-N-TS2-002-06-15         Zirconia Oxygen Anal	         8009162.61	         8009162.61	               0.00	         8009162.61	               0.00	               0.00	               0.00	               0.00	               0.00	               0.00	          333715.07	          333715.07	               0.00	          333715.07	               0.00	         7008947.53	         7008947.53	               0.00	         7008947.53	               0.00	          666500.01	          666500.01	               0.00	          666500.01	               0.00	               0.00	               0.00	               0.00	               0.00	               0.00	               0.00	               0.00	               0.00	               0.00	               0.00	               0.00	               0.00	               0.00	               0.00	               0.00	               0.00	               0.00	               0.00	               0.00	               0.00	               0.00	               0.00	               0.00	               0.00	               0.00	               0.00	               0.00	               0.00	               0.00	               0.00	               0.00	               0.00	               0.00	               0.00	               0.00	         8009162.61	         8009162.61	               0.00	         8009162.61	               0.00
**  WBS NL-N-TS2-002-06-16         Flame Scanner (LIGNI	         1801231.28	         1801231.28	               0.00	         1801231.28	               0.00	               0.00	               0.00	               0.00	               0.00	               0.00	               0.00	               0.00	               0.00	               0.00	               0.00	         1801231.28	         1801231.28	               0.00	         1801231.28	               0.00	               0.00	               0.00	               0.00	               0.00	               0.00	               0.00	               0.00	               0.00	               0.00	               0.00	               0.00	               0.00	               0.00	               0.00	               0.00	               0.00	               0.00	               0.00	               0.00	               0.00	               0.00	               0.00	               0.00	               0.00	               0.00	               0.00	               0.00	               0.00	               0.00	               0.00	               0.00	               0.00	               0.00	               0.00	               0.00	               0.00	               0.00	               0.00	               0.00	               0.00	         1801231.28	         1801231.28	               0.00	         1801231.28	               0.00
**  WBS NL-N-TS2-002-06-17         Hydrogen Purity Anal	         6226614.44	         6226614.44	               0.00	         6226614.44	               0.00	               0.00	               0.00	               0.00	               0.00	               0.00	               0.00	               0.00	               0.00	               0.00	               0.00	         5128574.49	         5128574.49	               0.00	         5128574.49	               0.00	         1098039.95	         1098039.95	               0.00	         1098039.95	               0.00	               0.00	               0.00	               0.00	               0.00	               0.00	               0.00	               0.00	               0.00	               0.00	               0.00	               0.00	               0.00	               0.00	               0.00	               0.00	               0.00	               0.00	               0.00	               0.00	               0.00	               0.00	               0.00	               0.00	               0.00	               0.00	               0.00	               0.00	               0.00	               0.00	               0.00	               0.00	               0.00	               0.00	               0.00	               0.00	         6226614.44	         6226614.44	               0.00	         6226614.44	               0.00
**  WBS NL-N-TS2-002-06-18         Chlorine Leak Detect	               0.00	               0.00	               0.00	               0.00	               0.00	               0.00	               0.00	               0.00	               0.00	               0.00	               0.00	               0.00	               0.00	               0.00	               0.00	               0.00	               0.00	               0.00	               0.00	               0.00	               0.00	               0.00	               0.00	               0.00	               0.00	               0.00	               0.00	               0.00	               0.00	               0.00	               0.00	               0.00	               0.00	               0.00	               0.00	               0.00	               0.00	               0.00	               0.00	               0.00	               0.00	               0.00	               0.00	               0.00	               0.00	               0.00	               0.00	               0.00	               0.00	               0.00	               0.00	               0.00	               0.00	               0.00	               0.00	               0.00	               0.00	               0.00	               0.00	               0.00	               0.00	               0.00	               0.00	               0.00	               0.00
**  WBS NL-N-TS2-002-06-19         Ultra Sonic Flow Met	         1100888.26	         1100888.26	               0.00	         1100888.26	               0.00	               0.00	               0.00	               0.00	               0.00	               0.00	          748656.30	          748656.30	               0.00	          748656.30	               0.00	          352231.96	          352231.96	               0.00	          352231.96	               0.00	               0.00	               0.00	               0.00	               0.00	               0.00	               0.00	               0.00	               0.00	               0.00	               0.00	               0.00	               0.00	               0.00	               0.00	               0.00	               0.00	               0.00	               0.00	               0.00	               0.00	               0.00	               0.00	               0.00	               0.00	               0.00	               0.00	               0.00	               0.00	               0.00	               0.00	               0.00	               0.00	               0.00	               0.00	               0.00	               0.00	               0.00	               0.00	               0.00	               0.00	         1100888.26	         1100888.26	               0.00	         1100888.26	               0.00
**  WBS NL-N-TS2-002-06-23         Coriolis Mass Flow M	         6646586.00	         6646586.00	               0.00	         6646586.00	               0.00	         6646586.00	         6646586.00	               0.00	         6646586.00	               0.00	               0.00	               0.00	               0.00	               0.00	               0.00	               0.00	               0.00	               0.00	               0.00	               0.00	               0.00	               0.00	               0.00	               0.00	               0.00	               0.00	               0.00	               0.00	               0.00	               0.00	               0.00	               0.00	               0.00	               0.00	               0.00	               0.00	               0.00	               0.00	               0.00	               0.00	               0.00	               0.00	               0.00	               0.00	               0.00	               0.00	               0.00	               0.00	               0.00	               0.00	               0.00	               0.00	               0.00	               0.00	               0.00	               0.00	               0.00	               0.00	               0.00	               0.00	         6646586.00	         6646586.00	               0.00	         6646586.00	               0.00
**  WBS NL-N-TS2-002-06-24         Opacity Monitors	         1258556.98	         1258556.98	               0.00	         1258556.98	               0.00	         1258556.98	         1258556.98	               0.00	         1258556.98	               0.00	               0.00	               0.00	               0.00	               0.00	               0.00	               0.00	               0.00	               0.00	               0.00	               0.00	               0.00	               0.00	               0.00	               0.00	               0.00	               0.00	               0.00	               0.00	               0.00	               0.00	               0.00	               0.00	               0.00	               0.00	               0.00	               0.00	               0.00	               0.00	               0.00	               0.00	               0.00	               0.00	               0.00	               0.00	               0.00	               0.00	               0.00	               0.00	               0.00	               0.00	               0.00	               0.00	               0.00	               0.00	               0.00	               0.00	               0.00	               0.00	               0.00	               0.00	         1258556.98	         1258556.98	               0.00	         1258556.98	               0.00
**  WBS NL-N-TS2-002-06-25         Gas Detectors-Portab	          139649.99	          139649.99	               0.00	          139649.99	               0.00	          139649.99	          139649.99	               0.00	          139649.99	               0.00	               0.00	               0.00	               0.00	               0.00	               0.00	               0.00	               0.00	               0.00	               0.00	               0.00	               0.00	               0.00	               0.00	               0.00	               0.00	               0.00	               0.00	               0.00	               0.00	               0.00	               0.00	               0.00	               0.00	               0.00	               0.00	               0.00	               0.00	               0.00	               0.00	               0.00	               0.00	               0.00	               0.00	               0.00	               0.00	               0.00	               0.00	               0.00	               0.00	               0.00	               0.00	               0.00	               0.00	               0.00	               0.00	               0.00	               0.00	               0.00	               0.00	               0.00	          139649.99	          139649.99	               0.00	          139649.99	               0.00
**  WBS NL-N-TS2-002-06-26         Coriolis Flow Meters	         6153700.00	         6153700.00	               0.00	         6153700.00	               0.00	         6153700.00	         6153700.00	               0.00	         6153700.00	               0.00	               0.00	               0.00	               0.00	               0.00	               0.00	               0.00	               0.00	               0.00	               0.00	               0.00	               0.00	               0.00	               0.00	               0.00	               0.00	               0.00	               0.00	               0.00	               0.00	               0.00	               0.00	               0.00	               0.00	               0.00	               0.00	               0.00	               0.00	               0.00	               0.00	               0.00	               0.00	               0.00	               0.00	               0.00	               0.00	               0.00	               0.00	               0.00	               0.00	               0.00	               0.00	               0.00	               0.00	               0.00	               0.00	               0.00	               0.00	               0.00	               0.00	               0.00	         6153700.00	         6153700.00	               0.00	         6153700.00	               0.00
**  WBS NL-N-TS2-002-06-27         Hydrogen Dew Point M	         1138700.00	         1138700.00	               0.00	         1138700.00	               0.00	         1138700.00	         1138700.00	               0.00	         1138700.00	               0.00	               0.00	               0.00	               0.00	               0.00	               0.00	               0.00	               0.00	               0.00	               0.00	               0.00	               0.00	               0.00	               0.00	               0.00	               0.00	               0.00	               0.00	               0.00	               0.00	               0.00	               0.00	               0.00	               0.00	               0.00	               0.00	               0.00	               0.00	               0.00	               0.00	               0.00	               0.00	               0.00	               0.00	               0.00	               0.00	               0.00	               0.00	               0.00	               0.00	               0.00	               0.00	               0.00	               0.00	               0.00	               0.00	               0.00	               0.00	               0.00	               0.00	               0.00	         1138700.00	         1138700.00	               0.00	         1138700.00	               0.00
**  WBS NL-N-TS2-002-06-28         CPU with LAN & LCM P	         9027000.00	         9027000.00	               0.00	         9027000.00	               0.00	         9027000.00	         9027000.00	               0.00	         9027000.00	               0.00	               0.00	               0.00	               0.00	               0.00	               0.00	               0.00	               0.00	               0.00	               0.00	               0.00	               0.00	               0.00	               0.00	               0.00	               0.00	               0.00	               0.00	               0.00	               0.00	               0.00	               0.00	               0.00	               0.00	               0.00	               0.00	               0.00	               0.00	               0.00	               0.00	               0.00	               0.00	               0.00	               0.00	               0.00	               0.00	               0.00	               0.00	               0.00	               0.00	               0.00	               0.00	               0.00	               0.00	               0.00	               0.00	               0.00	               0.00	               0.00	               0.00	               0.00	         9027000.00	         9027000.00	               0.00	         9027000.00	               0.00
**  WBS NL-N-TS2-002-06-29         SWAS with Wet & Dry	        28461837.42	        12916249.44	        15545587.98	        28461837.42	               0.00	               0.00	               0.00	               0.00	               0.00	               0.00	               0.00	               0.00	               0.00	               0.00	               0.00	               0.00	               0.00	               0.00	               0.00	               0.00	               0.00	               0.00	               0.00	               0.00	               0.00	        12916249.44	        12916249.44	               0.00	        12916249.44	               0.00	        13008310.98	               0.00	        15545587.98	        15545587.98	        -2537277.00	               0.00	               0.00	               0.00	               0.00	               0.00	               0.00	               0.00	               0.00	               0.00	               0.00	               0.00	               0.00	               0.00	               0.00	               0.00	               0.00	               0.00	               0.00	               0.00	               0.00	               0.00	               0.00	               0.00	               0.00	               0.00	        25924560.42	        12916249.44	        15545587.98	        28461837.42	        -2537277.00
**  WBS NL-N-TS2-002-06-30         Hydrogen Gas Density	          952850.00	          952850.00	               0.00	          952850.00	               0.00	          952850.00	          952850.00	               0.00	          952850.00	               0.00	               0.00	               0.00	               0.00	               0.00	               0.00	               0.00	               0.00	               0.00	               0.00	               0.00	               0.00	               0.00	               0.00	               0.00	               0.00	               0.00	               0.00	               0.00	               0.00	               0.00	               0.00	               0.00	               0.00	               0.00	               0.00	               0.00	               0.00	               0.00	               0.00	               0.00	               0.00	               0.00	               0.00	               0.00	               0.00	               0.00	               0.00	               0.00	               0.00	               0.00	               0.00	               0.00	               0.00	               0.00	               0.00	               0.00	               0.00	               0.00	               0.00	               0.00	          952850.00	          952850.00	               0.00	          952850.00	               0.00
**  WBS NL-N-TS2-002-06-31         Control System and H	           29500.00	               0.00	           29500.00	           29500.00	               0.00	               0.00	               0.00	               0.00	               0.00	               0.00	               0.00	               0.00	               0.00	               0.00	               0.00	               0.00	               0.00	               0.00	               0.00	               0.00	               0.00	               0.00	               0.00	               0.00	               0.00	               0.00	               0.00	               0.00	               0.00	               0.00	           29500.00	               0.00	           29500.00	           29500.00	               0.00	               0.00	               0.00	               0.00	               0.00	               0.00	               0.00	               0.00	               0.00	               0.00	               0.00	               0.00	               0.00	               0.00	               0.00	               0.00	               0.00	               0.00	               0.00	               0.00	               0.00	               0.00	               0.00	               0.00	               0.00	               0.00	           29500.00	               0.00	           29500.00	           29500.00	               0.00
**  WBS NL-N-TS2-002-06-32         Electronic DLI for B	          295000.00	               0.00	          295000.00	          295000.00	               0.00	               0.00	               0.00	               0.00	               0.00	               0.00	               0.00	               0.00	               0.00	               0.00	               0.00	               0.00	               0.00	               0.00	               0.00	               0.00	               0.00	               0.00	               0.00	               0.00	               0.00	               0.00	               0.00	               0.00	               0.00	               0.00	          295000.00	               0.00	          295000.00	          295000.00	               0.00	               0.00	               0.00	               0.00	               0.00	               0.00	               0.00	               0.00	               0.00	               0.00	               0.00	               0.00	               0.00	               0.00	               0.00	               0.00	               0.00	               0.00	               0.00	               0.00	               0.00	               0.00	               0.00	               0.00	               0.00	               0.00	          295000.00	               0.00	          295000.00	          295000.00	               0.00
**  WBS NL-N-TS2-002-06-33         Common Monitoring Co	         3929400.00	               0.00	         3929400.00	         3929400.00	               0.00	               0.00	               0.00	               0.00	               0.00	               0.00	               0.00	               0.00	               0.00	               0.00	               0.00	               0.00	               0.00	               0.00	               0.00	               0.00	               0.00	               0.00	               0.00	               0.00	               0.00	               0.00	               0.00	               0.00	               0.00	               0.00	         3929400.00	               0.00	         3929400.00	         3929400.00	               0.00	               0.00	               0.00	               0.00	               0.00	               0.00	               0.00	               0.00	               0.00	               0.00	               0.00	               0.00	               0.00	               0.00	               0.00	               0.00	               0.00	               0.00	               0.00	               0.00	               0.00	               0.00	               0.00	               0.00	               0.00	               0.00	         3929400.00	               0.00	         3929400.00	         3929400.00	               0.00
**  WBS NL-N-TS2-002-06-34         Steam & Water Analys	         2050722.00	         2050722.00	               0.00	         2050722.00	               0.00	               0.00	               0.00	               0.00	               0.00	               0.00	               0.00	               0.00	               0.00	               0.00	               0.00	         2050722.00	         2050722.00	               0.00	         2050722.00	               0.00	               0.00	               0.00	               0.00	               0.00	               0.00	               0.00	               0.00	               0.00	               0.00	               0.00	               0.00	               0.00	               0.00	               0.00	               0.00	               0.00	               0.00	               0.00	               0.00	               0.00	               0.00	               0.00	               0.00	               0.00	               0.00	               0.00	               0.00	               0.00	               0.00	               0.00	               0.00	               0.00	               0.00	               0.00	               0.00	               0.00	               0.00	               0.00	               0.00	               0.00	         2050722.00	         2050722.00	               0.00	         2050722.00	               0.00
**  WBS NL-N-TS2-002-06-35         Single Compartment T	               0.00	               0.00	               0.00	               0.00	               0.00	               0.00	               0.00	               0.00	               0.00	               0.00	               0.00	               0.00	               0.00	               0.00	               0.00	               0.00	               0.00	               0.00	               0.00	               0.00	               0.00	               0.00	               0.00	               0.00	               0.00	               0.00	               0.00	               0.00	               0.00	               0.00	               0.00	               0.00	               0.00	               0.00	               0.00	               0.00	               0.00	               0.00	               0.00	               0.00	               0.00	               0.00	               0.00	               0.00	               0.00	               0.00	               0.00	               0.00	               0.00	               0.00	               0.00	               0.00	               0.00	               0.00	               0.00	               0.00	               0.00	               0.00	               0.00	               0.00	               0.00	               0.00	               0.00	               0.00	               0.00
**  WBS NL-N-TS2-002-06-36         Positioner Cylinder	         1973640.02	         1973640.02	               0.00	         1973640.02	               0.00	               0.00	               0.00	               0.00	               0.00	               0.00	               0.00	               0.00	               0.00	               0.00	               0.00	         1973640.02	         1973640.02	               0.00	         1973640.02	               0.00	               0.00	               0.00	               0.00	               0.00	               0.00	               0.00	               0.00	               0.00	               0.00	               0.00	               0.00	               0.00	               0.00	               0.00	               0.00	               0.00	               0.00	               0.00	               0.00	               0.00	               0.00	               0.00	               0.00	               0.00	               0.00	               0.00	               0.00	               0.00	               0.00	               0.00	               0.00	               0.00	               0.00	               0.00	               0.00	               0.00	               0.00	               0.00	               0.00	               0.00	         1973640.02	         1973640.02	               0.00	         1973640.02	               0.00
**  WBS NL-N-TS2-002-06-37         Erection of Venturi&	         3159450.00	         2933775.00	          225675.00	         3159450.00	               0.00	         2933775.00	         2933775.00	               0.00	         2933775.00	               0.00	               0.00	               0.00	               0.00	               0.00	               0.00	               0.00	               0.00	               0.00	               0.00	               0.00	               0.00	               0.00	               0.00	               0.00	               0.00	               0.00	               0.00	               0.00	               0.00	               0.00	          225675.00	               0.00	          225675.00	          225675.00	               0.00	               0.00	               0.00	               0.00	               0.00	               0.00	               0.00	               0.00	               0.00	               0.00	               0.00	               0.00	               0.00	               0.00	               0.00	               0.00	               0.00	               0.00	               0.00	               0.00	               0.00	               0.00	               0.00	               0.00	               0.00	               0.00	         3159450.00	         2933775.00	          225675.00	         3159450.00	               0.00
**  WBS NL-N-TS2-002-06-38         Erection of Venturi&	         1215282.00	         1173694.08	           41587.92	         1215282.00	               0.00	         1173694.08	         1173694.08	               0.00	         1173694.08	               0.00	               0.00	               0.00	               0.00	               0.00	               0.00	               0.00	               0.00	               0.00	               0.00	               0.00	               0.00	               0.00	               0.00	               0.00	               0.00	               0.00	               0.00	               0.00	               0.00	               0.00	           41587.92	               0.00	           41587.92	           41587.92	               0.00	               0.00	               0.00	               0.00	               0.00	               0.00	               0.00	               0.00	               0.00	               0.00	               0.00	               0.00	               0.00	               0.00	               0.00	               0.00	               0.00	               0.00	               0.00	               0.00	               0.00	               0.00	               0.00	               0.00	               0.00	               0.00	         1215282.00	         1173694.08	           41587.92	         1215282.00	               0.00
**  WBS NL-N-TS2-002-06-39         Effluent Outlet  Flo	          746350.33	          616549.89	           32450.11	          649000.00	           97350.33	          649000.00	          649000.00	               0.00	          649000.00	               0.00	               0.00	          -32450.11	               0.00	          -32450.11	           32450.11	               0.00	               0.00	               0.00	               0.00	               0.00	               0.00	               0.00	               0.00	               0.00	               0.00	               0.00	               0.00	               0.00	               0.00	               0.00	           64900.22	               0.00	           32450.11	           32450.11	           32450.11	               0.00	               0.00	               0.00	               0.00	               0.00	               0.00	               0.00	               0.00	               0.00	               0.00	               0.00	               0.00	               0.00	               0.00	               0.00	               0.00	               0.00	               0.00	               0.00	               0.00	               0.00	               0.00	               0.00	               0.00	               0.00	          713900.22	          616549.89	           32450.11	          649000.00	           64900.22
**  WBS NL-N-TS2-002-06-56         water lanceblowing v	         1390512.00	         1390512.00	               0.00	         1390512.00	               0.00	               0.00	               0.00	               0.00	               0.00	               0.00	               0.00	               0.00	               0.00	               0.00	               0.00	         1390512.00	         1390512.00	               0.00	         1390512.00	               0.00	               0.00	               0.00	               0.00	               0.00	               0.00	               0.00	               0.00	               0.00	               0.00	               0.00	               0.00	               0.00	               0.00	               0.00	               0.00	               0.00	               0.00	               0.00	               0.00	               0.00	               0.00	               0.00	               0.00	               0.00	               0.00	               0.00	               0.00	               0.00	               0.00	               0.00	               0.00	               0.00	               0.00	               0.00	               0.00	               0.00	               0.00	               0.00	               0.00	               0.00	         1390512.00	         1390512.00	               0.00	         1390512.00	               0.00
**  WBS NL-N-TS2-002-06-57         Turbo Supervisory in	         9471243.38	         9471243.35	               0.03	         9471243.38	               0.00	               0.00	               0.00	               0.00	               0.00	               0.00	               0.00	               0.00	               0.00	               0.00	               0.00	               0.00	               0.00	               0.00	               0.00	               0.00	               0.00	               0.00	               0.00	               0.00	               0.00	         9471243.35	         9471243.35	               0.00	         9471243.35	               0.00	               0.03	               0.00	               0.03	               0.03	               0.00	               0.00	               0.00	               0.00	               0.00	               0.00	               0.00	               0.00	               0.00	               0.00	               0.00	               0.00	               0.00	               0.00	               0.00	               0.00	               0.00	               0.00	               0.00	               0.00	               0.00	               0.00	               0.00	               0.00	               0.00	               0.00	         9471243.38	         9471243.35	               0.03	         9471243.38	               0.00
**  WBS NL-N-TS2-002-06-58         Keltron Make Pneu Ac	         2227009.91	         2227009.91	               0.00	         2227009.91	               0.00	               0.00	               0.00	               0.00	               0.00	               0.00	               0.00	               0.00	               0.00	               0.00	               0.00	               0.00	               0.00	               0.00	               0.00	               0.00	         2227009.91	         2227009.91	               0.00	         2227009.91	               0.00	               0.00	               0.00	               0.00	               0.00	               0.00	               0.00	               0.00	               0.00	               0.00	               0.00	               0.00	               0.00	               0.00	               0.00	               0.00	               0.00	               0.00	               0.00	               0.00	               0.00	               0.00	               0.00	               0.00	               0.00	               0.00	               0.00	               0.00	               0.00	               0.00	               0.00	               0.00	               0.00	               0.00	               0.00	               0.00	         2227009.91	         2227009.91	               0.00	         2227009.91	               0.00
**  WBS NL-N-TS2-002-06-59         Purchase of pfb tran	         2422486.41	         2422486.41	               0.00	         2422486.41	               0.00	               0.00	               0.00	               0.00	               0.00	               0.00	               0.00	               0.00	               0.00	               0.00	               0.00	               0.00	               0.00	               0.00	               0.00	               0.00	         2422486.41	         2422486.41	               0.00	         2422486.41	               0.00	               0.00	               0.00	               0.00	               0.00	               0.00	               0.00	               0.00	               0.00	               0.00	               0.00	               0.00	               0.00	               0.00	               0.00	               0.00	               0.00	               0.00	               0.00	               0.00	               0.00	               0.00	               0.00	               0.00	               0.00	               0.00	               0.00	               0.00	               0.00	               0.00	               0.00	               0.00	               0.00	               0.00	               0.00	               0.00	         2422486.41	         2422486.41	               0.00	         2422486.41	               0.00
**  WBS NL-N-TS2-002-06-60         Purchase of DCS Spar	         2404956.69	         2404956.69	               0.00	         2404956.69	               0.00	               0.00	               0.00	               0.00	               0.00	               0.00	               0.00	               0.00	               0.00	               0.00	               0.00	         2404956.69	         2404956.69	               0.00	         2404956.69	               0.00	               0.00	               0.00	               0.00	               0.00	               0.00	               0.00	               0.00	               0.00	               0.00	               0.00	               0.00	               0.00	               0.00	               0.00	               0.00	               0.00	               0.00	               0.00	               0.00	               0.00	               0.00	               0.00	               0.00	               0.00	               0.00	               0.00	               0.00	               0.00	               0.00	               0.00	               0.00	               0.00	               0.00	               0.00	               0.00	               0.00	               0.00	               0.00	               0.00	               0.00	         2404956.69	         2404956.69	               0.00	         2404956.69	               0.00
**  WBS NL-N-TS2-002-06-61         Purchase of Rockwin	          434018.16	          434018.16	               0.00	          434018.16	               0.00	               0.00	               0.00	               0.00	               0.00	               0.00	               0.00	               0.00	               0.00	               0.00	               0.00	          434018.16	          434018.16	               0.00	          434018.16	               0.00	               0.00	               0.00	               0.00	               0.00	               0.00	               0.00	               0.00	               0.00	               0.00	               0.00	               0.00	               0.00	               0.00	               0.00	               0.00	               0.00	               0.00	               0.00	               0.00	               0.00	               0.00	               0.00	               0.00	               0.00	               0.00	               0.00	               0.00	               0.00	               0.00	               0.00	               0.00	               0.00	               0.00	               0.00	               0.00	               0.00	               0.00	               0.00	               0.00	               0.00	          434018.16	          434018.16	               0.00	          434018.16	               0.00
**  WBS NL-N-TS2-002-06-62         Pur & Comm of radar	          626095.02	          626095.02	               0.00	          626095.02	               0.00	               0.00	               0.00	               0.00	               0.00	               0.00	               0.00	               0.00	               0.00	               0.00	               0.00	          521913.38	          521913.38	               0.00	          521913.38	               0.00	           52090.82	           52090.82	               0.00	           52090.82	               0.00	           52090.82	           52090.82	               0.00	           52090.82	               0.00	               0.00	               0.00	               0.00	               0.00	               0.00	               0.00	               0.00	               0.00	               0.00	               0.00	               0.00	               0.00	               0.00	               0.00	               0.00	               0.00	               0.00	               0.00	               0.00	               0.00	               0.00	               0.00	               0.00	               0.00	               0.00	               0.00	               0.00	               0.00	               0.00	               0.00	          626095.02	          626095.02	               0.00	          626095.02	               0.00
**  WBS NL-N-TS2-002-06-63         Online weighing syst	          803186.00	               0.00	          803186.00	          803186.00	               0.00	               0.00	               0.00	               0.00	               0.00	               0.00	               0.00	               0.00	               0.00	               0.00	               0.00	               0.00	               0.00	               0.00	               0.00	               0.00	               0.00	               0.00	               0.00	               0.00	               0.00	               0.00	               0.00	               0.00	               0.00	               0.00	          803186.00	               0.00	          803186.00	          803186.00	               0.00	               0.00	               0.00	               0.00	               0.00	               0.00	               0.00	               0.00	               0.00	               0.00	               0.00	               0.00	               0.00	               0.00	               0.00	               0.00	               0.00	               0.00	               0.00	               0.00	               0.00	               0.00	               0.00	               0.00	               0.00	               0.00	          803186.00	               0.00	          803186.00	          803186.00	               0.00
**  WBS NL-N-TS2-002-06-64         Flue gas Detector 3N	         1027678.45	               0.00	         1027678.45	         1027678.45	               0.00	               0.00	               0.00	               0.00	               0.00	               0.00	               0.00	               0.00	               0.00	               0.00	               0.00	               0.00	               0.00	               0.00	               0.00	               0.00	               0.00	               0.00	               0.00	               0.00	               0.00	               0.00	               0.00	               0.00	               0.00	               0.00	         1027678.45	               0.00	         1027678.45	         1027678.45	               0.00	               0.00	               0.00	               0.00	               0.00	               0.00	               0.00	               0.00	               0.00	               0.00	               0.00	               0.00	               0.00	               0.00	               0.00	               0.00	               0.00	               0.00	               0.00	               0.00	               0.00	               0.00	               0.00	               0.00	               0.00	               0.00	         1027678.45	               0.00	         1027678.45	         1027678.45	               0.00
**  WBS NL-N-TS2-002-06-65         Design Engg manufact	       212681688.45	       196742051.72	        15939636.73	       212681688.45	               0.00	               0.00	               0.00	               0.00	               0.00	               0.00	               0.00	               0.00	               0.00	               0.00	               0.00	       189447683.48	       189447683.48	               0.00	       189447683.48	               0.00	         2431456.08	         2431456.08	               0.00	         2431456.08	               0.00	         4862912.16	         4862912.16	               0.00	         4862912.16	               0.00	        15939636.73	               0.00	        15939636.73	        15939636.73	               0.00	               0.00	               0.00	               0.00	               0.00	               0.00	               0.00	               0.00	               0.00	               0.00	               0.00	               0.00	               0.00	               0.00	               0.00	               0.00	               0.00	               0.00	               0.00	               0.00	               0.00	               0.00	               0.00	               0.00	               0.00	               0.00	       212681688.45	       196742051.72	        15939636.73	       212681688.45	               0.00
**  WBS NL-N-TS2-002-06-66         Purchase of Metso DN	         9209900.00	         9209900.00	               0.00	         9209900.00	               0.00	               0.00	               0.00	               0.00	               0.00	               0.00	               0.00	               0.00	               0.00	               0.00	               0.00	               0.00	               0.00	               0.00	               0.00	               0.00	         9209900.00	         9209900.00	               0.00	         9209900.00	               0.00	               0.00	               0.00	               0.00	               0.00	               0.00	               0.00	               0.00	               0.00	               0.00	               0.00	               0.00	               0.00	               0.00	               0.00	               0.00	               0.00	               0.00	               0.00	               0.00	               0.00	               0.00	               0.00	               0.00	               0.00	               0.00	               0.00	               0.00	               0.00	               0.00	               0.00	               0.00	               0.00	               0.00	               0.00	               0.00	         9209900.00	         9209900.00	               0.00	         9209900.00	               0.00
**  WBS NL-N-TS2-002-06-67         Purchase of Temperat	         2102551.49	         2102551.49	               0.00	         2102551.49	               0.00	               0.00	               0.00	               0.00	               0.00	               0.00	               0.00	               0.00	               0.00	               0.00	               0.00	               0.00	               0.00	               0.00	               0.00	               0.00	         2102551.49	         2102551.49	               0.00	         2102551.49	               0.00	               0.00	               0.00	               0.00	               0.00	               0.00	               0.00	               0.00	               0.00	               0.00	               0.00	               0.00	               0.00	               0.00	               0.00	               0.00	               0.00	               0.00	               0.00	               0.00	               0.00	               0.00	               0.00	               0.00	               0.00	               0.00	               0.00	               0.00	               0.00	               0.00	               0.00	               0.00	               0.00	               0.00	               0.00	               0.00	         2102551.49	         2102551.49	               0.00	         2102551.49	               0.00
**  WBS NL-N-TS2-002-06-68         Purchase of Metso DN	        31964172.06	        31964172.06	               0.00	        31964172.06	               0.00	               0.00	               0.00	               0.00	               0.00	               0.00	               0.00	               0.00	               0.00	               0.00	               0.00	               0.00	               0.00	               0.00	               0.00	               0.00	        31964172.06	        31964172.06	               0.00	        31964172.06	               0.00	               0.00	               0.00	               0.00	               0.00	               0.00	               0.00	               0.00	               0.00	               0.00	               0.00	               0.00	               0.00	               0.00	               0.00	               0.00	               0.00	               0.00	               0.00	               0.00	               0.00	               0.00	               0.00	               0.00	               0.00	               0.00	               0.00	               0.00	               0.00	               0.00	               0.00	               0.00	               0.00	               0.00	               0.00	               0.00	        31964172.06	        31964172.06	               0.00	        31964172.06	               0.00
**  WBS NL-N-TS2-002-06-69         Power supply Unit fo	         8838530.40	         8838530.40	               0.00	         8838530.40	               0.00	               0.00	               0.00	               0.00	               0.00	               0.00	               0.00	               0.00	               0.00	               0.00	               0.00	               0.00	               0.00	               0.00	               0.00	               0.00	               0.00	               0.00	               0.00	               0.00	               0.00	         8838530.40	         8838530.40	               0.00	         8838530.40	               0.00	               0.00	               0.00	               0.00	               0.00	               0.00	               0.00	               0.00	               0.00	               0.00	               0.00	               0.00	               0.00	               0.00	               0.00	               0.00	               0.00	               0.00	               0.00	               0.00	               0.00	               0.00	               0.00	               0.00	               0.00	               0.00	               0.00	               0.00	               0.00	               0.00	               0.00	         8838530.40	         8838530.40	               0.00	         8838530.40	               0.00
**  WBS NL-N-TS2-002-06-70         RTD Input Module for	        10553599.23	        10553599.23	               0.00	        10553599.23	               0.00	               0.00	               0.00	               0.00	               0.00	               0.00	               0.00	               0.00	               0.00	               0.00	               0.00	               0.00	               0.00	               0.00	               0.00	               0.00	               0.00	               0.00	               0.00	               0.00	               0.00	        10553599.23	        10553599.23	               0.00	        10553599.23	               0.00	               0.00	               0.00	               0.00	               0.00	               0.00	               0.00	               0.00	               0.00	               0.00	               0.00	               0.00	               0.00	               0.00	               0.00	               0.00	               0.00	               0.00	               0.00	               0.00	               0.00	               0.00	               0.00	               0.00	               0.00	               0.00	               0.00	               0.00	               0.00	               0.00	               0.00	        10553599.23	        10553599.23	               0.00	        10553599.23	               0.00
**  WBS NL-N-TS2-002-06-71         PUR-NOX GAS ANALYZER	         3221705.62	         3221705.62	               0.00	         3221705.62	               0.00	               0.00	               0.00	               0.00	               0.00	               0.00	               0.00	               0.00	               0.00	               0.00	               0.00	               0.00	               0.00	               0.00	               0.00	               0.00	               0.00	               0.00	               0.00	               0.00	               0.00	         3221705.62	         3221705.62	               0.00	         3221705.62	               0.00	               0.00	               0.00	               0.00	               0.00	               0.00	               0.00	               0.00	               0.00	               0.00	               0.00	               0.00	               0.00	               0.00	               0.00	               0.00	               0.00	               0.00	               0.00	               0.00	               0.00	               0.00	               0.00	               0.00	               0.00	               0.00	               0.00	               0.00	               0.00	               0.00	               0.00	         3221705.62	         3221705.62	               0.00	         3221705.62	               0.00
**  WBS NL-N-TS2-002-06-72         PUR OF PRESSURE TRAN	         9660315.55	               0.00	         9660315.55	         9660315.55	               0.00	               0.00	               0.00	               0.00	               0.00	               0.00	               0.00	               0.00	               0.00	               0.00	               0.00	               0.00	               0.00	               0.00	               0.00	               0.00	               0.00	               0.00	               0.00	               0.00	               0.00	               0.00	               0.00	               0.00	               0.00	               0.00	         9660315.55	               0.00	         9660315.55	         9660315.55	               0.00	               0.00	               0.00	               0.00	               0.00	               0.00	               0.00	               0.00	               0.00	               0.00	               0.00	               0.00	               0.00	               0.00	               0.00	               0.00	               0.00	               0.00	               0.00	               0.00	               0.00	               0.00	               0.00	               0.00	               0.00	               0.00	         9660315.55	               0.00	         9660315.55	         9660315.55	               0.00
**  WBS NL-N-TS2-002-06-73         Purc 16 nos of High	         6194603.52	         6194603.52	               0.00	         6194603.52	               0.00	               0.00	               0.00	               0.00	               0.00	               0.00	               0.00	               0.00	               0.00	               0.00	               0.00	               0.00	               0.00	               0.00	               0.00	               0.00	               0.00	               0.00	               0.00	               0.00	               0.00	         6194603.52	         6194603.52	               0.00	         6194603.52	               0.00	               0.00	               0.00	               0.00	               0.00	               0.00	               0.00	               0.00	               0.00	               0.00	               0.00	               0.00	               0.00	               0.00	               0.00	               0.00	               0.00	               0.00	               0.00	               0.00	               0.00	               0.00	               0.00	               0.00	               0.00	               0.00	               0.00	               0.00	               0.00	               0.00	               0.00	         6194603.52	         6194603.52	               0.00	         6194603.52	               0.00
**  WBS NL-N-TS2-002-06-74         Purchase of 7 Nos. o	         7908684.03	         7908684.03	               0.00	         7908684.03	               0.00	               0.00	               0.00	               0.00	               0.00	               0.00	               0.00	               0.00	               0.00	               0.00	               0.00	               0.00	               0.00	               0.00	               0.00	               0.00	               0.00	               0.00	               0.00	               0.00	               0.00	         7908684.03	         7908684.03	               0.00	         7908684.03	               0.00	               0.00	               0.00	               0.00	               0.00	               0.00	               0.00	               0.00	               0.00	               0.00	               0.00	               0.00	               0.00	               0.00	               0.00	               0.00	               0.00	               0.00	               0.00	               0.00	               0.00	               0.00	               0.00	               0.00	               0.00	               0.00	               0.00	               0.00	               0.00	               0.00	               0.00	         7908684.03	         7908684.03	               0.00	         7908684.03	               0.00
**  WBS NL-N-TS2-002-06-75         PURS-1 NUMBER OUTDOO	          776000.10	               0.00	          776000.10	          776000.10	               0.00	               0.00	               0.00	               0.00	               0.00	               0.00	               0.00	               0.00	               0.00	               0.00	               0.00	               0.00	               0.00	               0.00	               0.00	               0.00	               0.00	               0.00	               0.00	               0.00	               0.00	               0.00	               0.00	               0.00	               0.00	               0.00	          776000.10	               0.00	          776000.10	          776000.10	               0.00	               0.00	               0.00	               0.00	               0.00	               0.00	               0.00	               0.00	               0.00	               0.00	               0.00	               0.00	               0.00	               0.00	               0.00	               0.00	               0.00	               0.00	               0.00	               0.00	               0.00	               0.00	               0.00	               0.00	               0.00	               0.00	          776000.10	               0.00	          776000.10	          776000.10	               0.00
**  WBS NL-N-TS2-002-06-76         Turbine Speed Sensor	         3039923.96	         3039923.96	               0.00	         3039923.96	               0.00	               0.00	               0.00	               0.00	               0.00	               0.00	               0.00	               0.00	               0.00	               0.00	               0.00	               0.00	               0.00	               0.00	               0.00	               0.00	               0.00	               0.00	               0.00	               0.00	               0.00	               0.00	               0.00	               0.00	               0.00	               0.00	         3039923.96	         3039923.96	               0.00	         3039923.96	               0.00	               0.00	               0.00	               0.00	               0.00	               0.00	               0.00	               0.00	               0.00	               0.00	               0.00	               0.00	               0.00	               0.00	               0.00	               0.00	               0.00	               0.00	               0.00	               0.00	               0.00	               0.00	               0.00	               0.00	               0.00	               0.00	         3039923.96	         3039923.96	               0.00	         3039923.96	               0.00
**  WBS NL-N-TS2-002-06-77         Kuhme Make HFO QCVs	         8728722.00	               0.00	         8728722.00	         8728722.00	               0.00	               0.00	               0.00	               0.00	               0.00	               0.00	               0.00	               0.00	               0.00	               0.00	               0.00	               0.00	               0.00	               0.00	               0.00	               0.00	               0.00	               0.00	               0.00	               0.00	               0.00	               0.00	               0.00	               0.00	               0.00	               0.00	         8728722.00	               0.00	         8728722.00	         8728722.00	               0.00	               0.00	               0.00	               0.00	               0.00	               0.00	               0.00	               0.00	               0.00	               0.00	               0.00	               0.00	               0.00	               0.00	               0.00	               0.00	               0.00	               0.00	               0.00	               0.00	               0.00	               0.00	               0.00	               0.00	               0.00	               0.00	         8728722.00	               0.00	         8728722.00	         8728722.00	               0.00
**  WBS NL-N-TS2-002-06-78         Spares for TSI syste	         5540178.69	               0.00	         5540178.69	         5540178.69	               0.00	               0.00	               0.00	               0.00	               0.00	               0.00	               0.00	               0.00	               0.00	               0.00	               0.00	               0.00	               0.00	               0.00	               0.00	               0.00	               0.00	               0.00	               0.00	               0.00	               0.00	               0.00	               0.00	               0.00	               0.00	               0.00	         5540178.69	               0.00	         5540178.69	         5540178.69	               0.00	               0.00	               0.00	               0.00	               0.00	               0.00	               0.00	               0.00	               0.00	               0.00	               0.00	               0.00	               0.00	               0.00	               0.00	               0.00	               0.00	               0.00	               0.00	               0.00	               0.00	               0.00	               0.00	               0.00	               0.00	               0.00	         5540178.69	               0.00	         5540178.69	         5540178.69	               0.00
**  WBS NL-N-TS2-002-06-79         BHEL DCS HMI UPGRADA	       446883954.16	               0.00	       446883954.16	       446883954.16	               0.00	               0.00	               0.00	               0.00	               0.00	               0.00	               0.00	               0.00	               0.00	               0.00	               0.00	               0.00	               0.00	               0.00	               0.00	               0.00	               0.00	               0.00	               0.00	               0.00	               0.00	               0.00	               0.00	               0.00	               0.00	               0.00	       394584253.76	               0.00	       394584253.76	       394584253.76	               0.00	        52299700.40	               0.00	        52299700.40	        52299700.40	               0.00	               0.00	               0.00	               0.00	               0.00	               0.00	               0.00	               0.00	               0.00	               0.00	               0.00	               0.00	               0.00	               0.00	               0.00	               0.00	               0.00	               0.00	               0.00	               0.00	               0.00	       446883954.16	               0.00	       446883954.16	       446883954.16	               0.00
**  WBS NL-N-TS2-002-06-80         IR SCANNERS FOR STAG	         8879500.00	               0.00	         8879500.00	         8879500.00	               0.00	               0.00	               0.00	               0.00	               0.00	               0.00	               0.00	               0.00	               0.00	               0.00	               0.00	               0.00	               0.00	               0.00	               0.00	               0.00	               0.00	               0.00	               0.00	               0.00	               0.00	               0.00	               0.00	               0.00	               0.00	               0.00	         8879500.00	               0.00	         8879500.00	         8879500.00	               0.00	               0.00	               0.00	               0.00	               0.00	               0.00	               0.00	               0.00	               0.00	               0.00	               0.00	               0.00	               0.00	               0.00	               0.00	               0.00	               0.00	               0.00	               0.00	               0.00	               0.00	               0.00	               0.00	               0.00	               0.00	               0.00	         8879500.00	               0.00	         8879500.00	         8879500.00	               0.00
**  WBS NL-N-TS2-002-06-81         Turb Gov Solnd vlv f	         9540026.00	               0.00	         9540026.00	         9540026.00	               0.00	               0.00	               0.00	               0.00	               0.00	               0.00	               0.00	               0.00	               0.00	               0.00	               0.00	               0.00	               0.00	               0.00	               0.00	               0.00	               0.00	               0.00	               0.00	               0.00	               0.00	               0.00	               0.00	               0.00	               0.00	               0.00	         9540026.00	               0.00	         9540026.00	         9540026.00	               0.00	               0.00	               0.00	               0.00	               0.00	               0.00	               0.00	               0.00	               0.00	               0.00	               0.00	               0.00	               0.00	               0.00	               0.00	               0.00	               0.00	               0.00	               0.00	               0.00	               0.00	               0.00	               0.00	               0.00	               0.00	               0.00	         9540026.00	               0.00	         9540026.00	         9540026.00	               0.00
**  WBS NL-N-TS2-002-06-82         SWAS stg1,pH,O2,anal	        47866700.00	               0.00	        47866700.00	        47866700.00	               0.00	               0.00	               0.00	               0.00	               0.00	               0.00	               0.00	               0.00	               0.00	               0.00	               0.00	               0.00	               0.00	               0.00	               0.00	               0.00	               0.00	               0.00	               0.00	               0.00	               0.00	               0.00	               0.00	               0.00	               0.00	               0.00	        47866700.00	               0.00	        47866700.00	        47866700.00	               0.00	               0.00	               0.00	               0.00	               0.00	               0.00	               0.00	               0.00	               0.00	               0.00	               0.00	               0.00	               0.00	               0.00	               0.00	               0.00	               0.00	               0.00	               0.00	               0.00	               0.00	               0.00	               0.00	               0.00	               0.00	               0.00	        47866700.00	               0.00	        47866700.00	        47866700.00	               0.00
**  WBS NL-N-TS2-002-06-83         Pur of  MetsoDNA DCS	        23129441.40	               0.00	        23129442.08	        23129442.08	              -0.68	               0.00	               0.00	               0.00	               0.00	               0.00	               0.00	               0.00	               0.00	               0.00	               0.00	               0.00	               0.00	               0.00	               0.00	               0.00	               0.00	               0.00	               0.00	               0.00	               0.00	               0.00	               0.00	               0.00	               0.00	               0.00	        23129441.40	               0.00	        23129442.08	        23129442.08	              -0.68	               0.00	               0.00	               0.00	               0.00	               0.00	               0.00	               0.00	               0.00	               0.00	               0.00	               0.00	               0.00	               0.00	               0.00	               0.00	               0.00	               0.00	               0.00	               0.00	               0.00	               0.00	               0.00	               0.00	               0.00	               0.00	        23129441.40	               0.00	        23129442.08	        23129442.08	              -0.68
**  WBS NL-N-TS2-002-06-84         Mill Brg Vibration s	        21057251.00	               0.00	        21057251.00	        21057251.00	               0.00	               0.00	               0.00	               0.00	               0.00	               0.00	               0.00	               0.00	               0.00	               0.00	               0.00	               0.00	               0.00	               0.00	               0.00	               0.00	               0.00	               0.00	               0.00	               0.00	               0.00	               0.00	               0.00	               0.00	               0.00	               0.00	        21057251.00	               0.00	        21057251.00	        21057251.00	               0.00	               0.00	               0.00	               0.00	               0.00	               0.00	               0.00	               0.00	               0.00	               0.00	               0.00	               0.00	               0.00	               0.00	               0.00	               0.00	               0.00	               0.00	               0.00	               0.00	               0.00	               0.00	               0.00	               0.00	               0.00	               0.00	        21057251.00	               0.00	        21057251.00	        21057251.00	               0.00
**  WBS NL-N-TS2-002-06-85         “Mandatory Cybersecu	         4221450.00	               0.00	               0.00	               0.00	         4221450.00	               0.00	               0.00	               0.00	               0.00	               0.00	               0.00	               0.00	               0.00	               0.00	               0.00	               0.00	               0.00	               0.00	               0.00	               0.00	               0.00	               0.00	               0.00	               0.00	               0.00	               0.00	               0.00	               0.00	               0.00	               0.00	               0.00	               0.00	               0.00	               0.00	               0.00	               0.00	               0.00	               0.00	               0.00	               0.00	               0.00	               0.00	               0.00	               0.00	               0.00	               0.00	               0.00	               0.00	               0.00	               0.00	               0.00	               0.00	               0.00	               0.00	               0.00	               0.00	               0.00	               0.00	               0.00	               0.00	               0.00	               0.00	               0.00	               0.00	               0.00
**  WBS NL-N-TS2-002-06-86         procurement of LVS&L	         5275345.00	               0.00	         5275345.00	         5275345.00	               0.00	               0.00	               0.00	               0.00	               0.00	               0.00	               0.00	               0.00	               0.00	               0.00	               0.00	               0.00	               0.00	               0.00	               0.00	               0.00	               0.00	               0.00	               0.00	               0.00	               0.00	               0.00	               0.00	               0.00	               0.00	               0.00	         5275345.00	               0.00	         5275345.00	         5275345.00	               0.00	               0.00	               0.00	               0.00	               0.00	               0.00	               0.00	               0.00	               0.00	               0.00	               0.00	               0.00	               0.00	               0.00	               0.00	               0.00	               0.00	               0.00	               0.00	               0.00	               0.00	               0.00	               0.00	               0.00	               0.00	               0.00	         5275345.00	               0.00	         5275345.00	         5275345.00	               0.00
*** WBS NL-N-TS2-002-07            LHS MAINTENANCE	       762574250.94	       669367771.98	        46525641.52	       715893413.50	        46680837.44	       234117179.28	       211561608.06	               0.00	       211561608.06	        22555571.22	       366251207.56	       366251207.56	               0.00	       366251207.56	               0.00	        43502919.96	        43502919.96	               0.00	        43502919.96	               0.00	        30318059.96	        30318059.96	               0.00	        30318059.96	               0.00	        17733976.44	        17733976.44	         1690889.05	        19424865.49	        -1690889.05	        69481109.74	               0.00	        44834752.47	        44834752.47	        24646357.27	               0.00	               0.00	               0.00	               0.00	               0.00	               0.00	               0.00	               0.00	               0.00	               0.00	               0.00	               0.00	               0.00	               0.00	               0.00	               0.00	               0.00	               0.00	               0.00	               0.00	               0.00	               0.00	               0.00	               0.00	               0.00	       761404452.94	       669367771.98	        46525641.52	       715893413.50	        45511039.44
**  WBS NL-N-TS2-002-07-01         CONVEYORS AND SYSTEM	        20939218.48	        20412230.46	          526988.02	        20939218.48	               0.00	        19748126.46	        19748126.46	               0.00	        19748126.46	               0.00	          498078.00	          498078.00	               0.00	          498078.00	               0.00	               0.00	               0.00	               0.00	               0.00	               0.00	          166026.00	          166026.00	               0.00	          166026.00	               0.00	               0.00	               0.00	               0.00	               0.00	               0.00	          526988.02	               0.00	          526988.02	          526988.02	               0.00	               0.00	               0.00	               0.00	               0.00	               0.00	               0.00	               0.00	               0.00	               0.00	               0.00	               0.00	               0.00	               0.00	               0.00	               0.00	               0.00	               0.00	               0.00	               0.00	               0.00	               0.00	               0.00	               0.00	               0.00	               0.00	        20939218.48	        20412230.46	          526988.02	        20939218.48	               0.00
**  WBS NL-N-TS2-002-07-02         LIGNITE YARD RAILS R	        26848891.29	        26848891.29	               0.00	        26848891.29	               0.00	               0.00	               0.00	               0.00	               0.00	               0.00	        26848891.29	        26848891.29	               0.00	        26848891.29	               0.00	               0.00	               0.00	               0.00	               0.00	               0.00	               0.00	               0.00	               0.00	               0.00	               0.00	               0.00	               0.00	               0.00	               0.00	               0.00	               0.00	               0.00	               0.00	               0.00	               0.00	               0.00	               0.00	               0.00	               0.00	               0.00	               0.00	               0.00	               0.00	               0.00	               0.00	               0.00	               0.00	               0.00	               0.00	               0.00	               0.00	               0.00	               0.00	               0.00	               0.00	               0.00	               0.00	               0.00	               0.00	               0.00	        26848891.29	        26848891.29	               0.00	        26848891.29	               0.00
**  WBS NL-N-TS2-002-07-03         BELT EQUIPMENT SYSTE	          705000.00	          705000.00	               0.00	          705000.00	               0.00	               0.00	               0.00	               0.00	               0.00	               0.00	          705000.00	          705000.00	               0.00	          705000.00	               0.00	               0.00	               0.00	               0.00	               0.00	               0.00	               0.00	               0.00	               0.00	               0.00	               0.00	               0.00	               0.00	               0.00	               0.00	               0.00	               0.00	               0.00	               0.00	               0.00	               0.00	               0.00	               0.00	               0.00	               0.00	               0.00	               0.00	               0.00	               0.00	               0.00	               0.00	               0.00	               0.00	               0.00	               0.00	               0.00	               0.00	               0.00	               0.00	               0.00	               0.00	               0.00	               0.00	               0.00	               0.00	               0.00	          705000.00	          705000.00	               0.00	          705000.00	               0.00
**  WBS NL-N-TS2-002-07-04         Replacement of Two R	       572053677.71	       549498102.27	               4.22	       549498106.49	        22555571.22	       214369052.82	       191813481.60	               0.00	       191813481.60	        22555571.22	       335479162.41	       335479162.41	               0.00	       335479162.41	               0.00	        22205458.26	        22205458.26	               0.00	        22205458.26	               0.00	               0.00	               0.00	               0.00	               0.00	               0.00	               0.00	               0.00	               0.00	               0.00	               0.00	               4.22	               0.00	               4.22	               4.22	               0.00	               0.00	               0.00	               0.00	               0.00	               0.00	               0.00	               0.00	               0.00	               0.00	               0.00	               0.00	               0.00	               0.00	               0.00	               0.00	               0.00	               0.00	               0.00	               0.00	               0.00	               0.00	               0.00	               0.00	               0.00	               0.00	       572053677.71	       549498102.27	               4.22	       549498106.49	        22555571.22
**  WBS NL-N-TS2-002-07-05         Vacuum Cleaners for	         1803473.97	         1803473.97	               0.00	         1803473.97	               0.00	               0.00	               0.00	               0.00	               0.00	               0.00	               0.00	               0.00	               0.00	               0.00	               0.00	         1803473.97	         1803473.97	               0.00	         1803473.97	               0.00	               0.00	               0.00	               0.00	               0.00	               0.00	               0.00	               0.00	               0.00	               0.00	               0.00	               0.00	               0.00	               0.00	               0.00	               0.00	               0.00	               0.00	               0.00	               0.00	               0.00	               0.00	               0.00	               0.00	               0.00	               0.00	               0.00	               0.00	               0.00	               0.00	               0.00	               0.00	               0.00	               0.00	               0.00	               0.00	               0.00	               0.00	               0.00	               0.00	               0.00	         1803473.97	         1803473.97	               0.00	         1803473.97	               0.00
**  WBS NL-N-TS2-002-07-06         Vulcanizing Equipmen	         6071695.81	         6071695.81	               0.00	         6071695.81	               0.00	               0.00	               0.00	               0.00	               0.00	               0.00	               0.00	               0.00	               0.00	               0.00	               0.00	         6071695.81	         6071695.81	               0.00	         6071695.81	               0.00	               0.00	               0.00	               0.00	               0.00	               0.00	               0.00	               0.00	               0.00	               0.00	               0.00	               0.00	               0.00	               0.00	               0.00	               0.00	               0.00	               0.00	               0.00	               0.00	               0.00	               0.00	               0.00	               0.00	               0.00	               0.00	               0.00	               0.00	               0.00	               0.00	               0.00	               0.00	               0.00	               0.00	               0.00	               0.00	               0.00	               0.00	               0.00	               0.00	               0.00	         6071695.81	         6071695.81	               0.00	         6071695.81	               0.00
**  WBS NL-N-TS2-002-07-07         Various Idlers	        10289087.91	        10289087.91	               0.00	        10289087.91	               0.00	               0.00	               0.00	               0.00	               0.00	               0.00	               0.00	               0.00	               0.00	               0.00	               0.00	               0.00	               0.00	               0.00	               0.00	               0.00	        10289087.91	        10289087.91	               0.00	        10289087.91	               0.00	               0.00	               0.00	               0.00	               0.00	               0.00	               0.00	               0.00	               0.00	               0.00	               0.00	               0.00	               0.00	               0.00	               0.00	               0.00	               0.00	               0.00	               0.00	               0.00	               0.00	               0.00	               0.00	               0.00	               0.00	               0.00	               0.00	               0.00	               0.00	               0.00	               0.00	               0.00	               0.00	               0.00	               0.00	               0.00	        10289087.91	        10289087.91	               0.00	        10289087.91	               0.00
**  WBS NL-N-TS2-002-07-08         Cam Shafts	         4196352.41	         4196352.41	               0.00	         4196352.41	               0.00	               0.00	               0.00	               0.00	               0.00	               0.00	               0.00	               0.00	               0.00	               0.00	               0.00	               0.00	               0.00	               0.00	               0.00	               0.00	         4196352.41	         4196352.41	               0.00	         4196352.41	               0.00	               0.00	               0.00	               0.00	               0.00	               0.00	               0.00	               0.00	               0.00	               0.00	               0.00	               0.00	               0.00	               0.00	               0.00	               0.00	               0.00	               0.00	               0.00	               0.00	               0.00	               0.00	               0.00	               0.00	               0.00	               0.00	               0.00	               0.00	               0.00	               0.00	               0.00	               0.00	               0.00	               0.00	               0.00	               0.00	         4196352.41	         4196352.41	               0.00	         4196352.41	               0.00
**  WBS NL-N-TS2-002-07-09         Structural Repair Wo	        12477113.66	         9221777.39	         3255336.27	        12477113.66	               0.00	               0.00	               0.00	               0.00	               0.00	               0.00	         2720075.86	         2720075.86	               0.00	         2720075.86	               0.00	         6501701.53	         6501701.53	               0.00	         6501701.53	               0.00	               0.00	               0.00	               0.00	               0.00	               0.00	               0.00	               0.00	               0.00	               0.00	               0.00	         3255336.27	               0.00	         3255336.27	         3255336.27	               0.00	               0.00	               0.00	               0.00	               0.00	               0.00	               0.00	               0.00	               0.00	               0.00	               0.00	               0.00	               0.00	               0.00	               0.00	               0.00	               0.00	               0.00	               0.00	               0.00	               0.00	               0.00	               0.00	               0.00	               0.00	               0.00	        12477113.66	         9221777.39	         3255336.27	        12477113.66	               0.00
**  WBS NL-N-TS2-002-07-10         Compressor for DSS s	         4496421.39	         4496421.39	               0.00	         4496421.39	               0.00	               0.00	               0.00	               0.00	               0.00	               0.00	               0.00	               0.00	               0.00	               0.00	               0.00	         4496421.39	         4496421.39	               0.00	         4496421.39	               0.00	               0.00	               0.00	               0.00	               0.00	               0.00	               0.00	               0.00	               0.00	               0.00	               0.00	               0.00	               0.00	               0.00	               0.00	               0.00	               0.00	               0.00	               0.00	               0.00	               0.00	               0.00	               0.00	               0.00	               0.00	               0.00	               0.00	               0.00	               0.00	               0.00	               0.00	               0.00	               0.00	               0.00	               0.00	               0.00	               0.00	               0.00	               0.00	               0.00	               0.00	         4496421.39	         4496421.39	               0.00	         4496421.39	               0.00
**  WBS NL-N-TS2-002-07-11         Rack for Shuttle Con	          810661.86	          810661.86	               0.00	          810661.86	               0.00	               0.00	               0.00	               0.00	               0.00	               0.00	               0.00	               0.00	               0.00	               0.00	               0.00	          810661.86	          810661.86	               0.00	          810661.86	               0.00	               0.00	               0.00	               0.00	               0.00	               0.00	               0.00	               0.00	               0.00	               0.00	               0.00	               0.00	               0.00	               0.00	               0.00	               0.00	               0.00	               0.00	               0.00	               0.00	               0.00	               0.00	               0.00	               0.00	               0.00	               0.00	               0.00	               0.00	               0.00	               0.00	               0.00	               0.00	               0.00	               0.00	               0.00	               0.00	               0.00	               0.00	               0.00	               0.00	               0.00	          810661.86	          810661.86	               0.00	          810661.86	               0.00
**  WBS NL-N-TS2-002-07-12         Bunker Grill_size240	         1613507.14	         1613507.14	               0.00	         1613507.14	               0.00	               0.00	               0.00	               0.00	               0.00	               0.00	               0.00	               0.00	               0.00	               0.00	               0.00	         1613507.14	         1613507.14	               0.00	         1613507.14	               0.00	               0.00	               0.00	               0.00	               0.00	               0.00	               0.00	               0.00	               0.00	               0.00	               0.00	               0.00	               0.00	               0.00	               0.00	               0.00	               0.00	               0.00	               0.00	               0.00	               0.00	               0.00	               0.00	               0.00	               0.00	               0.00	               0.00	               0.00	               0.00	               0.00	               0.00	               0.00	               0.00	               0.00	               0.00	               0.00	               0.00	               0.00	               0.00	               0.00	               0.00	         1613507.14	         1613507.14	               0.00	         1613507.14	               0.00
**  WBS NL-N-TS2-002-07-13         Gear Box Spares	         8197748.27	         8197748.27	               0.00	         8197748.27	               0.00	               0.00	               0.00	               0.00	               0.00	               0.00	               0.00	               0.00	               0.00	               0.00	               0.00	               0.00	               0.00	               0.00	               0.00	               0.00	         8197748.27	         8197748.27	               0.00	         8197748.27	               0.00	               0.00	               0.00	               0.00	               0.00	               0.00	               0.00	               0.00	               0.00	               0.00	               0.00	               0.00	               0.00	               0.00	               0.00	               0.00	               0.00	               0.00	               0.00	               0.00	               0.00	               0.00	               0.00	               0.00	               0.00	               0.00	               0.00	               0.00	               0.00	               0.00	               0.00	               0.00	               0.00	               0.00	               0.00	               0.00	         8197748.27	         8197748.27	               0.00	         8197748.27	               0.00
**  WBS NL-N-TS2-002-07-14         Hydraulic Cylinders	         1580113.77	         1580113.77	               0.00	         1580113.77	               0.00	               0.00	               0.00	               0.00	               0.00	               0.00	               0.00	               0.00	               0.00	               0.00	               0.00	               0.00	               0.00	               0.00	               0.00	               0.00	         1580113.77	         1580113.77	               0.00	         1580113.77	               0.00	               0.00	               0.00	               0.00	               0.00	               0.00	               0.00	               0.00	               0.00	               0.00	               0.00	               0.00	               0.00	               0.00	               0.00	               0.00	               0.00	               0.00	               0.00	               0.00	               0.00	               0.00	               0.00	               0.00	               0.00	               0.00	               0.00	               0.00	               0.00	               0.00	               0.00	               0.00	               0.00	               0.00	               0.00	               0.00	         1580113.77	         1580113.77	               0.00	         1580113.77	               0.00
**  WBS NL-N-TS2-002-07-15         Gear box spares for	               0.00	               0.00	               0.00	               0.00	               0.00	               0.00	               0.00	               0.00	               0.00	               0.00	               0.00	               0.00	               0.00	               0.00	               0.00	               0.00	               0.00	               0.00	               0.00	               0.00	               0.00	               0.00	               0.00	               0.00	               0.00	               0.00	               0.00	               0.00	               0.00	               0.00	               0.00	               0.00	               0.00	               0.00	               0.00	               0.00	               0.00	               0.00	               0.00	               0.00	               0.00	               0.00	               0.00	               0.00	               0.00	               0.00	               0.00	               0.00	               0.00	               0.00	               0.00	               0.00	               0.00	               0.00	               0.00	               0.00	               0.00	               0.00	               0.00	               0.00	               0.00	               0.00	               0.00	               0.00	               0.00
**  WBS NL-N-TS2-002-07-16         Structural repair Wo	        14617640.90	        12769853.95	         1355388.95	        14125242.90	          492398.00	               0.00	               0.00	               0.00	               0.00	               0.00	               0.00	               0.00	               0.00	               0.00	               0.00	               0.00	               0.00	               0.00	               0.00	               0.00	         5518381.59	         5518381.59	               0.00	         5518381.59	               0.00	         7251472.36	         7251472.36	               0.00	         7251472.36	               0.00	         1262887.95	               0.00	         1355388.95	         1355388.95	          -92501.00	               0.00	               0.00	               0.00	               0.00	               0.00	               0.00	               0.00	               0.00	               0.00	               0.00	               0.00	               0.00	               0.00	               0.00	               0.00	               0.00	               0.00	               0.00	               0.00	               0.00	               0.00	               0.00	               0.00	               0.00	               0.00	        14032741.90	        12769853.95	         1355388.95	        14125242.90	          -92501.00
**  WBS NL-N-TS2-002-07-17         PROCUREMENT OF GEAR	         8478643.40	         8478643.40	               0.00	         8478643.40	               0.00	               0.00	               0.00	               0.00	               0.00	               0.00	               0.00	               0.00	               0.00	               0.00	               0.00	               0.00	               0.00	               0.00	               0.00	               0.00	               0.00	               0.00	               0.00	               0.00	               0.00	         8478643.40	         8478643.40	               0.00	         8478643.40	               0.00	               0.00	               0.00	               0.00	               0.00	               0.00	               0.00	               0.00	               0.00	               0.00	               0.00	               0.00	               0.00	               0.00	               0.00	               0.00	               0.00	               0.00	               0.00	               0.00	               0.00	               0.00	               0.00	               0.00	               0.00	               0.00	               0.00	               0.00	               0.00	               0.00	               0.00	         8478643.40	         8478643.40	               0.00	         8478643.40	               0.00
**  WBS NL-N-TS2-002-07-20         PROCUREMENT-STACKER	          370350.01	          370350.01	               0.00	          370350.01	               0.00	               0.00	               0.00	               0.00	               0.00	               0.00	               0.00	               0.00	               0.00	               0.00	               0.00	               0.00	               0.00	               0.00	               0.00	               0.00	          370350.01	          370350.01	               0.00	          370350.01	               0.00	               0.00	               0.00	               0.00	               0.00	               0.00	               0.00	               0.00	               0.00	               0.00	               0.00	               0.00	               0.00	               0.00	               0.00	               0.00	               0.00	               0.00	               0.00	               0.00	               0.00	               0.00	               0.00	               0.00	               0.00	               0.00	               0.00	               0.00	               0.00	               0.00	               0.00	               0.00	               0.00	               0.00	               0.00	               0.00	          370350.01	          370350.01	               0.00	          370350.01	               0.00
**  WBS NL-N-TS2-002-07-23         RECLAIMER HYDRAULIC	          439727.00	               0.00	          439727.00	          439727.00	               0.00	               0.00	               0.00	               0.00	               0.00	               0.00	               0.00	               0.00	               0.00	               0.00	               0.00	               0.00	               0.00	               0.00	               0.00	               0.00	               0.00	               0.00	               0.00	               0.00	               0.00	               0.00	               0.00	               0.00	               0.00	               0.00	          439727.00	               0.00	          439727.00	          439727.00	               0.00	               0.00	               0.00	               0.00	               0.00	               0.00	               0.00	               0.00	               0.00	               0.00	               0.00	               0.00	               0.00	               0.00	               0.00	               0.00	               0.00	               0.00	               0.00	               0.00	               0.00	               0.00	               0.00	               0.00	               0.00	               0.00	          439727.00	               0.00	          439727.00	          439727.00	               0.00
**  WBS NL-N-TS2-002-07-24         DECK PLATE FOR CONVE	         2003860.68	         2003860.68	               0.00	         2003860.68	               0.00	               0.00	               0.00	               0.00	               0.00	               0.00	               0.00	               0.00	               0.00	               0.00	               0.00	               0.00	               0.00	               0.00	               0.00	               0.00	               0.00	               0.00	               0.00	               0.00	               0.00	         2003860.68	         2003860.68	               0.00	         2003860.68	               0.00	               0.00	               0.00	               0.00	               0.00	               0.00	               0.00	               0.00	               0.00	               0.00	               0.00	               0.00	               0.00	               0.00	               0.00	               0.00	               0.00	               0.00	               0.00	               0.00	               0.00	               0.00	               0.00	               0.00	               0.00	               0.00	               0.00	               0.00	               0.00	               0.00	               0.00	         2003860.68	         2003860.68	               0.00	         2003860.68	               0.00
**  WBS NL-N-TS2-002-07-25         FIXED AND GARLAND TY	         3424098.49	               0.00	         3424098.49	         3424098.49	               0.00	               0.00	               0.00	               0.00	               0.00	               0.00	               0.00	               0.00	               0.00	               0.00	               0.00	               0.00	               0.00	               0.00	               0.00	               0.00	               0.00	               0.00	               0.00	               0.00	               0.00	               0.00	               0.00	               0.00	               0.00	               0.00	         3424098.49	               0.00	         3424098.49	         3424098.49	               0.00	               0.00	               0.00	               0.00	               0.00	               0.00	               0.00	               0.00	               0.00	               0.00	               0.00	               0.00	               0.00	               0.00	               0.00	               0.00	               0.00	               0.00	               0.00	               0.00	               0.00	               0.00	               0.00	               0.00	               0.00	               0.00	         3424098.49	               0.00	         3424098.49	         3424098.49	               0.00
**  WBS NL-N-TS2-002-07-26         Rep conveyor structu	        14480960.00	               0.00	        14480960.00	        14480960.00	               0.00	               0.00	               0.00	               0.00	               0.00	               0.00	               0.00	               0.00	               0.00	               0.00	               0.00	               0.00	               0.00	               0.00	               0.00	               0.00	               0.00	               0.00	               0.00	               0.00	               0.00	               0.00	               0.00	               0.00	               0.00	               0.00	        14480960.00	               0.00	        14480960.00	        14480960.00	               0.00	               0.00	               0.00	               0.00	               0.00	               0.00	               0.00	               0.00	               0.00	               0.00	               0.00	               0.00	               0.00	               0.00	               0.00	               0.00	               0.00	               0.00	               0.00	               0.00	               0.00	               0.00	               0.00	               0.00	               0.00	               0.00	        14480960.00	               0.00	        14480960.00	        14480960.00	               0.00
**  WBS NL-N-TS2-002-07-27         TRAVEL AXLE FOR STAG	         1690889.05	               0.00	         1690889.05	         1690889.05	               0.00	               0.00	               0.00	               0.00	               0.00	               0.00	               0.00	               0.00	               0.00	               0.00	               0.00	               0.00	               0.00	               0.00	               0.00	               0.00	               0.00	               0.00	               0.00	               0.00	               0.00	               0.00	               0.00	         1690889.05	         1690889.05	        -1690889.05	         1690889.05	               0.00	               0.00	               0.00	         1690889.05	               0.00	               0.00	               0.00	               0.00	               0.00	               0.00	               0.00	               0.00	               0.00	               0.00	               0.00	               0.00	               0.00	               0.00	               0.00	               0.00	               0.00	               0.00	               0.00	               0.00	               0.00	               0.00	               0.00	               0.00	               0.00	         1690889.05	               0.00	         1690889.05	         1690889.05	               0.00
**  WBS NL-N-TS2-002-07-28         Bend &Snub Pulleys f	         3339513.87	               0.00	         3339513.87	         3339513.87	               0.00	               0.00	               0.00	               0.00	               0.00	               0.00	               0.00	               0.00	               0.00	               0.00	               0.00	               0.00	               0.00	               0.00	               0.00	               0.00	               0.00	               0.00	               0.00	               0.00	               0.00	               0.00	               0.00	               0.00	               0.00	               0.00	         3339513.87	               0.00	         3339513.87	         3339513.87	               0.00	               0.00	               0.00	               0.00	               0.00	               0.00	               0.00	               0.00	               0.00	               0.00	               0.00	               0.00	               0.00	               0.00	               0.00	               0.00	               0.00	               0.00	               0.00	               0.00	               0.00	               0.00	               0.00	               0.00	               0.00	               0.00	         3339513.87	               0.00	         3339513.87	         3339513.87	               0.00
**  WBS NL-N-TS2-002-07-29         Procurement of Gear	         9617519.20	               0.00	         9617519.20	         9617519.20	               0.00	               0.00	               0.00	               0.00	               0.00	               0.00	               0.00	               0.00	               0.00	               0.00	               0.00	               0.00	               0.00	               0.00	               0.00	               0.00	               0.00	               0.00	               0.00	               0.00	               0.00	               0.00	               0.00	               0.00	               0.00	               0.00	         9617519.20	               0.00	         9617519.20	         9617519.20	               0.00	               0.00	               0.00	               0.00	               0.00	               0.00	               0.00	               0.00	               0.00	               0.00	               0.00	               0.00	               0.00	               0.00	               0.00	               0.00	               0.00	               0.00	               0.00	               0.00	               0.00	               0.00	               0.00	               0.00	               0.00	               0.00	         9617519.20	               0.00	         9617519.20	         9617519.20	               0.00
**  WBS NL-N-TS2-002-07-30         Procurement of vario	         8395216.45	               0.00	         8395216.45	         8395216.45	               0.00	               0.00	               0.00	               0.00	               0.00	               0.00	               0.00	               0.00	               0.00	               0.00	               0.00	               0.00	               0.00	               0.00	               0.00	               0.00	               0.00	               0.00	               0.00	               0.00	               0.00	               0.00	               0.00	               0.00	               0.00	               0.00	         8395216.45	               0.00	         8395216.45	         8395216.45	               0.00	               0.00	               0.00	               0.00	               0.00	               0.00	               0.00	               0.00	               0.00	               0.00	               0.00	               0.00	               0.00	               0.00	               0.00	               0.00	               0.00	               0.00	               0.00	               0.00	               0.00	               0.00	               0.00	               0.00	               0.00	               0.00	         8395216.45	               0.00	         8395216.45	         8395216.45	               0.00
*** WBS NL-N-TS2-002-08            TURBINE MAINTENANCE	      1660505507.63	       280929729.42	      1361029364.34	      1641959093.76	        18546413.87	        25495652.75	        25495652.75	               0.00	        25495652.75	               0.00	        80588188.15	        80588188.15	               0.00	        80588188.15	               0.00	        24296667.96	        24296667.96	               0.00	        24296667.96	               0.00	        95445731.78	        95445731.78	        12311239.38	       107756971.16	       -12311239.38	        52719567.02	        49333309.48	               0.00	        49333309.48	         3386257.54	      1381959699.97	         5770179.30	      1348718124.96	      1354488304.26	        27471395.71	               0.00	               0.00	               0.00	               0.00	               0.00	               0.00	               0.00	               0.00	               0.00	               0.00	               0.00	               0.00	               0.00	               0.00	               0.00	               0.00	               0.00	               0.00	               0.00	               0.00	               0.00	               0.00	               0.00	               0.00	               0.00	      1660505507.63	       280929729.42	      1361029364.34	      1641959093.76	        18546413.87
**  WBS NL-N-TS2-002-08-01         MAIN TURBINE	      1282703862.48	        48105450.91	      1234598411.57	      1282703862.48	               0.00	               0.00	               0.00	               0.00	               0.00	               0.00	         3556981.80	         3556981.80	               0.00	         3556981.80	               0.00	         1569173.04	         1569173.04	               0.00	         1569173.04	               0.00	        29839517.95	        29839517.95	               0.00	        29839517.95	               0.00	        12428259.22	        12428259.22	               0.00	        12428259.22	               0.00	      1235309930.47	          711518.90	      1234598411.57	      1235309930.47	               0.00	               0.00	               0.00	               0.00	               0.00	               0.00	               0.00	               0.00	               0.00	               0.00	               0.00	               0.00	               0.00	               0.00	               0.00	               0.00	               0.00	               0.00	               0.00	               0.00	               0.00	               0.00	               0.00	               0.00	               0.00	               0.00	      1282703862.48	        48105450.91	      1234598411.57	      1282703862.48	               0.00
*   WBS NL-N-TS2-002-08-01-04      Turbine Gov system I	         2009824.02	         2009824.02	               0.00	         2009824.02	               0.00	               0.00	               0.00	               0.00	               0.00	               0.00	         2009824.02	         2009824.02	               0.00	         2009824.02	               0.00	               0.00	               0.00	               0.00	               0.00	               0.00	               0.00	               0.00	               0.00	               0.00	               0.00	               0.00	               0.00	               0.00	               0.00	               0.00	               0.00	               0.00	               0.00	               0.00	               0.00	               0.00	               0.00	               0.00	               0.00	               0.00	               0.00	               0.00	               0.00	               0.00	               0.00	               0.00	               0.00	               0.00	               0.00	               0.00	               0.00	               0.00	               0.00	               0.00	               0.00	               0.00	               0.00	               0.00	               0.00	               0.00	         2009824.02	         2009824.02	               0.00	         2009824.02	               0.00
*   WBS NL-N-TS2-002-08-01-05      Turbine fasteners &	         1547157.78	         1547157.78	               0.00	         1547157.78	               0.00	               0.00	               0.00	               0.00	               0.00	               0.00	         1547157.78	         1547157.78	               0.00	         1547157.78	               0.00	               0.00	               0.00	               0.00	               0.00	               0.00	               0.00	               0.00	               0.00	               0.00	               0.00	               0.00	               0.00	               0.00	               0.00	               0.00	               0.00	               0.00	               0.00	               0.00	               0.00	               0.00	               0.00	               0.00	               0.00	               0.00	               0.00	               0.00	               0.00	               0.00	               0.00	               0.00	               0.00	               0.00	               0.00	               0.00	               0.00	               0.00	               0.00	               0.00	               0.00	               0.00	               0.00	               0.00	               0.00	               0.00	         1547157.78	         1547157.78	               0.00	         1547157.78	               0.00
*   WBS NL-N-TS2-002-08-01-11      Clam pie T lp rotor	         5224129.15	         5224129.15	               0.00	         5224129.15	               0.00	               0.00	               0.00	               0.00	               0.00	               0.00	               0.00	               0.00	               0.00	               0.00	               0.00	               0.00	               0.00	               0.00	               0.00	               0.00	         5224129.15	         5224129.15	               0.00	         5224129.15	               0.00	               0.00	               0.00	               0.00	               0.00	               0.00	               0.00	               0.00	               0.00	               0.00	               0.00	               0.00	               0.00	               0.00	               0.00	               0.00	               0.00	               0.00	               0.00	               0.00	               0.00	               0.00	               0.00	               0.00	               0.00	               0.00	               0.00	               0.00	               0.00	               0.00	               0.00	               0.00	               0.00	               0.00	               0.00	               0.00	         5224129.15	         5224129.15	               0.00	         5224129.15	               0.00
*   WBS NL-N-TS2-002-08-01-17      Turbine Gl seal segm	         7020664.20	               0.00	         7020664.20	         7020664.20	               0.00	               0.00	               0.00	               0.00	               0.00	               0.00	               0.00	               0.00	               0.00	               0.00	               0.00	               0.00	               0.00	               0.00	               0.00	               0.00	               0.00	               0.00	               0.00	               0.00	               0.00	               0.00	               0.00	               0.00	               0.00	               0.00	         7020664.20	               0.00	         7020664.20	         7020664.20	               0.00	               0.00	               0.00	               0.00	               0.00	               0.00	               0.00	               0.00	               0.00	               0.00	               0.00	               0.00	               0.00	               0.00	               0.00	               0.00	               0.00	               0.00	               0.00	               0.00	               0.00	               0.00	               0.00	               0.00	               0.00	               0.00	         7020664.20	               0.00	         7020664.20	         7020664.20	               0.00
*   WBS NL-N-TS2-002-08-01-18      Helical com spring f	         1232753.00	         1232753.00	               0.00	         1232753.00	               0.00	               0.00	               0.00	               0.00	               0.00	               0.00	               0.00	               0.00	               0.00	               0.00	               0.00	         1232753.00	         1232753.00	               0.00	         1232753.00	               0.00	               0.00	               0.00	               0.00	               0.00	               0.00	               0.00	               0.00	               0.00	               0.00	               0.00	               0.00	               0.00	               0.00	               0.00	               0.00	               0.00	               0.00	               0.00	               0.00	               0.00	               0.00	               0.00	               0.00	               0.00	               0.00	               0.00	               0.00	               0.00	               0.00	               0.00	               0.00	               0.00	               0.00	               0.00	               0.00	               0.00	               0.00	               0.00	               0.00	               0.00	         1232753.00	         1232753.00	               0.00	         1232753.00	               0.00
*   WBS NL-N-TS2-002-08-01-19      IP Plane fastener GS	        16255330.34	        16078868.18	          176462.16	        16255330.34	               0.00	               0.00	               0.00	               0.00	               0.00	               0.00	               0.00	               0.00	               0.00	               0.00	               0.00	               0.00	               0.00	               0.00	               0.00	               0.00	        15367349.28	        15367349.28	               0.00	        15367349.28	               0.00	               0.00	               0.00	               0.00	               0.00	               0.00	          887981.06	          711518.90	          176462.16	          887981.06	               0.00	               0.00	               0.00	               0.00	               0.00	               0.00	               0.00	               0.00	               0.00	               0.00	               0.00	               0.00	               0.00	               0.00	               0.00	               0.00	               0.00	               0.00	               0.00	               0.00	               0.00	               0.00	               0.00	               0.00	               0.00	               0.00	        16255330.34	        16078868.18	          176462.16	        16255330.34	               0.00
*   WBS NL-N-TS2-002-08-01-20      Spares for main Turb	         5449596.53	         5368077.53	           81519.00	         5449596.53	               0.00	               0.00	               0.00	               0.00	               0.00	               0.00	               0.00	               0.00	               0.00	               0.00	               0.00	          315606.04	          315606.04	               0.00	          315606.04	               0.00	         5052471.49	         5052471.49	               0.00	         5052471.49	               0.00	               0.00	               0.00	               0.00	               0.00	               0.00	           81519.00	               0.00	           81519.00	           81519.00	               0.00	               0.00	               0.00	               0.00	               0.00	               0.00	               0.00	               0.00	               0.00	               0.00	               0.00	               0.00	               0.00	               0.00	               0.00	               0.00	               0.00	               0.00	               0.00	               0.00	               0.00	               0.00	               0.00	               0.00	               0.00	               0.00	         5449596.53	         5368077.53	           81519.00	         5449596.53	               0.00
*   WBS NL-N-TS2-002-08-01-21      Condenser Manhole Co	         1975320.00	               0.00	         1975320.00	         1975320.00	               0.00	               0.00	               0.00	               0.00	               0.00	               0.00	               0.00	               0.00	               0.00	               0.00	               0.00	               0.00	               0.00	               0.00	               0.00	               0.00	               0.00	               0.00	               0.00	               0.00	               0.00	               0.00	               0.00	               0.00	               0.00	               0.00	         1975320.00	               0.00	         1975320.00	         1975320.00	               0.00	               0.00	               0.00	               0.00	               0.00	               0.00	               0.00	               0.00	               0.00	               0.00	               0.00	               0.00	               0.00	               0.00	               0.00	               0.00	               0.00	               0.00	               0.00	               0.00	               0.00	               0.00	               0.00	               0.00	               0.00	               0.00	         1975320.00	               0.00	         1975320.00	         1975320.00	               0.00
*   WBS NL-N-TS2-002-08-01-22      Planetary unit sub a	          726500.00	          726500.00	               0.00	          726500.00	               0.00	               0.00	               0.00	               0.00	               0.00	               0.00	               0.00	               0.00	               0.00	               0.00	               0.00	               0.00	               0.00	               0.00	               0.00	               0.00	          726500.00	          726500.00	               0.00	          726500.00	               0.00	               0.00	               0.00	               0.00	               0.00	               0.00	               0.00	               0.00	               0.00	               0.00	               0.00	               0.00	               0.00	               0.00	               0.00	               0.00	               0.00	               0.00	               0.00	               0.00	               0.00	               0.00	               0.00	               0.00	               0.00	               0.00	               0.00	               0.00	               0.00	               0.00	               0.00	               0.00	               0.00	               0.00	               0.00	               0.00	          726500.00	          726500.00	               0.00	          726500.00	               0.00
*   WBS NL-N-TS2-002-08-01-23      Portable single phas	           20814.00	           20814.00	               0.00	           20814.00	               0.00	               0.00	               0.00	               0.00	               0.00	               0.00	               0.00	               0.00	               0.00	               0.00	               0.00	           20814.00	           20814.00	               0.00	           20814.00	               0.00	               0.00	               0.00	               0.00	               0.00	               0.00	               0.00	               0.00	               0.00	               0.00	               0.00	               0.00	               0.00	               0.00	               0.00	               0.00	               0.00	               0.00	               0.00	               0.00	               0.00	               0.00	               0.00	               0.00	               0.00	               0.00	               0.00	               0.00	               0.00	               0.00	               0.00	               0.00	               0.00	               0.00	               0.00	               0.00	               0.00	               0.00	               0.00	               0.00	               0.00	           20814.00	           20814.00	               0.00	           20814.00	               0.00
*   WBS NL-N-TS2-002-08-01-24      MOP Spares,HP stop v	         5677603.80	         4097931.22	         1579672.58	         5677603.80	               0.00	               0.00	               0.00	               0.00	               0.00	               0.00	               0.00	               0.00	               0.00	               0.00	               0.00	               0.00	               0.00	               0.00	               0.00	               0.00	               0.00	               0.00	               0.00	               0.00	               0.00	         4097931.22	         4097931.22	               0.00	         4097931.22	               0.00	         1579672.58	               0.00	         1579672.58	         1579672.58	               0.00	               0.00	               0.00	               0.00	               0.00	               0.00	               0.00	               0.00	               0.00	               0.00	               0.00	               0.00	               0.00	               0.00	               0.00	               0.00	               0.00	               0.00	               0.00	               0.00	               0.00	               0.00	               0.00	               0.00	               0.00	               0.00	         5677603.80	         4097931.22	         1579672.58	         5677603.80	               0.00
*   WBS NL-N-TS2-002-08-01-25      Main Oil pump impell	        10775099.90	               0.00	        10775099.90	        10775099.90	               0.00	               0.00	               0.00	               0.00	               0.00	               0.00	               0.00	               0.00	               0.00	               0.00	               0.00	               0.00	               0.00	               0.00	               0.00	               0.00	               0.00	               0.00	               0.00	               0.00	               0.00	               0.00	               0.00	               0.00	               0.00	               0.00	        10775099.90	               0.00	        10775099.90	        10775099.90	               0.00	               0.00	               0.00	               0.00	               0.00	               0.00	               0.00	               0.00	               0.00	               0.00	               0.00	               0.00	               0.00	               0.00	               0.00	               0.00	               0.00	               0.00	               0.00	               0.00	               0.00	               0.00	               0.00	               0.00	               0.00	               0.00	        10775099.90	               0.00	        10775099.90	        10775099.90	               0.00
*   WBS NL-N-TS2-002-08-01-26      Boll &Kirch Filter E	         3469068.03	         3469068.03	               0.00	         3469068.03	               0.00	               0.00	               0.00	               0.00	               0.00	               0.00	               0.00	               0.00	               0.00	               0.00	               0.00	               0.00	               0.00	               0.00	               0.00	               0.00	         3469068.03	         3469068.03	               0.00	         3469068.03	               0.00	               0.00	               0.00	               0.00	               0.00	               0.00	               0.00	               0.00	               0.00	               0.00	               0.00	               0.00	               0.00	               0.00	               0.00	               0.00	               0.00	               0.00	               0.00	               0.00	               0.00	               0.00	               0.00	               0.00	               0.00	               0.00	               0.00	               0.00	               0.00	               0.00	               0.00	               0.00	               0.00	               0.00	               0.00	               0.00	         3469068.03	         3469068.03	               0.00	         3469068.03	               0.00
*   WBS NL-N-TS2-002-08-01-27      Over speed trip rele	         2564935.00	               0.00	         2564935.00	         2564935.00	               0.00	               0.00	               0.00	               0.00	               0.00	               0.00	               0.00	               0.00	               0.00	               0.00	               0.00	               0.00	               0.00	               0.00	               0.00	               0.00	               0.00	               0.00	               0.00	               0.00	               0.00	               0.00	               0.00	               0.00	               0.00	               0.00	         2564935.00	               0.00	         2564935.00	         2564935.00	               0.00	               0.00	               0.00	               0.00	               0.00	               0.00	               0.00	               0.00	               0.00	               0.00	               0.00	               0.00	               0.00	               0.00	               0.00	               0.00	               0.00	               0.00	               0.00	               0.00	               0.00	               0.00	               0.00	               0.00	               0.00	               0.00	         2564935.00	               0.00	         2564935.00	         2564935.00	               0.00
*   WBS NL-N-TS2-002-08-01-28      purchase of Turbine	      1065925305.90	               0.00	      1065925305.90	      1065925305.90	               0.00	               0.00	               0.00	               0.00	               0.00	               0.00	               0.00	               0.00	               0.00	               0.00	               0.00	               0.00	               0.00	               0.00	               0.00	               0.00	               0.00	               0.00	               0.00	               0.00	               0.00	               0.00	               0.00	               0.00	               0.00	               0.00	      1065925305.90	               0.00	      1065925305.90	      1065925305.90	               0.00	               0.00	               0.00	               0.00	               0.00	               0.00	               0.00	               0.00	               0.00	               0.00	               0.00	               0.00	               0.00	               0.00	               0.00	               0.00	               0.00	               0.00	               0.00	               0.00	               0.00	               0.00	               0.00	               0.00	               0.00	               0.00	      1065925305.90	               0.00	      1065925305.90	      1065925305.90	               0.00
*   WBS NL-N-TS2-002-08-01-29      DUROMAR COATING ON S	         9996393.63	         8330328.00	         1666065.63	         9996393.63	               0.00	               0.00	               0.00	               0.00	               0.00	               0.00	               0.00	               0.00	               0.00	               0.00	               0.00	               0.00	               0.00	               0.00	               0.00	               0.00	               0.00	               0.00	               0.00	               0.00	               0.00	         8330328.00	         8330328.00	               0.00	         8330328.00	               0.00	         1666065.63	               0.00	         1666065.63	         1666065.63	               0.00	               0.00	               0.00	               0.00	               0.00	               0.00	               0.00	               0.00	               0.00	               0.00	               0.00	               0.00	               0.00	               0.00	               0.00	               0.00	               0.00	               0.00	               0.00	               0.00	               0.00	               0.00	               0.00	               0.00	               0.00	               0.00	         9996393.63	         8330328.00	         1666065.63	         9996393.63	               0.00
*   WBS NL-N-TS2-002-08-01-30      Stage-2 Turbine spar	        11748622.44	               0.00	        11748622.44	        11748622.44	               0.00	               0.00	               0.00	               0.00	               0.00	               0.00	               0.00	               0.00	               0.00	               0.00	               0.00	               0.00	               0.00	               0.00	               0.00	               0.00	               0.00	               0.00	               0.00	               0.00	               0.00	               0.00	               0.00	               0.00	               0.00	               0.00	        11748622.44	               0.00	        11748622.44	        11748622.44	               0.00	               0.00	               0.00	               0.00	               0.00	               0.00	               0.00	               0.00	               0.00	               0.00	               0.00	               0.00	               0.00	               0.00	               0.00	               0.00	               0.00	               0.00	               0.00	               0.00	               0.00	               0.00	               0.00	               0.00	               0.00	               0.00	        11748622.44	               0.00	        11748622.44	        11748622.44	               0.00
*   WBS NL-N-TS2-002-08-01-31      Purch LP Last stage	        98710432.00	               0.00	        98710432.00	        98710432.00	               0.00	               0.00	               0.00	               0.00	               0.00	               0.00	               0.00	               0.00	               0.00	               0.00	               0.00	               0.00	               0.00	               0.00	               0.00	               0.00	               0.00	               0.00	               0.00	               0.00	               0.00	               0.00	               0.00	               0.00	               0.00	               0.00	        98710432.00	               0.00	        98710432.00	        98710432.00	               0.00	               0.00	               0.00	               0.00	               0.00	               0.00	               0.00	               0.00	               0.00	               0.00	               0.00	               0.00	               0.00	               0.00	               0.00	               0.00	               0.00	               0.00	               0.00	               0.00	               0.00	               0.00	               0.00	               0.00	               0.00	               0.00	        98710432.00	               0.00	        98710432.00	        98710432.00	               0.00
*   WBS NL-N-TS2-002-08-01-32      Ceramic Fibre Insula	         3009474.71	               0.00	         3009474.71	         3009474.71	               0.00	               0.00	               0.00	               0.00	               0.00	               0.00	               0.00	               0.00	               0.00	               0.00	               0.00	               0.00	               0.00	               0.00	               0.00	               0.00	               0.00	               0.00	               0.00	               0.00	               0.00	               0.00	               0.00	               0.00	               0.00	               0.00	         3009474.71	               0.00	         3009474.71	         3009474.71	               0.00	               0.00	               0.00	               0.00	               0.00	               0.00	               0.00	               0.00	               0.00	               0.00	               0.00	               0.00	               0.00	               0.00	               0.00	               0.00	               0.00	               0.00	               0.00	               0.00	               0.00	               0.00	               0.00	               0.00	               0.00	               0.00	         3009474.71	               0.00	         3009474.71	         3009474.71	               0.00
*   WBS NL-N-TS2-002-08-01-33      U#7 Turbine COH and	        29364838.05	               0.00	        29364838.05	        29364838.05	               0.00	               0.00	               0.00	               0.00	               0.00	               0.00	               0.00	               0.00	               0.00	               0.00	               0.00	               0.00	               0.00	               0.00	               0.00	               0.00	               0.00	               0.00	               0.00	               0.00	               0.00	               0.00	               0.00	               0.00	               0.00	               0.00	        29364838.05	               0.00	        29364838.05	        29364838.05	               0.00	               0.00	               0.00	               0.00	               0.00	               0.00	               0.00	               0.00	               0.00	               0.00	               0.00	               0.00	               0.00	               0.00	               0.00	               0.00	               0.00	               0.00	               0.00	               0.00	               0.00	               0.00	               0.00	               0.00	               0.00	               0.00	        29364838.05	               0.00	        29364838.05	        29364838.05	               0.00
**  WBS NL-N-TS2-002-08-02         BOILER FEED PUMP	       128981091.59	        57712694.97	        71268396.62	       128981091.59	               0.00	               0.00	               0.00	               0.00	               0.00	               0.00	               0.00	               0.00	               0.00	               0.00	               0.00	        13935098.59	        13935098.59	               0.00	        13935098.59	               0.00	        21448294.66	        21448294.66	         7003628.00	        28451922.66	        -7003628.00	        22329301.72	        22329301.72	               0.00	        22329301.72	               0.00	        71268396.62	               0.00	        64264768.62	        64264768.62	         7003628.00	               0.00	               0.00	               0.00	               0.00	               0.00	               0.00	               0.00	               0.00	               0.00	               0.00	               0.00	               0.00	               0.00	               0.00	               0.00	               0.00	               0.00	               0.00	               0.00	               0.00	               0.00	               0.00	               0.00	               0.00	               0.00	       128981091.59	        57712694.97	        71268396.62	       128981091.59	               0.00
*   WBS NL-N-TS2-002-08-02-02       CWP impellers & brg	         3442521.36	         3442521.36	               0.00	         3442521.36	               0.00	               0.00	               0.00	               0.00	               0.00	               0.00	               0.00	               0.00	               0.00	               0.00	               0.00	         3442521.36	         3442521.36	               0.00	         3442521.36	               0.00	               0.00	               0.00	               0.00	               0.00	               0.00	               0.00	               0.00	               0.00	               0.00	               0.00	               0.00	               0.00	               0.00	               0.00	               0.00	               0.00	               0.00	               0.00	               0.00	               0.00	               0.00	               0.00	               0.00	               0.00	               0.00	               0.00	               0.00	               0.00	               0.00	               0.00	               0.00	               0.00	               0.00	               0.00	               0.00	               0.00	               0.00	               0.00	               0.00	               0.00	         3442521.36	         3442521.36	               0.00	         3442521.36	               0.00
*   WBS NL-N-TS2-002-08-02-09      CWP impellers & bear	         3280819.79	         3280819.79	               0.00	         3280819.79	               0.00	               0.00	               0.00	               0.00	               0.00	               0.00	               0.00	               0.00	               0.00	               0.00	               0.00	         3280819.79	         3280819.79	               0.00	         3280819.79	               0.00	               0.00	               0.00	               0.00	               0.00	               0.00	               0.00	               0.00	               0.00	               0.00	               0.00	               0.00	               0.00	               0.00	               0.00	               0.00	               0.00	               0.00	               0.00	               0.00	               0.00	               0.00	               0.00	               0.00	               0.00	               0.00	               0.00	               0.00	               0.00	               0.00	               0.00	               0.00	               0.00	               0.00	               0.00	               0.00	               0.00	               0.00	               0.00	               0.00	               0.00	         3280819.79	         3280819.79	               0.00	         3280819.79	               0.00
*   WBS NL-N-TS2-002-08-02-10      CWP REJ	               2.00	               0.00	               2.00	               2.00	               0.00	               0.00	               0.00	               0.00	               0.00	               0.00	               0.00	               0.00	               0.00	               0.00	               0.00	               0.00	               0.00	               0.00	               0.00	               0.00	               0.00	               0.00	               0.00	               0.00	               0.00	               0.00	               0.00	               0.00	               0.00	               0.00	               2.00	               0.00	               2.00	               2.00	               0.00	               0.00	               0.00	               0.00	               0.00	               0.00	               0.00	               0.00	               0.00	               0.00	               0.00	               0.00	               0.00	               0.00	               0.00	               0.00	               0.00	               0.00	               0.00	               0.00	               0.00	               0.00	               0.00	               0.00	               0.00	               0.00	               2.00	               0.00	               2.00	               2.00	               0.00
*   WBS NL-N-TS2-002-08-02-20      Chlorination Plant S	          817691.02	          817691.02	               0.00	          817691.02	               0.00	               0.00	               0.00	               0.00	               0.00	               0.00	               0.00	               0.00	               0.00	               0.00	               0.00	          817691.02	          817691.02	               0.00	          817691.02	               0.00	               0.00	               0.00	               0.00	               0.00	               0.00	               0.00	               0.00	               0.00	               0.00	               0.00	               0.00	               0.00	               0.00	               0.00	               0.00	               0.00	               0.00	               0.00	               0.00	               0.00	               0.00	               0.00	               0.00	               0.00	               0.00	               0.00	               0.00	               0.00	               0.00	               0.00	               0.00	               0.00	               0.00	               0.00	               0.00	               0.00	               0.00	               0.00	               0.00	               0.00	          817691.02	          817691.02	               0.00	          817691.02	               0.00
*   WBS NL-N-TS2-002-08-02-21      BFP Wear rings for s	         1123782.88	         1123782.88	               0.00	         1123782.88	               0.00	               0.00	               0.00	               0.00	               0.00	               0.00	               0.00	               0.00	               0.00	               0.00	               0.00	               0.00	               0.00	               0.00	               0.00	               0.00	         1123782.88	         1123782.88	               0.00	         1123782.88	               0.00	               0.00	               0.00	               0.00	               0.00	               0.00	               0.00	               0.00	               0.00	               0.00	               0.00	               0.00	               0.00	               0.00	               0.00	               0.00	               0.00	               0.00	               0.00	               0.00	               0.00	               0.00	               0.00	               0.00	               0.00	               0.00	               0.00	               0.00	               0.00	               0.00	               0.00	               0.00	               0.00	               0.00	               0.00	               0.00	         1123782.88	         1123782.88	               0.00	         1123782.88	               0.00
*   WBS NL-N-TS2-002-08-02-23      Boiler Feed Pump Wea	          602689.09	          602689.09	               0.00	          602689.09	               0.00	               0.00	               0.00	               0.00	               0.00	               0.00	               0.00	               0.00	               0.00	               0.00	               0.00	          353248.38	          353248.38	               0.00	          353248.38	               0.00	          249440.71	          249440.71	               0.00	          249440.71	               0.00	               0.00	               0.00	               0.00	               0.00	               0.00	               0.00	               0.00	               0.00	               0.00	               0.00	               0.00	               0.00	               0.00	               0.00	               0.00	               0.00	               0.00	               0.00	               0.00	               0.00	               0.00	               0.00	               0.00	               0.00	               0.00	               0.00	               0.00	               0.00	               0.00	               0.00	               0.00	               0.00	               0.00	               0.00	               0.00	          602689.09	          602689.09	               0.00	          602689.09	               0.00
*   WBS NL-N-TS2-002-08-02-24      Condensate Extractio	         4103744.54	         4103744.54	               0.00	         4103744.54	               0.00	               0.00	               0.00	               0.00	               0.00	               0.00	               0.00	               0.00	               0.00	               0.00	               0.00	               0.00	               0.00	               0.00	               0.00	               0.00	         4103744.54	         4103744.54	               0.00	         4103744.54	               0.00	               0.00	               0.00	               0.00	               0.00	               0.00	               0.00	               0.00	               0.00	               0.00	               0.00	               0.00	               0.00	               0.00	               0.00	               0.00	               0.00	               0.00	               0.00	               0.00	               0.00	               0.00	               0.00	               0.00	               0.00	               0.00	               0.00	               0.00	               0.00	               0.00	               0.00	               0.00	               0.00	               0.00	               0.00	               0.00	         4103744.54	         4103744.54	               0.00	         4103744.54	               0.00
*   WBS NL-N-TS2-002-08-02-25      Spares for BFP 6WC-1	         2325187.36	         2325187.36	               0.00	         2325187.36	               0.00	               0.00	               0.00	               0.00	               0.00	               0.00	               0.00	               0.00	               0.00	               0.00	               0.00	         2325187.36	         2325187.36	               0.00	         2325187.36	               0.00	               0.00	               0.00	               0.00	               0.00	               0.00	               0.00	               0.00	               0.00	               0.00	               0.00	               0.00	               0.00	               0.00	               0.00	               0.00	               0.00	               0.00	               0.00	               0.00	               0.00	               0.00	               0.00	               0.00	               0.00	               0.00	               0.00	               0.00	               0.00	               0.00	               0.00	               0.00	               0.00	               0.00	               0.00	               0.00	               0.00	               0.00	               0.00	               0.00	               0.00	         2325187.36	         2325187.36	               0.00	         2325187.36	               0.00
*   WBS NL-N-TS2-002-08-02-26      Spares for BFP FK6D3	         2374296.82	         2374296.82	               0.00	         2374296.82	               0.00	               0.00	               0.00	               0.00	               0.00	               0.00	               0.00	               0.00	               0.00	               0.00	               0.00	         2374296.82	         2374296.82	               0.00	         2374296.82	               0.00	               0.00	               0.00	               0.00	               0.00	               0.00	               0.00	               0.00	               0.00	               0.00	               0.00	               0.00	               0.00	               0.00	               0.00	               0.00	               0.00	               0.00	               0.00	               0.00	               0.00	               0.00	               0.00	               0.00	               0.00	               0.00	               0.00	               0.00	               0.00	               0.00	               0.00	               0.00	               0.00	               0.00	               0.00	               0.00	               0.00	               0.00	               0.00	               0.00	               0.00	         2374296.82	         2374296.82	               0.00	         2374296.82	               0.00
*   WBS NL-N-TS2-002-08-02-27      Spares for st-I BFP	         2726139.34	         2726139.34	               0.00	         2726139.34	               0.00	               0.00	               0.00	               0.00	               0.00	               0.00	               0.00	               0.00	               0.00	               0.00	               0.00	               0.00	               0.00	               0.00	               0.00	               0.00	         2726139.34	         2726139.34	               0.00	         2726139.34	               0.00	               0.00	               0.00	               0.00	               0.00	               0.00	               0.00	               0.00	               0.00	               0.00	               0.00	               0.00	               0.00	               0.00	               0.00	               0.00	               0.00	               0.00	               0.00	               0.00	               0.00	               0.00	               0.00	               0.00	               0.00	               0.00	               0.00	               0.00	               0.00	               0.00	               0.00	               0.00	               0.00	               0.00	               0.00	               0.00	         2726139.34	         2726139.34	               0.00	         2726139.34	               0.00
*   WBS NL-N-TS2-002-08-02-28      Spares for BFP Thrus	         2237567.26	         2237567.26	               0.00	         2237567.26	               0.00	               0.00	               0.00	               0.00	               0.00	               0.00	               0.00	               0.00	               0.00	               0.00	               0.00	         1341333.86	         1341333.86	               0.00	         1341333.86	               0.00	          896233.40	          896233.40	               0.00	          896233.40	               0.00	               0.00	               0.00	               0.00	               0.00	               0.00	               0.00	               0.00	               0.00	               0.00	               0.00	               0.00	               0.00	               0.00	               0.00	               0.00	               0.00	               0.00	               0.00	               0.00	               0.00	               0.00	               0.00	               0.00	               0.00	               0.00	               0.00	               0.00	               0.00	               0.00	               0.00	               0.00	               0.00	               0.00	               0.00	               0.00	         2237567.26	         2237567.26	               0.00	         2237567.26	               0.00
*   WBS NL-N-TS2-002-08-02-29      BFP Type 6WC 137/C "	         4459356.01	         4459356.01	               0.00	         4459356.01	               0.00	               0.00	               0.00	               0.00	               0.00	               0.00	               0.00	               0.00	               0.00	               0.00	               0.00	               0.00	               0.00	               0.00	               0.00	               0.00	         4459356.01	         4459356.01	               0.00	         4459356.01	               0.00	               0.00	               0.00	               0.00	               0.00	               0.00	               0.00	               0.00	               0.00	               0.00	               0.00	               0.00	               0.00	               0.00	               0.00	               0.00	               0.00	               0.00	               0.00	               0.00	               0.00	               0.00	               0.00	               0.00	               0.00	               0.00	               0.00	               0.00	               0.00	               0.00	               0.00	               0.00	               0.00	               0.00	               0.00	               0.00	         4459356.01	         4459356.01	               0.00	         4459356.01	               0.00
*   WBS NL-N-TS2-002-08-02-30      BFP Mech seals Spare	         2423959.25	         2423959.25	               0.00	         2423959.25	               0.00	               0.00	               0.00	               0.00	               0.00	               0.00	               0.00	               0.00	               0.00	               0.00	               0.00	               0.00	               0.00	               0.00	               0.00	               0.00	         2423959.25	         2423959.25	               0.00	         2423959.25	               0.00	               0.00	               0.00	               0.00	               0.00	               0.00	               0.00	               0.00	               0.00	               0.00	               0.00	               0.00	               0.00	               0.00	               0.00	               0.00	               0.00	               0.00	               0.00	               0.00	               0.00	               0.00	               0.00	               0.00	               0.00	               0.00	               0.00	               0.00	               0.00	               0.00	               0.00	               0.00	               0.00	               0.00	               0.00	               0.00	         2423959.25	         2423959.25	               0.00	         2423959.25	               0.00
*   WBS NL-N-TS2-002-08-02-31      Duplex Filter for St	          606015.39	          606015.39	               0.00	          606015.39	               0.00	               0.00	               0.00	               0.00	               0.00	               0.00	               0.00	               0.00	               0.00	               0.00	               0.00	               0.00	               0.00	               0.00	               0.00	               0.00	          606015.39	          606015.39	               0.00	          606015.39	               0.00	               0.00	               0.00	               0.00	               0.00	               0.00	               0.00	               0.00	               0.00	               0.00	               0.00	               0.00	               0.00	               0.00	               0.00	               0.00	               0.00	               0.00	               0.00	               0.00	               0.00	               0.00	               0.00	               0.00	               0.00	               0.00	               0.00	               0.00	               0.00	               0.00	               0.00	               0.00	               0.00	               0.00	               0.00	               0.00	          606015.39	          606015.39	               0.00	          606015.39	               0.00
*   WBS NL-N-TS2-002-08-02-32      BFP TYPE FK 6D 30 IM	         1248485.02	         1248485.02	               0.00	         1248485.02	               0.00	               0.00	               0.00	               0.00	               0.00	               0.00	               0.00	               0.00	               0.00	               0.00	               0.00	               0.00	               0.00	               0.00	               0.00	               0.00	         1248485.02	         1248485.02	               0.00	         1248485.02	               0.00	               0.00	               0.00	               0.00	               0.00	               0.00	               0.00	               0.00	               0.00	               0.00	               0.00	               0.00	               0.00	               0.00	               0.00	               0.00	               0.00	               0.00	               0.00	               0.00	               0.00	               0.00	               0.00	               0.00	               0.00	               0.00	               0.00	               0.00	               0.00	               0.00	               0.00	               0.00	               0.00	               0.00	               0.00	               0.00	         1248485.02	         1248485.02	               0.00	         1248485.02	               0.00
*   WBS NL-N-TS2-002-08-02-33      BFP type FK 6D 30 Di	         1272502.91	         1121254.92	          151247.99	         1272502.91	               0.00	               0.00	               0.00	               0.00	               0.00	               0.00	               0.00	               0.00	               0.00	               0.00	               0.00	               0.00	               0.00	               0.00	               0.00	               0.00	               0.00	               0.00	               0.00	               0.00	               0.00	         1121254.92	         1121254.92	               0.00	         1121254.92	               0.00	          151247.99	               0.00	          151247.99	          151247.99	               0.00	               0.00	               0.00	               0.00	               0.00	               0.00	               0.00	               0.00	               0.00	               0.00	               0.00	               0.00	               0.00	               0.00	               0.00	               0.00	               0.00	               0.00	               0.00	               0.00	               0.00	               0.00	               0.00	               0.00	               0.00	               0.00	         1272502.91	         1121254.92	          151247.99	         1272502.91	               0.00
*   WBS NL-N-TS2-002-08-02-34      BRG Bracket/Lantern	         2386298.72	         2386298.72	               0.00	         2386298.72	               0.00	               0.00	               0.00	               0.00	               0.00	               0.00	               0.00	               0.00	               0.00	               0.00	               0.00	               0.00	               0.00	               0.00	               0.00	               0.00	         2386298.72	         2386298.72	               0.00	         2386298.72	               0.00	               0.00	               0.00	               0.00	               0.00	               0.00	               0.00	               0.00	               0.00	               0.00	               0.00	               0.00	               0.00	               0.00	               0.00	               0.00	               0.00	               0.00	               0.00	               0.00	               0.00	               0.00	               0.00	               0.00	               0.00	               0.00	               0.00	               0.00	               0.00	               0.00	               0.00	               0.00	               0.00	               0.00	               0.00	               0.00	         2386298.72	         2386298.72	               0.00	         2386298.72	               0.00
*   WBS NL-N-TS2-002-08-02-35      WOC/LOC stack assemb	               0.00	               0.00	               0.00	               0.00	               0.00	               0.00	               0.00	               0.00	               0.00	               0.00	               0.00	               0.00	               0.00	               0.00	               0.00	               0.00	               0.00	               0.00	               0.00	               0.00	               0.00	               0.00	               0.00	               0.00	               0.00	               0.00	               0.00	               0.00	               0.00	               0.00	               0.00	               0.00	               0.00	               0.00	               0.00	               0.00	               0.00	               0.00	               0.00	               0.00	               0.00	               0.00	               0.00	               0.00	               0.00	               0.00	               0.00	               0.00	               0.00	               0.00	               0.00	               0.00	               0.00	               0.00	               0.00	               0.00	               0.00	               0.00	               0.00	               0.00	               0.00	               0.00	               0.00	               0.00	               0.00
*   WBS NL-N-TS2-002-08-02-36      Spare for BFP workin	         2690968.76	         2690968.76	               0.00	         2690968.76	               0.00	               0.00	               0.00	               0.00	               0.00	               0.00	               0.00	               0.00	               0.00	               0.00	               0.00	               0.00	               0.00	               0.00	               0.00	               0.00	               0.00	               0.00	               0.00	               0.00	               0.00	         2690968.76	         2690968.76	               0.00	         2690968.76	               0.00	               0.00	               0.00	               0.00	               0.00	               0.00	               0.00	               0.00	               0.00	               0.00	               0.00	               0.00	               0.00	               0.00	               0.00	               0.00	               0.00	               0.00	               0.00	               0.00	               0.00	               0.00	               0.00	               0.00	               0.00	               0.00	               0.00	               0.00	               0.00	               0.00	               0.00	         2690968.76	         2690968.76	               0.00	         2690968.76	               0.00
*   WBS NL-N-TS2-002-08-02-37      Finostos B Bearing a	         1224839.40	         1224839.40	               0.00	         1224839.40	               0.00	               0.00	               0.00	               0.00	               0.00	               0.00	               0.00	               0.00	               0.00	               0.00	               0.00	               0.00	               0.00	               0.00	               0.00	               0.00	         1224839.40	         1224839.40	               0.00	         1224839.40	               0.00	               0.00	               0.00	               0.00	               0.00	               0.00	               0.00	               0.00	               0.00	               0.00	               0.00	               0.00	               0.00	               0.00	               0.00	               0.00	               0.00	               0.00	               0.00	               0.00	               0.00	               0.00	               0.00	               0.00	               0.00	               0.00	               0.00	               0.00	               0.00	               0.00	               0.00	               0.00	               0.00	               0.00	               0.00	               0.00	         1224839.40	         1224839.40	               0.00	         1224839.40	               0.00
*   WBS NL-N-TS2-002-08-02-38      Providing energy eff	         1374750.01	               0.00	         1374750.01	         1374750.01	               0.00	               0.00	               0.00	               0.00	               0.00	               0.00	               0.00	               0.00	               0.00	               0.00	               0.00	               0.00	               0.00	               0.00	               0.00	               0.00	               0.00	               0.00	               0.00	               0.00	               0.00	               0.00	               0.00	               0.00	               0.00	               0.00	         1374750.01	               0.00	         1374750.01	         1374750.01	               0.00	               0.00	               0.00	               0.00	               0.00	               0.00	               0.00	               0.00	               0.00	               0.00	               0.00	               0.00	               0.00	               0.00	               0.00	               0.00	               0.00	               0.00	               0.00	               0.00	               0.00	               0.00	               0.00	               0.00	               0.00	               0.00	         1374750.01	               0.00	         1374750.01	         1374750.01	               0.00
*   WBS NL-N-TS2-002-08-02-39      Impeller Shaft and T	         3045382.44	         3045382.44	               0.00	         3045382.44	               0.00	               0.00	               0.00	               0.00	               0.00	               0.00	               0.00	               0.00	               0.00	               0.00	               0.00	               0.00	               0.00	               0.00	               0.00	               0.00	               0.00	               0.00	               0.00	               0.00	               0.00	         3045382.44	         3045382.44	               0.00	         3045382.44	               0.00	               0.00	               0.00	               0.00	               0.00	               0.00	               0.00	               0.00	               0.00	               0.00	               0.00	               0.00	               0.00	               0.00	               0.00	               0.00	               0.00	               0.00	               0.00	               0.00	               0.00	               0.00	               0.00	               0.00	               0.00	               0.00	               0.00	               0.00	               0.00	               0.00	               0.00	         3045382.44	         3045382.44	               0.00	         3045382.44	               0.00
*   WBS NL-N-TS2-002-08-02-40      SPARES FOR BFP TYPE	         2492052.42	         2492052.42	               0.00	         2492052.42	               0.00	               0.00	               0.00	               0.00	               0.00	               0.00	               0.00	               0.00	               0.00	               0.00	               0.00	               0.00	               0.00	               0.00	               0.00	               0.00	               0.00	               0.00	               0.00	               0.00	               0.00	         2492052.42	         2492052.42	               0.00	         2492052.42	               0.00	               0.00	               0.00	               0.00	               0.00	               0.00	               0.00	               0.00	               0.00	               0.00	               0.00	               0.00	               0.00	               0.00	               0.00	               0.00	               0.00	               0.00	               0.00	               0.00	               0.00	               0.00	               0.00	               0.00	               0.00	               0.00	               0.00	               0.00	               0.00	               0.00	               0.00	         2492052.42	         2492052.42	               0.00	         2492052.42	               0.00
*   WBS NL-N-TS2-002-08-02-41      Rotor assembly of BF	         6728826.67	         6728826.67	               0.00	         6728826.67	               0.00	               0.00	               0.00	               0.00	               0.00	               0.00	               0.00	               0.00	               0.00	               0.00	               0.00	               0.00	               0.00	               0.00	               0.00	               0.00	               0.00	               0.00	               0.00	               0.00	               0.00	         6728826.67	         6728826.67	               0.00	         6728826.67	               0.00	               0.00	               0.00	               0.00	               0.00	               0.00	               0.00	               0.00	               0.00	               0.00	               0.00	               0.00	               0.00	               0.00	               0.00	               0.00	               0.00	               0.00	               0.00	               0.00	               0.00	               0.00	               0.00	               0.00	               0.00	               0.00	               0.00	               0.00	               0.00	               0.00	               0.00	         6728826.67	         6728826.67	               0.00	         6728826.67	               0.00
*   WBS NL-N-TS2-002-08-02-42      Complete set of BFP	         6805200.74	         3403100.36	         3402100.38	         6805200.74	               0.00	               0.00	               0.00	               0.00	               0.00	               0.00	               0.00	               0.00	               0.00	               0.00	               0.00	               0.00	               0.00	               0.00	               0.00	               0.00	               0.00	               0.00	               0.00	               0.00	               0.00	         3403100.36	         3403100.36	               0.00	         3403100.36	               0.00	         3402100.38	               0.00	         3402100.38	         3402100.38	               0.00	               0.00	               0.00	               0.00	               0.00	               0.00	               0.00	               0.00	               0.00	               0.00	               0.00	               0.00	               0.00	               0.00	               0.00	               0.00	               0.00	               0.00	               0.00	               0.00	               0.00	               0.00	               0.00	               0.00	               0.00	               0.00	         6805200.74	         3403100.36	         3402100.38	         6805200.74	               0.00
*   WBS NL-N-TS2-002-08-02-43      Feed Pump Recirculat	         8891025.48	               0.00	         8891025.48	         8891025.48	               0.00	               0.00	               0.00	               0.00	               0.00	               0.00	               0.00	               0.00	               0.00	               0.00	               0.00	               0.00	               0.00	               0.00	               0.00	               0.00	               0.00	               0.00	               0.00	               0.00	               0.00	               0.00	               0.00	               0.00	               0.00	               0.00	         8891025.48	               0.00	         8891025.48	         8891025.48	               0.00	               0.00	               0.00	               0.00	               0.00	               0.00	               0.00	               0.00	               0.00	               0.00	               0.00	               0.00	               0.00	               0.00	               0.00	               0.00	               0.00	               0.00	               0.00	               0.00	               0.00	               0.00	               0.00	               0.00	               0.00	               0.00	         8891025.48	               0.00	         8891025.48	         8891025.48	               0.00
*   WBS NL-N-TS2-002-08-02-44      BEARINGS FOR HYDROCO	         6027089.25	               0.00	         6027089.25	         6027089.25	               0.00	               0.00	               0.00	               0.00	               0.00	               0.00	               0.00	               0.00	               0.00	               0.00	               0.00	               0.00	               0.00	               0.00	               0.00	               0.00	               0.00	               0.00	               0.00	               0.00	               0.00	               0.00	               0.00	               0.00	               0.00	               0.00	         6027089.25	               0.00	         6027089.25	         6027089.25	               0.00	               0.00	               0.00	               0.00	               0.00	               0.00	               0.00	               0.00	               0.00	               0.00	               0.00	               0.00	               0.00	               0.00	               0.00	               0.00	               0.00	               0.00	               0.00	               0.00	               0.00	               0.00	               0.00	               0.00	               0.00	               0.00	         6027089.25	               0.00	         6027089.25	         6027089.25	               0.00
*   WBS NL-N-TS2-002-08-02-45      SPARES FOR BFP EAGLE	         2847716.15	         2847716.15	               0.00	         2847716.15	               0.00	               0.00	               0.00	               0.00	               0.00	               0.00	               0.00	               0.00	               0.00	               0.00	               0.00	               0.00	               0.00	               0.00	               0.00	               0.00	               0.00	               0.00	               0.00	               0.00	               0.00	         2847716.15	         2847716.15	               0.00	         2847716.15	               0.00	               0.00	               0.00	               0.00	               0.00	               0.00	               0.00	               0.00	               0.00	               0.00	               0.00	               0.00	               0.00	               0.00	               0.00	               0.00	               0.00	               0.00	               0.00	               0.00	               0.00	               0.00	               0.00	               0.00	               0.00	               0.00	               0.00	               0.00	               0.00	               0.00	               0.00	         2847716.15	         2847716.15	               0.00	         2847716.15	               0.00
*   WBS NL-N-TS2-002-08-02-46      SPARES OF BFP HYDROC	        22491808.02	               0.00	        22491808.02	        22491808.02	               0.00	               0.00	               0.00	               0.00	               0.00	               0.00	               0.00	               0.00	               0.00	               0.00	               0.00	               0.00	               0.00	               0.00	               0.00	               0.00	               0.00	               0.00	               0.00	               0.00	               0.00	               0.00	               0.00	               0.00	               0.00	               0.00	        22491808.02	               0.00	        22491808.02	        22491808.02	               0.00	               0.00	               0.00	               0.00	               0.00	               0.00	               0.00	               0.00	               0.00	               0.00	               0.00	               0.00	               0.00	               0.00	               0.00	               0.00	               0.00	               0.00	               0.00	               0.00	               0.00	               0.00	               0.00	               0.00	               0.00	               0.00	        22491808.02	               0.00	        22491808.02	        22491808.02	               0.00
*   WBS NL-N-TS2-002-08-02-47      SPARES OF IMPELLERS	         7003628.00	               0.00	         7003628.00	         7003628.00	               0.00	               0.00	               0.00	               0.00	               0.00	               0.00	               0.00	               0.00	               0.00	               0.00	               0.00	               0.00	               0.00	               0.00	               0.00	               0.00	               0.00	               0.00	         7003628.00	         7003628.00	        -7003628.00	               0.00	               0.00	               0.00	               0.00	               0.00	         7003628.00	               0.00	               0.00	               0.00	         7003628.00	               0.00	               0.00	               0.00	               0.00	               0.00	               0.00	               0.00	               0.00	               0.00	               0.00	               0.00	               0.00	               0.00	               0.00	               0.00	               0.00	               0.00	               0.00	               0.00	               0.00	               0.00	               0.00	               0.00	               0.00	               0.00	         7003628.00	               0.00	         7003628.00	         7003628.00	               0.00
*   WBS NL-N-TS2-002-08-02-48      PROCUREMENT OF STAGE	         3154728.58	               0.00	         3154728.58	         3154728.58	               0.00	               0.00	               0.00	               0.00	               0.00	               0.00	               0.00	               0.00	               0.00	               0.00	               0.00	               0.00	               0.00	               0.00	               0.00	               0.00	               0.00	               0.00	               0.00	               0.00	               0.00	               0.00	               0.00	               0.00	               0.00	               0.00	         3154728.58	               0.00	         3154728.58	         3154728.58	               0.00	               0.00	               0.00	               0.00	               0.00	               0.00	               0.00	               0.00	               0.00	               0.00	               0.00	               0.00	               0.00	               0.00	               0.00	               0.00	               0.00	               0.00	               0.00	               0.00	               0.00	               0.00	               0.00	               0.00	               0.00	               0.00	         3154728.58	               0.00	         3154728.58	         3154728.58	               0.00
*   WBS NL-N-TS2-002-08-02-50      Taper conn piece for	         6942964.32	               0.00	         6942964.32	         6942964.32	               0.00	               0.00	               0.00	               0.00	               0.00	               0.00	               0.00	               0.00	               0.00	               0.00	               0.00	               0.00	               0.00	               0.00	               0.00	               0.00	               0.00	               0.00	               0.00	               0.00	               0.00	               0.00	               0.00	               0.00	               0.00	               0.00	         6942964.32	               0.00	         6942964.32	         6942964.32	               0.00	               0.00	               0.00	               0.00	               0.00	               0.00	               0.00	               0.00	               0.00	               0.00	               0.00	               0.00	               0.00	               0.00	               0.00	               0.00	               0.00	               0.00	               0.00	               0.00	               0.00	               0.00	               0.00	               0.00	               0.00	               0.00	         6942964.32	               0.00	         6942964.32	         6942964.32	               0.00
*   WBS NL-N-TS2-002-08-02-51      Renewal of Complete	         9110891.99	               0.00	         9110891.99	         9110891.99	               0.00	               0.00	               0.00	               0.00	               0.00	               0.00	               0.00	               0.00	               0.00	               0.00	               0.00	               0.00	               0.00	               0.00	               0.00	               0.00	               0.00	               0.00	               0.00	               0.00	               0.00	               0.00	               0.00	               0.00	               0.00	               0.00	         9110891.99	               0.00	         9110891.99	         9110891.99	               0.00	               0.00	               0.00	               0.00	               0.00	               0.00	               0.00	               0.00	               0.00	               0.00	               0.00	               0.00	               0.00	               0.00	               0.00	               0.00	               0.00	               0.00	               0.00	               0.00	               0.00	               0.00	               0.00	               0.00	               0.00	               0.00	         9110891.99	               0.00	         9110891.99	         9110891.99	               0.00
*   WBS NL-N-TS2-002-08-02-52      WO & LO tube stack f	         2718160.60	               0.00	         2718160.60	         2718160.60	               0.00	               0.00	               0.00	               0.00	               0.00	               0.00	               0.00	               0.00	               0.00	               0.00	               0.00	               0.00	               0.00	               0.00	               0.00	               0.00	               0.00	               0.00	               0.00	               0.00	               0.00	               0.00	               0.00	               0.00	               0.00	               0.00	         2718160.60	               0.00	         2718160.60	         2718160.60	               0.00	               0.00	               0.00	               0.00	               0.00	               0.00	               0.00	               0.00	               0.00	               0.00	               0.00	               0.00	               0.00	               0.00	               0.00	               0.00	               0.00	               0.00	               0.00	               0.00	               0.00	               0.00	               0.00	               0.00	               0.00	               0.00	         2718160.60	               0.00	         2718160.60	         2718160.60	               0.00
**  WBS NL-N-TS2-002-08-03         PIPING & VALVES	        26451017.63	        17583938.68	         8867078.95	        26451017.63	               0.00	          406911.68	          406911.68	               0.00	          406911.68	               0.00	               0.00	               0.00	               0.00	               0.00	               0.00	          478542.87	          478542.87	               0.00	          478542.87	               0.00	         7600041.96	         7600041.96	               0.00	         7600041.96	               0.00	         4039781.77	         4039781.77	               0.00	         4039781.77	               0.00	        13925739.35	         5058660.40	         8867078.95	        13925739.35	               0.00	               0.00	               0.00	               0.00	               0.00	               0.00	               0.00	               0.00	               0.00	               0.00	               0.00	               0.00	               0.00	               0.00	               0.00	               0.00	               0.00	               0.00	               0.00	               0.00	               0.00	               0.00	               0.00	               0.00	               0.00	               0.00	        26451017.63	        17583938.68	         8867078.95	        26451017.63	               0.00
*   WBS NL-N-TS2-002-08-03-01      Hand operated valves	           56050.00	           56050.00	               0.00	           56050.00	               0.00	           56050.00	           56050.00	               0.00	           56050.00	               0.00	               0.00	               0.00	               0.00	               0.00	               0.00	               0.00	               0.00	               0.00	               0.00	               0.00	               0.00	               0.00	               0.00	               0.00	               0.00	               0.00	               0.00	               0.00	               0.00	               0.00	               0.00	               0.00	               0.00	               0.00	               0.00	               0.00	               0.00	               0.00	               0.00	               0.00	               0.00	               0.00	               0.00	               0.00	               0.00	               0.00	               0.00	               0.00	               0.00	               0.00	               0.00	               0.00	               0.00	               0.00	               0.00	               0.00	               0.00	               0.00	               0.00	               0.00	           56050.00	           56050.00	               0.00	           56050.00	               0.00
*   WBS NL-N-TS2-002-08-03-02      MOV	          418923.60	          418923.60	               0.00	          418923.60	               0.00	               0.00	               0.00	               0.00	               0.00	               0.00	               0.00	               0.00	               0.00	               0.00	               0.00	          418923.60	          418923.60	               0.00	          418923.60	               0.00	               0.00	               0.00	               0.00	               0.00	               0.00	               0.00	               0.00	               0.00	               0.00	               0.00	               0.00	               0.00	               0.00	               0.00	               0.00	               0.00	               0.00	               0.00	               0.00	               0.00	               0.00	               0.00	               0.00	               0.00	               0.00	               0.00	               0.00	               0.00	               0.00	               0.00	               0.00	               0.00	               0.00	               0.00	               0.00	               0.00	               0.00	               0.00	               0.00	               0.00	          418923.60	          418923.60	               0.00	          418923.60	               0.00
*   WBS NL-N-TS2-002-08-03-03      PCV	          350861.68	          350861.68	               0.00	          350861.68	               0.00	          350861.68	          350861.68	               0.00	          350861.68	               0.00	               0.00	               0.00	               0.00	               0.00	               0.00	               0.00	               0.00	               0.00	               0.00	               0.00	               0.00	               0.00	               0.00	               0.00	               0.00	               0.00	               0.00	               0.00	               0.00	               0.00	               0.00	               0.00	               0.00	               0.00	               0.00	               0.00	               0.00	               0.00	               0.00	               0.00	               0.00	               0.00	               0.00	               0.00	               0.00	               0.00	               0.00	               0.00	               0.00	               0.00	               0.00	               0.00	               0.00	               0.00	               0.00	               0.00	               0.00	               0.00	               0.00	               0.00	          350861.68	          350861.68	               0.00	          350861.68	               0.00
*   WBS NL-N-TS2-002-08-03-04      RC valves replacemen	         4039781.77	         4039781.77	               0.00	         4039781.77	               0.00	               0.00	               0.00	               0.00	               0.00	               0.00	               0.00	               0.00	               0.00	               0.00	               0.00	               0.00	               0.00	               0.00	               0.00	               0.00	               0.00	               0.00	               0.00	               0.00	               0.00	         4039781.77	         4039781.77	               0.00	         4039781.77	               0.00	               0.00	               0.00	               0.00	               0.00	               0.00	               0.00	               0.00	               0.00	               0.00	               0.00	               0.00	               0.00	               0.00	               0.00	               0.00	               0.00	               0.00	               0.00	               0.00	               0.00	               0.00	               0.00	               0.00	               0.00	               0.00	               0.00	               0.00	               0.00	               0.00	               0.00	         4039781.77	         4039781.77	               0.00	         4039781.77	               0.00
*   WBS NL-N-TS2-002-08-03-06      Pipes	         1586164.27	           59619.27	         1526545.00	         1586164.27	               0.00	               0.00	               0.00	               0.00	               0.00	               0.00	               0.00	               0.00	               0.00	               0.00	               0.00	           59619.27	           59619.27	               0.00	           59619.27	               0.00	               0.00	               0.00	               0.00	               0.00	               0.00	               0.00	               0.00	               0.00	               0.00	               0.00	         1526545.00	               0.00	         1526545.00	         1526545.00	               0.00	               0.00	               0.00	               0.00	               0.00	               0.00	               0.00	               0.00	               0.00	               0.00	               0.00	               0.00	               0.00	               0.00	               0.00	               0.00	               0.00	               0.00	               0.00	               0.00	               0.00	               0.00	               0.00	               0.00	               0.00	               0.00	         1586164.27	           59619.27	         1526545.00	         1586164.27	               0.00
*   WBS NL-N-TS2-002-08-03-08      Bore Well Pipes Repl	         7600041.96	         7600041.96	               0.00	         7600041.96	               0.00	               0.00	               0.00	               0.00	               0.00	               0.00	               0.00	               0.00	               0.00	               0.00	               0.00	               0.00	               0.00	               0.00	               0.00	               0.00	         7600041.96	         7600041.96	               0.00	         7600041.96	               0.00	               0.00	               0.00	               0.00	               0.00	               0.00	               0.00	               0.00	               0.00	               0.00	               0.00	               0.00	               0.00	               0.00	               0.00	               0.00	               0.00	               0.00	               0.00	               0.00	               0.00	               0.00	               0.00	               0.00	               0.00	               0.00	               0.00	               0.00	               0.00	               0.00	               0.00	               0.00	               0.00	               0.00	               0.00	               0.00	         7600041.96	         7600041.96	               0.00	         7600041.96	               0.00
*   WBS NL-N-TS2-002-08-03-09      Purchase of pressure	               0.00	               0.00	               0.00	               0.00	               0.00	               0.00	               0.00	               0.00	               0.00	               0.00	               0.00	               0.00	               0.00	               0.00	               0.00	               0.00	               0.00	               0.00	               0.00	               0.00	               0.00	               0.00	               0.00	               0.00	               0.00	               0.00	               0.00	               0.00	               0.00	               0.00	               0.00	               0.00	               0.00	               0.00	               0.00	               0.00	               0.00	               0.00	               0.00	               0.00	               0.00	               0.00	               0.00	               0.00	               0.00	               0.00	               0.00	               0.00	               0.00	               0.00	               0.00	               0.00	               0.00	               0.00	               0.00	               0.00	               0.00	               0.00	               0.00	               0.00	               0.00	               0.00	               0.00	               0.00	               0.00
*   WBS NL-N-TS2-002-08-03-10      MAL Valves	         5058660.40	         5058660.40	               0.00	         5058660.40	               0.00	               0.00	               0.00	               0.00	               0.00	               0.00	               0.00	               0.00	               0.00	               0.00	               0.00	               0.00	               0.00	               0.00	               0.00	               0.00	               0.00	               0.00	               0.00	               0.00	               0.00	               0.00	               0.00	               0.00	               0.00	               0.00	         5058660.40	         5058660.40	               0.00	         5058660.40	               0.00	               0.00	               0.00	               0.00	               0.00	               0.00	               0.00	               0.00	               0.00	               0.00	               0.00	               0.00	               0.00	               0.00	               0.00	               0.00	               0.00	               0.00	               0.00	               0.00	               0.00	               0.00	               0.00	               0.00	               0.00	               0.00	         5058660.40	         5058660.40	               0.00	         5058660.40	               0.00
*   WBS NL-N-TS2-002-08-03-11      LP by pass Limiting	         5600040.00	               0.00	         5600040.00	         5600040.00	               0.00	               0.00	               0.00	               0.00	               0.00	               0.00	               0.00	               0.00	               0.00	               0.00	               0.00	               0.00	               0.00	               0.00	               0.00	               0.00	               0.00	               0.00	               0.00	               0.00	               0.00	               0.00	               0.00	               0.00	               0.00	               0.00	         5600040.00	               0.00	         5600040.00	         5600040.00	               0.00	               0.00	               0.00	               0.00	               0.00	               0.00	               0.00	               0.00	               0.00	               0.00	               0.00	               0.00	               0.00	               0.00	               0.00	               0.00	               0.00	               0.00	               0.00	               0.00	               0.00	               0.00	               0.00	               0.00	               0.00	               0.00	         5600040.00	               0.00	         5600040.00	         5600040.00	               0.00
*   WBS NL-N-TS2-002-08-03-12      LP by pass Governing	         1740493.95	               0.00	         1740493.95	         1740493.95	               0.00	               0.00	               0.00	               0.00	               0.00	               0.00	               0.00	               0.00	               0.00	               0.00	               0.00	               0.00	               0.00	               0.00	               0.00	               0.00	               0.00	               0.00	               0.00	               0.00	               0.00	               0.00	               0.00	               0.00	               0.00	               0.00	         1740493.95	               0.00	         1740493.95	         1740493.95	               0.00	               0.00	               0.00	               0.00	               0.00	               0.00	               0.00	               0.00	               0.00	               0.00	               0.00	               0.00	               0.00	               0.00	               0.00	               0.00	               0.00	               0.00	               0.00	               0.00	               0.00	               0.00	               0.00	               0.00	               0.00	               0.00	         1740493.95	               0.00	         1740493.95	         1740493.95	               0.00
**  WBS NL-N-TS2-002-08-04         AC PLANT	        11488072.95	        10127212.57	         1360860.38	        11488072.95	               0.00	         2297041.10	         2297041.10	               0.00	         2297041.10	               0.00	         1350067.50	         1350067.50	               0.00	         1350067.50	               0.00	         4028848.94	         4028848.94	               0.00	         4028848.94	               0.00	         1654231.13	         1654231.13	               0.00	         1654231.13	               0.00	          797023.90	          797023.90	               0.00	          797023.90	               0.00	         1360860.38	               0.00	         1360860.38	         1360860.38	               0.00	               0.00	               0.00	               0.00	               0.00	               0.00	               0.00	               0.00	               0.00	               0.00	               0.00	               0.00	               0.00	               0.00	               0.00	               0.00	               0.00	               0.00	               0.00	               0.00	               0.00	               0.00	               0.00	               0.00	               0.00	               0.00	        11488072.95	        10127212.57	         1360860.38	        11488072.95	               0.00
*   WBS NL-N-TS2-002-08-04-02      AC Plant Pumps Spare	         4685998.45	         3698448.94	          987549.51	         4685998.45	               0.00	               0.00	               0.00	               0.00	               0.00	               0.00	               0.00	               0.00	               0.00	               0.00	               0.00	         3698448.94	         3698448.94	               0.00	         3698448.94	               0.00	               0.00	               0.00	               0.00	               0.00	               0.00	               0.00	               0.00	               0.00	               0.00	               0.00	          987549.51	               0.00	          987549.51	          987549.51	               0.00	               0.00	               0.00	               0.00	               0.00	               0.00	               0.00	               0.00	               0.00	               0.00	               0.00	               0.00	               0.00	               0.00	               0.00	               0.00	               0.00	               0.00	               0.00	               0.00	               0.00	               0.00	               0.00	               0.00	               0.00	               0.00	         4685998.45	         3698448.94	          987549.51	         4685998.45	               0.00
*   WBS NL-N-TS2-002-08-04-04      Accel 4-100 compress	         1654231.13	         1654231.13	               0.00	         1654231.13	               0.00	               0.00	               0.00	               0.00	               0.00	               0.00	               0.00	               0.00	               0.00	               0.00	               0.00	               0.00	               0.00	               0.00	               0.00	               0.00	         1654231.13	         1654231.13	               0.00	         1654231.13	               0.00	               0.00	               0.00	               0.00	               0.00	               0.00	               0.00	               0.00	               0.00	               0.00	               0.00	               0.00	               0.00	               0.00	               0.00	               0.00	               0.00	               0.00	               0.00	               0.00	               0.00	               0.00	               0.00	               0.00	               0.00	               0.00	               0.00	               0.00	               0.00	               0.00	               0.00	               0.00	               0.00	               0.00	               0.00	               0.00	         1654231.13	         1654231.13	               0.00	         1654231.13	               0.00
*   WBS NL-N-TS2-002-08-04-07      Air washer unit repl	         2980261.13	         2980261.10	               0.03	         2980261.13	               0.00	         2297041.10	         2297041.10	               0.00	         2297041.10	               0.00	          683220.00	          683220.00	               0.00	          683220.00	               0.00	               0.00	               0.00	               0.00	               0.00	               0.00	               0.00	               0.00	               0.00	               0.00	               0.00	               0.00	               0.00	               0.00	               0.00	               0.00	               0.03	               0.00	               0.03	               0.03	               0.00	               0.00	               0.00	               0.00	               0.00	               0.00	               0.00	               0.00	               0.00	               0.00	               0.00	               0.00	               0.00	               0.00	               0.00	               0.00	               0.00	               0.00	               0.00	               0.00	               0.00	               0.00	               0.00	               0.00	               0.00	               0.00	         2980261.13	         2980261.10	               0.03	         2980261.13	               0.00
*   WBS NL-N-TS2-002-08-04-08      Kirloskar make KC6 C	          666847.50	          666847.50	               0.00	          666847.50	               0.00	               0.00	               0.00	               0.00	               0.00	               0.00	          666847.50	          666847.50	               0.00	          666847.50	               0.00	               0.00	               0.00	               0.00	               0.00	               0.00	               0.00	               0.00	               0.00	               0.00	               0.00	               0.00	               0.00	               0.00	               0.00	               0.00	               0.00	               0.00	               0.00	               0.00	               0.00	               0.00	               0.00	               0.00	               0.00	               0.00	               0.00	               0.00	               0.00	               0.00	               0.00	               0.00	               0.00	               0.00	               0.00	               0.00	               0.00	               0.00	               0.00	               0.00	               0.00	               0.00	               0.00	               0.00	               0.00	               0.00	          666847.50	          666847.50	               0.00	          666847.50	               0.00
*   WBS NL-N-TS2-002-08-04-09      Rep of Unit-2 Air wa	          370400.00	          330400.00	           40000.00	          370400.00	               0.00	               0.00	               0.00	               0.00	               0.00	               0.00	               0.00	               0.00	               0.00	               0.00	               0.00	          330400.00	          330400.00	               0.00	          330400.00	               0.00	               0.00	               0.00	               0.00	               0.00	               0.00	               0.00	               0.00	               0.00	               0.00	               0.00	           40000.00	               0.00	           40000.00	           40000.00	               0.00	               0.00	               0.00	               0.00	               0.00	               0.00	               0.00	               0.00	               0.00	               0.00	               0.00	               0.00	               0.00	               0.00	               0.00	               0.00	               0.00	               0.00	               0.00	               0.00	               0.00	               0.00	               0.00	               0.00	               0.00	               0.00	          370400.00	          330400.00	           40000.00	          370400.00	               0.00
*   WBS NL-N-TS2-002-08-04-10      AC plant St-II Beaco	         1130334.74	          797023.90	          333310.84	         1130334.74	               0.00	               0.00	               0.00	               0.00	               0.00	               0.00	               0.00	               0.00	               0.00	               0.00	               0.00	               0.00	               0.00	               0.00	               0.00	               0.00	               0.00	               0.00	               0.00	               0.00	               0.00	          797023.90	          797023.90	               0.00	          797023.90	               0.00	          333310.84	               0.00	          333310.84	          333310.84	               0.00	               0.00	               0.00	               0.00	               0.00	               0.00	               0.00	               0.00	               0.00	               0.00	               0.00	               0.00	               0.00	               0.00	               0.00	               0.00	               0.00	               0.00	               0.00	               0.00	               0.00	               0.00	               0.00	               0.00	               0.00	               0.00	         1130334.74	          797023.90	          333310.84	         1130334.74	               0.00
**  WBS NL-N-TS2-002-08-05         MAIN TURBINE CONTRAC	       167184043.57	       134275231.88	        14362397.82	       148637629.70	        18546413.87	        22791699.97	        22791699.97	               0.00	        22791699.97	               0.00	        75681138.85	        75681138.85	               0.00	        75681138.85	               0.00	         4285004.52	         4285004.52	               0.00	         4285004.52	               0.00	        34903646.08	        34903646.08	         5307611.38	        40211257.46	        -5307611.38	               0.00	        -3386257.54	               0.00	        -3386257.54	         3386257.54	        29522554.15	               0.00	         9054786.44	         9054786.44	        20467767.71	               0.00	               0.00	               0.00	               0.00	               0.00	               0.00	               0.00	               0.00	               0.00	               0.00	               0.00	               0.00	               0.00	               0.00	               0.00	               0.00	               0.00	               0.00	               0.00	               0.00	               0.00	               0.00	               0.00	               0.00	               0.00	       167184043.57	       134275231.88	        14362397.82	       148637629.70	        18546413.87
*   WBS NL-N-TS2-002-08-05-01      LEP Works : U-4	        21122000.00	        19059360.00	         2062640.00	        21122000.00	               0.00	        18425700.00	        18425700.00	               0.00	        18425700.00	               0.00	          633660.00	          633660.00	               0.00	          633660.00	               0.00	               0.00	               0.00	               0.00	               0.00	               0.00	               0.00	               0.00	               0.00	               0.00	               0.00	               0.00	               0.00	               0.00	               0.00	               0.00	         2062640.00	               0.00	         2062640.00	         2062640.00	               0.00	               0.00	               0.00	               0.00	               0.00	               0.00	               0.00	               0.00	               0.00	               0.00	               0.00	               0.00	               0.00	               0.00	               0.00	               0.00	               0.00	               0.00	               0.00	               0.00	               0.00	               0.00	               0.00	               0.00	               0.00	               0.00	        21122000.00	        19059360.00	         2062640.00	        21122000.00	               0.00
*   WBS NL-N-TS2-002-08-05-02      U-4 CONDITION ASSESS	         2891000.00	         2891000.00	               0.00	         2891000.00	               0.00	         2891000.00	         2891000.00	               0.00	         2891000.00	               0.00	               0.00	               0.00	               0.00	               0.00	               0.00	               0.00	               0.00	               0.00	               0.00	               0.00	               0.00	               0.00	               0.00	               0.00	               0.00	               0.00	               0.00	               0.00	               0.00	               0.00	               0.00	               0.00	               0.00	               0.00	               0.00	               0.00	               0.00	               0.00	               0.00	               0.00	               0.00	               0.00	               0.00	               0.00	               0.00	               0.00	               0.00	               0.00	               0.00	               0.00	               0.00	               0.00	               0.00	               0.00	               0.00	               0.00	               0.00	               0.00	               0.00	               0.00	         2891000.00	         2891000.00	               0.00	         2891000.00	               0.00
*   WBS NL-N-TS2-002-08-05-03      U-2 WORKS CONTRACTS	        83622309.67	        76702121.77	         6920187.90	        83622309.67	               0.00	               0.00	               0.00	               0.00	               0.00	               0.00	        72417117.25	        72417117.25	               0.00	        72417117.25	               0.00	         4285004.52	         4285004.52	               0.00	         4285004.52	               0.00	               0.00	               0.00	               0.00	               0.00	               0.00	               0.00	               0.00	               0.00	               0.00	               0.00	         6920187.90	               0.00	         6920187.90	         6920187.90	               0.00	               0.00	               0.00	               0.00	               0.00	               0.00	               0.00	               0.00	               0.00	               0.00	               0.00	               0.00	               0.00	               0.00	               0.00	               0.00	               0.00	               0.00	               0.00	               0.00	               0.00	               0.00	               0.00	               0.00	               0.00	               0.00	        83622309.67	        76702121.77	         6920187.90	        83622309.67	               0.00
*   WBS NL-N-TS2-002-08-05-04      U-2 CONDITION ASSESS	         1412460.02	         1355961.60	           56498.42	         1412460.02	               0.00	               0.00	               0.00	               0.00	               0.00	               0.00	         1355961.60	         1355961.60	               0.00	         1355961.60	               0.00	               0.00	               0.00	               0.00	               0.00	               0.00	               0.00	               0.00	               0.00	               0.00	               0.00	               0.00	               0.00	               0.00	               0.00	               0.00	           56498.42	               0.00	           56498.42	           56498.42	               0.00	               0.00	               0.00	               0.00	               0.00	               0.00	               0.00	               0.00	               0.00	               0.00	               0.00	               0.00	               0.00	               0.00	               0.00	               0.00	               0.00	               0.00	               0.00	               0.00	               0.00	               0.00	               0.00	               0.00	               0.00	               0.00	         1412460.02	         1355961.60	           56498.42	         1412460.02	               0.00
*   WBS NL-N-TS2-002-08-05-05      U-2 INSULATION CONTR	         1274400.03	         1274400.00	               0.03	         1274400.03	               0.00	               0.00	               0.00	               0.00	               0.00	               0.00	         1274400.00	         1274400.00	               0.00	         1274400.00	               0.00	               0.00	               0.00	               0.00	               0.00	               0.00	               0.00	               0.00	               0.00	               0.00	               0.00	               0.00	               0.00	               0.00	               0.00	               0.00	               0.03	               0.00	               0.03	               0.03	               0.00	               0.00	               0.00	               0.00	               0.00	               0.00	               0.00	               0.00	               0.00	               0.00	               0.00	               0.00	               0.00	               0.00	               0.00	               0.00	               0.00	               0.00	               0.00	               0.00	               0.00	               0.00	               0.00	               0.00	               0.00	               0.00	         1274400.03	         1274400.00	               0.03	         1274400.03	               0.00
*   WBS NL-N-TS2-002-08-05-07      Unit-4 Insulation Wo	         1474999.98	         1474999.97	               0.01	         1474999.98	               0.00	         1474999.97	         1474999.97	               0.00	         1474999.97	               0.00	               0.00	               0.00	               0.00	               0.00	               0.00	               0.00	               0.00	               0.00	               0.00	               0.00	               0.00	               0.00	               0.00	               0.00	               0.00	               0.00	               0.00	               0.00	               0.00	               0.00	               0.01	               0.00	               0.01	               0.01	               0.00	               0.00	               0.00	               0.00	               0.00	               0.00	               0.00	               0.00	               0.00	               0.00	               0.00	               0.00	               0.00	               0.00	               0.00	               0.00	               0.00	               0.00	               0.00	               0.00	               0.00	               0.00	               0.00	               0.00	               0.00	               0.00	         1474999.98	         1474999.97	               0.01	         1474999.98	               0.00
*   WBS NL-N-TS2-002-08-05-09      Unit-6 Condition ass	         2607800.02	         2607800.00	               0.02	         2607800.02	               0.00	               0.00	               0.00	               0.00	               0.00	               0.00	               0.00	               0.00	               0.00	               0.00	               0.00	               0.00	               0.00	               0.00	               0.00	               0.00	         2607800.00	         2607800.00	               0.00	         2607800.00	               0.00	               0.00	               0.00	               0.00	               0.00	               0.00	               0.02	               0.00	               0.02	               0.02	               0.00	               0.00	               0.00	               0.00	               0.00	               0.00	               0.00	               0.00	               0.00	               0.00	               0.00	               0.00	               0.00	               0.00	               0.00	               0.00	               0.00	               0.00	               0.00	               0.00	               0.00	               0.00	               0.00	               0.00	               0.00	               0.00	         2607800.02	         2607800.00	               0.02	         2607800.02	               0.00
*   WBS NL-N-TS2-002-08-05-10      Unit-6 Insulation co	         1983580.03	         1983580.00	               0.03	         1983580.03	               0.00	               0.00	               0.00	               0.00	               0.00	               0.00	               0.00	               0.00	               0.00	               0.00	               0.00	               0.00	               0.00	               0.00	               0.00	               0.00	         1983580.00	         1983580.00	               0.00	         1983580.00	               0.00	               0.00	               0.00	               0.00	               0.00	               0.00	               0.03	               0.00	               0.03	               0.03	               0.00	               0.00	               0.00	               0.00	               0.00	               0.00	               0.00	               0.00	               0.00	               0.00	               0.00	               0.00	               0.00	               0.00	               0.00	               0.00	               0.00	               0.00	               0.00	               0.00	               0.00	               0.00	               0.00	               0.00	               0.00	               0.00	         1983580.03	         1983580.00	               0.03	         1983580.03	               0.00
*   WBS NL-N-TS2-002-08-05-18      U-6 Turbine Capital	        42201481.51	        25119971.34	         5307611.38	        30427582.72	        11773898.79	               0.00	               0.00	               0.00	               0.00	               0.00	               0.00	               0.00	               0.00	               0.00	               0.00	               0.00	               0.00	               0.00	               0.00	               0.00	        28506228.88	        28506228.88	         5307611.38	        33813840.26	        -5307611.38	               0.00	        -3386257.54	               0.00	        -3386257.54	         3386257.54	        13695252.63	               0.00	               0.00	               0.00	        13695252.63	               0.00	               0.00	               0.00	               0.00	               0.00	               0.00	               0.00	               0.00	               0.00	               0.00	               0.00	               0.00	               0.00	               0.00	               0.00	               0.00	               0.00	               0.00	               0.00	               0.00	               0.00	               0.00	               0.00	               0.00	               0.00	        42201481.51	        25119971.34	         5307611.38	        30427582.72	        11773898.79
*   WBS NL-N-TS2-002-08-05-19      Duromar coating on c	         1821497.23	         1806037.20	           15460.03	         1821497.23	               0.00	               0.00	               0.00	               0.00	               0.00	               0.00	               0.00	               0.00	               0.00	               0.00	               0.00	               0.00	               0.00	               0.00	               0.00	               0.00	         1806037.20	         1806037.20	               0.00	         1806037.20	               0.00	               0.00	               0.00	               0.00	               0.00	               0.00	           15460.03	               0.00	           15460.03	           15460.03	               0.00	               0.00	               0.00	               0.00	               0.00	               0.00	               0.00	               0.00	               0.00	               0.00	               0.00	               0.00	               0.00	               0.00	               0.00	               0.00	               0.00	               0.00	               0.00	               0.00	               0.00	               0.00	               0.00	               0.00	               0.00	               0.00	         1821497.23	         1806037.20	           15460.03	         1821497.23	               0.00
**  WBS NL-N-TS2-002-08-07         Turbine Miscelaneous	         1431656.84	         1431656.84	               0.00	         1431656.84	               0.00	               0.00	               0.00	               0.00	               0.00	               0.00	               0.00	               0.00	               0.00	               0.00	               0.00	               0.00	               0.00	               0.00	               0.00	               0.00	               0.00	               0.00	               0.00	               0.00	               0.00	         1431656.84	         1431656.84	               0.00	         1431656.84	               0.00	               0.00	               0.00	               0.00	               0.00	               0.00	               0.00	               0.00	               0.00	               0.00	               0.00	               0.00	               0.00	               0.00	               0.00	               0.00	               0.00	               0.00	               0.00	               0.00	               0.00	               0.00	               0.00	               0.00	               0.00	               0.00	               0.00	               0.00	               0.00	               0.00	               0.00	         1431656.84	         1431656.84	               0.00	         1431656.84	               0.00
*   WBS NL-N-TS2-002-08-07-01      Purchase of Mukund C	         1431656.84	         1431656.84	               0.00	         1431656.84	               0.00	               0.00	               0.00	               0.00	               0.00	               0.00	               0.00	               0.00	               0.00	               0.00	               0.00	               0.00	               0.00	               0.00	               0.00	               0.00	               0.00	               0.00	               0.00	               0.00	               0.00	         1431656.84	         1431656.84	               0.00	         1431656.84	               0.00	               0.00	               0.00	               0.00	               0.00	               0.00	               0.00	               0.00	               0.00	               0.00	               0.00	               0.00	               0.00	               0.00	               0.00	               0.00	               0.00	               0.00	               0.00	               0.00	               0.00	               0.00	               0.00	               0.00	               0.00	               0.00	               0.00	               0.00	               0.00	               0.00	               0.00	         1431656.84	         1431656.84	               0.00	         1431656.84	               0.00
**  WBS NL-N-TS2-002-08-08         Ciculating Water Pum	        15811363.57	        11693543.57	         4117820.00	        15811363.57	               0.00	               0.00	               0.00	               0.00	               0.00	               0.00	               0.00	               0.00	               0.00	               0.00	               0.00	               0.00	               0.00	               0.00	               0.00	               0.00	               0.00	               0.00	               0.00	               0.00	               0.00	        11693543.57	        11693543.57	               0.00	        11693543.57	               0.00	         4117820.00	               0.00	         4117820.00	         4117820.00	               0.00	               0.00	               0.00	               0.00	               0.00	               0.00	               0.00	               0.00	               0.00	               0.00	               0.00	               0.00	               0.00	               0.00	               0.00	               0.00	               0.00	               0.00	               0.00	               0.00	               0.00	               0.00	               0.00	               0.00	               0.00	               0.00	        15811363.57	        11693543.57	         4117820.00	        15811363.57	               0.00
*   WBS NL-N-TS2-002-08-08-01      Impeller for Mather	         3719066.38	         3719066.38	               0.00	         3719066.38	               0.00	               0.00	               0.00	               0.00	               0.00	               0.00	               0.00	               0.00	               0.00	               0.00	               0.00	               0.00	               0.00	               0.00	               0.00	               0.00	               0.00	               0.00	               0.00	               0.00	               0.00	         3719066.38	         3719066.38	               0.00	         3719066.38	               0.00	               0.00	               0.00	               0.00	               0.00	               0.00	               0.00	               0.00	               0.00	               0.00	               0.00	               0.00	               0.00	               0.00	               0.00	               0.00	               0.00	               0.00	               0.00	               0.00	               0.00	               0.00	               0.00	               0.00	               0.00	               0.00	               0.00	               0.00	               0.00	               0.00	               0.00	         3719066.38	         3719066.38	               0.00	         3719066.38	               0.00
*   WBS NL-N-TS2-002-08-08-02      Line shaft and Inter	         7974477.19	         7974477.19	               0.00	         7974477.19	               0.00	               0.00	               0.00	               0.00	               0.00	               0.00	               0.00	               0.00	               0.00	               0.00	               0.00	               0.00	               0.00	               0.00	               0.00	               0.00	               0.00	               0.00	               0.00	               0.00	               0.00	         7974477.19	         7974477.19	               0.00	         7974477.19	               0.00	               0.00	               0.00	               0.00	               0.00	               0.00	               0.00	               0.00	               0.00	               0.00	               0.00	               0.00	               0.00	               0.00	               0.00	               0.00	               0.00	               0.00	               0.00	               0.00	               0.00	               0.00	               0.00	               0.00	               0.00	               0.00	               0.00	               0.00	               0.00	               0.00	               0.00	         7974477.19	         7974477.19	               0.00	         7974477.19	               0.00
*   WBS NL-N-TS2-002-08-08-03      CWP Impeller for Sta	         4117820.00	               0.00	         4117820.00	         4117820.00	               0.00	               0.00	               0.00	               0.00	               0.00	               0.00	               0.00	               0.00	               0.00	               0.00	               0.00	               0.00	               0.00	               0.00	               0.00	               0.00	               0.00	               0.00	               0.00	               0.00	               0.00	               0.00	               0.00	               0.00	               0.00	               0.00	         4117820.00	               0.00	         4117820.00	         4117820.00	               0.00	               0.00	               0.00	               0.00	               0.00	               0.00	               0.00	               0.00	               0.00	               0.00	               0.00	               0.00	               0.00	               0.00	               0.00	               0.00	               0.00	               0.00	               0.00	               0.00	               0.00	               0.00	               0.00	               0.00	               0.00	               0.00	         4117820.00	               0.00	         4117820.00	         4117820.00	               0.00
**  WBS NL-N-TS2-002-08-11         Purchase of Vacuum B	         4987037.00	               0.00	         4987037.00	         4987037.00	               0.00	               0.00	               0.00	               0.00	               0.00	               0.00	               0.00	               0.00	               0.00	               0.00	               0.00	               0.00	               0.00	               0.00	               0.00	               0.00	               0.00	               0.00	               0.00	               0.00	               0.00	               0.00	               0.00	               0.00	               0.00	               0.00	         4987037.00	               0.00	         4987037.00	         4987037.00	               0.00	               0.00	               0.00	               0.00	               0.00	               0.00	               0.00	               0.00	               0.00	               0.00	               0.00	               0.00	               0.00	               0.00	               0.00	               0.00	               0.00	               0.00	               0.00	               0.00	               0.00	               0.00	               0.00	               0.00	               0.00	               0.00	         4987037.00	               0.00	         4987037.00	         4987037.00	               0.00
**  WBS NL-N-TS2-002-08-12         Purchase of Jet cage	          976332.00	               0.00	          976332.00	          976332.00	               0.00	               0.00	               0.00	               0.00	               0.00	               0.00	               0.00	               0.00	               0.00	               0.00	               0.00	               0.00	               0.00	               0.00	               0.00	               0.00	               0.00	               0.00	               0.00	               0.00	               0.00	               0.00	               0.00	               0.00	               0.00	               0.00	          976332.00	               0.00	          976332.00	          976332.00	               0.00	               0.00	               0.00	               0.00	               0.00	               0.00	               0.00	               0.00	               0.00	               0.00	               0.00	               0.00	               0.00	               0.00	               0.00	               0.00	               0.00	               0.00	               0.00	               0.00	               0.00	               0.00	               0.00	               0.00	               0.00	               0.00	          976332.00	               0.00	          976332.00	          976332.00	               0.00
**  WBS NL-N-TS2-002-08-13         Replacement of LT wh	        20491030.00	               0.00	        20491030.00	        20491030.00	               0.00	               0.00	               0.00	               0.00	               0.00	               0.00	               0.00	               0.00	               0.00	               0.00	               0.00	               0.00	               0.00	               0.00	               0.00	               0.00	               0.00	               0.00	               0.00	               0.00	               0.00	               0.00	               0.00	               0.00	               0.00	               0.00	        20491030.00	               0.00	        20491030.00	        20491030.00	               0.00	               0.00	               0.00	               0.00	               0.00	               0.00	               0.00	               0.00	               0.00	               0.00	               0.00	               0.00	               0.00	               0.00	               0.00	               0.00	               0.00	               0.00	               0.00	               0.00	               0.00	               0.00	               0.00	               0.00	               0.00	               0.00	        20491030.00	               0.00	        20491030.00	        20491030.00	               0.00
*** WBS NL-N-TS2-002-09            WCTP	       168104267.20	       145181493.48	         7582705.72	       152764199.20	        15340068.00	        71791060.90	        64121026.90	               0.00	        64121026.90	         7670034.00	        66609914.14	        66609914.14	               0.00	        66609914.14	               0.00	         9941773.37	         9941773.37	               0.00	         9941773.37	               0.00	         4508779.07	         4508779.07	               0.00	         4508779.07	               0.00	               0.00	               0.00	               0.00	               0.00	               0.00	        15252739.72	               0.00	         7582705.72	         7582705.72	         7670034.00	               0.00	               0.00	               0.00	               0.00	               0.00	               0.00	               0.00	               0.00	               0.00	               0.00	               0.00	               0.00	               0.00	               0.00	               0.00	               0.00	               0.00	               0.00	               0.00	               0.00	               0.00	               0.00	               0.00	               0.00	               0.00	       168104267.20	       145181493.48	         7582705.72	       152764199.20	        15340068.00
**  WBS NL-N-TS2-002-09-02         Portable Dissolved O	          612017.60	          612017.60	               0.00	          612017.60	               0.00	               0.00	               0.00	               0.00	               0.00	               0.00	          612017.60	          612017.60	               0.00	          612017.60	               0.00	               0.00	               0.00	               0.00	               0.00	               0.00	               0.00	               0.00	               0.00	               0.00	               0.00	               0.00	               0.00	               0.00	               0.00	               0.00	               0.00	               0.00	               0.00	               0.00	               0.00	               0.00	               0.00	               0.00	               0.00	               0.00	               0.00	               0.00	               0.00	               0.00	               0.00	               0.00	               0.00	               0.00	               0.00	               0.00	               0.00	               0.00	               0.00	               0.00	               0.00	               0.00	               0.00	               0.00	               0.00	               0.00	          612017.60	          612017.60	               0.00	          612017.60	               0.00
**  WBS NL-N-TS2-002-09-03         CW Treatment System	       159178465.53	       143925725.81	         7582705.72	       151508431.53	         7670034.00	        71791060.90	        64121026.90	               0.00	        64121026.90	         7670034.00	        65997896.54	        65997896.54	               0.00	        65997896.54	               0.00	         9941773.37	         9941773.37	               0.00	         9941773.37	               0.00	         3865029.00	         3865029.00	               0.00	         3865029.00	               0.00	               0.00	               0.00	               0.00	               0.00	               0.00	         7582705.72	               0.00	         7582705.72	         7582705.72	               0.00	               0.00	               0.00	               0.00	               0.00	               0.00	               0.00	               0.00	               0.00	               0.00	               0.00	               0.00	               0.00	               0.00	               0.00	               0.00	               0.00	               0.00	               0.00	               0.00	               0.00	               0.00	               0.00	               0.00	               0.00	               0.00	       159178465.53	       143925725.81	         7582705.72	       151508431.53	         7670034.00
**  WBS NL-N-TS2-002-09-04         UV-VISIBLE SPECTROME	          643750.07	          643750.07	               0.00	          643750.07	               0.00	               0.00	               0.00	               0.00	               0.00	               0.00	               0.00	               0.00	               0.00	               0.00	               0.00	               0.00	               0.00	               0.00	               0.00	               0.00	          643750.07	          643750.07	               0.00	          643750.07	               0.00	               0.00	               0.00	               0.00	               0.00	               0.00	               0.00	               0.00	               0.00	               0.00	               0.00	               0.00	               0.00	               0.00	               0.00	               0.00	               0.00	               0.00	               0.00	               0.00	               0.00	               0.00	               0.00	               0.00	               0.00	               0.00	               0.00	               0.00	               0.00	               0.00	               0.00	               0.00	               0.00	               0.00	               0.00	               0.00	          643750.07	          643750.07	               0.00	          643750.07	               0.00
*** WBS NL-N-TS2-002-10            COMPUTER	        99349190.55	        10683536.92	        88665653.63	        99349190.55	               0.00	         2527725.20	         2527725.20	               0.00	         2527725.20	               0.00	         8155811.72	         8155811.72	               0.00	         8155811.72	               0.00	               0.00	               0.00	               0.00	               0.00	               0.00	               0.00	               0.00	               0.00	               0.00	               0.00	               0.00	               0.00	               0.00	               0.00	               0.00	        88665653.63	               0.00	        88665653.63	        88665653.63	               0.00	               0.00	               0.00	               0.00	               0.00	               0.00	               0.00	               0.00	               0.00	               0.00	               0.00	               0.00	               0.00	               0.00	               0.00	               0.00	               0.00	               0.00	               0.00	               0.00	               0.00	               0.00	               0.00	               0.00	               0.00	               0.00	        99349190.55	        10683536.92	        88665653.63	        99349190.55	               0.00
**  WBS NL-N-TS2-002-10-02         CCTV & Network for W	         2527725.20	         2527725.20	               0.00	         2527725.20	               0.00	         2527725.20	         2527725.20	               0.00	         2527725.20	               0.00	               0.00	               0.00	               0.00	               0.00	               0.00	               0.00	               0.00	               0.00	               0.00	               0.00	               0.00	               0.00	               0.00	               0.00	               0.00	               0.00	               0.00	               0.00	               0.00	               0.00	               0.00	               0.00	               0.00	               0.00	               0.00	               0.00	               0.00	               0.00	               0.00	               0.00	               0.00	               0.00	               0.00	               0.00	               0.00	               0.00	               0.00	               0.00	               0.00	               0.00	               0.00	               0.00	               0.00	               0.00	               0.00	               0.00	               0.00	               0.00	               0.00	               0.00	         2527725.20	         2527725.20	               0.00	         2527725.20	               0.00
**  WBS NL-N-TS2-002-10-03         CCTV Network System	         8180811.72	         8155811.72	           25000.00	         8180811.72	               0.00	               0.00	               0.00	               0.00	               0.00	               0.00	         8155811.72	         8155811.72	               0.00	         8155811.72	               0.00	               0.00	               0.00	               0.00	               0.00	               0.00	               0.00	               0.00	               0.00	               0.00	               0.00	               0.00	               0.00	               0.00	               0.00	               0.00	           25000.00	               0.00	           25000.00	           25000.00	               0.00	               0.00	               0.00	               0.00	               0.00	               0.00	               0.00	               0.00	               0.00	               0.00	               0.00	               0.00	               0.00	               0.00	               0.00	               0.00	               0.00	               0.00	               0.00	               0.00	               0.00	               0.00	               0.00	               0.00	               0.00	               0.00	         8180811.72	         8155811.72	           25000.00	         8180811.72	               0.00
**  WBS NL-N-TS2-002-10-05         Phase-III -Proposal	               0.00	               0.00	               0.00	               0.00	               0.00	               0.00	               0.00	               0.00	               0.00	               0.00	               0.00	               0.00	               0.00	               0.00	               0.00	               0.00	               0.00	               0.00	               0.00	               0.00	               0.00	               0.00	               0.00	               0.00	               0.00	               0.00	               0.00	               0.00	               0.00	               0.00	               0.00	               0.00	               0.00	               0.00	               0.00	               0.00	               0.00	               0.00	               0.00	               0.00	               0.00	               0.00	               0.00	               0.00	               0.00	               0.00	               0.00	               0.00	               0.00	               0.00	               0.00	               0.00	               0.00	               0.00	               0.00	               0.00	               0.00	               0.00	               0.00	               0.00	               0.00	               0.00	               0.00	               0.00	               0.00
**  WBS NL-N-TS2-002-10-06         proc-IP BASED CCTV P	        44536780.19	               0.00	        44536780.19	        44536780.19	               0.00	               0.00	               0.00	               0.00	               0.00	               0.00	               0.00	               0.00	               0.00	               0.00	               0.00	               0.00	               0.00	               0.00	               0.00	               0.00	               0.00	               0.00	               0.00	               0.00	               0.00	               0.00	               0.00	               0.00	               0.00	               0.00	        44536780.19	               0.00	        44536780.19	        44536780.19	               0.00	               0.00	               0.00	               0.00	               0.00	               0.00	               0.00	               0.00	               0.00	               0.00	               0.00	               0.00	               0.00	               0.00	               0.00	               0.00	               0.00	               0.00	               0.00	               0.00	               0.00	               0.00	               0.00	               0.00	               0.00	               0.00	        44536780.19	               0.00	        44536780.19	        44536780.19	               0.00
**  WBS NL-N-TS2-002-10-07         CCTV Camera Phase 3	        44103873.44	               0.00	        44103873.44	        44103873.44	               0.00	               0.00	               0.00	               0.00	               0.00	               0.00	               0.00	               0.00	               0.00	               0.00	               0.00	               0.00	               0.00	               0.00	               0.00	               0.00	               0.00	               0.00	               0.00	               0.00	               0.00	               0.00	               0.00	               0.00	               0.00	               0.00	        44103873.44	               0.00	        44103873.44	        44103873.44	               0.00	               0.00	               0.00	               0.00	               0.00	               0.00	               0.00	               0.00	               0.00	               0.00	               0.00	               0.00	               0.00	               0.00	               0.00	               0.00	               0.00	               0.00	               0.00	               0.00	               0.00	               0.00	               0.00	               0.00	               0.00	               0.00	        44103873.44	               0.00	        44103873.44	        44103873.44	               0.00
*** WBS NL-N-TS2-002-11            PLANNING & TECHNICAL	        13338310.78	        12446234.33	          892076.45	        13338310.78	               0.00	         1677479.99	         1677479.99	               0.00	         1677479.99	               0.00	          898254.35	          898254.35	               0.00	          898254.35	               0.00	               0.00	               0.00	               0.00	               0.00	               0.00	         9870499.99	         9870499.99	               0.00	         9870499.99	               0.00	               0.00	               0.00	               0.00	               0.00	               0.00	          892076.45	               0.00	          892076.45	          892076.45	               0.00	               0.00	               0.00	               0.00	               0.00	               0.00	               0.00	               0.00	               0.00	               0.00	               0.00	               0.00	               0.00	               0.00	               0.00	               0.00	               0.00	               0.00	               0.00	               0.00	               0.00	               0.00	               0.00	               0.00	               0.00	               0.00	        13338310.78	        12446234.33	          892076.45	        13338310.78	               0.00
**  WBS NL-N-TS2-002-11-01         Study of MoEF Norms	         3467810.79	         2575734.34	          892076.45	         3467810.79	               0.00	         1677479.99	         1677479.99	               0.00	         1677479.99	               0.00	          898254.35	          898254.35	               0.00	          898254.35	               0.00	               0.00	               0.00	               0.00	               0.00	               0.00	               0.00	               0.00	               0.00	               0.00	               0.00	               0.00	               0.00	               0.00	               0.00	               0.00	          892076.45	               0.00	          892076.45	          892076.45	               0.00	               0.00	               0.00	               0.00	               0.00	               0.00	               0.00	               0.00	               0.00	               0.00	               0.00	               0.00	               0.00	               0.00	               0.00	               0.00	               0.00	               0.00	               0.00	               0.00	               0.00	               0.00	               0.00	               0.00	               0.00	               0.00	         3467810.79	         2575734.34	          892076.45	         3467810.79	               0.00
**  WBS NL-N-TS2-002-11-02         Special Purpose Vehi	         9870499.99	         9870499.99	               0.00	         9870499.99	               0.00	               0.00	               0.00	               0.00	               0.00	               0.00	               0.00	               0.00	               0.00	               0.00	               0.00	               0.00	               0.00	               0.00	               0.00	               0.00	         9870499.99	         9870499.99	               0.00	         9870499.99	               0.00	               0.00	               0.00	               0.00	               0.00	               0.00	               0.00	               0.00	               0.00	               0.00	               0.00	               0.00	               0.00	               0.00	               0.00	               0.00	               0.00	               0.00	               0.00	               0.00	               0.00	               0.00	               0.00	               0.00	               0.00	               0.00	               0.00	               0.00	               0.00	               0.00	               0.00	               0.00	               0.00	               0.00	               0.00	               0.00	         9870499.99	         9870499.99	               0.00	         9870499.99	               0.00
*** WBS NL-N-TS2-002-12            BOILER AUXILLARY MAI	        51212279.32	        11259514.49	        39925896.40	        51185410.89	           26868.43	               0.00	               0.00	               0.00	               0.00	               0.00	          734998.17	          734998.17	               0.00	          734998.17	               0.00	         1737331.59	         1737331.59	               0.00	         1737331.59	               0.00	         2277238.88	         2277238.88	               0.00	         2277238.88	               0.00	         3875734.48	         3875734.48	               0.00	         3875734.48	               0.00	        42586976.08	         2634211.37	        39925896.40	        42560107.77	           26868.31	               0.00	               0.00	               0.00	               0.00	               0.00	               0.00	               0.00	               0.00	               0.00	               0.00	               0.00	               0.00	               0.00	               0.00	               0.00	               0.00	               0.00	               0.00	               0.00	               0.00	               0.00	               0.00	               0.00	               0.00	               0.00	        51212279.20	        11259514.49	        39925896.40	        51185410.89	           26868.31
**  WBS NL-N-TS2-002-12-01         FIRE PROTECTION SYST	         6914788.14	         4812573.17	         2075346.66	         6887919.83	           26868.31	               0.00	               0.00	               0.00	               0.00	               0.00	          376998.20	          376998.20	               0.00	          376998.20	               0.00	          705679.00	          705679.00	               0.00	          705679.00	               0.00	         1096000.44	         1096000.44	               0.00	         1096000.44	               0.00	               0.00	               0.00	               0.00	               0.00	               0.00	         4736110.50	         2633895.53	         2075346.66	         4709242.19	           26868.31	               0.00	               0.00	               0.00	               0.00	               0.00	               0.00	               0.00	               0.00	               0.00	               0.00	               0.00	               0.00	               0.00	               0.00	               0.00	               0.00	               0.00	               0.00	               0.00	               0.00	               0.00	               0.00	               0.00	               0.00	               0.00	         6914788.14	         4812573.17	         2075346.66	         6887919.83	           26868.31
*   WBS NL-N-TS2-002-12-01-06      9 Ltr Mechanical Foa	          376998.20	          376998.20	               0.00	          376998.20	               0.00	               0.00	               0.00	               0.00	               0.00	               0.00	          376998.20	          376998.20	               0.00	          376998.20	               0.00	               0.00	               0.00	               0.00	               0.00	               0.00	               0.00	               0.00	               0.00	               0.00	               0.00	               0.00	               0.00	               0.00	               0.00	               0.00	               0.00	               0.00	               0.00	               0.00	               0.00	               0.00	               0.00	               0.00	               0.00	               0.00	               0.00	               0.00	               0.00	               0.00	               0.00	               0.00	               0.00	               0.00	               0.00	               0.00	               0.00	               0.00	               0.00	               0.00	               0.00	               0.00	               0.00	               0.00	               0.00	               0.00	          376998.20	          376998.20	               0.00	          376998.20	               0.00
*   WBS NL-N-TS2-002-12-01-07      4 Ton capacity Batte	          705679.00	          705679.00	               0.00	          705679.00	               0.00	               0.00	               0.00	               0.00	               0.00	               0.00	               0.00	               0.00	               0.00	               0.00	               0.00	          705679.00	          705679.00	               0.00	          705679.00	               0.00	               0.00	               0.00	               0.00	               0.00	               0.00	               0.00	               0.00	               0.00	               0.00	               0.00	               0.00	               0.00	               0.00	               0.00	               0.00	               0.00	               0.00	               0.00	               0.00	               0.00	               0.00	               0.00	               0.00	               0.00	               0.00	               0.00	               0.00	               0.00	               0.00	               0.00	               0.00	               0.00	               0.00	               0.00	               0.00	               0.00	               0.00	               0.00	               0.00	               0.00	          705679.00	          705679.00	               0.00	          705679.00	               0.00
*   WBS NL-N-TS2-002-12-01-08      Procurement of Dry C	          185000.41	          185000.41	               0.00	          185000.41	               0.00	               0.00	               0.00	               0.00	               0.00	               0.00	               0.00	               0.00	               0.00	               0.00	               0.00	               0.00	               0.00	               0.00	               0.00	               0.00	          185000.41	          185000.41	               0.00	          185000.41	               0.00	               0.00	               0.00	               0.00	               0.00	               0.00	               0.00	               0.00	               0.00	               0.00	               0.00	               0.00	               0.00	               0.00	               0.00	               0.00	               0.00	               0.00	               0.00	               0.00	               0.00	               0.00	               0.00	               0.00	               0.00	               0.00	               0.00	               0.00	               0.00	               0.00	               0.00	               0.00	               0.00	               0.00	               0.00	               0.00	          185000.41	          185000.41	               0.00	          185000.41	               0.00
*   WBS NL-N-TS2-002-12-01-09      Procurement of Fire	          891000.01	          891000.01	               0.00	          891000.01	               0.00	               0.00	               0.00	               0.00	               0.00	               0.00	               0.00	               0.00	               0.00	               0.00	               0.00	               0.00	               0.00	               0.00	               0.00	               0.00	          891000.01	          891000.01	               0.00	          891000.01	               0.00	               0.00	               0.00	               0.00	               0.00	               0.00	               0.00	               0.00	               0.00	               0.00	               0.00	               0.00	               0.00	               0.00	               0.00	               0.00	               0.00	               0.00	               0.00	               0.00	               0.00	               0.00	               0.00	               0.00	               0.00	               0.00	               0.00	               0.00	               0.00	               0.00	               0.00	               0.00	               0.00	               0.00	               0.00	               0.00	          891000.01	          891000.01	               0.00	          891000.01	               0.00
*   WBS NL-N-TS2-002-12-01-10      Procure of Pump/Moto	           20000.02	           20000.02	               0.00	           20000.02	               0.00	               0.00	               0.00	               0.00	               0.00	               0.00	               0.00	               0.00	               0.00	               0.00	               0.00	               0.00	               0.00	               0.00	               0.00	               0.00	           20000.02	           20000.02	               0.00	           20000.02	               0.00	               0.00	               0.00	               0.00	               0.00	               0.00	               0.00	               0.00	               0.00	               0.00	               0.00	               0.00	               0.00	               0.00	               0.00	               0.00	               0.00	               0.00	               0.00	               0.00	               0.00	               0.00	               0.00	               0.00	               0.00	               0.00	               0.00	               0.00	               0.00	               0.00	               0.00	               0.00	               0.00	               0.00	               0.00	               0.00	           20000.02	           20000.02	               0.00	           20000.02	               0.00
*   WBS NL-N-TS2-002-12-01-11      Procure of 22 Tons o	         2046000.00	               0.00	         2046000.00	         2046000.00	               0.00	               0.00	               0.00	               0.00	               0.00	               0.00	               0.00	               0.00	               0.00	               0.00	               0.00	               0.00	               0.00	               0.00	               0.00	               0.00	               0.00	               0.00	               0.00	               0.00	               0.00	               0.00	               0.00	               0.00	               0.00	               0.00	         2046000.00	               0.00	         2046000.00	         2046000.00	               0.00	               0.00	               0.00	               0.00	               0.00	               0.00	               0.00	               0.00	               0.00	               0.00	               0.00	               0.00	               0.00	               0.00	               0.00	               0.00	               0.00	               0.00	               0.00	               0.00	               0.00	               0.00	               0.00	               0.00	               0.00	               0.00	         2046000.00	               0.00	         2046000.00	         2046000.00	               0.00
*   WBS NL-N-TS2-002-12-01-12      PROCUREMENT-1100M-20	         2690110.50	         2633895.53	           29346.66	         2663242.19	           26868.31	               0.00	               0.00	               0.00	               0.00	               0.00	               0.00	               0.00	               0.00	               0.00	               0.00	               0.00	               0.00	               0.00	               0.00	               0.00	               0.00	               0.00	               0.00	               0.00	               0.00	               0.00	               0.00	               0.00	               0.00	               0.00	         2690110.50	         2633895.53	           29346.66	         2663242.19	           26868.31	               0.00	               0.00	               0.00	               0.00	               0.00	               0.00	               0.00	               0.00	               0.00	               0.00	               0.00	               0.00	               0.00	               0.00	               0.00	               0.00	               0.00	               0.00	               0.00	               0.00	               0.00	               0.00	               0.00	               0.00	               0.00	         2690110.50	         2633895.53	           29346.66	         2663242.19	           26868.31
**  WBS NL-N-TS2-002-12-02         MECHANICAL MAINTENAN	        44297491.14	         6446941.32	        37850549.74	        44297491.06	               0.08	               0.00	               0.00	               0.00	               0.00	               0.00	          357999.97	          357999.97	               0.00	          357999.97	               0.00	         1031652.59	         1031652.59	               0.00	         1031652.59	               0.00	         1181238.44	         1181238.44	               0.00	         1181238.44	               0.00	         3875734.48	         3875734.48	               0.00	         3875734.48	               0.00	        37850865.58	             315.84	        37850549.74	        37850865.58	               0.00	               0.00	               0.00	               0.00	               0.00	               0.00	               0.00	               0.00	               0.00	               0.00	               0.00	               0.00	               0.00	               0.00	               0.00	               0.00	               0.00	               0.00	               0.00	               0.00	               0.00	               0.00	               0.00	               0.00	               0.00	               0.00	        44297491.06	         6446941.32	        37850549.74	        44297491.06	               0.00
*   WBS NL-N-TS2-002-12-02-03      N2H4 Dozing Pump for	          357999.97	          357999.97	               0.00	          357999.97	               0.00	               0.00	               0.00	               0.00	               0.00	               0.00	          357999.97	          357999.97	               0.00	          357999.97	               0.00	               0.00	               0.00	               0.00	               0.00	               0.00	               0.00	               0.00	               0.00	               0.00	               0.00	               0.00	               0.00	               0.00	               0.00	               0.00	               0.00	               0.00	               0.00	               0.00	               0.00	               0.00	               0.00	               0.00	               0.00	               0.00	               0.00	               0.00	               0.00	               0.00	               0.00	               0.00	               0.00	               0.00	               0.00	               0.00	               0.00	               0.00	               0.00	               0.00	               0.00	               0.00	               0.00	               0.00	               0.00	               0.00	          357999.97	          357999.97	               0.00	          357999.97	               0.00
*   WBS NL-N-TS2-002-12-02-08      Battery Operated Pla	         1031652.59	         1031652.59	               0.00	         1031652.59	               0.00	               0.00	               0.00	               0.00	               0.00	               0.00	               0.00	               0.00	               0.00	               0.00	               0.00	         1031652.59	         1031652.59	               0.00	         1031652.59	               0.00	               0.00	               0.00	               0.00	               0.00	               0.00	               0.00	               0.00	               0.00	               0.00	               0.00	               0.00	               0.00	               0.00	               0.00	               0.00	               0.00	               0.00	               0.00	               0.00	               0.00	               0.00	               0.00	               0.00	               0.00	               0.00	               0.00	               0.00	               0.00	               0.00	               0.00	               0.00	               0.00	               0.00	               0.00	               0.00	               0.00	               0.00	               0.00	               0.00	               0.00	         1031652.59	         1031652.59	               0.00	         1031652.59	               0.00
*   WBS NL-N-TS2-002-12-02-09      Phospate dozing Pump	          923238.43	          923238.43	               0.00	          923238.43	               0.00	               0.00	               0.00	               0.00	               0.00	               0.00	               0.00	               0.00	               0.00	               0.00	               0.00	               0.00	               0.00	               0.00	               0.00	               0.00	          923238.43	          923238.43	               0.00	          923238.43	               0.00	               0.00	               0.00	               0.00	               0.00	               0.00	               0.00	               0.00	               0.00	               0.00	               0.00	               0.00	               0.00	               0.00	               0.00	               0.00	               0.00	               0.00	               0.00	               0.00	               0.00	               0.00	               0.00	               0.00	               0.00	               0.00	               0.00	               0.00	               0.00	               0.00	               0.00	               0.00	               0.00	               0.00	               0.00	               0.00	          923238.43	          923238.43	               0.00	          923238.43	               0.00
*   WBS NL-N-TS2-002-12-02-10      dECANTING SUMP BARE	          258000.01	          258000.01	               0.00	          258000.01	               0.00	               0.00	               0.00	               0.00	               0.00	               0.00	               0.00	               0.00	               0.00	               0.00	               0.00	               0.00	               0.00	               0.00	               0.00	               0.00	          258000.01	          258000.01	               0.00	          258000.01	               0.00	               0.00	               0.00	               0.00	               0.00	               0.00	               0.00	               0.00	               0.00	               0.00	               0.00	               0.00	               0.00	               0.00	               0.00	               0.00	               0.00	               0.00	               0.00	               0.00	               0.00	               0.00	               0.00	               0.00	               0.00	               0.00	               0.00	               0.00	               0.00	               0.00	               0.00	               0.00	               0.00	               0.00	               0.00	               0.00	          258000.01	          258000.01	               0.00	          258000.01	               0.00
*   WBS NL-N-TS2-002-12-02-11      Degassed water pump	         2477646.00	         2477646.00	               0.00	         2477646.00	               0.00	               0.00	               0.00	               0.00	               0.00	               0.00	               0.00	               0.00	               0.00	               0.00	               0.00	               0.00	               0.00	               0.00	               0.00	               0.00	               0.00	               0.00	               0.00	               0.00	               0.00	         2477646.00	         2477646.00	               0.00	         2477646.00	               0.00	               0.00	               0.00	               0.00	               0.00	               0.00	               0.00	               0.00	               0.00	               0.00	               0.00	               0.00	               0.00	               0.00	               0.00	               0.00	               0.00	               0.00	               0.00	               0.00	               0.00	               0.00	               0.00	               0.00	               0.00	               0.00	               0.00	               0.00	               0.00	               0.00	               0.00	         2477646.00	         2477646.00	               0.00	         2477646.00	               0.00
*   WBS NL-N-TS2-002-12-02-12      supply of service ki	         7330133.00	               0.00	         7330133.00	         7330133.00	               0.00	               0.00	               0.00	               0.00	               0.00	               0.00	               0.00	               0.00	               0.00	               0.00	               0.00	               0.00	               0.00	               0.00	               0.00	               0.00	               0.00	               0.00	               0.00	               0.00	               0.00	               0.00	               0.00	               0.00	               0.00	               0.00	         7330133.00	               0.00	         7330133.00	         7330133.00	               0.00	               0.00	               0.00	               0.00	               0.00	               0.00	               0.00	               0.00	               0.00	               0.00	               0.00	               0.00	               0.00	               0.00	               0.00	               0.00	               0.00	               0.00	               0.00	               0.00	               0.00	               0.00	               0.00	               0.00	               0.00	               0.00	         7330133.00	               0.00	         7330133.00	         7330133.00	               0.00
*   WBS NL-N-TS2-002-12-02-13      degasser water tank	        11726486.00	               0.00	        11726486.00	        11726486.00	               0.00	               0.00	               0.00	               0.00	               0.00	               0.00	               0.00	               0.00	               0.00	               0.00	               0.00	               0.00	               0.00	               0.00	               0.00	               0.00	               0.00	               0.00	               0.00	               0.00	               0.00	               0.00	               0.00	               0.00	               0.00	               0.00	        11726486.00	               0.00	        11726486.00	        11726486.00	               0.00	               0.00	               0.00	               0.00	               0.00	               0.00	               0.00	               0.00	               0.00	               0.00	               0.00	               0.00	               0.00	               0.00	               0.00	               0.00	               0.00	               0.00	               0.00	               0.00	               0.00	               0.00	               0.00	               0.00	               0.00	               0.00	        11726486.00	               0.00	        11726486.00	        11726486.00	               0.00
*   WBS NL-N-TS2-002-12-02-14      Repla & rect of supp	         7790535.10	         1398404.32	         6392130.74	         7790535.06	               0.04	               0.00	               0.00	               0.00	               0.00	               0.00	               0.00	               0.00	               0.00	               0.00	               0.00	               0.00	               0.00	               0.00	               0.00	               0.00	               0.00	               0.00	               0.00	               0.00	               0.00	         1398088.48	         1398088.48	               0.00	         1398088.48	               0.00	         6392446.58	             315.84	         6392130.74	         6392446.58	               0.00	               0.00	               0.00	               0.00	               0.00	               0.00	               0.00	               0.00	               0.00	               0.00	               0.00	               0.00	               0.00	               0.00	               0.00	               0.00	               0.00	               0.00	               0.00	               0.00	               0.00	               0.00	               0.00	               0.00	               0.00	               0.00	         7790535.06	         1398404.32	         6392130.74	         7790535.06	               0.00
*   WBS NL-N-TS2-002-12-02-15      Alkali storage tank	        12401800.00	               0.00	        12401800.00	        12401800.00	               0.00	               0.00	               0.00	               0.00	               0.00	               0.00	               0.00	               0.00	               0.00	               0.00	               0.00	               0.00	               0.00	               0.00	               0.00	               0.00	               0.00	               0.00	               0.00	               0.00	               0.00	               0.00	               0.00	               0.00	               0.00	               0.00	        12401800.00	               0.00	        12401800.00	        12401800.00	               0.00	               0.00	               0.00	               0.00	               0.00	               0.00	               0.00	               0.00	               0.00	               0.00	               0.00	               0.00	               0.00	               0.00	               0.00	               0.00	               0.00	               0.00	               0.00	               0.00	               0.00	               0.00	               0.00	               0.00	               0.00	               0.00	        12401800.00	               0.00	        12401800.00	        12401800.00	               0.00
Result	      8665482268.98	      3494054108.10	      4852372387.19	      8346437216.28	       319045052.70	       541865726.36	       511640121.14	               0.00	       511640121.14	        30225605.22	       844918797.01	       842191845.05	         3713916.21	       845916482.25	         -997685.24	       562731757.53	       562414671.32	               0.00	       562414671.32	          317086.21	       901429937.67	       895487396.01	        12311239.38	       907798635.39	        -6368697.72	       656986654.58	       653559581.44	         1690889.05	       655250470.49	         1736184.09	      5031784275.15	        28760493.14	      4782356642.15	      4811117135.29	       220667139.86	        52299700.40	               0.00	        52299700.40	        52299700.40	               0.00	               0.00	               0.00	               0.00	               0.00	               0.00	               0.00	               0.00	               0.00	               0.00	               0.00	               0.00	               0.00	               0.00	               0.00	               0.00	               0.00	               0.00	               0.00	               0.00	               0.00	      8592016848.70	      3494054108.10	      4852372387.19	      8346437216.28	       245579632.42
