Budget Updates	Current data (26.11.2025 12:36:30)
	Total of years	Total of years	Total of years	Total of years	Total of years	Total of years	Previous years	Previous years	Previous years	Previous years	Previous years	Previous years	2025	2025	2025	2025	2025	2025	2026	2026	2026	2026	2026	2026	2027	2027	2027	2027	2027	2027	2028 and following	2028 and following	2028 and following	2028 and following	2028 and following	2028 and following	Overall values	Overall values	Overall values	Overall values	Overall values	Overall values
Object	Orig.bud.	Supplement	Return	Transfer	Curr.Bdgt	Release	Orig.bud.	Supplement	Return	Transfer	Curr.Bdgt	Release	Orig.bud.	Supplement	Return	Transfer	Curr.Bdgt	Release	Orig.bud.	Supplement	Return	Transfer	Curr.Bdgt	Release	Orig.bud.	Supplement	Return	Transfer	Curr.Bdgt	Release	Orig.bud.	Supplement	Return	Transfer	Curr.Bdgt	Release	Orig.bud.	Supplement	Return	Transfer	Curr.Bdgt	Release
Displayed in	1 INR	1 INR	1 INR	1 INR	1 INR	1 INR	1 INR	1 INR	1 INR	1 INR	1 INR	1 INR	1 INR	1 INR	1 INR	1 INR	1 INR	1 INR	1 INR	1 INR	1 INR	1 INR	1 INR	1 INR	1 INR	1 INR	1 INR	1 INR	1 INR	1 INR	1 INR	1 INR	1 INR	1 INR	1 INR	1 INR	1 INR	1 INR	1 INR	1 INR	1 INR	1 INR
5*  PRJ NL-N-TS2-002               TPS-II LEP Stage I &	         7624730000	         3269450154	        -2641347718	                  0	         8252832436	         5291079315	         5630730000	         3269450154	        -2030719732	                  0	         2820744260	         2820177398	         1994000000	                  0	         -610627986	                  0	         5432088176	         2470901917	                  0	                  0	                  0	                  0	                  0	                  0	                  0	                  0	                  0	                  0	                  0	                  0	                  0	                  0	                  0	                  0	                  0	                  0	         7624730000	         3269450154	        -2641243531	                  0	         8252936623	         8139336616
4*  WBS NL-N-TS2-002               TPS-II LEP Stage I &	         7624730000	         3269450154	        -2641347718	                  0	         8252832436	         5291079315	         5630730000	         3269450154	        -2030719732	                  0	         2820744260	         2820177398	         1994000000	                  0	         -610627986	                  0	         5432088176	         2470901917	                  0	                  0	                  0	                  0	                  0	                  0	                  0	                  0	                  0	                  0	                  0	                  0	                  0	                  0	                  0	                  0	                  0	                  0	         7624730000	         3269450154	        -2641243531	                  0	         8252936623	         8139336616
*** WBS NL-N-TS2-002-01            AHS	          225199260	                  0	                  0	                  0	          225199260	           57148332	          225199260	                  0	                  0	                  0	           57148332	           57148332	                  0	                  0	                  0	                  0	          168050928	                  0	                  0	                  0	                  0	                  0	                  0	                  0	                  0	                  0	                  0	                  0	                  0	                  0	                  0	                  0	                  0	                  0	                  0	                  0	          225199260	                  0	                  0	                  0	          225199260	          225199260
**  WBS NL-N-TS2-002-01-01         ESP-UNIT-2	           22310265	                  0	                  0	                  0	           22310265	           22310265	           22310265	                  0	                  0	                  0	           22310265	           22310265	                  0	                  0	                  0	                  0	                  0	                  0	                  0	                  0	                  0	                  0	                  0	                  0	                  0	                  0	                  0	                  0	                  0	                  0	                  0	                  0	                  0	                  0	                  0	                  0	           22310265	                  0	                  0	                  0	           22310265	           22310265
**  WBS NL-N-TS2-002-01-03         CS Seamless pipe siz	           11370400	                  0	                  0	                  0	           11370400	           11361324	           11370400	                  0	                  0	                  0	           11361324	           11361324	                  0	                  0	                  0	                  0	               9076	                  0	                  0	                  0	                  0	                  0	                  0	                  0	                  0	                  0	                  0	                  0	                  0	                  0	                  0	                  0	                  0	                  0	                  0	                  0	           11370400	                  0	                  0	                  0	           11370400	           11370400
**  WBS NL-N-TS2-002-01-04         Purchase of ceramic	            2150545	                  0	                  0	                  0	            2150545	            2150545	            2150545	                  0	                  0	                  0	            2150545	            2150545	                  0	                  0	                  0	                  0	                  0	                  0	                  0	                  0	                  0	                  0	                  0	                  0	                  0	                  0	                  0	                  0	                  0	                  0	                  0	                  0	                  0	                  0	                  0	                  0	            2150545	                  0	                  0	                  0	            2150545	            2150545
**  WBS NL-N-TS2-002-01-05         GS Plain Grating for	            6515074	                  0	                  0	                  0	            6515074	                  0	            6515074	                  0	                  0	                  0	                  0	                  0	                  0	                  0	                  0	                  0	            6515074	                  0	                  0	                  0	                  0	                  0	                  0	                  0	                  0	                  0	                  0	                  0	                  0	                  0	                  0	                  0	                  0	                  0	                  0	                  0	            6515074	                  0	                  0	                  0	            6515074	            6515074
**  WBS NL-N-TS2-002-01-06         Air BLOCK 1ST STAGE	            8979800	                  0	                  0	                  0	            8979800	            8979800	            8979800	                  0	                  0	                  0	            8979800	            8979800	                  0	                  0	                  0	                  0	                  0	                  0	                  0	                  0	                  0	                  0	                  0	                  0	                  0	                  0	                  0	                  0	                  0	                  0	                  0	                  0	                  0	                  0	                  0	                  0	            8979800	                  0	                  0	                  0	            8979800	            8979800
**  WBS NL-N-TS2-002-01-08         Air Block 1st &2nd s	            8920800	                  0	                  0	                  0	            8920800	            8920800	            8920800	                  0	                  0	                  0	            8920800	            8920800	                  0	                  0	                  0	                  0	                  0	                  0	                  0	                  0	                  0	                  0	                  0	                  0	                  0	                  0	                  0	                  0	                  0	                  0	                  0	                  0	                  0	                  0	                  0	                  0	            8920800	                  0	                  0	                  0	            8920800	            8920800
**  WBS NL-N-TS2-002-01-09         Purchase of Ash inle	            3425599	                  0	                  0	                  0	            3425599	            3425599	            3425599	                  0	                  0	                  0	            3425599	            3425599	                  0	                  0	                  0	                  0	                  0	                  0	                  0	                  0	                  0	                  0	                  0	                  0	                  0	                  0	                  0	                  0	                  0	                  0	                  0	                  0	                  0	                  0	                  0	                  0	            3425599	                  0	                  0	                  0	            3425599	            3425599
**  WBS NL-N-TS2-002-01-10         Purchase of ceramic	            1211960	                  0	                  0	                  0	            1211960	                  0	            1211960	                  0	                  0	                  0	                  0	                  0	                  0	                  0	                  0	                  0	            1211960	                  0	                  0	                  0	                  0	                  0	                  0	                  0	                  0	                  0	                  0	                  0	                  0	                  0	                  0	                  0	                  0	                  0	                  0	                  0	            1211960	                  0	                  0	                  0	            1211960	            1211960
**  WBS NL-N-TS2-002-01-12         CSS Pipe 8/10 Inch A	           43980500	                  0	                  0	                  0	           43980500	                  0	           43980500	                  0	                  0	                  0	                  0	                  0	                  0	                  0	                  0	                  0	           43980500	                  0	                  0	                  0	                  0	                  0	                  0	                  0	                  0	                  0	                  0	                  0	                  0	                  0	                  0	                  0	                  0	                  0	                  0	                  0	           43980500	                  0	                  0	                  0	           43980500	           43980500
**  WBS NL-N-TS2-002-01-14         ASH INLET CUPVALVE A	           51357385	                  0	                  0	                  0	           51357385	                  0	           51357385	                  0	                  0	                  0	                  0	                  0	                  0	                  0	                  0	                  0	           51357385	                  0	                  0	                  0	                  0	                  0	                  0	                  0	                  0	                  0	                  0	                  0	                  0	                  0	                  0	                  0	                  0	                  0	                  0	                  0	           51357385	                  0	                  0	                  0	           51357385	           51357385
**  WBS NL-N-TS2-002-01-15         Air Block-Compressor	           64976932	                  0	                  0	                  0	           64976932	                  0	           64976932	                  0	                  0	                  0	                  0	                  0	                  0	                  0	                  0	                  0	           64976932	                  0	                  0	                  0	                  0	                  0	                  0	                  0	                  0	                  0	                  0	                  0	                  0	                  0	                  0	                  0	                  0	                  0	                  0	                  0	           64976932	                  0	                  0	                  0	           64976932	           64976932
*** WBS NL-N-TS2-002-02            CIVIL	          430404381	                  0	                  0	                  0	          430404381	          347351055	          353786130	                  0	                  0	                  0	          201676531	          201420140	           76618251	                  0	                  0	                  0	          228727850	          145930915	                  0	                  0	                  0	                  0	                  0	                  0	                  0	                  0	                  0	                  0	                  0	                  0	                  0	                  0	                  0	                  0	                  0	                  0	          430508661	                  0	                  0	                  0	          430508661	          430404287
**  WBS NL-N-TS2-002-02-02         Rehabilitation works	           18780349	                  0	                  0	                  0	           18780349	           18780349	           18780349	                  0	                  0	                  0	           18780349	           18780349	                  0	                  0	                  0	                  0	                  0	                  0	                  0	                  0	                  0	                  0	                  0	                  0	                  0	                  0	                  0	                  0	                  0	                  0	                  0	                  0	                  0	                  0	                  0	                  0	           18780349	                  0	                  0	                  0	           18780349	           18780349
**  WBS NL-N-TS2-002-02-05         Water  Proofing work	            8848487	                  0	                  0	                  0	            8848487	            6049557	            8848487	                  0	                  0	                  0	            6305947	            6049557	                  0	                  0	                  0	                  0	            2542540	                  0	                  0	                  0	                  0	                  0	                  0	                  0	                  0	                  0	                  0	                  0	                  0	                  0	                  0	                  0	                  0	                  0	                  0	                  0	            8848487	                  0	                  0	                  0	            8848487	            8848487
**  WBS NL-N-TS2-002-02-06         Paver block pavement	            6082931	                  0	                  0	                  0	            6082931	            6082931	            6082931	                  0	                  0	                  0	            6082931	            6082931	                  0	                  0	                  0	                  0	                  0	                  0	                  0	                  0	                  0	                  0	                  0	                  0	                  0	                  0	                  0	                  0	                  0	                  0	                  0	                  0	                  0	                  0	                  0	                  0	            6082931	                  0	                  0	                  0	            6082931	            6082931
**  WBS NL-N-TS2-002-02-07         Rehabilitation works	           20904542	                  0	                  0	                  0	           20904542	           20904542	           20904542	                  0	                  0	                  0	           20904542	           20904542	                  0	                  0	                  0	                  0	                  0	                  0	                  0	                  0	                  0	                  0	                  0	                  0	                  0	                  0	                  0	                  0	                  0	                  0	                  0	                  0	                  0	                  0	                  0	                  0	           20904542	                  0	                  0	                  0	           20904542	           20904542
**  WBS NL-N-TS2-002-02-09         Roof& cladding to JT	            3186642	                  0	                  0	                  0	            3186642	            3186642	            3186642	                  0	                  0	                  0	            3186642	            3186642	                  0	                  0	                  0	                  0	                  0	                  0	                  0	                  0	                  0	                  0	                  0	                  0	                  0	                  0	                  0	                  0	                  0	                  0	                  0	                  0	                  0	                  0	                  0	                  0	            3186642	                  0	                  0	                  0	            3186642	            3186642
**  WBS NL-N-TS2-002-02-10         Painting of  Boiler	            1838450	                  0	                  0	                  0	            1838450	            1838450	            1838450	                  0	                  0	                  0	            1838450	            1838450	                  0	                  0	                  0	                  0	                  0	                  0	                  0	                  0	                  0	                  0	                  0	                  0	                  0	                  0	                  0	                  0	                  0	                  0	                  0	                  0	                  0	                  0	                  0	                  0	            1838450	                  0	                  0	                  0	            1838450	            1838450
**  WBS NL-N-TS2-002-02-11         Repair& painting of	            3896421	                  0	                  0	                  0	            3896421	            3896421	            3896421	                  0	                  0	                  0	            3896421	            3896421	                  0	                  0	                  0	                  0	                  0	                  0	                  0	                  0	                  0	                  0	                  0	                  0	                  0	                  0	                  0	                  0	                  0	                  0	                  0	                  0	                  0	                  0	                  0	                  0	            3896421	                  0	                  0	                  0	            3896421	            3896421
**  WBS NL-N-TS2-002-02-12         Coat over existing b	            1813727	                  0	                  0	                  0	            1813727	            1813727	            1813727	                  0	                  0	                  0	            1813727	            1813727	                  0	                  0	                  0	                  0	                  0	                  0	                  0	                  0	                  0	                  0	                  0	                  0	                  0	                  0	                  0	                  0	                  0	                  0	                  0	                  0	                  0	                  0	                  0	                  0	            1813727	                  0	                  0	                  0	            1813727	            1813727
**  WBS NL-N-TS2-002-02-13         Providing golvelume	            1517071	                  0	                  0	                  0	            1517071	            1517071	            1517071	                  0	                  0	                  0	            1517071	            1517071	                  0	                  0	                  0	                  0	                  0	                  0	                  0	                  0	                  0	                  0	                  0	                  0	                  0	                  0	                  0	                  0	                  0	                  0	                  0	                  0	                  0	                  0	                  0	                  0	            1517071	                  0	                  0	                  0	            1517071	            1517071
**  WBS NL-N-TS2-002-02-17         Restoration  sheets	           13027194	                  0	                  0	                  0	           13027194	           12449037	           13027194	                  0	                  0	                  0	           12449037	           12449037	                  0	                  0	                  0	                  0	             578157	                  0	                  0	                  0	                  0	                  0	                  0	                  0	                  0	                  0	                  0	                  0	                  0	                  0	                  0	                  0	                  0	                  0	                  0	                  0	           13027194	                  0	                  0	                  0	           13027194	           13027194
**  WBS NL-N-TS2-002-02-18         Restoration sheet  B	           12685552	                  0	                  0	                  0	           12685552	           12685552	           12685552	                  0	                  0	                  0	           12685552	           12685552	                  0	                  0	                  0	                  0	                  0	                  0	                  0	                  0	                  0	                  0	                  0	                  0	                  0	                  0	                  0	                  0	                  0	                  0	                  0	                  0	                  0	                  0	                  0	                  0	           12685552	                  0	                  0	                  0	           12685552	           12685552
**  WBS NL-N-TS2-002-02-21         Installation&Commiss	           14181240	                  0	                  0	                  0	           14181240	            7944114	           14181240	                  0	                  0	                  0	            7944114	            7944114	                  0	                  0	                  0	                  0	            6237126	                  0	                  0	                  0	                  0	                  0	                  0	                  0	                  0	                  0	                  0	                  0	                  0	                  0	                  0	                  0	                  0	                  0	                  0	                  0	           14181240	                  0	                  0	                  0	           14181240	           14181240
**  WBS NL-N-TS2-002-02-22         Upgraditaion of Weig	             443810	                  0	                  0	                  0	             443810	             443810	             443810	                  0	                  0	                  0	             443810	             443810	                  0	                  0	                  0	                  0	                  0	                  0	                  0	                  0	                  0	                  0	                  0	                  0	                  0	                  0	                  0	                  0	                  0	                  0	                  0	                  0	                  0	                  0	                  0	                  0	             443810	                  0	                  0	                  0	             443810	             443810
**  WBS NL-N-TS2-002-02-24         Retrofit outside pla	           19026910	                  0	                  0	                  0	           19026910	           18928675	           19026910	                  0	                  0	                  0	           18928675	           18928675	                  0	                  0	                  0	                  0	              98235	                  0	                  0	                  0	                  0	                  0	                  0	                  0	                  0	                  0	                  0	                  0	                  0	                  0	                  0	                  0	                  0	                  0	                  0	                  0	           19026910	                  0	                  0	                  0	           19026910	           19026910
**  WBS NL-N-TS2-002-02-25         Laterite Platform fo	            8065283	                  0	                  0	                  0	            8065283	            8065283	            8065283	                  0	                  0	                  0	            8065283	            8065283	                  0	                  0	                  0	                  0	                  0	                  0	                  0	                  0	                  0	                  0	                  0	                  0	                  0	                  0	                  0	                  0	                  0	                  0	                  0	                  0	                  0	                  0	                  0	                  0	            8065283	                  0	                  0	                  0	            8065283	            8065283
**  WBS NL-N-TS2-002-02-26         Civil & Structural w	            1619422	                  0	                  0	                  0	            1619422	            1619422	            1619422	                  0	                  0	                  0	            1619422	            1619422	                  0	                  0	                  0	                  0	                  0	                  0	                  0	                  0	                  0	                  0	                  0	                  0	                  0	                  0	                  0	                  0	                  0	                  0	                  0	                  0	                  0	                  0	                  0	                  0	            1619422	                  0	                  0	                  0	            1619422	            1619422
**  WBS NL-N-TS2-002-02-27         Cover Shed for ESP T	            1719386	                  0	                  0	                  0	            1719386	            1719386	            1719386	                  0	                  0	                  0	            1719386	            1719386	                  0	                  0	                  0	                  0	                  0	                  0	                  0	                  0	                  0	                  0	                  0	                  0	                  0	                  0	                  0	                  0	                  0	                  0	                  0	                  0	                  0	                  0	                  0	                  0	            1719386	                  0	                  0	                  0	            1719386	            1719386
**  WBS NL-N-TS2-002-02-28         Unit-5 Lift enclose	            2921029	                  0	                  0	                  0	            2921029	            2520119	            2921029	                  0	                  0	                  0	            2520119	            2520119	                  0	                  0	                  0	                  0	             400910	                  0	                  0	                  0	                  0	                  0	                  0	                  0	                  0	                  0	                  0	                  0	                  0	                  0	                  0	                  0	                  0	                  0	                  0	                  0	            2921029	                  0	                  0	                  0	            2921029	            2921029
**  WBS NL-N-TS2-002-02-30         Repair of J-Row Wall	            1446652	                  0	                  0	                  0	            1446652	             944708	            1446652	                  0	                  0	                  0	             944708	             944708	                  0	                  0	                  0	                  0	             501944	                  0	                  0	                  0	                  0	                  0	                  0	                  0	                  0	                  0	                  0	                  0	                  0	                  0	                  0	                  0	                  0	                  0	                  0	                  0	            1550839	                  0	                  0	                  0	            1550839	            1446652
**  WBS NL-N-TS2-002-02-33         Modification of Powe	             383179	                  0	                  0	                  0	             383179	             383179	             383179	                  0	                  0	                  0	             383179	             383179	                  0	                  0	                  0	                  0	                  0	                  0	                  0	                  0	                  0	                  0	                  0	                  0	                  0	                  0	                  0	                  0	                  0	                  0	                  0	                  0	                  0	                  0	                  0	                  0	             383179	                  0	                  0	                  0	             383179	             383179
**  WBS NL-N-TS2-002-02-34         REPAIR OF LHS TRACKS	           37419688	                  0	                  0	                  0	           37419688	           10778164	           37419688	                  0	                  0	                  0	           10778164	           10778164	                  0	                  0	                  0	                  0	           26641524	                  0	                  0	                  0	                  0	                  0	                  0	                  0	                  0	                  0	                  0	                  0	                  0	                  0	                  0	                  0	                  0	                  0	                  0	                  0	           37419688	                  0	                  0	                  0	           37419688	           37419688
**  WBS NL-N-TS2-002-02-35         Manu.&supply of slee	            8902303	                  0	                  0	                  0	            8902303	            8902303	            8902303	                  0	                  0	                  0	            7107621	            7107621	                  0	                  0	                  0	                  0	            1794682	            1794682	                  0	                  0	                  0	                  0	                  0	                  0	                  0	                  0	                  0	                  0	                  0	                  0	                  0	                  0	                  0	                  0	                  0	                  0	            8902303	                  0	                  0	                  0	            8902303	            8902303
**  WBS NL-N-TS2-002-02-38         Formation of new WBM	           46825433	                  0	                  0	                  0	           46825433	           46825340	           42691526	                  0	                  0	                  0	           11577802	           11577802	            4133907	                  0	                  0	                  0	           35247631	           35247538	                  0	                  0	                  0	                  0	                  0	                  0	                  0	                  0	                  0	                  0	                  0	                  0	                  0	                  0	                  0	                  0	                  0	                  0	           46825526	                  0	                  0	                  0	           46825526	           46825340
**  WBS NL-N-TS2-002-02-39         IMPROVE  BT ROAD TO	           40854175	                  0	                  0	                  0	           40854175	           37674704	           40854175	                  0	                  0	                  0	           37674704	           37674704	                  0	                  0	                  0	                  0	            3179470	                  0	                  0	                  0	                  0	                  0	                  0	                  0	                  0	                  0	                  0	                  0	                  0	                  0	                  0	                  0	                  0	                  0	                  0	                  0	           40854175	                  0	                  0	                  0	           40854175	           40854175
**  WBS NL-N-TS2-002-02-40         WIDEN EXISTING OUTER	           17916254	                  0	                  0	                  0	           17916254	           17916254	           13436174	                  0	                  0	                  0	            2508874	            2508874	            4480080	                  0	                  0	                  0	           15407380	           15407380	                  0	                  0	                  0	                  0	                  0	                  0	                  0	                  0	                  0	                  0	                  0	                  0	                  0	                  0	                  0	                  0	                  0	                  0	           17916254	                  0	                  0	                  0	           17916254	           17916254
**  WBS NL-N-TS2-002-02-41         galvaume sheets- tra	            4939000	                  0	                  0	                  0	            4939000	            4939000	            5323400	                  0	                  0	                  0	                  0	                  0	            -384400	                  0	                  0	                  0	            4939000	            4939000	                  0	                  0	                  0	                  0	                  0	                  0	                  0	                  0	                  0	                  0	                  0	                  0	                  0	                  0	                  0	                  0	                  0	                  0	            4939000	                  0	                  0	                  0	            4939000	            4939000
**  WBS NL-N-TS2-002-02-42         galvaume sheets-LHS	            8708869	                  0	                  0	                  0	            8708869	            8708868	            7878655	                  0	                  0	                  0	                  0	                  0	             830214	                  0	                  0	                  0	            8708869	            8708868	                  0	                  0	                  0	                  0	                  0	                  0	                  0	                  0	                  0	                  0	                  0	                  0	                  0	                  0	                  0	                  0	                  0	                  0	            8708869	                  0	                  0	                  0	            8708869	            8708868
**  WBS NL-N-TS2-002-02-43         galvaume sheets-7AB	           14052033	                  0	                  0	                  0	           14052033	           14052033	           10621883	                  0	                  0	                  0	                  0	                  0	            3430150	                  0	                  0	                  0	           14052033	           14052033	                  0	                  0	                  0	                  0	                  0	                  0	                  0	                  0	                  0	                  0	                  0	                  0	                  0	                  0	                  0	                  0	                  0	                  0	           14052033	                  0	                  0	                  0	           14052033	           14052033
**  WBS NL-N-TS2-002-02-44         LIFT CONSTRUCTION- A	            1950713	                  0	                  0	                  0	            1950713	            1950713	            1653113	                  0	                  0	                  0	                  0	                  0	             297600	                  0	                  0	                  0	            1950713	            1950713	                  0	                  0	                  0	                  0	                  0	                  0	                  0	                  0	                  0	                  0	                  0	                  0	                  0	                  0	                  0	                  0	                  0	                  0	            1950713	                  0	                  0	                  0	            1950713	            1950713
**  WBS NL-N-TS2-002-02-45         PROVIDING GALVALUME	            8620822	                  0	                  0	                  0	            8620822	                  0	            8620822	                  0	                  0	                  0	                  0	                  0	                  0	                  0	                  0	                  0	            8620822	                  0	                  0	                  0	                  0	                  0	                  0	                  0	                  0	                  0	                  0	                  0	                  0	                  0	                  0	                  0	                  0	                  0	                  0	                  0	            8620822	                  0	                  0	                  0	            8620822	            8620822
**  WBS NL-N-TS2-002-02-46         IMPROVEMENT IN CANTE	            5964987	                  0	                  0	                  0	            5964987	                  0	            5964987	                  0	                  0	                  0	                  0	                  0	                  0	                  0	                  0	                  0	            5964987	                  0	                  0	                  0	                  0	                  0	                  0	                  0	                  0	                  0	                  0	                  0	                  0	                  0	                  0	                  0	                  0	                  0	                  0	                  0	            5964987	                  0	                  0	                  0	            5964987	            5964987
**  WBS NL-N-TS2-002-02-47         RCC SETTLING TANK FO	           16938508	                  0	                  0	                  0	           16938508	                  0	           16938508	                  0	                  0	                  0	                  0	                  0	                  0	                  0	                  0	                  0	           16938508	                  0	                  0	                  0	                  0	                  0	                  0	                  0	                  0	                  0	                  0	                  0	                  0	                  0	                  0	                  0	                  0	                  0	                  0	                  0	           16938508	                  0	                  0	                  0	           16938508	           16938508
**  WBS NL-N-TS2-002-02-48         WATER PROOFING TREAT	           11092618	                  0	                  0	                  0	           11092618	                  0	           11092618	                  0	                  0	                  0	                  0	                  0	                  0	                  0	                  0	                  0	           11092618	                  0	                  0	                  0	                  0	                  0	                  0	                  0	                  0	                  0	                  0	                  0	                  0	                  0	                  0	                  0	                  0	                  0	                  0	                  0	           11092618	                  0	                  0	                  0	           11092618	           11092618
**  WBS NL-N-TS2-002-02-49         REPAIR REHABILITA CO	           34095700	                  0	                  0	                  0	           34095700	           34095700	                  0	                  0	                  0	                  0	                  0	                  0	           34095700	                  0	                  0	                  0	           34095700	           34095700	                  0	                  0	                  0	                  0	                  0	                  0	                  0	                  0	                  0	                  0	                  0	                  0	                  0	                  0	                  0	                  0	                  0	                  0	           34095700	                  0	                  0	                  0	           34095700	           34095700
**  WBS NL-N-TS2-002-02-50         Road improvement ins	           29735000	                  0	                  0	                  0	           29735000	           29735000	                  0	                  0	                  0	                  0	                  0	                  0	           29735000	                  0	                  0	                  0	           29735000	           29735000	                  0	                  0	                  0	                  0	                  0	                  0	                  0	                  0	                  0	                  0	                  0	                  0	                  0	                  0	                  0	                  0	                  0	                  0	           29735000	                  0	                  0	                  0	           29735000	           29735000
*** WBS NL-N-TS2-002-03            ELECTRICAL O & S	          114054561	                  0	                  0	                  0	          114054561	           80875822	           67036561	                  0	                  0	                  0	           31970221	           31970221	           47018000	                  0	                  0	                  0	           82084340	           48905600	                  0	                  0	                  0	                  0	                  0	                  0	                  0	                  0	                  0	                  0	                  0	                  0	                  0	                  0	                  0	                  0	                  0	                  0	          114054561	                  0	                  0	                  0	          114054561	          114054561
**  WBS NL-N-TS2-002-03-02         Battery charger 220V	            4476240	                  0	                  0	                  0	            4476240	            4476240	            4476240	                  0	                  0	                  0	            4476240	            4476240	                  0	                  0	                  0	                  0	                  0	                  0	                  0	                  0	                  0	                  0	                  0	                  0	                  0	                  0	                  0	                  0	                  0	                  0	                  0	                  0	                  0	                  0	                  0	                  0	            4476240	                  0	                  0	                  0	            4476240	            4476240
**  WBS NL-N-TS2-002-03-03         Replace  1180AH cap	           18489989	                  0	                  0	                  0	           18489989	           18489989	           18489989	                  0	                  0	                  0	           18489989	           18489989	                  0	                  0	                  0	                  0	                  0	                  0	                  0	                  0	                  0	                  0	                  0	                  0	                  0	                  0	                  0	                  0	                  0	                  0	                  0	                  0	                  0	                  0	                  0	                  0	           18489989	                  0	                  0	                  0	           18489989	           18489989
**  WBS NL-N-TS2-002-03-04         Replace 1285AH cap b	            6552406	                  0	                  0	                  0	            6552406	            6552406	            6552406	                  0	                  0	                  0	            6552406	            6552406	                  0	                  0	                  0	                  0	                  0	                  0	                  0	                  0	                  0	                  0	                  0	                  0	                  0	                  0	                  0	                  0	                  0	                  0	                  0	                  0	                  0	                  0	                  0	                  0	            6552406	                  0	                  0	                  0	            6552406	            6552406
**  WBS NL-N-TS2-002-03-10         Swyrd PLCC  48V/ 300	            2543986	                  0	                  0	                  0	            2543986	                  0	            2543986	                  0	                  0	                  0	                  0	                  0	                  0	                  0	                  0	                  0	            2543986	                  0	                  0	                  0	                  0	                  0	                  0	                  0	                  0	                  0	                  0	                  0	                  0	                  0	                  0	                  0	                  0	                  0	                  0	                  0	            2543986	                  0	                  0	                  0	            2543986	            2543986
**  WBS NL-N-TS2-002-03-11         Swyrd Source  220V/	            2932253	                  0	                  0	                  0	            2932253	                  0	            2932253	                  0	                  0	                  0	                  0	                  0	                  0	                  0	                  0	                  0	            2932253	                  0	                  0	                  0	                  0	                  0	                  0	                  0	                  0	                  0	                  0	                  0	                  0	                  0	                  0	                  0	                  0	                  0	                  0	                  0	            2932253	                  0	                  0	                  0	            2932253	            2932253
**  WBS NL-N-TS2-002-03-14         48V Thyrister based	             325000	                  0	                  0	                  0	             325000	             325000	             325000	                  0	                  0	                  0	             325000	             325000	                  0	                  0	                  0	                  0	                  0	                  0	                  0	                  0	                  0	                  0	                  0	                  0	                  0	                  0	                  0	                  0	                  0	                  0	                  0	                  0	                  0	                  0	                  0	                  0	             325000	                  0	                  0	                  0	             325000	             325000
**  WBS NL-N-TS2-002-03-21         Control cable 4 core	             730708	                  0	                  0	                  0	             730708	             730708	             730708	                  0	                  0	                  0	             730708	             730708	                  0	                  0	                  0	                  0	                  0	                  0	                  0	                  0	                  0	                  0	                  0	                  0	                  0	                  0	                  0	                  0	                  0	                  0	                  0	                  0	                  0	                  0	                  0	                  0	             730708	                  0	                  0	                  0	             730708	             730708
**  WBS NL-N-TS2-002-03-22         Battery Operated pla	             719080	                  0	                  0	                  0	             719080	             719080	             719080	                  0	                  0	                  0	             719080	             719080	                  0	                  0	                  0	                  0	                  0	                  0	                  0	                  0	                  0	                  0	                  0	                  0	                  0	                  0	                  0	                  0	                  0	                  0	                  0	                  0	                  0	                  0	                  0	                  0	             719080	                  0	                  0	                  0	             719080	             719080
**  WBS NL-N-TS2-002-03-23         1.1kV FRLS-Cu cable	             561081	                  0	                  0	                  0	             561081	             561081	             561081	                  0	                  0	                  0	             561081	             561081	                  0	                  0	                  0	                  0	                  0	                  0	                  0	                  0	                  0	                  0	                  0	                  0	                  0	                  0	                  0	                  0	                  0	                  0	                  0	                  0	                  0	                  0	                  0	                  0	             561081	                  0	                  0	                  0	             561081	             561081
**  WBS NL-N-TS2-002-03-24         1.1 KV FRLS Cu Cable	            1066184	                  0	                  0	                  0	            1066184	            1066184	            1064400	                  0	                  0	                  0	                  0	                  0	               1784	                  0	                  0	                  0	            1066184	            1066184	                  0	                  0	                  0	                  0	                  0	                  0	                  0	                  0	                  0	                  0	                  0	                  0	                  0	                  0	                  0	                  0	                  0	                  0	            1066184	                  0	                  0	                  0	            1066184	            1066184
**  WBS NL-N-TS2-002-03-25         Instrument Air Compr	             823200	                  0	                  0	                  0	             823200	             823200	             823200	                  0	                  0	                  0	                  0	                  0	                  0	                  0	                  0	                  0	             823200	             823200	                  0	                  0	                  0	                  0	                  0	                  0	                  0	                  0	                  0	                  0	                  0	                  0	                  0	                  0	                  0	                  0	                  0	                  0	             823200	                  0	                  0	                  0	             823200	             823200
**  WBS NL-N-TS2-002-03-26         GT Cooler Control Pa	            3300838	                  0	                  0	                  0	            3300838	                  0	            3300838	                  0	                  0	                  0	                  0	                  0	                  0	                  0	                  0	                  0	            3300838	                  0	                  0	                  0	                  0	                  0	                  0	                  0	                  0	                  0	                  0	                  0	                  0	                  0	                  0	                  0	                  0	                  0	                  0	                  0	            3300838	                  0	                  0	                  0	            3300838	            3300838
**  WBS NL-N-TS2-002-03-27         Clamp Meter	             115718	                  0	                  0	                  0	             115718	             115718	             115718	                  0	                  0	                  0	             115718	             115718	                  0	                  0	                  0	                  0	                  0	                  0	                  0	                  0	                  0	                  0	                  0	                  0	                  0	                  0	                  0	                  0	                  0	                  0	                  0	                  0	                  0	                  0	                  0	                  0	             115718	                  0	                  0	                  0	             115718	             115718
**  WBS NL-N-TS2-002-03-28         2X20KVA UPS FOR DRY	            5600330	                  0	                  0	                  0	            5600330	                  0	            5600330	                  0	                  0	                  0	                  0	                  0	                  0	                  0	                  0	                  0	            5600330	                  0	                  0	                  0	                  0	                  0	                  0	                  0	                  0	                  0	                  0	                  0	                  0	                  0	                  0	                  0	                  0	                  0	                  0	                  0	            5600330	                  0	                  0	                  0	            5600330	            5600330
**  WBS NL-N-TS2-002-03-29         Electronic controlle	            9000000	                  0	                  0	                  0	            9000000	            9000000	                  0	                  0	                  0	                  0	                  0	                  0	            9000000	                  0	                  0	                  0	            9000000	            9000000	                  0	                  0	                  0	                  0	                  0	                  0	                  0	                  0	                  0	                  0	                  0	                  0	                  0	                  0	                  0	                  0	                  0	                  0	            9000000	                  0	                  0	                  0	            9000000	            9000000
**  WBS NL-N-TS2-002-03-30         Centrifuge Control p	            2281333	                  0	                  0	                  0	            2281333	                  0	            2281333	                  0	                  0	                  0	                  0	                  0	                  0	                  0	                  0	                  0	            2281333	                  0	                  0	                  0	                  0	                  0	                  0	                  0	                  0	                  0	                  0	                  0	                  0	                  0	                  0	                  0	                  0	                  0	                  0	                  0	            2281333	                  0	                  0	                  0	            2281333	            2281333
**  WBS NL-N-TS2-002-03-31         MODERN-BOILER LIFT 2	           16520000	                  0	                  0	                  0	           16520000	                  0	           16520000	                  0	                  0	                  0	                  0	                  0	                  0	                  0	                  0	                  0	           16520000	                  0	                  0	                  0	                  0	                  0	                  0	                  0	                  0	                  0	                  0	                  0	                  0	                  0	                  0	                  0	                  0	                  0	                  0	                  0	           16520000	                  0	                  0	                  0	           16520000	           16520000
**  WBS NL-N-TS2-002-03-32         Battery Bank for U#5	           16655568	                  0	                  0	                  0	           16655568	           16655568	                  0	                  0	                  0	                  0	                  0	                  0	           16655568	                  0	                  0	                  0	           16655568	           16655568	                  0	                  0	                  0	                  0	                  0	                  0	                  0	                  0	                  0	                  0	                  0	                  0	                  0	                  0	                  0	                  0	                  0	                  0	           16655568	                  0	                  0	                  0	           16655568	           16655568
**  WBS NL-N-TS2-002-03-33         Battery charger for	            4048253	                  0	                  0	                  0	            4048253	            4048253	                  0	                  0	                  0	                  0	                  0	                  0	            4048253	                  0	                  0	                  0	            4048253	            4048253	                  0	                  0	                  0	                  0	                  0	                  0	                  0	                  0	                  0	                  0	                  0	                  0	                  0	                  0	                  0	                  0	                  0	                  0	            4048253	                  0	                  0	                  0	            4048253	            4048253
**  WBS NL-N-TS2-002-03-34         GT Cooler contrl Pan	            3640694	                  0	                  0	                  0	            3640694	            3640694	                  0	                  0	                  0	                  0	                  0	                  0	            3640694	                  0	                  0	                  0	            3640694	            3640694	                  0	                  0	                  0	                  0	                  0	                  0	                  0	                  0	                  0	                  0	                  0	                  0	                  0	                  0	                  0	                  0	                  0	                  0	            3640694	                  0	                  0	                  0	            3640694	            3640694
**  WBS NL-N-TS2-002-03-35         Bttry bank for UPS U	           13671702	                  0	                  0	                  0	           13671702	           13671702	                  0	                  0	                  0	                  0	                  0	                  0	           13671702	                  0	                  0	                  0	           13671702	           13671702	                  0	                  0	                  0	                  0	                  0	                  0	                  0	                  0	                  0	                  0	                  0	                  0	                  0	                  0	                  0	                  0	                  0	                  0	           13671702	                  0	                  0	                  0	           13671702	           13671702
*** WBS NL-N-TS2-002-04            ELECTRICAL MAINTENAN	         2248886780	             877000	            -877000	                  0	         2248886780	         1243122353	         2090640125	             877000	            -877000	                  0	          683654597	          683654597	          158246655	                  0	                  0	                  0	         1565232183	          559467756	                  0	                  0	                  0	                  0	                  0	                  0	                  0	                  0	                  0	                  0	                  0	                  0	                  0	                  0	                  0	                  0	                  0	                  0	         2248886780	            1461666	           -1461666	                  0	         2248886780	         2248886780
**  WBS NL-N-TS2-002-04-01         LHS CONTROLS	           25114534	                  0	                  0	                  0	           25114534	           23014467	           18041806	                  0	                  0	                  0	           15941739	           15941739	            7072728	                  0	                  0	                  0	            9172795	            7072728	                  0	                  0	                  0	                  0	                  0	                  0	                  0	                  0	                  0	                  0	                  0	                  0	                  0	                  0	                  0	                  0	                  0	                  0	           25114534	                  0	                  0	                  0	           25114534	           25114534
*   WBS NL-N-TS2-002-04-01-02       Bunker Level Transm	            5130640	                  0	                  0	                  0	            5130640	            5130640	            5130640	                  0	                  0	                  0	            5130640	            5130640	                  0	                  0	                  0	                  0	                  0	                  0	                  0	                  0	                  0	                  0	                  0	                  0	                  0	                  0	                  0	                  0	                  0	                  0	                  0	                  0	                  0	                  0	                  0	                  0	            5130640	                  0	                  0	                  0	            5130640	            5130640
*   WBS NL-N-TS2-002-04-01-04      HMI Hardware Worksta	             700500	                  0	                  0	                  0	             700500	             700500	             700500	                  0	                  0	                  0	             700500	             700500	                  0	                  0	                  0	                  0	                  0	                  0	                  0	                  0	                  0	                  0	                  0	                  0	                  0	                  0	                  0	                  0	                  0	                  0	                  0	                  0	                  0	                  0	                  0	                  0	             700500	                  0	                  0	                  0	             700500	             700500
*   WBS NL-N-TS2-002-04-01-13      Procurement of Magne	            9192000	                  0	                  0	                  0	            9192000	            9192000	            9192000	                  0	                  0	                  0	            9192000	            9192000	                  0	                  0	                  0	                  0	                  0	                  0	                  0	                  0	                  0	                  0	                  0	                  0	                  0	                  0	                  0	                  0	                  0	                  0	                  0	                  0	                  0	                  0	                  0	                  0	            9192000	                  0	                  0	                  0	            9192000	            9192000
*   WBS NL-N-TS2-002-04-01-14      2T capacity Battery	             690950	                  0	                  0	                  0	             690950	                  0	             690950	                  0	                  0	                  0	                  0	                  0	                  0	                  0	                  0	                  0	             690950	                  0	                  0	                  0	                  0	                  0	                  0	                  0	                  0	                  0	                  0	                  0	                  0	                  0	                  0	                  0	                  0	                  0	                  0	                  0	             690950	                  0	                  0	                  0	             690950	             690950
*   WBS NL-N-TS2-002-04-01-15      Linear Heat Sensing	             851240	                  0	                  0	                  0	             851240	             851240	             851240	                  0	                  0	                  0	             851240	             851240	                  0	                  0	                  0	                  0	                  0	                  0	                  0	                  0	                  0	                  0	                  0	                  0	                  0	                  0	                  0	                  0	                  0	                  0	                  0	                  0	                  0	                  0	                  0	                  0	             851240	                  0	                  0	                  0	             851240	             851240
*   WBS NL-N-TS2-002-04-01-16      Rotex 2/2 Direct Act	              67360	                  0	                  0	                  0	              67360	              67360	              67360	                  0	                  0	                  0	              67360	              67360	                  0	                  0	                  0	                  0	                  0	                  0	                  0	                  0	                  0	                  0	                  0	                  0	                  0	                  0	                  0	                  0	                  0	                  0	                  0	                  0	                  0	                  0	                  0	                  0	              67360	                  0	                  0	                  0	              67360	              67360
*   WBS NL-N-TS2-002-04-01-17      Procurement of Infra	            1409117	                  0	                  0	                  0	            1409117	                  0	            1409117	                  0	                  0	                  0	                  0	                  0	                  0	                  0	                  0	                  0	            1409117	                  0	                  0	                  0	                  0	                  0	                  0	                  0	                  0	                  0	                  0	                  0	                  0	                  0	                  0	                  0	                  0	                  0	                  0	                  0	            1409117	                  0	                  0	                  0	            1409117	            1409117
*   WBS NL-N-TS2-002-04-01-18      UPGRADE-S1-SIEMENS P	            7072728	                  0	                  0	                  0	            7072728	            7072728	                  0	                  0	                  0	                  0	                  0	                  0	            7072728	                  0	                  0	                  0	            7072728	            7072728	                  0	                  0	                  0	                  0	                  0	                  0	                  0	                  0	                  0	                  0	                  0	                  0	                  0	                  0	                  0	                  0	                  0	                  0	            7072728	                  0	                  0	                  0	            7072728	            7072728
**  WBS NL-N-TS2-002-04-02         ESP CONTROLS	           21325199	                  0	                  0	                  0	           21325199	           20276249	           21325199	                  0	                  0	                  0	           20276249	           20276249	                  0	                  0	                  0	                  0	            1048950	                  0	                  0	                  0	                  0	                  0	                  0	                  0	                  0	                  0	                  0	                  0	                  0	                  0	                  0	                  0	                  0	                  0	                  0	                  0	           21325199	                  0	                  0	                  0	           21325199	           21325199
*   WBS NL-N-TS2-002-04-02-01       Boiler Lift-5 & 6	           15340000	                  0	                  0	                  0	           15340000	           14573000	           15340000	                  0	                  0	                  0	           14573000	           14573000	                  0	                  0	                  0	                  0	             767000	                  0	                  0	                  0	                  0	                  0	                  0	                  0	                  0	                  0	                  0	                  0	                  0	                  0	                  0	                  0	                  0	                  0	                  0	                  0	           15340000	                  0	                  0	                  0	           15340000	           15340000
*   WBS NL-N-TS2-002-04-02-04      Boiler lift- 2,4 & 7	            2060705	                  0	                  0	                  0	            2060705	            2060705	            2060705	                  0	                  0	                  0	            2060705	            2060705	                  0	                  0	                  0	                  0	                  0	                  0	                  0	                  0	                  0	                  0	                  0	                  0	                  0	                  0	                  0	                  0	                  0	                  0	                  0	                  0	                  0	                  0	                  0	                  0	            2060705	                  0	                  0	                  0	            2060705	            2060705
*   WBS NL-N-TS2-002-04-02-07      Supply,Erection&Comm	            1400000	                  0	                  0	                  0	            1400000	            1400000	            1400000	                  0	                  0	                  0	            1400000	            1400000	                  0	                  0	                  0	                  0	                  0	                  0	                  0	                  0	                  0	                  0	                  0	                  0	                  0	                  0	                  0	                  0	                  0	                  0	                  0	                  0	                  0	                  0	                  0	                  0	            1400000	                  0	                  0	                  0	            1400000	            1400000
*   WBS NL-N-TS2-002-04-02-08      Retrofitting of Unit	            1112567	                  0	                  0	                  0	            1112567	            1112567	            1112567	                  0	                  0	                  0	            1112567	            1112567	                  0	                  0	                  0	                  0	                  0	                  0	                  0	                  0	                  0	                  0	                  0	                  0	                  0	                  0	                  0	                  0	                  0	                  0	                  0	                  0	                  0	                  0	                  0	                  0	            1112567	                  0	                  0	                  0	            1112567	            1112567
*   WBS NL-N-TS2-002-04-02-09      Procurement and inst	            1411927	                  0	                  0	                  0	            1411927	            1129977	            1411927	                  0	                  0	                  0	            1129977	            1129977	                  0	                  0	                  0	                  0	             281950	                  0	                  0	                  0	                  0	                  0	                  0	                  0	                  0	                  0	                  0	                  0	                  0	                  0	                  0	                  0	                  0	                  0	                  0	                  0	            1411927	                  0	                  0	                  0	            1411927	            1411927
**  WBS NL-N-TS2-002-04-03         ELECTRICAL MAINTENAN	          358819962	                  0	                  0	                  0	          358819962	          321541345	          358582245	                  0	                  0	                  0	          319301978	          319301978	             237717	                  0	                  0	                  0	           39517984	            2239367	                  0	                  0	                  0	                  0	                  0	                  0	                  0	                  0	                  0	                  0	                  0	                  0	                  0	                  0	                  0	                  0	                  0	                  0	          358819962	                  0	                  0	                  0	          358819962	          358819962
*   WBS NL-N-TS2-002-04-03-09      Retrofitting of 6.6K	           11581426	                  0	                  0	                  0	           11581426	           11581426	           11581426	                  0	                  0	                  0	           11581426	           11581426	                  0	                  0	                  0	                  0	                  0	                  0	                  0	                  0	                  0	                  0	                  0	                  0	                  0	                  0	                  0	                  0	                  0	                  0	                  0	                  0	                  0	                  0	                  0	                  0	           11581426	                  0	                  0	                  0	           11581426	           11581426
*   WBS NL-N-TS2-002-04-03-11      GENERATOR STATOR END	            6826717	                  0	                  0	                  0	            6826717	            6826717	            6826717	                  0	                  0	                  0	            6826717	            6826717	                  0	                  0	                  0	                  0	                  0	                  0	                  0	                  0	                  0	                  0	                  0	                  0	                  0	                  0	                  0	                  0	                  0	                  0	                  0	                  0	                  0	                  0	                  0	                  0	            6826717	                  0	                  0	                  0	            6826717	            6826717
*   WBS NL-N-TS2-002-04-03-12      OIP 400 KV Bushing -	            4311175	                  0	                  0	                  0	            4311175	            4311175	            4311175	                  0	                  0	                  0	            4311175	            4311175	                  0	                  0	                  0	                  0	                  0	                  0	                  0	                  0	                  0	                  0	                  0	                  0	                  0	                  0	                  0	                  0	                  0	                  0	                  0	                  0	                  0	                  0	                  0	                  0	            4311175	                  0	                  0	                  0	            4311175	            4311175
*   WBS NL-N-TS2-002-04-03-13      LVBushing for Stage-	            1947000	                  0	                  0	                  0	            1947000	            1947000	            1947000	                  0	                  0	                  0	            1947000	            1947000	                  0	                  0	                  0	                  0	                  0	                  0	                  0	                  0	                  0	                  0	                  0	                  0	                  0	                  0	                  0	                  0	                  0	                  0	                  0	                  0	                  0	                  0	                  0	                  0	            1947000	                  0	                  0	                  0	            1947000	            1947000
*   WBS NL-N-TS2-002-04-03-14      LV Bushing for Stage	             251234	                  0	                  0	                  0	             251234	             251234	             251234	                  0	                  0	                  0	             251234	             251234	                  0	                  0	                  0	                  0	                  0	                  0	                  0	                  0	                  0	                  0	                  0	                  0	                  0	                  0	                  0	                  0	                  0	                  0	                  0	                  0	                  0	                  0	                  0	                  0	             251234	                  0	                  0	                  0	             251234	             251234
*   WBS NL-N-TS2-002-04-03-15      LV Bushing for Stage	            2920500	                  0	                  0	                  0	            2920500	            2920500	            2920500	                  0	                  0	                  0	            2920500	            2920500	                  0	                  0	                  0	                  0	                  0	                  0	                  0	                  0	                  0	                  0	                  0	                  0	                  0	                  0	                  0	                  0	                  0	                  0	                  0	                  0	                  0	                  0	                  0	                  0	            2920500	                  0	                  0	                  0	            2920500	            2920500
*   WBS NL-N-TS2-002-04-03-16      LV Bushing for Stage	             502468	                  0	                  0	                  0	             502468	             502468	             502468	                  0	                  0	                  0	             502468	             502468	                  0	                  0	                  0	                  0	                  0	                  0	                  0	                  0	                  0	                  0	                  0	                  0	                  0	                  0	                  0	                  0	                  0	                  0	                  0	                  0	                  0	                  0	                  0	                  0	             502468	                  0	                  0	                  0	             502468	             502468
*   WBS NL-N-TS2-002-04-03-17      Oil Pump for stage-1	             389400	                  0	                  0	                  0	             389400	             389400	             389400	                  0	                  0	                  0	             389400	             389400	                  0	                  0	                  0	                  0	                  0	                  0	                  0	                  0	                  0	                  0	                  0	                  0	                  0	                  0	                  0	                  0	                  0	                  0	                  0	                  0	                  0	                  0	                  0	                  0	             389400	                  0	                  0	                  0	             389400	             389400
*   WBS NL-N-TS2-002-04-03-18      Oil Pump for stage-2	             389400	                  0	                  0	                  0	             389400	             389400	             389400	                  0	                  0	                  0	             389400	             389400	                  0	                  0	                  0	                  0	                  0	                  0	                  0	                  0	                  0	                  0	                  0	                  0	                  0	                  0	                  0	                  0	                  0	                  0	                  0	                  0	                  0	                  0	                  0	                  0	             389400	                  0	                  0	                  0	             389400	             389400
*   WBS NL-N-TS2-002-04-03-19      160 KVA LDB Transfor	            1402290	                  0	                  0	                  0	            1402290	            1402290	            1402290	                  0	                  0	                  0	            1402290	            1402290	                  0	                  0	                  0	                  0	                  0	                  0	                  0	                  0	                  0	                  0	                  0	                  0	                  0	                  0	                  0	                  0	                  0	                  0	                  0	                  0	                  0	                  0	                  0	                  0	            1402290	                  0	                  0	                  0	            1402290	            1402290
*   WBS NL-N-TS2-002-04-03-21      Retrofitting of Tadi	            2400000	                  0	                  0	                  0	            2400000	            2400000	            2400000	                  0	                  0	                  0	            2400000	            2400000	                  0	                  0	                  0	                  0	                  0	                  0	                  0	                  0	                  0	                  0	                  0	                  0	                  0	                  0	                  0	                  0	                  0	                  0	                  0	                  0	                  0	                  0	                  0	                  0	            2400000	                  0	                  0	                  0	            2400000	            2400000
*   WBS NL-N-TS2-002-04-03-22      Purchase of 12 KV,25	            3841473	                  0	                  0	                  0	            3841473	            3841473	            3841473	                  0	                  0	                  0	            3841473	            3841473	                  0	                  0	                  0	                  0	                  0	                  0	                  0	                  0	                  0	                  0	                  0	                  0	                  0	                  0	                  0	                  0	                  0	                  0	                  0	                  0	                  0	                  0	                  0	                  0	            3841473	                  0	                  0	                  0	            3841473	            3841473
*   WBS NL-N-TS2-002-04-03-23      Generator Seal Rings	            1517272	                  0	                  0	                  0	            1517272	            1517272	            1517272	                  0	                  0	                  0	            1517272	            1517272	                  0	                  0	                  0	                  0	                  0	                  0	                  0	                  0	                  0	                  0	                  0	                  0	                  0	                  0	                  0	                  0	                  0	                  0	                  0	                  0	                  0	                  0	                  0	                  0	            1517272	                  0	                  0	                  0	            1517272	            1517272
*   WBS NL-N-TS2-002-04-03-24      100KVA LTG Transform	             446040	                  0	                  0	                  0	             446040	             423738	             446040	                  0	                  0	                  0	             423738	             423738	                  0	                  0	                  0	                  0	              22302	                  0	                  0	                  0	                  0	                  0	                  0	                  0	                  0	                  0	                  0	                  0	                  0	                  0	                  0	                  0	                  0	                  0	                  0	                  0	             446040	                  0	                  0	                  0	             446040	             446040
*   WBS NL-N-TS2-002-04-03-25      400KVA Bore Well Tra	             472000	                  0	                  0	                  0	             472000	             472000	             472000	                  0	                  0	                  0	             472000	             472000	                  0	                  0	                  0	                  0	                  0	                  0	                  0	                  0	                  0	                  0	                  0	                  0	                  0	                  0	                  0	                  0	                  0	                  0	                  0	                  0	                  0	                  0	                  0	                  0	             472000	                  0	                  0	                  0	             472000	             472000
*   WBS NL-N-TS2-002-04-03-26      Field over voltage c	             325385	                  0	                  0	                  0	             325385	             325385	             325385	                  0	                  0	                  0	             325385	             325385	                  0	                  0	                  0	                  0	                  0	                  0	                  0	                  0	                  0	                  0	                  0	                  0	                  0	                  0	                  0	                  0	                  0	                  0	                  0	                  0	                  0	                  0	                  0	                  0	             325385	                  0	                  0	                  0	             325385	             325385
*   WBS NL-N-TS2-002-04-03-27      Differential Pressur	            3581660	                  0	                  0	                  0	            3581660	            3581660	            3581660	                  0	                  0	                  0	            3581660	            3581660	                  0	                  0	                  0	                  0	                  0	                  0	                  0	                  0	                  0	                  0	                  0	                  0	                  0	                  0	                  0	                  0	                  0	                  0	                  0	                  0	                  0	                  0	                  0	                  0	            3581660	                  0	                  0	                  0	            3581660	            3581660
*   WBS NL-N-TS2-002-04-03-28      Radio Remote Control	             304464	                  0	                  0	                  0	             304464	             304464	             304464	                  0	                  0	                  0	             304464	             304464	                  0	                  0	                  0	                  0	                  0	                  0	                  0	                  0	                  0	                  0	                  0	                  0	                  0	                  0	                  0	                  0	                  0	                  0	                  0	                  0	                  0	                  0	                  0	                  0	             304464	                  0	                  0	                  0	             304464	             304464
*   WBS NL-N-TS2-002-04-03-29      Dielectric Coating a	            1688344	                  0	                  0	                  0	            1688344	            1688344	            1688344	                  0	                  0	                  0	            1688344	            1688344	                  0	                  0	                  0	                  0	                  0	                  0	                  0	                  0	                  0	                  0	                  0	                  0	                  0	                  0	                  0	                  0	                  0	                  0	                  0	                  0	                  0	                  0	                  0	                  0	            1688344	                  0	                  0	                  0	            1688344	            1688344
*   WBS NL-N-TS2-002-04-03-30      Carbon brush holder	            2041927	                  0	                  0	                  0	            2041927	            2041927	            2041927	                  0	                  0	                  0	            2041927	            2041927	                  0	                  0	                  0	                  0	                  0	                  0	                  0	                  0	                  0	                  0	                  0	                  0	                  0	                  0	                  0	                  0	                  0	                  0	                  0	                  0	                  0	                  0	                  0	                  0	            2041927	                  0	                  0	                  0	            2041927	            2041927
*   WBS NL-N-TS2-002-04-03-32      AC Drive suitable fo	            1716500	                  0	                  0	                  0	            1716500	            1716500	            1716500	                  0	                  0	                  0	            1716500	            1716500	                  0	                  0	                  0	                  0	                  0	                  0	                  0	                  0	                  0	                  0	                  0	                  0	                  0	                  0	                  0	                  0	                  0	                  0	                  0	                  0	                  0	                  0	                  0	                  0	            1716500	                  0	                  0	                  0	            1716500	            1716500
*   WBS NL-N-TS2-002-04-03-33      Erection & Commissio	             525100	                  0	                  0	                  0	             525100	             525100	             525100	                  0	                  0	                  0	             525100	             525100	                  0	                  0	                  0	                  0	                  0	                  0	                  0	                  0	                  0	                  0	                  0	                  0	                  0	                  0	                  0	                  0	                  0	                  0	                  0	                  0	                  0	                  0	                  0	                  0	             525100	                  0	                  0	                  0	             525100	             525100
*   WBS NL-N-TS2-002-04-03-34      Complete Overhauling	             222548	                  0	                  0	                  0	             222548	             222548	             222548	                  0	                  0	                  0	             222548	             222548	                  0	                  0	                  0	                  0	                  0	                  0	                  0	                  0	                  0	                  0	                  0	                  0	                  0	                  0	                  0	                  0	                  0	                  0	                  0	                  0	                  0	                  0	                  0	                  0	             222548	                  0	                  0	                  0	             222548	             222548
*   WBS NL-N-TS2-002-04-03-36      Rectification of NGR	             283200	                  0	                  0	                  0	             283200	             283200	             283200	                  0	                  0	                  0	             283200	             283200	                  0	                  0	                  0	                  0	                  0	                  0	                  0	                  0	                  0	                  0	                  0	                  0	                  0	                  0	                  0	                  0	                  0	                  0	                  0	                  0	                  0	                  0	                  0	                  0	             283200	                  0	                  0	                  0	             283200	             283200
*   WBS NL-N-TS2-002-04-03-45      Generator Spares	             550980	                  0	                  0	                  0	             550980	             550980	             550980	                  0	                  0	                  0	             550980	             550980	                  0	                  0	                  0	                  0	                  0	                  0	                  0	                  0	                  0	                  0	                  0	                  0	                  0	                  0	                  0	                  0	                  0	                  0	                  0	                  0	                  0	                  0	                  0	                  0	             550980	                  0	                  0	                  0	             550980	             550980
*   WBS NL-N-TS2-002-04-03-51      Dry Type Indoor Exci	            8341427	                  0	                  0	                  0	            8341427	            8341427	            8341427	                  0	                  0	                  0	            8341427	            8341427	                  0	                  0	                  0	                  0	                  0	                  0	                  0	                  0	                  0	                  0	                  0	                  0	                  0	                  0	                  0	                  0	                  0	                  0	                  0	                  0	                  0	                  0	                  0	                  0	            8341427	                  0	                  0	                  0	            8341427	            8341427
*   WBS NL-N-TS2-002-04-03-52      Inter Connecting Tra	            2322594	                  0	                  0	                  0	            2322594	            2322594	            2322594	                  0	                  0	                  0	            2322594	            2322594	                  0	                  0	                  0	                  0	                  0	                  0	                  0	                  0	                  0	                  0	                  0	                  0	                  0	                  0	                  0	                  0	                  0	                  0	                  0	                  0	                  0	                  0	                  0	                  0	            2322594	                  0	                  0	                  0	            2322594	            2322594
*   WBS NL-N-TS2-002-04-03-56      Main & Stuffing Bell	             631717	                  0	                  0	                  0	             631717	             631717	             631717	                  0	                  0	                  0	             631717	             631717	                  0	                  0	                  0	                  0	                  0	                  0	                  0	                  0	                  0	                  0	                  0	                  0	                  0	                  0	                  0	                  0	                  0	                  0	                  0	                  0	                  0	                  0	                  0	                  0	             631717	                  0	                  0	                  0	             631717	             631717
*   WBS NL-N-TS2-002-04-03-57      Split AC 2 Ton Capac	            1024960	                  0	                  0	                  0	            1024960	            1024960	            1024960	                  0	                  0	                  0	            1024960	            1024960	                  0	                  0	                  0	                  0	                  0	                  0	                  0	                  0	                  0	                  0	                  0	                  0	                  0	                  0	                  0	                  0	                  0	                  0	                  0	                  0	                  0	                  0	                  0	                  0	            1024960	                  0	                  0	                  0	            1024960	            1024960
*   WBS NL-N-TS2-002-04-03-58      Rejuvenation of ESP	             552240	                  0	                  0	                  0	             552240	             552240	             552240	                  0	                  0	                  0	             552240	             552240	                  0	                  0	                  0	                  0	                  0	                  0	                  0	                  0	                  0	                  0	                  0	                  0	                  0	                  0	                  0	                  0	                  0	                  0	                  0	                  0	                  0	                  0	                  0	                  0	             552240	                  0	                  0	                  0	             552240	             552240
*   WBS NL-N-TS2-002-04-03-59      Refregirant H2 Gas D	            2468560	                  0	                  0	                  0	            2468560	            2057133	            2468560	                  0	                  0	                  0	            2057133	            2057133	                  0	                  0	                  0	                  0	             411427	                  0	                  0	                  0	                  0	                  0	                  0	                  0	                  0	                  0	                  0	                  0	                  0	                  0	                  0	                  0	                  0	                  0	                  0	                  0	            2468560	                  0	                  0	                  0	            2468560	            2468560
*   WBS NL-N-TS2-002-04-03-60      Vacuum Cleaner for H	              18336	                  0	                  0	                  0	              18336	              18336	              18336	                  0	                  0	                  0	              18336	              18336	                  0	                  0	                  0	                  0	                  0	                  0	                  0	                  0	                  0	                  0	                  0	                  0	                  0	                  0	                  0	                  0	                  0	                  0	                  0	                  0	                  0	                  0	                  0	                  0	              18336	                  0	                  0	                  0	              18336	              18336
*   WBS NL-N-TS2-002-04-03-61      REFREGIRANT TYPE H2G	            2095500	                  0	                  0	                  0	            2095500	            2095500	            2095500	                  0	                  0	                  0	            2095500	            2095500	                  0	                  0	                  0	                  0	                  0	                  0	                  0	                  0	                  0	                  0	                  0	                  0	                  0	                  0	                  0	                  0	                  0	                  0	                  0	                  0	                  0	                  0	                  0	                  0	            2095500	                  0	                  0	                  0	            2095500	            2095500
*   WBS NL-N-TS2-002-04-03-62      refurishment of Roto	          113312609	                  0	                  0	                  0	          113312609	          110070559	          113312609	                  0	                  0	                  0	          110070559	          110070559	                  0	                  0	                  0	                  0	            3242050	                  0	                  0	                  0	                  0	                  0	                  0	                  0	                  0	                  0	                  0	                  0	                  0	                  0	                  0	                  0	                  0	                  0	                  0	                  0	          113312609	                  0	                  0	                  0	          113312609	          113312609
*   WBS NL-N-TS2-002-04-03-63      Rectification of Uni	           25075000	                  0	                  0	                  0	           25075000	           25075000	           25075000	                  0	                  0	                  0	           25075000	           25075000	                  0	                  0	                  0	                  0	                  0	                  0	                  0	                  0	                  0	                  0	                  0	                  0	                  0	                  0	                  0	                  0	                  0	                  0	                  0	                  0	                  0	                  0	                  0	                  0	           25075000	                  0	                  0	                  0	           25075000	           25075000
*   WBS NL-N-TS2-002-04-03-64      digital Tachometer f	              51174	                  0	                  0	                  0	              51174	              51174	              51174	                  0	                  0	                  0	              51174	              51174	                  0	                  0	                  0	                  0	                  0	                  0	                  0	                  0	                  0	                  0	                  0	                  0	                  0	                  0	                  0	                  0	                  0	                  0	                  0	                  0	                  0	                  0	                  0	                  0	              51174	                  0	                  0	                  0	              51174	              51174
*   WBS NL-N-TS2-002-04-03-65      Top panel mount cool	            2200500	                  0	                  0	                  0	            2200500	            2200500	            2200500	                  0	                  0	                  0	            2200500	            2200500	                  0	                  0	                  0	                  0	                  0	                  0	                  0	                  0	                  0	                  0	                  0	                  0	                  0	                  0	                  0	                  0	                  0	                  0	                  0	                  0	                  0	                  0	                  0	                  0	            2200500	                  0	                  0	                  0	            2200500	            2200500
*   WBS NL-N-TS2-002-04-03-66      11/0.433kv transform	             584640	                  0	                  0	                  0	             584640	             501500	             584640	                  0	                  0	                  0	             501500	             501500	                  0	                  0	                  0	                  0	              83140	                  0	                  0	                  0	                  0	                  0	                  0	                  0	                  0	                  0	                  0	                  0	                  0	                  0	                  0	                  0	                  0	                  0	                  0	                  0	             584640	                  0	                  0	                  0	             584640	             584640
*   WBS NL-N-TS2-002-04-03-67      Seal oil pump for st	            1337577	                  0	                  0	                  0	            1337577	            1337577	            1337577	                  0	                  0	                  0	            1337577	            1337577	                  0	                  0	                  0	                  0	                  0	                  0	                  0	                  0	                  0	                  0	                  0	                  0	                  0	                  0	                  0	                  0	                  0	                  0	                  0	                  0	                  0	                  0	                  0	                  0	            1337577	                  0	                  0	                  0	            1337577	            1337577
*   WBS NL-N-TS2-002-04-03-68      tranformer movement	            3223764	                  0	                  0	                  0	            3223764	            2379430	            3223764	                  0	                  0	                  0	            2379430	            2379430	                  0	                  0	                  0	                  0	             844334	                  0	                  0	                  0	                  0	                  0	                  0	                  0	                  0	                  0	                  0	                  0	                  0	                  0	                  0	                  0	                  0	                  0	                  0	                  0	            3223764	                  0	                  0	                  0	            3223764	            3223764
*   WBS NL-N-TS2-002-04-03-69      Arresting oil leaks	             323480	                  0	                  0	                  0	             323480	             231280	             323480	                  0	                  0	                  0	             231280	             231280	                  0	                  0	                  0	                  0	              92200	                  0	                  0	                  0	                  0	                  0	                  0	                  0	                  0	                  0	                  0	                  0	                  0	                  0	                  0	                  0	                  0	                  0	                  0	                  0	             323480	                  0	                  0	                  0	             323480	             323480
*   WBS NL-N-TS2-002-04-03-70      3X240 sqmm XLPE cabl	            6101754	                  0	                  0	                  0	            6101754	            6101754	            6101754	                  0	                  0	                  0	            6101754	            6101754	                  0	                  0	                  0	                  0	                  0	                  0	                  0	                  0	                  0	                  0	                  0	                  0	                  0	                  0	                  0	                  0	                  0	                  0	                  0	                  0	                  0	                  0	                  0	                  0	            6101754	                  0	                  0	                  0	            6101754	            6101754
*   WBS NL-N-TS2-002-04-03-71      Purchase of 420 KV O	            5748960	                  0	                  0	                  0	            5748960	                  0	            5748960	                  0	                  0	                  0	                  0	                  0	                  0	                  0	                  0	                  0	            5748960	                  0	                  0	                  0	                  0	                  0	                  0	                  0	                  0	                  0	                  0	                  0	                  0	                  0	                  0	                  0	                  0	                  0	                  0	                  0	            5748960	                  0	                  0	                  0	            5748960	            5748960
*   WBS NL-N-TS2-002-04-03-72      Overhauling work of	            4029700	                  0	                  0	                  0	            4029700	            3109300	            4029700	                  0	                  0	                  0	            3109300	            3109300	                  0	                  0	                  0	                  0	             920400	                  0	                  0	                  0	                  0	                  0	                  0	                  0	                  0	                  0	                  0	                  0	                  0	                  0	                  0	                  0	                  0	                  0	                  0	                  0	            4029700	                  0	                  0	                  0	            4029700	            4029700
*   WBS NL-N-TS2-002-04-03-73      DCS 800 converter FO	            1911600	                  0	                  0	                  0	            1911600	            1911600	            1911600	                  0	                  0	                  0	            1911600	            1911600	                  0	                  0	                  0	                  0	                  0	                  0	                  0	                  0	                  0	                  0	                  0	                  0	                  0	                  0	                  0	                  0	                  0	                  0	                  0	                  0	                  0	                  0	                  0	                  0	            1911600	                  0	                  0	                  0	            1911600	            1911600
*   WBS NL-N-TS2-002-04-03-74      Purchase of 2 T batt	             505000	                  0	                  0	                  0	             505000	             505000	             505000	                  0	                  0	                  0	             505000	             505000	                  0	                  0	                  0	                  0	                  0	                  0	                  0	                  0	                  0	                  0	                  0	                  0	                  0	                  0	                  0	                  0	                  0	                  0	                  0	                  0	                  0	                  0	                  0	                  0	             505000	                  0	                  0	                  0	             505000	             505000
*   WBS NL-N-TS2-002-04-03-75      Replacement of 2650	            1633545	                  0	                  0	                  0	            1633545	            1563795	            1633545	                  0	                  0	                  0	            1563795	            1563795	                  0	                  0	                  0	                  0	              69750	                  0	                  0	                  0	                  0	                  0	                  0	                  0	                  0	                  0	                  0	                  0	                  0	                  0	                  0	                  0	                  0	                  0	                  0	                  0	            1633545	                  0	                  0	                  0	            1633545	            1633545
*   WBS NL-N-TS2-002-04-03-76      Transformer Oil IS33	                  0	                  0	                  0	                  0	                  0	                  0	                  0	                  0	                  0	                  0	                  0	                  0	                  0	                  0	                  0	                  0	                  0	                  0	                  0	                  0	                  0	                  0	                  0	                  0	                  0	                  0	                  0	                  0	                  0	                  0	                  0	                  0	                  0	                  0	                  0	                  0	                  0	                  0	                  0	                  0	                  0	                  0
*   WBS NL-N-TS2-002-04-03-77      Stator water centrif	             586090	                  0	                  0	                  0	             586090	                  0	             586090	                  0	                  0	                  0	                  0	                  0	                  0	                  0	                  0	                  0	             586090	                  0	                  0	                  0	                  0	                  0	                  0	                  0	                  0	                  0	                  0	                  0	                  0	                  0	                  0	                  0	                  0	                  0	                  0	                  0	             586090	                  0	                  0	                  0	             586090	             586090
*   WBS NL-N-TS2-002-04-03-78      ST-Repair & RC of 3.	            6941940	                  0	                  0	                  0	            6941940	            6941940	            6941940	                  0	                  0	                  0	            6941940	            6941940	                  0	                  0	                  0	                  0	                  0	                  0	                  0	                  0	                  0	                  0	                  0	                  0	                  0	                  0	                  0	                  0	                  0	                  0	                  0	                  0	                  0	                  0	                  0	                  0	            6941940	                  0	                  0	                  0	            6941940	            6941940
*   WBS NL-N-TS2-002-04-03-79      Purchase of St-I Dig	            1803654	                  0	                  0	                  0	            1803654	            1803654	            1803654	                  0	                  0	                  0	            1803654	            1803654	                  0	                  0	                  0	                  0	                  0	                  0	                  0	                  0	                  0	                  0	                  0	                  0	                  0	                  0	                  0	                  0	                  0	                  0	                  0	                  0	                  0	                  0	                  0	                  0	            1803654	                  0	                  0	                  0	            1803654	            1803654
*   WBS NL-N-TS2-002-04-03-80      Seal rings Tubine&Ex	            6194188	                  0	                  0	                  0	            6194188	            6194188	            6194188	                  0	                  0	                  0	            6194188	            6194188	                  0	                  0	                  0	                  0	                  0	                  0	                  0	                  0	                  0	                  0	                  0	                  0	                  0	                  0	                  0	                  0	                  0	                  0	                  0	                  0	                  0	                  0	                  0	                  0	            6194188	                  0	                  0	                  0	            6194188	            6194188
*   WBS NL-N-TS2-002-04-03-81      Megger make Coulomet	            1714951	                  0	                  0	                  0	            1714951	            1714951	            1714951	                  0	                  0	                  0	            1714951	            1714951	                  0	                  0	                  0	                  0	                  0	                  0	                  0	                  0	                  0	                  0	                  0	                  0	                  0	                  0	                  0	                  0	                  0	                  0	                  0	                  0	                  0	                  0	                  0	                  0	            1714951	                  0	                  0	                  0	            1714951	            1714951
*   WBS NL-N-TS2-002-04-03-83      MURR make power supp	             307941	                  0	                  0	                  0	             307941	             307941	             307941	                  0	                  0	                  0	             307941	             307941	                  0	                  0	                  0	                  0	                  0	                  0	                  0	                  0	                  0	                  0	                  0	                  0	                  0	                  0	                  0	                  0	                  0	                  0	                  0	                  0	                  0	                  0	                  0	                  0	             307941	                  0	                  0	                  0	             307941	             307941
*   WBS NL-N-TS2-002-04-03-84      Generator Stator Win	           17006868	                  0	                  0	                  0	           17006868	           17006868	           17006868	                  0	                  0	                  0	           17006868	           17006868	                  0	                  0	                  0	                  0	                  0	                  0	                  0	                  0	                  0	                  0	                  0	                  0	                  0	                  0	                  0	                  0	                  0	                  0	                  0	                  0	                  0	                  0	                  0	                  0	           17006868	                  0	                  0	                  0	           17006868	           17006868
*   WBS NL-N-TS2-002-04-03-85      Rotor Fan blades for	           29557734	                  0	                  0	                  0	           29557734	           29557734	           29557734	                  0	                  0	                  0	           29557734	           29557734	                  0	                  0	                  0	                  0	                  0	                  0	                  0	                  0	                  0	                  0	                  0	                  0	                  0	                  0	                  0	                  0	                  0	                  0	                  0	                  0	                  0	                  0	                  0	                  0	           29557734	                  0	                  0	                  0	           29557734	           29557734
*   WBS NL-N-TS2-002-04-03-86      Proc of Submersible	             204300	                  0	                  0	                  0	             204300	             204300	             204300	                  0	                  0	                  0	             204300	             204300	                  0	                  0	                  0	                  0	                  0	                  0	                  0	                  0	                  0	                  0	                  0	                  0	                  0	                  0	                  0	                  0	                  0	                  0	                  0	                  0	                  0	                  0	                  0	                  0	             204300	                  0	                  0	                  0	             204300	             204300
*   WBS NL-N-TS2-002-04-03-87      Purchase of Mill Mot	           22978497	                  0	                  0	                  0	           22978497	                  0	           22978497	                  0	                  0	                  0	                  0	                  0	                  0	                  0	                  0	                  0	           22978497	                  0	                  0	                  0	                  0	                  0	                  0	                  0	                  0	                  0	                  0	                  0	                  0	                  0	                  0	                  0	                  0	                  0	                  0	                  0	           22978497	                  0	                  0	                  0	           22978497	           22978497
*   WBS NL-N-TS2-002-04-03-88      Retrofitting of Publ	            2148367	                  0	                  0	                  0	            2148367	            2148367	            1820650	                  0	                  0	                  0	                  0	                  0	             327717	                  0	                  0	                  0	            2148367	            2148367	                  0	                  0	                  0	                  0	                  0	                  0	                  0	                  0	                  0	                  0	                  0	                  0	                  0	                  0	                  0	                  0	                  0	                  0	            2148367	                  0	                  0	                  0	            2148367	            2148367
*   WBS NL-N-TS2-002-04-03-90      Refurbishment of sea	            1056000	                  0	                  0	                  0	            1056000	                  0	            1056000	                  0	                  0	                  0	                  0	                  0	                  0	                  0	                  0	                  0	            1056000	                  0	                  0	                  0	                  0	                  0	                  0	                  0	                  0	                  0	                  0	                  0	                  0	                  0	                  0	                  0	                  0	                  0	                  0	                  0	            1056000	                  0	                  0	                  0	            1056000	            1056000
*   WBS NL-N-TS2-002-04-03-91      SCISSOR LIFT	             910000	                  0	                  0	                  0	             910000	              91000	            1000000	                  0	                  0	                  0	                  0	                  0	             -90000	                  0	                  0	                  0	             910000	              91000	                  0	                  0	                  0	                  0	                  0	                  0	                  0	                  0	                  0	                  0	                  0	                  0	                  0	                  0	                  0	                  0	                  0	                  0	             910000	                  0	                  0	                  0	             910000	             910000
*   WBS NL-N-TS2-002-04-03-92      ST work repair and r	            1108280	                  0	                  0	                  0	            1108280	             791780	            1108280	                  0	                  0	                  0	             791780	             791780	                  0	                  0	                  0	                  0	             316500	                  0	                  0	                  0	                  0	                  0	                  0	                  0	                  0	                  0	                  0	                  0	                  0	                  0	                  0	                  0	                  0	                  0	                  0	                  0	            1108280	                  0	                  0	                  0	            1108280	            1108280
*   WBS NL-N-TS2-002-04-03-93      Electrolytic Cells i	            3630510	                  0	                  0	                  0	            3630510	            3590721	            3630510	                  0	                  0	                  0	            3590721	            3590721	                  0	                  0	                  0	                  0	              39790	                  0	                  0	                  0	                  0	                  0	                  0	                  0	                  0	                  0	                  0	                  0	                  0	                  0	                  0	                  0	                  0	                  0	                  0	                  0	            3630510	                  0	                  0	                  0	            3630510	            3630510
*   WBS NL-N-TS2-002-04-03-94      Hydraulic Torque wre	            1534639	                  0	                  0	                  0	            1534639	            1534639	            1534639	                  0	                  0	                  0	            1534639	            1534639	                  0	                  0	                  0	                  0	                  0	                  0	                  0	                  0	                  0	                  0	                  0	                  0	                  0	                  0	                  0	                  0	                  0	                  0	                  0	                  0	                  0	                  0	                  0	                  0	            1534639	                  0	                  0	                  0	            1534639	            1534639
*   WBS NL-N-TS2-002-04-03-95      10 KV Insulation Tes	             802164	                  0	                  0	                  0	             802164	             802164	             802164	                  0	                  0	                  0	             802164	             802164	                  0	                  0	                  0	                  0	                  0	                  0	                  0	                  0	                  0	                  0	                  0	                  0	                  0	                  0	                  0	                  0	                  0	                  0	                  0	                  0	                  0	                  0	                  0	                  0	             802164	                  0	                  0	                  0	             802164	             802164
*   WBS NL-N-TS2-002-04-03-96      Retrofit & Upgrade t	            2408844	                  0	                  0	                  0	            2408844	            2360667	            2408844	                  0	                  0	                  0	            2360667	            2360667	                  0	                  0	                  0	                  0	              48177	                  0	                  0	                  0	                  0	                  0	                  0	                  0	                  0	                  0	                  0	                  0	                  0	                  0	                  0	                  0	                  0	                  0	                  0	                  0	            2408844	                  0	                  0	                  0	            2408844	            2408844
*   WBS NL-N-TS2-002-04-03-97      Hydogen gas Compress	           18488301	                  0	                  0	                  0	           18488301	           18488301	           18488301	                  0	                  0	                  0	           18488301	           18488301	                  0	                  0	                  0	                  0	                  0	                  0	                  0	                  0	                  0	                  0	                  0	                  0	                  0	                  0	                  0	                  0	                  0	                  0	                  0	                  0	                  0	                  0	                  0	                  0	           18488301	                  0	                  0	                  0	           18488301	           18488301
*   WBS NL-N-TS2-002-04-03-98      Supply,insta and com	            2477528	                  0	                  0	                  0	            2477528	            2477528	            2477528	                  0	                  0	                  0	            2477528	            2477528	                  0	                  0	                  0	                  0	                  0	                  0	                  0	                  0	                  0	                  0	                  0	                  0	                  0	                  0	                  0	                  0	                  0	                  0	                  0	                  0	                  0	                  0	                  0	                  0	            2477528	                  0	                  0	                  0	            2477528	            2477528
*   WBS NL-N-TS2-002-04-03-99      1cX1000 Sq mm Al XLP	            3026029	                  0	                  0	                  0	            3026029	            3026029	            3026029	                  0	                  0	                  0	            3026029	            3026029	                  0	                  0	                  0	                  0	                  0	                  0	                  0	                  0	                  0	                  0	                  0	                  0	                  0	                  0	                  0	                  0	                  0	                  0	                  0	                  0	                  0	                  0	                  0	                  0	            3026029	                  0	                  0	                  0	            3026029	            3026029
**  WBS NL-N-TS2-002-04-04         ELECTRICAL MAINTENAN	           82941751	                  0	                  0	                  0	           82941751	           49134783	           70834598	                  0	                  0	                  0	           36621646	           36621646	           12107153	                  0	                  0	                  0	           46320104	           12513137	                  0	                  0	                  0	                  0	                  0	                  0	                  0	                  0	                  0	                  0	                  0	                  0	                  0	                  0	                  0	                  0	                  0	                  0	           82941751	                  0	                  0	                  0	           82941751	           82941751
*   WBS NL-N-TS2-002-04-04-09      Purchase of Switchge	            5707638	                  0	                  0	                  0	            5707638	            5707638	            5707638	                  0	                  0	                  0	            5707638	            5707638	                  0	                  0	                  0	                  0	                  0	                  0	                  0	                  0	                  0	                  0	                  0	                  0	                  0	                  0	                  0	                  0	                  0	                  0	                  0	                  0	                  0	                  0	                  0	                  0	            5707638	                  0	                  0	                  0	            5707638	            5707638
*   WBS NL-N-TS2-002-04-04-10      Retrofit  of Switchg	            2259374	                  0	                  0	                  0	            2259374	            2239534	            2259374	                  0	                  0	                  0	            2239534	            2239534	                  0	                  0	                  0	                  0	              19840	                  0	                  0	                  0	                  0	                  0	                  0	                  0	                  0	                  0	                  0	                  0	                  0	                  0	                  0	                  0	                  0	                  0	                  0	                  0	            2259374	                  0	                  0	                  0	            2259374	            2259374
*   WBS NL-N-TS2-002-04-04-11      PMCC panel for Stage	           12824240	                  0	                  0	                  0	           12824240	                  0	           12824240	                  0	                  0	                  0	                  0	                  0	                  0	                  0	                  0	                  0	           12824240	                  0	                  0	                  0	                  0	                  0	                  0	                  0	                  0	                  0	                  0	                  0	                  0	                  0	                  0	                  0	                  0	                  0	                  0	                  0	           12824240	                  0	                  0	                  0	           12824240	           12824240
*   WBS NL-N-TS2-002-04-04-12      PMCC panel for Stage	           23782133	                  0	                  0	                  0	           23782133	           17123123	           23782133	                  0	                  0	                  0	           17123123	           17123123	                  0	                  0	                  0	                  0	            6659010	                  0	                  0	                  0	                  0	                  0	                  0	                  0	                  0	                  0	                  0	                  0	                  0	                  0	                  0	                  0	                  0	                  0	                  0	                  0	           23782133	                  0	                  0	                  0	           23782133	           23782133
*   WBS NL-N-TS2-002-04-04-13      Supply of spares&Rep	            1873580	                  0	                  0	                  0	            1873580	            1873457	            1873580	                  0	                  0	                  0	            1873457	            1873457	                  0	                  0	                  0	                  0	                123	                  0	                  0	                  0	                  0	                  0	                  0	                  0	                  0	                  0	                  0	                  0	                  0	                  0	                  0	                  0	                  0	                  0	                  0	                  0	            1873580	                  0	                  0	                  0	            1873580	            1873580
*   WBS NL-N-TS2-002-04-04-14      Refurbish of Festoon	            1430560	                  0	                  0	                  0	            1430560	            1429792	            1430560	                  0	                  0	                  0	            1429792	            1429792	                  0	                  0	                  0	                  0	                768	                  0	                  0	                  0	                  0	                  0	                  0	                  0	                  0	                  0	                  0	                  0	                  0	                  0	                  0	                  0	                  0	                  0	                  0	                  0	            1430560	                  0	                  0	                  0	            1430560	            1430560
*   WBS NL-N-TS2-002-04-04-26      2 ton  Battery power	             514985	                  0	                  0	                  0	             514985	             514985	             514985	                  0	                  0	                  0	             514985	             514985	                  0	                  0	                  0	                  0	                  0	                  0	                  0	                  0	                  0	                  0	                  0	                  0	                  0	                  0	                  0	                  0	                  0	                  0	                  0	                  0	                  0	                  0	                  0	                  0	             514985	                  0	                  0	                  0	             514985	             514985
*   WBS NL-N-TS2-002-04-04-27      2 Ton Battery powere	             516670	                  0	                  0	                  0	             516670	             516670	             516670	                  0	                  0	                  0	             516670	             516670	                  0	                  0	                  0	                  0	                  0	                  0	                  0	                  0	                  0	                  0	                  0	                  0	                  0	                  0	                  0	                  0	                  0	                  0	                  0	                  0	                  0	                  0	                  0	                  0	             516670	                  0	                  0	                  0	             516670	             516670
*   WBS NL-N-TS2-002-04-04-28      Refurbish of 3.5cX30	             526019	                  0	                  0	                  0	             526019	             526019	             526019	                  0	                  0	                  0	             526019	             526019	                  0	                  0	                  0	                  0	                  0	                  0	                  0	                  0	                  0	                  0	                  0	                  0	                  0	                  0	                  0	                  0	                  0	                  0	                  0	                  0	                  0	                  0	                  0	                  0	             526019	                  0	                  0	                  0	             526019	             526019
*   WBS NL-N-TS2-002-04-04-29      Procurement of Dewat	             136732	                  0	                  0	                  0	             136732	             136732	             136732	                  0	                  0	                  0	             136732	             136732	                  0	                  0	                  0	                  0	                  0	                  0	                  0	                  0	                  0	                  0	                  0	                  0	                  0	                  0	                  0	                  0	                  0	                  0	                  0	                  0	                  0	                  0	                  0	                  0	             136732	                  0	                  0	                  0	             136732	             136732
*   WBS NL-N-TS2-002-04-04-30      Procurement of MCM M	             190000	                  0	                  0	                  0	             190000	             190000	             190000	                  0	                  0	                  0	             190000	             190000	                  0	                  0	                  0	                  0	                  0	                  0	                  0	                  0	                  0	                  0	                  0	                  0	                  0	                  0	                  0	                  0	                  0	                  0	                  0	                  0	                  0	                  0	                  0	                  0	             190000	                  0	                  0	                  0	             190000	             190000
*   WBS NL-N-TS2-002-04-04-31      Rotork make actuator	            1635298	                  0	                  0	                  0	            1635298	            1635298	            1635298	                  0	                  0	                  0	            1635298	            1635298	                  0	                  0	                  0	                  0	                  0	                  0	                  0	                  0	                  0	                  0	                  0	                  0	                  0	                  0	                  0	                  0	                  0	                  0	                  0	                  0	                  0	                  0	                  0	                  0	            1635298	                  0	                  0	                  0	            1635298	            1635298
*   WBS NL-N-TS2-002-04-04-32      Procurement of Stage	            1905927	                  0	                  0	                  0	            1905927	            1905927	            1905927	                  0	                  0	                  0	            1905927	            1905927	                  0	                  0	                  0	                  0	                  0	                  0	                  0	                  0	                  0	                  0	                  0	                  0	                  0	                  0	                  0	                  0	                  0	                  0	                  0	                  0	                  0	                  0	                  0	                  0	            1905927	                  0	                  0	                  0	            1905927	            1905927
*   WBS NL-N-TS2-002-04-04-33      Procurement of motor	            2087898	                  0	                  0	                  0	            2087898	            1408934	            2087898	                  0	                  0	                  0	            1408934	            1408934	                  0	                  0	                  0	                  0	             678963	                  0	                  0	                  0	                  0	                  0	                  0	                  0	                  0	                  0	                  0	                  0	                  0	                  0	                  0	                  0	                  0	                  0	                  0	                  0	            2087898	                  0	                  0	                  0	            2087898	            2087898
*   WBS NL-N-TS2-002-04-04-34      1100 V greade 3Cx2.5	            1878087	                  0	                  0	                  0	            1878087	                  0	            1878087	                  0	                  0	                  0	                  0	                  0	                  0	                  0	                  0	                  0	            1878087	                  0	                  0	                  0	                  0	                  0	                  0	                  0	                  0	                  0	                  0	                  0	                  0	                  0	                  0	                  0	                  0	                  0	                  0	                  0	            1878087	                  0	                  0	                  0	            1878087	            1878087
*   WBS NL-N-TS2-002-04-04-35      Purchase of 12"/15"/	            1317736	                  0	                  0	                  0	            1317736	             281100	            1317736	                  0	                  0	                  0	             281100	             281100	                  0	                  0	                  0	                  0	            1036635	                  0	                  0	                  0	                  0	                  0	                  0	                  0	                  0	                  0	                  0	                  0	                  0	                  0	                  0	                  0	                  0	                  0	                  0	                  0	            1317736	                  0	                  0	                  0	            1317736	            1317736
*   WBS NL-N-TS2-002-04-04-36      1100V grade,3.5C*35	             741735	                  0	                  0	                  0	             741735	             741735	             741735	                  0	                  0	                  0	             741735	             741735	                  0	                  0	                  0	                  0	                  0	                  0	                  0	                  0	                  0	                  0	                  0	                  0	                  0	                  0	                  0	                  0	                  0	                  0	                  0	                  0	                  0	                  0	                  0	                  0	             741735	                  0	                  0	                  0	             741735	             741735
*   WBS NL-N-TS2-002-04-04-39      1100V grade , 3.5 C	            2264000	                  0	                  0	                  0	            2264000	                  0	            2264000	                  0	                  0	                  0	                  0	                  0	                  0	                  0	                  0	                  0	            2264000	                  0	                  0	                  0	                  0	                  0	                  0	                  0	                  0	                  0	                  0	                  0	                  0	                  0	                  0	                  0	                  0	                  0	                  0	                  0	            2264000	                  0	                  0	                  0	            2264000	            2264000
*   WBS NL-N-TS2-002-04-04-40      1100V grade 3CX4sqmm	             384000	                  0	                  0	                  0	             384000	                  0	             384000	                  0	                  0	                  0	                  0	                  0	                  0	                  0	                  0	                  0	             384000	                  0	                  0	                  0	                  0	                  0	                  0	                  0	                  0	                  0	                  0	                  0	                  0	                  0	                  0	                  0	                  0	                  0	                  0	                  0	             384000	                  0	                  0	                  0	             384000	             384000
*   WBS NL-N-TS2-002-04-04-41      WBS-Budget-Repair& R	             394399	                  0	                  0	                  0	             394399	             390703	             394399	                  0	                  0	                  0	             390703	             390703	                  0	                  0	                  0	                  0	               3696	                  0	                  0	                  0	                  0	                  0	                  0	                  0	                  0	                  0	                  0	                  0	                  0	                  0	                  0	                  0	                  0	                  0	                  0	                  0	             394399	                  0	                  0	                  0	             394399	             394399
*   WBS NL-N-TS2-002-04-04-42      FIRE SURVIVAL CABLES	            2022738	                  0	                  0	                  0	            2022738	                  0	            2411440	                  0	                  0	                  0	                  0	                  0	            -388702	                  0	                  0	                  0	            2022738	                  0	                  0	                  0	                  0	                  0	                  0	                  0	                  0	                  0	                  0	                  0	                  0	                  0	                  0	                  0	                  0	                  0	                  0	                  0	            2022738	                  0	                  0	                  0	            2022738	            2022738
*   WBS NL-N-TS2-002-04-04-43      1100v grade 3.5C X 2	            1998000	                  0	                  0	                  0	            1998000	                  0	            1998000	                  0	                  0	                  0	                  0	                  0	                  0	                  0	                  0	                  0	            1998000	                  0	                  0	                  0	                  0	                  0	                  0	                  0	                  0	                  0	                  0	                  0	                  0	                  0	                  0	                  0	                  0	                  0	                  0	                  0	            1998000	                  0	                  0	                  0	            1998000	            1998000
*   WBS NL-N-TS2-002-04-04-44      Proc-SIRENS ALONG WI	             409266	                  0	                  0	                  0	             409266	                  0	             426549	                  0	                  0	                  0	                  0	                  0	             -17283	                  0	                  0	                  0	             409266	                  0	                  0	                  0	                  0	                  0	                  0	                  0	                  0	                  0	                  0	                  0	                  0	                  0	                  0	                  0	                  0	                  0	                  0	                  0	             409266	                  0	                  0	                  0	             409266	             409266
*   WBS NL-N-TS2-002-04-04-45      ARMORED COPPER POWER	            1480000	                  0	                  0	                  0	            1480000	                  0	            1480000	                  0	                  0	                  0	                  0	                  0	                  0	                  0	                  0	                  0	            1480000	                  0	                  0	                  0	                  0	                  0	                  0	                  0	                  0	                  0	                  0	                  0	                  0	                  0	                  0	                  0	                  0	                  0	                  0	                  0	            1480000	                  0	                  0	                  0	            1480000	            1480000
*   WBS NL-N-TS2-002-04-04-46      Proc of 76 nos of LT	            2147600	                  0	                  0	                  0	            2147600	                  0	            2147600	                  0	                  0	                  0	                  0	                  0	                  0	                  0	                  0	                  0	            2147600	                  0	                  0	                  0	                  0	                  0	                  0	                  0	                  0	                  0	                  0	                  0	                  0	                  0	                  0	                  0	                  0	                  0	                  0	                  0	            2147600	                  0	                  0	                  0	            2147600	            2147600
*   WBS NL-N-TS2-002-04-04-47      1.1kV armoured Al Ca	            2320000	                  0	                  0	                  0	            2320000	            2320000	                  0	                  0	                  0	                  0	                  0	                  0	            2320000	                  0	                  0	                  0	            2320000	            2320000	                  0	                  0	                  0	                  0	                  0	                  0	                  0	                  0	                  0	                  0	                  0	                  0	                  0	                  0	                  0	                  0	                  0	                  0	            2320000	                  0	                  0	                  0	            2320000	            2320000
*   WBS NL-N-TS2-002-04-04-48      out door type bore w	           10193137	                  0	                  0	                  0	           10193137	           10193137	                  0	                  0	                  0	                  0	                  0	                  0	           10193137	                  0	                  0	                  0	           10193137	           10193137	                  0	                  0	                  0	                  0	                  0	                  0	                  0	                  0	                  0	                  0	                  0	                  0	                  0	                  0	                  0	                  0	                  0	                  0	           10193137	                  0	                  0	                  0	           10193137	           10193137
**  WBS NL-N-TS2-002-04-05         SWITCH YARD	          297672031	             877000	            -877000	                  0	          297672031	          139031100	          246360138	             877000	            -877000	                  0	           87719207	           87719207	           51311894	                  0	                  0	                  0	          209952825	           51311894	                  0	                  0	                  0	                  0	                  0	                  0	                  0	                  0	                  0	                  0	                  0	                  0	                  0	                  0	                  0	                  0	                  0	                  0	          297672031	            1461666	           -1461666	                  0	          297672031	          297672031
*   WBS NL-N-TS2-002-04-05-03      Thermal Imaging Came	            3657174	                  0	                  0	                  0	            3657174	            3657174	            3657174	                  0	                  0	                  0	            3657174	            3657174	                  0	                  0	                  0	                  0	                  0	                  0	                  0	                  0	                  0	                  0	                  0	                  0	                  0	                  0	                  0	                  0	                  0	                  0	                  0	                  0	                  0	                  0	                  0	                  0	            3657174	                  0	                  0	                  0	            3657174	            3657174
*   WBS NL-N-TS2-002-04-05-04       Self propelled Scis	             465000	                  0	                  0	                  0	             465000	             465000	             465000	                  0	                  0	                  0	             465000	             465000	                  0	                  0	                  0	                  0	                  0	                  0	                  0	                  0	                  0	                  0	                  0	                  0	                  0	                  0	                  0	                  0	                  0	                  0	                  0	                  0	                  0	                  0	                  0	                  0	             465000	                  0	                  0	                  0	             465000	             465000
*   WBS NL-N-TS2-002-04-05-11      360KV 20KA DISCHARGE	            1505226	                  0	                  0	                  0	            1505226	            1505226	            1505226	                  0	                  0	                  0	            1505226	            1505226	                  0	                  0	                  0	                  0	                  0	                  0	                  0	                  0	                  0	                  0	                  0	                  0	                  0	                  0	                  0	                  0	                  0	                  0	                  0	                  0	                  0	                  0	                  0	                  0	            1505226	                  0	                  0	                  0	            1505226	            1505226
*   WBS NL-N-TS2-002-04-05-12      245KV CTs Type-I & I	            8544755	                  0	                  0	                  0	            8544755	            8544755	            8544755	                  0	                  0	                  0	            8544755	            8544755	                  0	                  0	                  0	                  0	                  0	                  0	                  0	                  0	                  0	                  0	                  0	                  0	                  0	                  0	                  0	                  0	                  0	                  0	                  0	                  0	                  0	                  0	                  0	                  0	            8544755	                  0	                  0	                  0	            8544755	            8544755
*   WBS NL-N-TS2-002-04-05-13      Clamps for HTLS Cond	             873047	                  0	                  0	                  0	             873047	             873047	             873047	                  0	                  0	                  0	             873047	             873047	                  0	                  0	                  0	                  0	                  0	                  0	                  0	                  0	                  0	                  0	                  0	                  0	                  0	                  0	                  0	                  0	                  0	                  0	                  0	                  0	                  0	                  0	                  0	                  0	             873047	                  0	                  0	                  0	             873047	             873047
*   WBS NL-N-TS2-002-04-05-14      Self propelled Artic	           11867364	                  0	                  0	                  0	           11867364	                  0	           11867364	                  0	                  0	                  0	                  0	                  0	                  0	                  0	                  0	                  0	           11867364	                  0	                  0	                  0	                  0	                  0	                  0	                  0	                  0	                  0	                  0	                  0	                  0	                  0	                  0	                  0	                  0	                  0	                  0	                  0	           11867364	                  0	                  0	                  0	           11867364	           11867364
*   WBS NL-N-TS2-002-04-05-15      245KV SPRING OPERATE	           11206362	                  0	                  0	                  0	           11206362	           11206362	            1659479	                  0	                  0	                  0	            1659479	            1659479	            9546883	                  0	                  0	                  0	            9546883	            9546883	                  0	                  0	                  0	                  0	                  0	                  0	                  0	                  0	                  0	                  0	                  0	                  0	                  0	                  0	                  0	                  0	                  0	                  0	           11206362	                  0	                  0	                  0	           11206362	           11206362
*   WBS NL-N-TS2-002-04-05-16      Retrofit of 245KV Is	            8254704	                  0	                  0	                  0	            8254704	                  0	            8254704	                  0	                  0	                  0	                  0	                  0	                  0	                  0	                  0	                  0	            8254704	                  0	                  0	                  0	                  0	                  0	                  0	                  0	                  0	                  0	                  0	                  0	                  0	                  0	                  0	                  0	                  0	                  0	                  0	                  0	            8254704	                  0	                  0	                  0	            8254704	            8254704
*   WBS NL-N-TS2-002-04-05-17      245KV SF6 Gas Curren	            8989240	                  0	                  0	                  0	            8989240	                  0	            8989240	                  0	                  0	                  0	                  0	                  0	                  0	                  0	                  0	                  0	            8989240	                  0	                  0	                  0	                  0	                  0	                  0	                  0	                  0	                  0	                  0	                  0	                  0	                  0	                  0	                  0	                  0	                  0	                  0	                  0	            8989240	                  0	                  0	                  0	            8989240	            8989240
*   WBS NL-N-TS2-002-04-05-18      400KV Capacitance Vo	            2458380	                  0	                  0	                  0	            2458380	            2458380	            2458380	                  0	                  0	                  0	            2458380	            2458380	                  0	                  0	                  0	                  0	                  0	                  0	                  0	                  0	                  0	                  0	                  0	                  0	                  0	                  0	                  0	                  0	                  0	                  0	                  0	                  0	                  0	                  0	                  0	                  0	            2458380	                  0	                  0	                  0	            2458380	            2458380
*   WBS NL-N-TS2-002-04-05-19      Replacement of fault	             634910	                  0	                  0	                  0	             634910	             618910	             634910	                  0	                  0	                  0	             618910	             618910	                  0	                  0	                  0	                  0	              16000	                  0	                  0	                  0	                  0	                  0	                  0	                  0	                  0	                  0	                  0	                  0	                  0	                  0	                  0	                  0	                  0	                  0	                  0	                  0	             634910	                  0	                  0	                  0	             634910	             634910
*   WBS NL-N-TS2-002-04-05-20      Dead end & Suspensio	             687595	                  0	                  0	                  0	             687595	             687595	             687595	                  0	                  0	                  0	             687595	             687595	                  0	                  0	                  0	                  0	                  0	                  0	                  0	                  0	                  0	                  0	                  0	                  0	                  0	                  0	                  0	                  0	                  0	                  0	                  0	                  0	                  0	                  0	                  0	                  0	             687595	                  0	                  0	                  0	             687595	             687595
*   WBS NL-N-TS2-002-04-05-21      Extension of ABT EMS	            1592947	            1169334	           -1169334	                  0	            1592947	            1592947	            1592947	            1169334	           -1169334	                  0	            1592947	            1592947	                  0	                  0	                  0	                  0	                  0	                  0	                  0	                  0	                  0	                  0	                  0	                  0	                  0	                  0	                  0	                  0	                  0	                  0	                  0	                  0	                  0	                  0	                  0	                  0	            1592947	             584667	            -584667	                  0	            1592947	            1592947
*   WBS NL-N-TS2-002-04-05-23       400kV SF6 gas Curre	            3781897	                  0	                  0	                  0	            3781897	            3781897	            3781897	                  0	                  0	                  0	            3781897	            3781897	                  0	                  0	                  0	                  0	                  0	                  0	                  0	                  0	                  0	                  0	                  0	                  0	                  0	                  0	                  0	                  0	                  0	                  0	                  0	                  0	                  0	                  0	                  0	                  0	            3781897	                  0	                  0	                  0	            3781897	            3781897
*   WBS NL-N-TS2-002-04-05-24      Retrofitting of 400K	           21776117	                  0	                  0	                  0	           21776117	           21776117	           21776117	                  0	                  0	                  0	           21776117	           21776117	                  0	                  0	                  0	                  0	                  0	                  0	                  0	                  0	                  0	                  0	                  0	                  0	                  0	                  0	                  0	                  0	                  0	                  0	                  0	                  0	                  0	                  0	                  0	                  0	           21776117	                  0	                  0	                  0	           21776117	           21776117
*   WBS NL-N-TS2-002-04-05-25      Replacement of 420 K	             191160	                  0	                  0	                  0	             191160	             191160	             191160	                  0	                  0	                  0	             191160	             191160	                  0	                  0	                  0	                  0	                  0	                  0	                  0	                  0	                  0	                  0	                  0	                  0	                  0	                  0	                  0	                  0	                  0	                  0	                  0	                  0	                  0	                  0	                  0	                  0	             191160	                  0	                  0	                  0	             191160	             191160
*   WBS NL-N-TS2-002-04-05-26      400KV Spring Operate	           19846903	                  0	                  0	                  0	           19846903	           19846903	           19846903	                  0	                  0	                  0	           19846903	           19846903	                  0	                  0	                  0	                  0	                  0	                  0	                  0	                  0	                  0	                  0	                  0	                  0	                  0	                  0	                  0	                  0	                  0	                  0	                  0	                  0	                  0	                  0	                  0	                  0	           19846903	                  0	                  0	                  0	           19846903	           19846903
*   WBS NL-N-TS2-002-04-05-27      ABT Based Energy Met	           10469303	                  0	                  0	                  0	           10469303	            8724274	           10469303	                  0	                  0	                  0	            8724274	            8724274	                  0	                  0	                  0	                  0	            1745030	                  0	                  0	                  0	                  0	                  0	                  0	                  0	                  0	                  0	                  0	                  0	                  0	                  0	                  0	                  0	                  0	                  0	                  0	                  0	           10469303	                  0	                  0	                  0	           10469303	           10469303
*   WBS NL-N-TS2-002-04-05-31      ST work for Repl of	             818520	                  0	                  0	                  0	             818520	             547520	             818520	                  0	                  0	                  0	             547520	             547520	                  0	                  0	                  0	                  0	             271000	                  0	                  0	                  0	                  0	                  0	                  0	                  0	                  0	                  0	                  0	                  0	                  0	                  0	                  0	                  0	                  0	                  0	                  0	                  0	             818520	                  0	                  0	                  0	             818520	             818520
*   WBS NL-N-TS2-002-04-05-32      Reconductoring  Exis	            2147600	                  0	                  0	                  0	            2147600	            1342250	            2147600	                  0	                  0	                  0	            1342250	            1342250	                  0	                  0	                  0	                  0	             805350	                  0	                  0	                  0	                  0	                  0	                  0	                  0	                  0	                  0	                  0	                  0	                  0	                  0	                  0	                  0	                  0	                  0	                  0	                  0	            2147600	                  0	                  0	                  0	            2147600	            2147600
*   WBS NL-N-TS2-002-04-05-33      Supply & Servicing o	            9446573	                  0	                  0	                  0	            9446573	            9446573	            9446573	                  0	                  0	                  0	            9446573	            9446573	                  0	                  0	                  0	                  0	                  0	                  0	                  0	                  0	                  0	                  0	                  0	                  0	                  0	                  0	                  0	                  0	                  0	                  0	                  0	                  0	                  0	                  0	                  0	                  0	            9446573	                  0	                  0	                  0	            9446573	            9446573
*   WBS NL-N-TS2-002-04-05-34      Supply and installat	            9956000	                  0	                  0	                  0	            9956000	                  0	            9956000	                  0	                  0	                  0	                  0	                  0	                  0	                  0	                  0	                  0	            9956000	                  0	                  0	                  0	                  0	                  0	                  0	                  0	                  0	                  0	                  0	                  0	                  0	                  0	                  0	                  0	                  0	                  0	                  0	                  0	            9956000	                  0	                  0	                  0	            9956000	            9956000
*   WBS NL-N-TS2-002-04-05-35      Comm of 230 kv 1200	           82604759	                  0	                  0	                  0	           82604759	                  0	           82604759	                  0	                  0	                  0	                  0	                  0	                  0	                  0	                  0	                  0	           82604759	                  0	                  0	                  0	                  0	                  0	                  0	                  0	                  0	                  0	                  0	                  0	                  0	                  0	                  0	                  0	                  0	                  0	                  0	                  0	           82604759	                  0	                  0	                  0	           82604759	           82604759
*   WBS NL-N-TS2-002-04-05-36      PUR OF 360KV 20KA LI	            3073251	                  0	                  0	                  0	            3073251	                  0	            3073251	                  0	                  0	                  0	                  0	                  0	                  0	                  0	                  0	                  0	            3073251	                  0	                  0	                  0	                  0	                  0	                  0	                  0	                  0	                  0	                  0	                  0	                  0	                  0	                  0	                  0	                  0	                  0	                  0	                  0	            3073251	                  0	                  0	                  0	            3073251	            3073251
*   WBS NL-N-TS2-002-04-05-37      PUR OF 360KV 20KA LI	           13246674	                  0	                  0	                  0	           13246674	                  0	           13246674	                  0	                  0	                  0	                  0	                  0	                  0	                  0	                  0	                  0	           13246674	                  0	                  0	                  0	                  0	                  0	                  0	                  0	                  0	                  0	                  0	                  0	                  0	                  0	                  0	                  0	                  0	                  0	                  0	                  0	           13246674	                  0	                  0	                  0	           13246674	           13246674
*   WBS NL-N-TS2-002-04-05-39      4T BATTERY OPERATED	           13110000	                  0	                  0	                  0	           13110000	                  0	           13110000	                  0	                  0	                  0	                  0	                  0	                  0	                  0	                  0	                  0	           13110000	                  0	                  0	                  0	                  0	                  0	                  0	                  0	                  0	                  0	                  0	                  0	                  0	                  0	                  0	                  0	                  0	                  0	                  0	                  0	           13110000	                  0	                  0	                  0	           13110000	           13110000
*   WBS NL-N-TS2-002-04-05-40      SF6 GAS ANALYZER	            2168249	                  0	                  0	                  0	            2168249	                  0	            2168249	                  0	                  0	                  0	                  0	                  0	                  0	                  0	                  0	                  0	            2168249	                  0	                  0	                  0	                  0	                  0	                  0	                  0	                  0	                  0	                  0	                  0	                  0	                  0	                  0	                  0	                  0	                  0	                  0	                  0	            2168249	                  0	                  0	                  0	            2168249	            2168249
*   WBS NL-N-TS2-002-04-05-41      245kv SIEMENS CIRCUI	            8576202	                  0	                  0	                  0	            8576202	            8576202	                  0	                  0	                  0	                  0	                  0	                  0	            8576202	                  0	                  0	                  0	            8576202	            8576202	                  0	                  0	                  0	                  0	                  0	                  0	                  0	                  0	                  0	                  0	                  0	                  0	                  0	                  0	                  0	                  0	                  0	                  0	            8576202	                  0	                  0	                  0	            8576202	            8576202
*   WBS NL-N-TS2-002-04-05-42      BACK-UP COVER AND EA	             596048	                  0	                  0	                  0	             596048	                  0	             596048	                  0	                  0	                  0	                  0	                  0	                  0	                  0	                  0	                  0	             596048	                  0	                  0	                  0	                  0	                  0	                  0	                  0	                  0	                  0	                  0	                  0	                  0	                  0	                  0	                  0	                  0	                  0	                  0	                  0	             596048	                  0	                  0	                  0	             596048	             596048
*   WBS NL-N-TS2-002-04-05-43      PROCUREMENT OF 3NOS	            1937263	                  0	                  0	                  0	            1937263	                  0	            1937263	                  0	                  0	                  0	                  0	                  0	                  0	                  0	                  0	                  0	            1937263	                  0	                  0	                  0	                  0	                  0	                  0	                  0	                  0	                  0	                  0	                  0	                  0	                  0	                  0	                  0	                  0	                  0	                  0	                  0	            1937263	                  0	                  0	                  0	            1937263	            1937263
*   WBS NL-N-TS2-002-04-05-45      Schneider control sp	             263919	                  0	                  0	                  0	             263919	             263919	                  0	                  0	                  0	                  0	                  0	                  0	             263919	                  0	                  0	                  0	             263919	             263919	                  0	                  0	                  0	                  0	                  0	                  0	                  0	                  0	                  0	                  0	                  0	                  0	                  0	                  0	                  0	                  0	                  0	                  0	             263919	                  0	                  0	                  0	             263919	             263919
*   WBS NL-N-TS2-002-04-05-46      400 kV SF6 Spring op	           18620400	                  0	                  0	                  0	           18620400	           18620400	                  0	                  0	                  0	                  0	                  0	                  0	           18620400	                  0	                  0	                  0	           18620400	           18620400	                  0	                  0	                  0	                  0	                  0	                  0	                  0	                  0	                  0	                  0	                  0	                  0	                  0	                  0	                  0	                  0	                  0	                  0	           18620400	                  0	                  0	                  0	           18620400	           18620400
*   WBS NL-N-TS2-002-04-05-47      Retrofit of RTU Remo	           14304490	                  0	                  0	                  0	           14304490	           14304490	                  0	                  0	                  0	                  0	                  0	                  0	           14304490	                  0	                  0	                  0	           14304490	           14304490	                  0	                  0	                  0	                  0	                  0	                  0	                  0	                  0	                  0	                  0	                  0	                  0	                  0	                  0	                  0	                  0	                  0	                  0	           14304490	                  0	                  0	                  0	           14304490	           14304490
**  WBS NL-N-TS2-002-04-06         MRT	           47183356	                  0	                  0	                  0	           47183356	           34977670	           21171847	                  0	                  0	                  0	            8966161	            8966161	           26011509	                  0	                  0	                  0	           38217195	           26011509	                  0	                  0	                  0	                  0	                  0	                  0	                  0	                  0	                  0	                  0	                  0	                  0	                  0	                  0	                  0	                  0	                  0	                  0	           47183356	                  0	                  0	                  0	           47183356	           47183356
*   WBS NL-N-TS2-002-04-06-02      Numerical Motor Prot	                  0	                  0	                  0	                  0	                  0	                  0	                  0	                  0	                  0	                  0	                  0	                  0	                  0	                  0	                  0	                  0	                  0	                  0	                  0	                  0	                  0	                  0	                  0	                  0	                  0	                  0	                  0	                  0	                  0	                  0	                  0	                  0	                  0	                  0	                  0	                  0	                  0	                  0	                  0	                  0	                  0	                  0
*   WBS NL-N-TS2-002-04-06-03      Insulation Resistanc	            1148068	                  0	                  0	                  0	            1148068	            1148068	            1148068	                  0	                  0	                  0	            1148068	            1148068	                  0	                  0	                  0	                  0	                  0	                  0	                  0	                  0	                  0	                  0	                  0	                  0	                  0	                  0	                  0	                  0	                  0	                  0	                  0	                  0	                  0	                  0	                  0	                  0	            1148068	                  0	                  0	                  0	            1148068	            1148068
*   WBS NL-N-TS2-002-04-06-04      Procurement of Break	             106500	                  0	                  0	                  0	             106500	                  0	             106500	                  0	                  0	                  0	                  0	                  0	                  0	                  0	                  0	                  0	             106500	                  0	                  0	                  0	                  0	                  0	                  0	                  0	                  0	                  0	                  0	                  0	                  0	                  0	                  0	                  0	                  0	                  0	                  0	                  0	             106500	                  0	                  0	                  0	             106500	             106500
*   WBS NL-N-TS2-002-04-06-05      DELTA 4110 Megger ma	            5861591	                  0	                  0	                  0	            5861591	            5861591	            5861591	                  0	                  0	                  0	            5861591	            5861591	                  0	                  0	                  0	                  0	                  0	                  0	                  0	                  0	                  0	                  0	                  0	                  0	                  0	                  0	                  0	                  0	                  0	                  0	                  0	                  0	                  0	                  0	                  0	                  0	            5861591	                  0	                  0	                  0	            5861591	            5861591
*   WBS NL-N-TS2-002-04-06-06      Over current/Neutral	             785560	                  0	                  0	                  0	             785560	             785560	             785560	                  0	                  0	                  0	             785560	             785560	                  0	                  0	                  0	                  0	                  0	                  0	                  0	                  0	                  0	                  0	                  0	                  0	                  0	                  0	                  0	                  0	                  0	                  0	                  0	                  0	                  0	                  0	                  0	                  0	             785560	                  0	                  0	                  0	             785560	             785560
*   WBS NL-N-TS2-002-04-06-07      Procurement of new I	            8283726	                  0	                  0	                  0	            8283726	                  0	            8283726	                  0	                  0	                  0	                  0	                  0	                  0	                  0	                  0	                  0	            8283726	                  0	                  0	                  0	                  0	                  0	                  0	                  0	                  0	                  0	                  0	                  0	                  0	                  0	                  0	                  0	                  0	                  0	                  0	                  0	            8283726	                  0	                  0	                  0	            8283726	            8283726
*   WBS NL-N-TS2-002-04-06-08      purchase of 3 phase	            1170942	                  0	                  0	                  0	            1170942	            1170942	            1170942	                  0	                  0	                  0	            1170942	            1170942	                  0	                  0	                  0	                  0	                  0	                  0	                  0	                  0	                  0	                  0	                  0	                  0	                  0	                  0	                  0	                  0	                  0	                  0	                  0	                  0	                  0	                  0	                  0	                  0	            1170942	                  0	                  0	                  0	            1170942	            1170942
*   WBS NL-N-TS2-002-04-06-09      NUMERICAL MOTOR PROT	            1476582	                  0	                  0	                  0	            1476582	                  0	            1476582	                  0	                  0	                  0	                  0	                  0	                  0	                  0	                  0	                  0	            1476582	                  0	                  0	                  0	                  0	                  0	                  0	                  0	                  0	                  0	                  0	                  0	                  0	                  0	                  0	                  0	                  0	                  0	                  0	                  0	            1476582	                  0	                  0	                  0	            1476582	            1476582
*   WBS NL-N-TS2-002-04-06-10      3 phase Automatic T/	            2338878	                  0	                  0	                  0	            2338878	                  0	            2338878	                  0	                  0	                  0	                  0	                  0	                  0	                  0	                  0	                  0	            2338878	                  0	                  0	                  0	                  0	                  0	                  0	                  0	                  0	                  0	                  0	                  0	                  0	                  0	                  0	                  0	                  0	                  0	                  0	                  0	            2338878	                  0	                  0	                  0	            2338878	            2338878
*   WBS NL-N-TS2-002-04-06-11      Num microprocsr moto	           20659658	                  0	                  0	                  0	           20659658	           20659658	                  0	                  0	                  0	                  0	                  0	                  0	           20659658	                  0	                  0	                  0	           20659658	           20659658	                  0	                  0	                  0	                  0	                  0	                  0	                  0	                  0	                  0	                  0	                  0	                  0	                  0	                  0	                  0	                  0	                  0	                  0	           20659658	                  0	                  0	                  0	           20659658	           20659658
*   WBS NL-N-TS2-002-04-06-12      3phase Transf windg	            5351851	                  0	                  0	                  0	            5351851	            5351851	                  0	                  0	                  0	                  0	                  0	                  0	            5351851	                  0	                  0	                  0	            5351851	            5351851	                  0	                  0	                  0	                  0	                  0	                  0	                  0	                  0	                  0	                  0	                  0	                  0	                  0	                  0	                  0	                  0	                  0	                  0	            5351851	                  0	                  0	                  0	            5351851	            5351851
**  WBS NL-N-TS2-002-04-07         ELECTRICAL MAINTENAN	         1415829947	                  0	                  0	                  0	         1415829947	          655146738	         1354324293	                  0	                  0	                  0	          194827617	          194827617	           61505654	                  0	                  0	                  0	         1221002330	          460319121	                  0	                  0	                  0	                  0	                  0	                  0	                  0	                  0	                  0	                  0	                  0	                  0	                  0	                  0	                  0	                  0	                  0	                  0	         1415829947	                  0	                  0	                  0	         1415829947	         1415829947
*   WBS NL-N-TS2-002-04-07-01      DSES-Field discharge	            1852052	                  0	                  0	                  0	            1852052	            1852052	            1852052	                  0	                  0	                  0	            1852052	            1852052	                  0	                  0	                  0	                  0	                  0	                  0	                  0	                  0	                  0	                  0	                  0	                  0	                  0	                  0	                  0	                  0	                  0	                  0	                  0	                  0	                  0	                  0	                  0	                  0	            1852052	                  0	                  0	                  0	            1852052	            1852052
*   WBS NL-N-TS2-002-04-07-02      BHEL HVR T/F ESP STG	           18074657	                  0	                  0	                  0	           18074657	           18074657	           18074657	                  0	                  0	                  0	           18074657	           18074657	                  0	                  0	                  0	                  0	                  0	                  0	                  0	                  0	                  0	                  0	                  0	                  0	                  0	                  0	                  0	                  0	                  0	                  0	                  0	                  0	                  0	                  0	                  0	                  0	           18074657	                  0	                  0	                  0	           18074657	           18074657
*   WBS NL-N-TS2-002-04-07-03      Upgradation of DSES	           55022589	                  0	                  0	                  0	           55022589	           52131546	           55022589	                  0	                  0	                  0	           52131546	           52131546	                  0	                  0	                  0	                  0	            2891043	                  0	                  0	                  0	                  0	                  0	                  0	                  0	                  0	                  0	                  0	                  0	                  0	                  0	                  0	                  0	                  0	                  0	                  0	                  0	           55022589	                  0	                  0	                  0	           55022589	           55022589
*   WBS NL-N-TS2-002-04-07-04      Monorail of stage 1	            1119128	                  0	                  0	                  0	            1119128	            1108728	            1119128	                  0	                  0	                  0	            1108728	            1108728	                  0	                  0	                  0	                  0	              10400	                  0	                  0	                  0	                  0	                  0	                  0	                  0	                  0	                  0	                  0	                  0	                  0	                  0	                  0	                  0	                  0	                  0	                  0	                  0	            1119128	                  0	                  0	                  0	            1119128	            1119128
*   WBS NL-N-TS2-002-04-07-05      Purchase of Motorola	            2297460	                  0	                  0	                  0	            2297460	                  0	            2297460	                  0	                  0	                  0	                  0	                  0	                  0	                  0	                  0	                  0	            2297460	                  0	                  0	                  0	                  0	                  0	                  0	                  0	                  0	                  0	                  0	                  0	                  0	                  0	                  0	                  0	                  0	                  0	                  0	                  0	            2297460	                  0	                  0	                  0	            2297460	            2297460
*   WBS NL-N-TS2-002-04-07-06      Tranformer oil BDV t	             997510	                  0	                  0	                  0	             997510	             997510	             997510	                  0	                  0	                  0	             997510	             997510	                  0	                  0	                  0	                  0	                  0	                  0	                  0	                  0	                  0	                  0	                  0	                  0	                  0	                  0	                  0	                  0	                  0	                  0	                  0	                  0	                  0	                  0	                  0	                  0	             997510	                  0	                  0	                  0	             997510	             997510
*   WBS NL-N-TS2-002-04-07-07      SES and VFD	           27373050	                  0	                  0	                  0	           27373050	                  0	           27373050	                  0	                  0	                  0	                  0	                  0	                  0	                  0	                  0	                  0	           27373050	                  0	                  0	                  0	                  0	                  0	                  0	                  0	                  0	                  0	                  0	                  0	                  0	                  0	                  0	                  0	                  0	                  0	                  0	                  0	           27373050	                  0	                  0	                  0	           27373050	           27373050
*   WBS NL-N-TS2-002-04-07-08      Rectifier Spares of	             255262	                  0	                  0	                  0	             255262	                  0	             255262	                  0	                  0	                  0	                  0	                  0	                  0	                  0	                  0	                  0	             255262	                  0	                  0	                  0	                  0	                  0	                  0	                  0	                  0	                  0	                  0	                  0	                  0	                  0	                  0	                  0	                  0	                  0	                  0	                  0	             255262	                  0	                  0	                  0	             255262	             255262
*   WBS NL-N-TS2-002-04-07-09      ST contract work for	            6360200	                  0	                  0	                  0	            6360200	            6042190	            6360200	                  0	                  0	                  0	            6042190	            6042190	                  0	                  0	                  0	                  0	             318010	                  0	                  0	                  0	                  0	                  0	                  0	                  0	                  0	                  0	                  0	                  0	                  0	                  0	                  0	                  0	                  0	                  0	                  0	                  0	            6360200	                  0	                  0	                  0	            6360200	            6360200
*   WBS NL-N-TS2-002-04-07-10      Pur of self propelle	            4307000	                  0	                  0	                  0	            4307000	                  0	            4307000	                  0	                  0	                  0	                  0	                  0	                  0	                  0	                  0	                  0	            4307000	                  0	                  0	                  0	                  0	                  0	                  0	                  0	                  0	                  0	                  0	                  0	                  0	                  0	                  0	                  0	                  0	                  0	                  0	                  0	            4307000	                  0	                  0	                  0	            4307000	            4307000
*   WBS NL-N-TS2-002-04-07-11      ST work for Overhaul	            4570750	                  0	                  0	                  0	            4570750	            4119000	            4570750	                  0	                  0	                  0	            4119000	            4119000	                  0	                  0	                  0	                  0	             451750	                  0	                  0	                  0	                  0	                  0	                  0	                  0	                  0	                  0	                  0	                  0	                  0	                  0	                  0	                  0	                  0	                  0	                  0	                  0	            4570750	                  0	                  0	                  0	            4570750	            4570750
*   WBS NL-N-TS2-002-04-07-12      Purchase of Thermal	             835209	                  0	                  0	                  0	             835209	             835209	             835209	                  0	                  0	                  0	             835209	             835209	                  0	                  0	                  0	                  0	                  0	                  0	                  0	                  0	                  0	                  0	                  0	                  0	                  0	                  0	                  0	                  0	                  0	                  0	                  0	                  0	                  0	                  0	                  0	                  0	             835209	                  0	                  0	                  0	             835209	             835209
*   WBS NL-N-TS2-002-04-07-13      Retrofitting of stag	            2559484	                  0	                  0	                  0	            2559484	                  0	            2559484	                  0	                  0	                  0	                  0	                  0	                  0	                  0	                  0	                  0	            2559484	                  0	                  0	                  0	                  0	                  0	                  0	                  0	                  0	                  0	                  0	                  0	                  0	                  0	                  0	                  0	                  0	                  0	                  0	                  0	            2559484	                  0	                  0	                  0	            2559484	            2559484
*   WBS NL-N-TS2-002-04-07-14      HT Motor and cable m	            4388000	                  0	                  0	                  0	            4388000	            3545306	            4388000	                  0	                  0	                  0	            3545306	            3545306	                  0	                  0	                  0	                  0	             842694	                  0	                  0	                  0	                  0	                  0	                  0	                  0	                  0	                  0	                  0	                  0	                  0	                  0	                  0	                  0	                  0	                  0	                  0	                  0	            4388000	                  0	                  0	                  0	            4388000	            4388000
*   WBS NL-N-TS2-002-04-07-15      11000V grade 1C X630	            4623214	                  0	                  0	                  0	            4623214	                  0	            4623214	                  0	                  0	                  0	                  0	                  0	                  0	                  0	                  0	                  0	            4623214	                  0	                  0	                  0	                  0	                  0	                  0	                  0	                  0	                  0	                  0	                  0	                  0	                  0	                  0	                  0	                  0	                  0	                  0	                  0	            4623214	                  0	                  0	                  0	            4623214	            4623214
*   WBS NL-N-TS2-002-04-07-16      Megger make Micro oh	            1382663	                  0	                  0	                  0	            1382663	            1382663	            1382663	                  0	                  0	                  0	            1382663	            1382663	                  0	                  0	                  0	                  0	                  0	                  0	                  0	                  0	                  0	                  0	                  0	                  0	                  0	                  0	                  0	                  0	                  0	                  0	                  0	                  0	                  0	                  0	                  0	                  0	            1382663	                  0	                  0	                  0	            1382663	            1382663
*   WBS NL-N-TS2-002-04-07-17      Online partial disch	            1806179	                  0	                  0	                  0	            1806179	            1806179	            1806179	                  0	                  0	                  0	            1806179	            1806179	                  0	                  0	                  0	                  0	                  0	                  0	                  0	                  0	                  0	                  0	                  0	                  0	                  0	                  0	                  0	                  0	                  0	                  0	                  0	                  0	                  0	                  0	                  0	                  0	            1806179	                  0	                  0	                  0	            1806179	            1806179
*   WBS NL-N-TS2-002-04-07-18      Retrofitting of 6.6	           24464160	                  0	                  0	                  0	           24464160	           24464160	           24464160	                  0	                  0	                  0	           24464160	           24464160	                  0	                  0	                  0	                  0	                  0	                  0	                  0	                  0	                  0	                  0	                  0	                  0	                  0	                  0	                  0	                  0	                  0	                  0	                  0	                  0	                  0	                  0	                  0	                  0	           24464160	                  0	                  0	                  0	           24464160	           24464160
*   WBS NL-N-TS2-002-04-07-19      CEP Motor for St-I 6	            5809486	                  0	                  0	                  0	            5809486	                  0	            5809486	                  0	                  0	                  0	                  0	                  0	                  0	                  0	                  0	                  0	            5809486	                  0	                  0	                  0	                  0	                  0	                  0	                  0	                  0	                  0	                  0	                  0	                  0	                  0	                  0	                  0	                  0	                  0	                  0	                  0	            5809486	                  0	                  0	                  0	            5809486	            5809486
*   WBS NL-N-TS2-002-04-07-20      CAC Motor for DRY as	           13024869	                  0	                  0	                  0	           13024869	                  0	           13024887	                  0	                  0	                  0	                  0	                  0	                -18	                  0	                  0	                  0	           13024869	                  0	                  0	                  0	                  0	                  0	                  0	                  0	                  0	                  0	                  0	                  0	                  0	                  0	                  0	                  0	                  0	                  0	                  0	                  0	           13024869	                  0	                  0	                  0	           13024869	           13024869
*   WBS NL-N-TS2-002-04-07-21      Condition assesment	            1386240	                  0	                  0	                  0	            1386240	            1024240	            1386240	                  0	                  0	                  0	            1024240	            1024240	                  0	                  0	                  0	                  0	             362000	                  0	                  0	                  0	                  0	                  0	                  0	                  0	                  0	                  0	                  0	                  0	                  0	                  0	                  0	                  0	                  0	                  0	                  0	                  0	            1386240	                  0	                  0	                  0	            1386240	            1386240
*   WBS NL-N-TS2-002-04-07-22      AC drive  for 3 phas	            5876000	                  0	                  0	                  0	            5876000	            5876000	            5876000	                  0	                  0	                  0	            5876000	            5876000	                  0	                  0	                  0	                  0	                  0	                  0	                  0	                  0	                  0	                  0	                  0	                  0	                  0	                  0	                  0	                  0	                  0	                  0	                  0	                  0	                  0	                  0	                  0	                  0	            5876000	                  0	                  0	                  0	            5876000	            5876000
*   WBS NL-N-TS2-002-04-07-23      Single Core XLPE cab	           22554870	                  0	                  0	                  0	           22554870	                  0	           22554870	                  0	                  0	                  0	                  0	                  0	                  0	                  0	                  0	                  0	           22554870	                  0	                  0	                  0	                  0	                  0	                  0	                  0	                  0	                  0	                  0	                  0	                  0	                  0	                  0	                  0	                  0	                  0	                  0	                  0	           22554870	                  0	                  0	                  0	           22554870	           22554870
*   WBS NL-N-TS2-002-04-07-25      Rectifi,OH and Testi	           50220293	                  0	                  0	                  0	           50220293	           49520293	           50220293	                  0	                  0	                  0	           49520293	           49520293	                  0	                  0	                  0	                  0	             700000	                  0	                  0	                  0	                  0	                  0	                  0	                  0	                  0	                  0	                  0	                  0	                  0	                  0	                  0	                  0	                  0	                  0	                  0	                  0	           50220293	                  0	                  0	                  0	           50220293	           50220293
*   WBS NL-N-TS2-002-04-07-26      Servicing of Siemens	            1442056	                  0	                  0	                  0	            1442056	            1442056	            1442056	                  0	                  0	                  0	            1442056	            1442056	                  0	                  0	                  0	                  0	                  0	                  0	                  0	                  0	                  0	                  0	                  0	                  0	                  0	                  0	                  0	                  0	                  0	                  0	                  0	                  0	                  0	                  0	                  0	                  0	            1442056	                  0	                  0	                  0	            1442056	            1442056
*   WBS NL-N-TS2-002-04-07-27      Supply insta &comm o	            2036972	                  0	                  0	                  0	            2036972	            2036972	            2034200	                  0	                  0	                  0	                  0	                  0	               2772	                  0	                  0	                  0	            2036972	            2036972	                  0	                  0	                  0	                  0	                  0	                  0	                  0	                  0	                  0	                  0	                  0	                  0	                  0	                  0	                  0	                  0	                  0	                  0	            2036972	                  0	                  0	                  0	            2036972	            2036972
*   WBS NL-N-TS2-002-04-07-28      Procure and commissi	          313163347	                  0	                  0	                  0	          313163347	          313163347	          286747270	                  0	                  0	                  0	                  0	                  0	           26416077	                  0	                  0	                  0	          313163347	          313163347	                  0	                  0	                  0	                  0	                  0	                  0	                  0	                  0	                  0	                  0	                  0	                  0	                  0	                  0	                  0	                  0	                  0	                  0	          313163347	                  0	                  0	                  0	          313163347	          313163347
*   WBS NL-N-TS2-002-04-07-29      Refurb & rewinding o	           18227285	                  0	                  0	                  0	           18227285	            8266608	           18227285	                  0	                  0	                  0	            8266608	            8266608	                  0	                  0	                  0	                  0	            9960677	                  0	                  0	                  0	                  0	                  0	                  0	                  0	                  0	                  0	                  0	                  0	                  0	                  0	                  0	                  0	                  0	                  0	                  0	                  0	           18227285	                  0	                  0	                  0	           18227285	           18227285
*   WBS NL-N-TS2-002-04-07-30      Purchase of 3 cX240	           12901853	                  0	                  0	                  0	           12901853	             721853	           12180000	                  0	                  0	                  0	                  0	                  0	             721853	                  0	                  0	                  0	           12901853	             721853	                  0	                  0	                  0	                  0	                  0	                  0	                  0	                  0	                  0	                  0	                  0	                  0	                  0	                  0	                  0	                  0	                  0	                  0	           12901853	                  0	                  0	                  0	           12901853	           12901853
*   WBS NL-N-TS2-002-04-07-31      Purchase of Circuit	             112100	                  0	                  0	                  0	             112100	             112100	             112100	                  0	                  0	                  0	             112100	             112100	                  0	                  0	                  0	                  0	                  0	                  0	                  0	                  0	                  0	                  0	                  0	                  0	                  0	                  0	                  0	                  0	                  0	                  0	                  0	                  0	                  0	                  0	                  0	                  0	             112100	                  0	                  0	                  0	             112100	             112100
*   WBS NL-N-TS2-002-04-07-32      Retrofitting and Upg	           44096000	                  0	                  0	                  0	           44096000	                  0	           44096000	                  0	                  0	                  0	                  0	                  0	                  0	                  0	                  0	                  0	           44096000	                  0	                  0	                  0	                  0	                  0	                  0	                  0	                  0	                  0	                  0	                  0	                  0	                  0	                  0	                  0	                  0	                  0	                  0	                  0	           44096000	                  0	                  0	                  0	           44096000	           44096000
*   WBS NL-N-TS2-002-04-07-33      DCS 800 Converter un	            1970600	                  0	                  0	                  0	            1970600	            1970600	            1970600	                  0	                  0	                  0	            1970600	            1970600	                  0	                  0	                  0	                  0	                  0	                  0	                  0	                  0	                  0	                  0	                  0	                  0	                  0	                  0	                  0	                  0	                  0	                  0	                  0	                  0	                  0	                  0	                  0	                  0	            1970600	                  0	                  0	                  0	            1970600	            1970600
*   WBS NL-N-TS2-002-04-07-34      Repair and Rectifica	            7170897	                  0	                  0	                  0	            7170897	            6166189	            7170897	                  0	                  0	                  0	            6166189	            6166189	                  0	                  0	                  0	                  0	            1004708	                  0	                  0	                  0	                  0	                  0	                  0	                  0	                  0	                  0	                  0	                  0	                  0	                  0	                  0	                  0	                  0	                  0	                  0	                  0	            7170897	                  0	                  0	                  0	            7170897	            7170897
*   WBS NL-N-TS2-002-04-07-35      RETROFITTING OF VCs	            3915211	                  0	                  0	                  0	            3915211	            3660331	            3915211	                  0	                  0	                  0	            3660331	            3660331	                  0	                  0	                  0	                  0	             254880	                  0	                  0	                  0	                  0	                  0	                  0	                  0	                  0	                  0	                  0	                  0	                  0	                  0	                  0	                  0	                  0	                  0	                  0	                  0	            3915211	                  0	                  0	                  0	            3915211	            3915211
*   WBS NL-N-TS2-002-04-07-36      6 NOS OF MOTORIZED H	            5141666	                  0	                  0	                  0	            5141666	            5141666	            5133906	                  0	                  0	                  0	                  0	                  0	               7760	                  0	                  0	                  0	            5141666	            5141666	                  0	                  0	                  0	                  0	                  0	                  0	                  0	                  0	                  0	                  0	                  0	                  0	                  0	                  0	                  0	                  0	                  0	                  0	            5141666	                  0	                  0	                  0	            5141666	            5141666
*   WBS NL-N-TS2-002-04-07-37      REPAIR-RECTIFICATION	             430000	                  0	                  0	                  0	             430000	             430000	             430000	                  0	                  0	                  0	             430000	             430000	                  0	                  0	                  0	                  0	                  0	                  0	                  0	                  0	                  0	                  0	                  0	                  0	                  0	                  0	                  0	                  0	                  0	                  0	                  0	                  0	                  0	                  0	                  0	                  0	             430000	                  0	                  0	                  0	             430000	             430000
*   WBS NL-N-TS2-002-04-07-38      PURCHASE OF NEUTRAL	            1627938	                  0	                  0	                  0	            1627938	                  0	            1627938	                  0	                  0	                  0	                  0	                  0	                  0	                  0	                  0	                  0	            1627938	                  0	                  0	                  0	                  0	                  0	                  0	                  0	                  0	                  0	                  0	                  0	                  0	                  0	                  0	                  0	                  0	                  0	                  0	                  0	            1627938	                  0	                  0	                  0	            1627938	            1627938
*   WBS NL-N-TS2-002-04-07-39      TG HALL EOT CRANE EL	            1936710	                  0	                  0	                  0	            1936710	                  0	            1936710	                  0	                  0	                  0	                  0	                  0	                  0	                  0	                  0	                  0	            1936710	                  0	                  0	                  0	                  0	                  0	                  0	                  0	                  0	                  0	                  0	                  0	                  0	                  0	                  0	                  0	                  0	                  0	                  0	                  0	            1936710	                  0	                  0	                  0	            1936710	            1936710
*   WBS NL-N-TS2-002-04-07-40      MILL MOTOR-STAGE1-6.	           78906288	                  0	                  0	                  0	           78906288	                  0	           78906288	                  0	                  0	                  0	                  0	                  0	                  0	                  0	                  0	                  0	           78906288	                  0	                  0	                  0	                  0	                  0	                  0	                  0	                  0	                  0	                  0	                  0	                  0	                  0	                  0	                  0	                  0	                  0	                  0	                  0	           78906288	                  0	                  0	                  0	           78906288	           78906288
*   WBS NL-N-TS2-002-04-07-41      MILL MOTOR-STAGE2-6.	           54344666	                  0	                  0	                  0	           54344666	                  0	           54344666	                  0	                  0	                  0	                  0	                  0	                  0	                  0	                  0	                  0	           54344666	                  0	                  0	                  0	                  0	                  0	                  0	                  0	                  0	                  0	                  0	                  0	                  0	                  0	                  0	                  0	                  0	                  0	                  0	                  0	           54344666	                  0	                  0	                  0	           54344666	           54344666
*   WBS NL-N-TS2-002-04-07-42      PURS-LT CONTROL CABL	             997017	                  0	                  0	                  0	             997017	                  0	             997017	                  0	                  0	                  0	                  0	                  0	                  0	                  0	                  0	                  0	             997017	                  0	                  0	                  0	                  0	                  0	                  0	                  0	                  0	                  0	                  0	                  0	                  0	                  0	                  0	                  0	                  0	                  0	                  0	                  0	             997017	                  0	                  0	                  0	             997017	             997017
*   WBS NL-N-TS2-002-04-07-43      PURS-LT CABLES-3RD I	            2432500	                  0	                  0	                  0	            2432500	                  0	            2432500	                  0	                  0	                  0	                  0	                  0	                  0	                  0	                  0	                  0	            2432500	                  0	                  0	                  0	                  0	                  0	                  0	                  0	                  0	                  0	                  0	                  0	                  0	                  0	                  0	                  0	                  0	                  0	                  0	                  0	            2432500	                  0	                  0	                  0	            2432500	            2432500
*   WBS NL-N-TS2-002-04-07-44      30 NOS OF VACUUM CIR	           15497972	                  0	                  0	                  0	           15497972	                  0	           15497972	                  0	                  0	                  0	                  0	                  0	                  0	                  0	                  0	                  0	           15497972	                  0	                  0	                  0	                  0	                  0	                  0	                  0	                  0	                  0	                  0	                  0	                  0	                  0	                  0	                  0	                  0	                  0	                  0	                  0	           15497972	                  0	                  0	                  0	           15497972	           15497972
*   WBS NL-N-TS2-002-04-07-45      STATOR WINDING REPAI	           26693567	                  0	                  0	                  0	           26693567	           26693567	           26640658	                  0	                  0	                  0	                  0	                  0	              52909	                  0	                  0	                  0	           26693567	           26693567	                  0	                  0	                  0	                  0	                  0	                  0	                  0	                  0	                  0	                  0	                  0	                  0	                  0	                  0	                  0	                  0	                  0	                  0	           26693567	                  0	                  0	                  0	           26693567	           26693567
*   WBS NL-N-TS2-002-04-07-46      TRANSFORMER MTCE-RLA	            3138800	                  0	                  0	                  0	            3138800	            3138800	            2664000	                  0	                  0	                  0	                  0	                  0	             474800	                  0	                  0	                  0	            3138800	            3138800	                  0	                  0	                  0	                  0	                  0	                  0	                  0	                  0	                  0	                  0	                  0	                  0	                  0	                  0	                  0	                  0	                  0	                  0	            3138800	                  0	                  0	                  0	            3138800	            3138800
*   WBS NL-N-TS2-002-04-07-47      REPAIR AND RECTIFICA	            4032250	                  0	                  0	                  0	            4032250	                  0	            4032250	                  0	                  0	                  0	                  0	                  0	                  0	                  0	                  0	                  0	            4032250	                  0	                  0	                  0	                  0	                  0	                  0	                  0	                  0	                  0	                  0	                  0	                  0	                  0	                  0	                  0	                  0	                  0	                  0	                  0	            4032250	                  0	                  0	                  0	            4032250	            4032250
*   WBS NL-N-TS2-002-04-07-48      PURC 3 NO OIP TYPE H	            4747753	                  0	                  0	                  0	            4747753	            4747753	            4740000	                  0	                  0	                  0	                  0	                  0	               7753	                  0	                  0	                  0	            4747753	            4747753	                  0	                  0	                  0	                  0	                  0	                  0	                  0	                  0	                  0	                  0	                  0	                  0	                  0	                  0	                  0	                  0	                  0	                  0	            4747753	                  0	                  0	                  0	            4747753	            4747753
*   WBS NL-N-TS2-002-04-07-49      REPAIR & RECT/ 6.6 K	            6735000	                  0	                  0	                  0	            6735000	                  0	            6735000	                  0	                  0	                  0	                  0	                  0	                  0	                  0	                  0	                  0	            6735000	                  0	                  0	                  0	                  0	                  0	                  0	                  0	                  0	                  0	                  0	                  0	                  0	                  0	                  0	                  0	                  0	                  0	                  0	                  0	            6735000	                  0	                  0	                  0	            6735000	            6735000
*   WBS NL-N-TS2-002-04-07-50      TRANSFORMER OIL-100K	           17950000	                  0	                  0	                  0	           17950000	                  0	           17950000	                  0	                  0	                  0	                  0	                  0	                  0	                  0	                  0	                  0	           17950000	                  0	                  0	                  0	                  0	                  0	                  0	                  0	                  0	                  0	                  0	                  0	                  0	                  0	                  0	                  0	                  0	                  0	                  0	                  0	           17950000	                  0	                  0	                  0	           17950000	           17950000
*   WBS NL-N-TS2-002-04-07-51      STATOR WINDING BARS	          387608760	                  0	                  0	                  0	          387608760	                  0	          387608760	                  0	                  0	                  0	                  0	                  0	                  0	                  0	                  0	                  0	          387608760	                  0	                  0	                  0	                  0	                  0	                  0	                  0	                  0	                  0	                  0	                  0	                  0	                  0	                  0	                  0	                  0	                  0	                  0	                  0	          387608760	                  0	                  0	                  0	          387608760	          387608760
*   WBS NL-N-TS2-002-04-07-52      overhauling 6.6 kv m	            7942500	                  0	                  0	                  0	            7942500	                  0	            7942500	                  0	                  0	                  0	                  0	                  0	                  0	                  0	                  0	                  0	            7942500	                  0	                  0	                  0	                  0	                  0	                  0	                  0	                  0	                  0	                  0	                  0	                  0	                  0	                  0	                  0	                  0	                  0	                  0	                  0	            7942500	                  0	                  0	                  0	            7942500	            7942500
*   WBS NL-N-TS2-002-04-07-53      I/O Carrier,rofinet	            1819610	                  0	                  0	                  0	            1819610	            1819610	            1819610	                  0	                  0	                  0	                  0	                  0	                  0	                  0	                  0	                  0	            1819610	            1819610	                  0	                  0	                  0	                  0	                  0	                  0	                  0	                  0	                  0	                  0	                  0	                  0	                  0	                  0	                  0	                  0	                  0	                  0	            1819610	                  0	                  0	                  0	            1819610	            1819610
*   WBS NL-N-TS2-002-04-07-54      6.6KV, 1800KW, 994RP	           24794750	                  0	                  0	                  0	           24794750	                  0	           24794750	                  0	                  0	                  0	                  0	                  0	                  0	                  0	                  0	                  0	           24794750	                  0	                  0	                  0	                  0	                  0	                  0	                  0	                  0	                  0	                  0	                  0	                  0	                  0	                  0	                  0	                  0	                  0	                  0	                  0	           24794750	                  0	                  0	                  0	           24794750	           24794750
*   WBS NL-N-TS2-002-04-07-55      FAULT IDENTIFICATION	           79556763	                  0	                  0	                  0	           79556763	           79556763	           67420985	                  0	                  0	                  0	                  0	                  0	           12135778	                  0	                  0	                  0	           79556763	           79556763	                  0	                  0	                  0	                  0	                  0	                  0	                  0	                  0	                  0	                  0	                  0	                  0	                  0	                  0	                  0	                  0	                  0	                  0	           79556763	                  0	                  0	                  0	           79556763	           79556763
*   WBS NL-N-TS2-002-04-07-56      Voltage Transformers	            1612819	                  0	                  0	                  0	            1612819	            1612819	            1612819	                  0	                  0	                  0	                  0	                  0	                  0	                  0	                  0	                  0	            1612819	            1612819	                  0	                  0	                  0	                  0	                  0	                  0	                  0	                  0	                  0	                  0	                  0	                  0	                  0	                  0	                  0	                  0	                  0	                  0	            1612819	                  0	                  0	                  0	            1612819	            1612819
*   WBS NL-N-TS2-002-04-07-57      THYRISTOR BRIDGE SPA	            3458799	                  0	                  0	                  0	            3458799	            3458799	                  0	                  0	                  0	                  0	                  0	                  0	            3458799	                  0	                  0	                  0	            3458799	            3458799	                  0	                  0	                  0	                  0	                  0	                  0	                  0	                  0	                  0	                  0	                  0	                  0	                  0	                  0	                  0	                  0	                  0	                  0	            3458799	                  0	                  0	                  0	            3458799	            3458799
*   WBS NL-N-TS2-002-04-07-58      purs 3 nos 245kv OIP	            2659343	                  0	                  0	                  0	            2659343	            2659343	                  0	                  0	                  0	                  0	                  0	                  0	            2659343	                  0	                  0	                  0	            2659343	            2659343	                  0	                  0	                  0	                  0	                  0	                  0	                  0	                  0	                  0	                  0	                  0	                  0	                  0	                  0	                  0	                  0	                  0	                  0	            2659343	                  0	                  0	                  0	            2659343	            2659343
*   WBS NL-N-TS2-002-04-07-59      REP-4 NUMBER OF 6.6K	           12417229	                  0	                  0	                  0	           12417229	           12417229	                  0	                  0	                  0	                  0	                  0	                  0	           12417229	                  0	                  0	                  0	           12417229	           12417229	                  0	                  0	                  0	                  0	                  0	                  0	                  0	                  0	                  0	                  0	                  0	                  0	                  0	                  0	                  0	                  0	                  0	                  0	           12417229	                  0	                  0	                  0	           12417229	           12417229
*   WBS NL-N-TS2-002-04-07-61      Refurb-low pressure	            1239000	                  0	                  0	                  0	            1239000	            1239000	                  0	                  0	                  0	                  0	                  0	                  0	            1239000	                  0	                  0	                  0	            1239000	            1239000	                  0	                  0	                  0	                  0	                  0	                  0	                  0	                  0	                  0	                  0	                  0	                  0	                  0	                  0	                  0	                  0	                  0	                  0	            1239000	                  0	                  0	                  0	            1239000	            1239000
*   WBS NL-N-TS2-002-04-07-62      REPAIRING 2NOS OF DE	            1911600	                  0	                  0	                  0	            1911600	            1911600	                  0	                  0	                  0	                  0	                  0	                  0	            1911600	                  0	                  0	                  0	            1911600	            1911600	                  0	                  0	                  0	                  0	                  0	                  0	                  0	                  0	                  0	                  0	                  0	                  0	                  0	                  0	                  0	                  0	                  0	                  0	            1911600	                  0	                  0	                  0	            1911600	            1911600
*** WBS NL-N-TS2-002-05            BOILER MAINTENANCE	         1422193981	                  0	                  0	                  0	         1422193980	          738901321	         1271332091	                  0	                  0	                  0	          495142453	          494842325	          150861889	                  0	                  0	                  0	          927051527	          244058997	                  0	                  0	                  0	                  0	                  0	                  0	                  0	                  0	                  0	                  0	                  0	                  0	                  0	                  0	                  0	                  0	                  0	                  0	         1422193981	                  0	                  0	                  0	         1422193980	         1422179157
**  WBS NL-N-TS2-002-05-01         SLAG CONVEYOR,ABG &	          212462183	                  0	                  0	                  0	          212462183	          146307105	          202062347	                  0	                  0	                  0	          123873039	          123873039	           10399837	                  0	                  0	                  0	           88589144	           22434066	                  0	                  0	                  0	                  0	                  0	                  0	                  0	                  0	                  0	                  0	                  0	                  0	                  0	                  0	                  0	                  0	                  0	                  0	          212462183	                  0	                  0	                  0	          212462183	          212462183
*   WBS NL-N-TS2-002-05-01-01      SLAG CONVEYOR CHAIN,	           17118895	                  0	                  0	                  0	           17118895	           10762695	           17118895	                  0	                  0	                  0	           10762695	           10762695	                  0	                  0	                  0	                  0	            6356200	                  0	                  0	                  0	                  0	                  0	                  0	                  0	                  0	                  0	                  0	                  0	                  0	                  0	                  0	                  0	                  0	                  0	                  0	                  0	           17118895	                  0	                  0	                  0	           17118895	           17118895
*   WBS NL-N-TS2-002-05-01-02      Replace Str & Cheque	            3132330	                  0	                  0	                  0	            3132330	            3132330	            3132330	                  0	                  0	                  0	            3132330	            3132330	                  0	                  0	                  0	                  0	                  0	                  0	                  0	                  0	                  0	                  0	                  0	                  0	                  0	                  0	                  0	                  0	                  0	                  0	                  0	                  0	                  0	                  0	                  0	                  0	            3132330	                  0	                  0	                  0	            3132330	            3132330
*   WBS NL-N-TS2-002-05-01-03      Procurement of PB El	            2436741	                  0	                  0	                  0	            2436741	            2436741	            2436741	                  0	                  0	                  0	            2436741	            2436741	                  0	                  0	                  0	                  0	                  0	                  0	                  0	                  0	                  0	                  0	                  0	                  0	                  0	                  0	                  0	                  0	                  0	                  0	                  0	                  0	                  0	                  0	                  0	                  0	            2436741	                  0	                  0	                  0	            2436741	            2436741
*   WBS NL-N-TS2-002-05-01-04      Rectification of Uni	            4598035	                  0	                  0	                  0	            4598035	            4598035	            4598035	                  0	                  0	                  0	            4598035	            4598035	                  0	                  0	                  0	                  0	                  0	                  0	                  0	                  0	                  0	                  0	                  0	                  0	                  0	                  0	                  0	                  0	                  0	                  0	                  0	                  0	                  0	                  0	                  0	                  0	            4598035	                  0	                  0	                  0	            4598035	            4598035
*   WBS NL-N-TS2-002-05-01-05      Replacement of liner	            2419000	                  0	                  0	                  0	            2419000	                  0	            2419000	                  0	                  0	                  0	                  0	                  0	                  0	                  0	                  0	                  0	            2419000	                  0	                  0	                  0	                  0	                  0	                  0	                  0	                  0	                  0	                  0	                  0	                  0	                  0	                  0	                  0	                  0	                  0	                  0	                  0	            2419000	                  0	                  0	                  0	            2419000	            2419000
*   WBS NL-N-TS2-002-05-01-06      procurement of ABG l	            1995945	                  0	                  0	                  0	            1995945	                  0	            1995945	                  0	                  0	                  0	                  0	                  0	                  0	                  0	                  0	                  0	            1995945	                  0	                  0	                  0	                  0	                  0	                  0	                  0	                  0	                  0	                  0	                  0	                  0	                  0	                  0	                  0	                  0	                  0	                  0	                  0	            1995945	                  0	                  0	                  0	            1995945	            1995945
*   WBS NL-N-TS2-002-05-01-07      link chain size 22*8	           33254760	                  0	                  0	                  0	           33254760	           33254760	           33254760	                  0	                  0	                  0	           33254760	           33254760	                  0	                  0	                  0	                  0	                  0	                  0	                  0	                  0	                  0	                  0	                  0	                  0	                  0	                  0	                  0	                  0	                  0	                  0	                  0	                  0	                  0	                  0	                  0	                  0	           33254760	                  0	                  0	                  0	           33254760	           33254760
*   WBS NL-N-TS2-002-05-01-08      Round link Chain-14X	             993504	                  0	                  0	                  0	             993504	             993504	             993504	                  0	                  0	                  0	             993504	             993504	                  0	                  0	                  0	                  0	                  0	                  0	                  0	                  0	                  0	                  0	                  0	                  0	                  0	                  0	                  0	                  0	                  0	                  0	                  0	                  0	                  0	                  0	                  0	                  0	             993504	                  0	                  0	                  0	             993504	             993504
*   WBS NL-N-TS2-002-05-01-09      Side/Intermediate Gr	            4160394	                  0	                  0	                  0	            4160394	            4160394	            4160394	                  0	                  0	                  0	            4160394	            4160394	                  0	                  0	                  0	                  0	                  0	                  0	                  0	                  0	                  0	                  0	                  0	                  0	                  0	                  0	                  0	                  0	                  0	                  0	                  0	                  0	                  0	                  0	                  0	                  0	            4160394	                  0	                  0	                  0	            4160394	            4160394
*   WBS NL-N-TS2-002-05-01-10      Roller for ABG 355mm	            1509025	                  0	                  0	                  0	            1509025	            1509025	            1509025	                  0	                  0	                  0	            1509025	            1509025	                  0	                  0	                  0	                  0	                  0	                  0	                  0	                  0	                  0	                  0	                  0	                  0	                  0	                  0	                  0	                  0	                  0	                  0	                  0	                  0	                  0	                  0	                  0	                  0	            1509025	                  0	                  0	                  0	            1509025	            1509025
*   WBS NL-N-TS2-002-05-01-11      Connecting pin for A	             411500	                  0	                  0	                  0	             411500	             411500	             411500	                  0	                  0	                  0	             411500	             411500	                  0	                  0	                  0	                  0	                  0	                  0	                  0	                  0	                  0	                  0	                  0	                  0	                  0	                  0	                  0	                  0	                  0	                  0	                  0	                  0	                  0	                  0	                  0	                  0	             411500	                  0	                  0	                  0	             411500	             411500
*   WBS NL-N-TS2-002-05-01-12      Louver Type Grate Ba	            6763016	                  0	                  0	                  0	            6763016	            6763016	            6763016	                  0	                  0	                  0	            6763016	            6763016	                  0	                  0	                  0	                  0	                  0	                  0	                  0	                  0	                  0	                  0	                  0	                  0	                  0	                  0	                  0	                  0	                  0	                  0	                  0	                  0	                  0	                  0	                  0	                  0	            6763016	                  0	                  0	                  0	            6763016	            6763016
*   WBS NL-N-TS2-002-05-01-13      ABG CAP BEARING A180	             929791	                  0	                  0	                  0	             929791	             929791	             929791	                  0	                  0	                  0	             929791	             929791	                  0	                  0	                  0	                  0	                  0	                  0	                  0	                  0	                  0	                  0	                  0	                  0	                  0	                  0	                  0	                  0	                  0	                  0	                  0	                  0	                  0	                  0	                  0	                  0	             929791	                  0	                  0	                  0	             929791	             929791
*   WBS NL-N-TS2-002-05-01-14      ABG plate link chain	            3051478	                  0	                  0	                  0	            3051478	            3051478	            3051478	                  0	                  0	                  0	            3051478	            3051478	                  0	                  0	                  0	                  0	                  0	                  0	                  0	                  0	                  0	                  0	                  0	                  0	                  0	                  0	                  0	                  0	                  0	                  0	                  0	                  0	                  0	                  0	                  0	                  0	            3051478	                  0	                  0	                  0	            3051478	            3051478
*   WBS NL-N-TS2-002-05-01-15      Repl & Recti of Supp	            5908584	                  0	                  0	                  0	            5908584	            4429696	            5908584	                  0	                  0	                  0	            4429696	            4429696	                  0	                  0	                  0	                  0	            1478888	                  0	                  0	                  0	                  0	                  0	                  0	                  0	                  0	                  0	                  0	                  0	                  0	                  0	                  0	                  0	                  0	                  0	                  0	                  0	            5908584	                  0	                  0	                  0	            5908584	            5908584
*   WBS NL-N-TS2-002-05-01-16      Belt Conveyor Idler	             428599	                  0	                  0	                  0	             428599	             428599	             428599	                  0	                  0	                  0	             428599	             428599	                  0	                  0	                  0	                  0	                  0	                  0	                  0	                  0	                  0	                  0	                  0	                  0	                  0	                  0	                  0	                  0	                  0	                  0	                  0	                  0	                  0	                  0	                  0	                  0	             428599	                  0	                  0	                  0	             428599	             428599
*   WBS NL-N-TS2-002-05-01-17      Replacement of damag	             123408	                  0	                  0	                  0	             123408	             123408	             123408	                  0	                  0	                  0	             123408	             123408	                  0	                  0	                  0	                  0	                  0	                  0	                  0	                  0	                  0	                  0	                  0	                  0	                  0	                  0	                  0	                  0	                  0	                  0	                  0	                  0	                  0	                  0	                  0	                  0	             123408	                  0	                  0	                  0	             123408	             123408
*   WBS YESN-TS2-002-05-01-18      ABG Drive Shaft Chai	            1230871	                  0	                  0	                  0	            1230871	            1230871	            1230871	                  0	                  0	                  0	            1230871	            1230871	                  0	                  0	                  0	                  0	                  0	                  0	                  0	                  0	                  0	                  0	                  0	                  0	                  0	                  0	                  0	                  0	                  0	                  0	                  0	                  0	                  0	                  0	                  0	                  0	            1230871	                  0	                  0	                  0	            1230871	            1230871
*   WBS NL-N-TS2-002-05-01-19      Complete set of Spac	            1064050	                  0	                  0	                  0	            1064050	            1064050	            1064050	                  0	                  0	                  0	            1064050	            1064050	                  0	                  0	                  0	                  0	                  0	                  0	                  0	                  0	                  0	                  0	                  0	                  0	                  0	                  0	                  0	                  0	                  0	                  0	                  0	                  0	                  0	                  0	                  0	                  0	            1064050	                  0	                  0	                  0	            1064050	            1064050
*   WBS NL-N-TS2-002-05-01-20      ST contract 5 nos AB	            8665427	                  0	                  0	                  0	            8665427	            7630162	            7418993	                  0	                  0	                  0	            6383728	            6383728	            1246434	                  0	                  0	                  0	            2281699	            1246434	                  0	                  0	                  0	                  0	                  0	                  0	                  0	                  0	                  0	                  0	                  0	                  0	                  0	                  0	                  0	                  0	                  0	                  0	            8665427	                  0	                  0	                  0	            8665427	            8665427
*   WBS NL-N-TS2-002-05-01-21      RUD Chain coupling c	            2660000	                  0	                  0	                  0	            2660000	            2660000	            2660000	                  0	                  0	                  0	            2660000	            2660000	                  0	                  0	                  0	                  0	                  0	                  0	                  0	                  0	                  0	                  0	                  0	                  0	                  0	                  0	                  0	                  0	                  0	                  0	                  0	                  0	                  0	                  0	                  0	                  0	            2660000	                  0	                  0	                  0	            2660000	            2660000
*   WBS NL-N-TS2-002-05-01-22      ST work for fabricat	            6751180	                  0	                  0	                  0	            6751180	            6751180	            6355880	                  0	                  0	                  0	            6095880	            6095880	             395300	                  0	                  0	                  0	             655300	             655300	                  0	                  0	                  0	                  0	                  0	                  0	                  0	                  0	                  0	                  0	                  0	                  0	                  0	                  0	                  0	                  0	                  0	                  0	            6751180	                  0	                  0	                  0	            6751180	            6751180
*   WBS NL-N-TS2-002-05-01-23      Louvre Type Grate ba	           10508223	                  0	                  0	                  0	           10508223	           10508223	           10508223	                  0	                  0	                  0	           10508223	           10508223	                  0	                  0	                  0	                  0	                  0	                  0	                  0	                  0	                  0	                  0	                  0	                  0	                  0	                  0	                  0	                  0	                  0	                  0	                  0	                  0	                  0	                  0	                  0	                  0	           10508223	                  0	                  0	                  0	           10508223	           10508223
*   WBS NL-N-TS2-002-05-01-24      Changing /Rectifi of	           16308930	                  0	                  0	                  0	           16308930	           16308930	           11635876	                  0	                  0	                  0	            5013766	            5013766	            4673054	                  0	                  0	                  0	           11295164	           11295164	                  0	                  0	                  0	                  0	                  0	                  0	                  0	                  0	                  0	                  0	                  0	                  0	                  0	                  0	                  0	                  0	                  0	                  0	           16308930	                  0	                  0	                  0	           16308930	           16308930
*   WBS NL-N-TS2-002-05-01-25      Side/Intermediate Gr	            6621458	                  0	                  0	                  0	            6621458	            6621458	            6621458	                  0	                  0	                  0	            6621458	            6621458	                  0	                  0	                  0	                  0	                  0	                  0	                  0	                  0	                  0	                  0	                  0	                  0	                  0	                  0	                  0	                  0	                  0	                  0	                  0	                  0	                  0	                  0	                  0	                  0	            6621458	                  0	                  0	                  0	            6621458	            6621458
*   WBS NL-N-TS2-002-05-01-26      ABG Plate Link Chain	            3934567	                  0	                  0	                  0	            3934567	            3934567	            3934567	                  0	                  0	                  0	            3934567	            3934567	                  0	                  0	                  0	                  0	                  0	                  0	                  0	                  0	                  0	                  0	                  0	                  0	                  0	                  0	                  0	                  0	                  0	                  0	                  0	                  0	                  0	                  0	                  0	                  0	            3934567	                  0	                  0	                  0	            3934567	            3934567
*   WBS NL-N-TS2-002-05-01-27      ABG- COMPLETE SET OF	            2551837	                  0	                  0	                  0	            2551837	             238059	            2551837	                  0	                  0	                  0	             238059	             238059	                  0	                  0	                  0	                  0	            2313778	                  0	                  0	                  0	                  0	                  0	                  0	                  0	                  0	                  0	                  0	                  0	                  0	                  0	                  0	                  0	                  0	                  0	                  0	                  0	            2551837	                  0	                  0	                  0	            2551837	            2551837
*   WBS NL-N-TS2-002-05-01-28      ABG-ROLLER-305MM	            1114270	                  0	                  0	                  0	            1114270	            1114270	            1114270	                  0	                  0	                  0	            1114270	            1114270	                  0	                  0	                  0	                  0	                  0	                  0	                  0	                  0	                  0	                  0	                  0	                  0	                  0	                  0	                  0	                  0	                  0	                  0	                  0	                  0	                  0	                  0	                  0	                  0	            1114270	                  0	                  0	                  0	            1114270	            1114270
*   WBS NL-N-TS2-002-05-01-29      ABG-ROLLER-355MM	            2659233	                  0	                  0	                  0	            2659233	            2023195	            2659233	                  0	                  0	                  0	            2023195	            2023195	                  0	                  0	                  0	                  0	             636038	                  0	                  0	                  0	                  0	                  0	                  0	                  0	                  0	                  0	                  0	                  0	                  0	                  0	                  0	                  0	                  0	                  0	                  0	                  0	            2659233	                  0	                  0	                  0	            2659233	            2659233
*   WBS NL-N-TS2-002-05-01-30      IMPORTED ROUND LINK	           40740000	                  0	                  0	                  0	           40740000	                  0	           40740000	                  0	                  0	                  0	                  0	                  0	                  0	                  0	                  0	                  0	           40740000	                  0	                  0	                  0	                  0	                  0	                  0	                  0	                  0	                  0	                  0	                  0	                  0	                  0	                  0	                  0	                  0	                  0	                  0	                  0	           40740000	                  0	                  0	                  0	           40740000	           40740000
*   WBS NL-N-TS2-002-05-01-31      SEVEN NO OF ABG OVER	            7655378	                  0	                  0	                  0	            7655378	            7655378	            5152119	                  0	                  0	                  0	                  0	                  0	            2503259	                  0	                  0	                  0	            7655378	            7655378	                  0	                  0	                  0	                  0	                  0	                  0	                  0	                  0	                  0	                  0	                  0	                  0	                  0	                  0	                  0	                  0	                  0	                  0	            7655378	                  0	                  0	                  0	            7655378	            7655378
*   WBS NL-N-TS2-002-05-01-32      ABG TENSION GUIDE DR	            5641147	                  0	                  0	                  0	            5641147	                  0	            5641147	                  0	                  0	                  0	                  0	                  0	                  0	                  0	                  0	                  0	            5641147	                  0	                  0	                  0	                  0	                  0	                  0	                  0	                  0	                  0	                  0	                  0	                  0	                  0	                  0	                  0	                  0	                  0	                  0	                  0	            5641147	                  0	                  0	                  0	            5641147	            5641147
*   WBS NL-N-TS2-002-05-01-33      GEAR BOX MOTOR	            3538818	                  0	                  0	                  0	            3538818	                  0	            3538818	                  0	                  0	                  0	                  0	                  0	                  0	                  0	                  0	                  0	            3538818	                  0	                  0	                  0	                  0	                  0	                  0	                  0	                  0	                  0	                  0	                  0	                  0	                  0	                  0	                  0	                  0	                  0	                  0	                  0	            3538818	                  0	                  0	                  0	            3538818	            3538818
*   WBS NL-N-TS2-002-05-01-34      i/p pinion shaft for	            1581790	                  0	                  0	                  0	            1581790	            1581790	                  0	                  0	                  0	                  0	                  0	                  0	            1581790	                  0	                  0	                  0	            1581790	            1581790	                  0	                  0	                  0	                  0	                  0	                  0	                  0	                  0	                  0	                  0	                  0	                  0	                  0	                  0	                  0	                  0	                  0	                  0	            1581790	                  0	                  0	                  0	            1581790	            1581790
**  WBS NL-N-TS2-002-05-02         MILL MAINTENANCE	          219374252	                  0	                  0	                  0	          219374252	          215913196	           91230054	                  0	                  0	                  0	           78941529	           78641400	          128144198	                  0	                  0	                  0	          140432723	          137271796	                  0	                  0	                  0	                  0	                  0	                  0	                  0	                  0	                  0	                  0	                  0	                  0	                  0	                  0	                  0	                  0	                  0	                  0	          219374252	                  0	                  0	                  0	          219374252	          219374252
*   WBS NL-N-TS2-002-05-02-01      MILLS AND PF DUCTS	           21074260	                  0	                  0	                  0	           21074260	           20507860	           21074260	                  0	                  0	                  0	           20507860	           20507860	                  0	                  0	                  0	                  0	             566400	                  0	                  0	                  0	                  0	                  0	                  0	                  0	                  0	                  0	                  0	                  0	                  0	                  0	                  0	                  0	                  0	                  0	                  0	                  0	           21074260	                  0	                  0	                  0	           21074260	           21074260
*   WBS NL-N-TS2-002-05-02-02      Helical Spring &Visc	            8138236	                  0	                  0	                  0	            8138236	            8138236	            8138236	                  0	                  0	                  0	            8138236	            8138236	                  0	                  0	                  0	                  0	                  0	                  0	                  0	                  0	                  0	                  0	                  0	                  0	                  0	                  0	                  0	                  0	                  0	                  0	                  0	                  0	                  0	                  0	                  0	                  0	            8138236	                  0	                  0	                  0	            8138236	            8138236
*   WBS NL-N-TS2-002-05-02-03      Mill double bearing	             890100	                  0	                  0	                  0	             890100	             890100	             890100	                  0	                  0	                  0	             890100	             890100	                  0	                  0	                  0	                  0	                  0	                  0	                  0	                  0	                  0	                  0	                  0	                  0	                  0	                  0	                  0	                  0	                  0	                  0	                  0	                  0	                  0	                  0	                  0	                  0	             890100	                  0	                  0	                  0	             890100	             890100
*   WBS NL-N-TS2-002-05-02-04      PF Duct lifting & Al	            2320200	                  0	                  0	                  0	            2320200	            1486800	            2320200	                  0	                  0	                  0	            1486800	            1486800	                  0	                  0	                  0	                  0	             833400	                  0	                  0	                  0	                  0	                  0	                  0	                  0	                  0	                  0	                  0	                  0	                  0	                  0	                  0	                  0	                  0	                  0	                  0	                  0	            2320200	                  0	                  0	                  0	            2320200	            2320200
*   WBS NL-N-TS2-002-05-02-05      replace of spring un	            2534640	                  0	                  0	                  0	            2534640	            2534640	            2534640	                  0	                  0	                  0	            2534640	            2534640	                  0	                  0	                  0	                  0	                  0	                  0	                  0	                  0	                  0	                  0	                  0	                  0	                  0	                  0	                  0	                  0	                  0	                  0	                  0	                  0	                  0	                  0	                  0	                  0	            2534640	                  0	                  0	                  0	            2534640	            2534640
*   WBS NL-N-TS2-002-05-02-06      Replace recti classi	            4697547	                  0	                  0	                  0	            4697547	            2636292	            4697547	                  0	                  0	                  0	            2936420	            2636292	                  0	                  0	                  0	                  0	            1761127	                  0	                  0	                  0	                  0	                  0	                  0	                  0	                  0	                  0	                  0	                  0	                  0	                  0	                  0	                  0	                  0	                  0	                  0	                  0	            4697547	                  0	                  0	                  0	            4697547	            4697547
*   WBS NL-N-TS2-002-05-02-07      Spring unit/visco da	            8299187	                  0	                  0	                  0	            8299187	            8299187	            8299187	                  0	                  0	                  0	            8299187	            8299187	                  0	                  0	                  0	                  0	                  0	                  0	                  0	                  0	                  0	                  0	                  0	                  0	                  0	                  0	                  0	                  0	                  0	                  0	                  0	                  0	                  0	                  0	                  0	                  0	            8299187	                  0	                  0	                  0	            8299187	            8299187
*   WBS NL-N-TS2-002-05-02-08      Replace of Spring Vi	            2534640	                  0	                  0	                  0	            2534640	            2534640	            2534640	                  0	                  0	                  0	            2534640	            2534640	                  0	                  0	                  0	                  0	                  0	                  0	                  0	                  0	                  0	                  0	                  0	                  0	                  0	                  0	                  0	                  0	                  0	                  0	                  0	                  0	                  0	                  0	                  0	                  0	            2534640	                  0	                  0	                  0	            2534640	            2534640
*   WBS NL-N-TS2-002-05-02-09      Mill Door seal colla	           11446000	                  0	                  0	                  0	           11446000	           11446000	           11446000	                  0	                  0	                  0	           11446000	           11446000	                  0	                  0	                  0	                  0	                  0	                  0	                  0	                  0	                  0	                  0	                  0	                  0	                  0	                  0	                  0	                  0	                  0	                  0	                  0	                  0	                  0	                  0	                  0	                  0	           11446000	                  0	                  0	                  0	           11446000	           11446000
*   WBS NL-N-TS2-002-05-02-10      Voith Turbo/EPK Conn	            9612273	                  0	                  0	                  0	            9612273	            9612273	            9612273	                  0	                  0	                  0	            9612273	            9612273	                  0	                  0	                  0	                  0	                  0	                  0	                  0	                  0	                  0	                  0	                  0	                  0	                  0	                  0	                  0	                  0	                  0	                  0	                  0	                  0	                  0	                  0	                  0	                  0	            9612273	                  0	                  0	                  0	            9612273	            9612273
*   WBS NL-N-TS2-002-05-02-11      MILL DOUBLE BEARING	           10555373	                  0	                  0	                  0	           10555373	           10555373	           10555373	                  0	                  0	                  0	           10555373	           10555373	                  0	                  0	                  0	                  0	                  0	                  0	                  0	                  0	                  0	                  0	                  0	                  0	                  0	                  0	                  0	                  0	                  0	                  0	                  0	                  0	                  0	                  0	                  0	                  0	           10555373	                  0	                  0	                  0	           10555373	           10555373
*   WBS NL-N-TS2-002-05-02-12      REVAMPING-MILL DOOR	            5858700	                  0	                  0	                  0	            5858700	            5858700	            4965000	                  0	                  0	                  0	                  0	                  0	             893700	                  0	                  0	                  0	            5858700	            5858700	                  0	                  0	                  0	                  0	                  0	                  0	                  0	                  0	                  0	                  0	                  0	                  0	                  0	                  0	                  0	                  0	                  0	                  0	            5858700	                  0	                  0	                  0	            5858700	            5858700
*   WBS NL-N-TS2-002-05-02-13      PROC-MILL DOUBLE BEA	            4809264	                  0	                  0	                  0	            4809264	            4809264	            4162598	                  0	                  0	                  0	                  0	                  0	             646666	                  0	                  0	                  0	            4809264	            4809264	                  0	                  0	                  0	                  0	                  0	                  0	                  0	                  0	                  0	                  0	                  0	                  0	                  0	                  0	                  0	                  0	                  0	                  0	            4809264	                  0	                  0	                  0	            4809264	            4809264
*   WBS NL-N-TS2-002-05-02-14      Mill Door Puller 4 S	            2284052	                  0	                  0	                  0	            2284052	            2284052	                  0	                  0	                  0	                  0	                  0	                  0	            2284052	                  0	                  0	                  0	            2284052	            2284052	                  0	                  0	                  0	                  0	                  0	                  0	                  0	                  0	                  0	                  0	                  0	                  0	                  0	                  0	                  0	                  0	                  0	                  0	            2284052	                  0	                  0	                  0	            2284052	            2284052
*   WBS NL-N-TS2-002-05-02-15      Instln BW Mill asmbl	          116631200	                  0	                  0	                  0	          116631200	          116631200	                  0	                  0	                  0	                  0	                  0	                  0	          116631200	                  0	                  0	                  0	          116631200	          116631200	                  0	                  0	                  0	                  0	                  0	                  0	                  0	                  0	                  0	                  0	                  0	                  0	                  0	                  0	                  0	                  0	                  0	                  0	          116631200	                  0	                  0	                  0	          116631200	          116631200
*   WBS NL-N-TS2-002-05-02-16      Voith fluid coup for	            7688580	                  0	                  0	                  0	            7688580	            7688580	                  0	                  0	                  0	                  0	                  0	                  0	            7688580	                  0	                  0	                  0	            7688580	            7688580	                  0	                  0	                  0	                  0	                  0	                  0	                  0	                  0	                  0	                  0	                  0	                  0	                  0	                  0	                  0	                  0	                  0	                  0	            7688580	                  0	                  0	                  0	            7688580	            7688580
**  WBS NL-N-TS2-002-05-03         PRESSURE PARTS	          692133491	                  0	                  0	                  0	          692133491	          204333840	          679815637	                  0	                  0	                  0	          121168646	          121168646	           12317855	                  0	                  0	                  0	          570964846	           83165195	                  0	                  0	                  0	                  0	                  0	                  0	                  0	                  0	                  0	                  0	                  0	                  0	                  0	                  0	                  0	                  0	                  0	                  0	          692133491	                  0	                  0	                  0	          692133491	          692118668
*   WBS NL-N-TS2-002-05-03-04      Drum Safety Valves (	            7404920	                  0	                  0	                  0	            7404920	            7404920	            7404920	                  0	                  0	                  0	            7404920	            7404920	                  0	                  0	                  0	                  0	                  0	                  0	                  0	                  0	                  0	                  0	                  0	                  0	                  0	                  0	                  0	                  0	                  0	                  0	                  0	                  0	                  0	                  0	                  0	                  0	            7404920	                  0	                  0	                  0	            7404920	            7404920
*   WBS NL-N-TS2-002-05-03-06      Temperature Control	            2257641	                  0	                  0	                  0	            2257641	                  0	            2257641	                  0	                  0	                  0	                  0	                  0	                  0	                  0	                  0	                  0	            2257641	                  0	                  0	                  0	                  0	                  0	                  0	                  0	                  0	                  0	                  0	                  0	                  0	                  0	                  0	                  0	                  0	                  0	                  0	                  0	            2257641	                  0	                  0	                  0	            2257641	            2257641
*   WBS NL-N-TS2-002-05-03-09      Water Lance Pump	            1813851	                  0	                  0	                  0	            1813851	            1813851	            1813851	                  0	                  0	                  0	            1813851	            1813851	                  0	                  0	                  0	                  0	                  0	                  0	                  0	                  0	                  0	                  0	                  0	                  0	                  0	                  0	                  0	                  0	                  0	                  0	                  0	                  0	                  0	                  0	                  0	                  0	            1813851	                  0	                  0	                  0	            1813851	            1813851
*   WBS NL-N-TS2-002-05-03-12      Automatic Stress Rel	             372880	                  0	                  0	                  0	             372880	             372880	             372880	                  0	                  0	                  0	             372880	             372880	                  0	                  0	                  0	                  0	                  0	                  0	                  0	                  0	                  0	                  0	                  0	                  0	                  0	                  0	                  0	                  0	                  0	                  0	                  0	                  0	                  0	                  0	                  0	                  0	             372880	                  0	                  0	                  0	             372880	             372880
*   WBS NL-N-TS2-002-05-03-13      Portable Rebound Har	             198240	                  0	                  0	                  0	             198240	             198240	             198240	                  0	                  0	                  0	             198240	             198240	                  0	                  0	                  0	                  0	                  0	                  0	                  0	                  0	                  0	                  0	                  0	                  0	                  0	                  0	                  0	                  0	                  0	                  0	                  0	                  0	                  0	                  0	                  0	                  0	             198240	                  0	                  0	                  0	             198240	             198240
*   WBS NL-N-TS2-002-05-03-14      Water Wall Tube & Pa	             595146	                  0	                  0	                  0	             595146	             595146	             595146	                  0	                  0	                  0	             595146	             595146	                  0	                  0	                  0	                  0	                  0	                  0	                  0	                  0	                  0	                  0	                  0	                  0	                  0	                  0	                  0	                  0	                  0	                  0	                  0	                  0	                  0	                  0	                  0	                  0	             595146	                  0	                  0	                  0	             595146	             595146
*   WBS NL-N-TS2-002-05-03-16      Water Wall Tube,Pane	            1651571	                  0	                  0	                  0	            1651571	            1651571	            1651571	                  0	                  0	                  0	            1651571	            1651571	                  0	                  0	                  0	                  0	                  0	                  0	                  0	                  0	                  0	                  0	                  0	                  0	                  0	                  0	                  0	                  0	                  0	                  0	                  0	                  0	                  0	                  0	                  0	                  0	            1651571	                  0	                  0	                  0	            1651571	            1651571
*   WBS NL-N-TS2-002-05-03-17      Replace of Drain,Ven	            3803066	                  0	                  0	                  0	            3803066	            3788243	            3788243	                  0	                  0	                  0	            1013664	            1013664	              14823	                  0	                  0	                  0	            2789401	            2774578	                  0	                  0	                  0	                  0	                  0	                  0	                  0	                  0	                  0	                  0	                  0	                  0	                  0	                  0	                  0	                  0	                  0	                  0	            3803066	                  0	                  0	                  0	            3803066	            3788243
*   WBS NL-N-TS2-002-05-03-18      Replacement of WW Pa	            2204377	                  0	                  0	                  0	            2204377	            2204377	            2204377	                  0	                  0	                  0	            2204377	            2204377	                  0	                  0	                  0	                  0	                  0	                  0	                  0	                  0	                  0	                  0	                  0	                  0	                  0	                  0	                  0	                  0	                  0	                  0	                  0	                  0	                  0	                  0	                  0	                  0	            2204377	                  0	                  0	                  0	            2204377	            2204377
*   WBS NL-N-TS2-002-05-03-19      HRH Safety Valve Tap	            1828206	                  0	                  0	                  0	            1828206	            1828206	            1828206	                  0	                  0	                  0	            1828206	            1828206	                  0	                  0	                  0	                  0	                  0	                  0	                  0	                  0	                  0	                  0	                  0	                  0	                  0	                  0	                  0	                  0	                  0	                  0	                  0	                  0	                  0	                  0	                  0	                  0	            1828206	                  0	                  0	                  0	            1828206	            1828206
*   WBS NL-N-TS2-002-05-03-24      Safety Valve Spares	            2088271	                  0	                  0	                  0	            2088271	            2088271	            2088271	                  0	                  0	                  0	            2088271	            2088271	                  0	                  0	                  0	                  0	                  0	                  0	                  0	                  0	                  0	                  0	                  0	                  0	                  0	                  0	                  0	                  0	                  0	                  0	                  0	                  0	                  0	                  0	                  0	                  0	            2088271	                  0	                  0	                  0	            2088271	            2088271
*   WBS NL-N-TS2-002-05-03-25      Thickness Survey -Bo	            1258353	                  0	                  0	                  0	            1258353	            1258353	            1258353	                  0	                  0	                  0	            1258353	            1258353	                  0	                  0	                  0	                  0	                  0	                  0	                  0	                  0	                  0	                  0	                  0	                  0	                  0	                  0	                  0	                  0	                  0	                  0	                  0	                  0	                  0	                  0	                  0	                  0	            1258353	                  0	                  0	                  0	            1258353	            1258353
*   WBS NL-N-TS2-002-05-03-26      Replacement of WW Pa	           13658204	                  0	                  0	                  0	           13658204	           13658204	           13658204	                  0	                  0	                  0	           13658204	           13658204	                  0	                  0	                  0	                  0	                  0	                  0	                  0	                  0	                  0	                  0	                  0	                  0	                  0	                  0	                  0	                  0	                  0	                  0	                  0	                  0	                  0	                  0	                  0	                  0	           13658204	                  0	                  0	                  0	           13658204	           13658204
*   WBS NL-N-TS2-002-05-03-27      Refractory Work insi	            1387542	                  0	                  0	                  0	            1387542	            1387542	            1387542	                  0	                  0	                  0	            1387542	            1387542	                  0	                  0	                  0	                  0	                  0	                  0	                  0	                  0	                  0	                  0	                  0	                  0	                  0	                  0	                  0	                  0	                  0	                  0	                  0	                  0	                  0	                  0	                  0	                  0	            1387542	                  0	                  0	                  0	            1387542	            1387542
*   WBS NL-N-TS2-002-05-03-29      Procurement of fuel	            6590011	                  0	                  0	                  0	            6590011	            6584694	            6590011	                  0	                  0	                  0	            6584694	            6584694	                  0	                  0	                  0	                  0	               5317	                  0	                  0	                  0	                  0	                  0	                  0	                  0	                  0	                  0	                  0	                  0	                  0	                  0	                  0	                  0	                  0	                  0	                  0	                  0	            6590011	                  0	                  0	                  0	            6590011	            6590011
*   WBS NL-N-TS2-002-05-03-30      Replacement of Insul	           74278331	                  0	                  0	                  0	           74278331	           30300223	           74278331	                  0	                  0	                  0	           30300223	           30300223	                  0	                  0	                  0	                  0	           43978108	                  0	                  0	                  0	                  0	                  0	                  0	                  0	                  0	                  0	                  0	                  0	                  0	                  0	                  0	                  0	                  0	                  0	                  0	                  0	           74278331	                  0	                  0	                  0	           74278331	           74278331
*   WBS NL-N-TS2-002-05-03-31      Procurement of FCS M	            2485080	                  0	                  0	                  0	            2485080	            2485080	            2485080	                  0	                  0	                  0	            2485080	            2485080	                  0	                  0	                  0	                  0	                  0	                  0	                  0	                  0	                  0	                  0	                  0	                  0	                  0	                  0	                  0	                  0	                  0	                  0	                  0	                  0	                  0	                  0	                  0	                  0	            2485080	                  0	                  0	                  0	            2485080	            2485080
*   WBS NL-N-TS2-002-05-03-32      Hopper S type &Corne	            7375592	                  0	                  0	                  0	            7375592	            7375592	            7375592	                  0	                  0	                  0	            7375592	            7375592	                  0	                  0	                  0	                  0	                  0	                  0	                  0	                  0	                  0	                  0	                  0	                  0	                  0	                  0	                  0	                  0	                  0	                  0	                  0	                  0	                  0	                  0	                  0	                  0	            7375592	                  0	                  0	                  0	            7375592	            7375592
*   WBS NL-N-TS2-002-05-03-33      Replacement of ECO o	            7523680	                  0	                  0	                  0	            7523680	            5168282	            7523680	                  0	                  0	                  0	            5168282	            5168282	                  0	                  0	                  0	                  0	            2355398	                  0	                  0	                  0	                  0	                  0	                  0	                  0	                  0	                  0	                  0	                  0	                  0	                  0	                  0	                  0	                  0	                  0	                  0	                  0	            7523680	                  0	                  0	                  0	            7523680	            7523680
*   WBS NL-N-TS2-002-05-03-34      Water lance casing T	             547054	                  0	                  0	                  0	             547054	             547054	             547054	                  0	                  0	                  0	             547054	             547054	                  0	                  0	                  0	                  0	                  0	                  0	                  0	                  0	                  0	                  0	                  0	                  0	                  0	                  0	                  0	                  0	                  0	                  0	                  0	                  0	                  0	                  0	                  0	                  0	             547054	                  0	                  0	                  0	             547054	             547054
*   WBS NL-N-TS2-002-05-03-35      Procurement of FAS M	            2450860	                  0	                  0	                  0	            2450860	            2450860	            2450860	                  0	                  0	                  0	            2450860	            2450860	                  0	                  0	                  0	                  0	                  0	                  0	                  0	                  0	                  0	                  0	                  0	                  0	                  0	                  0	                  0	                  0	                  0	                  0	                  0	                  0	                  0	                  0	                  0	                  0	            2450860	                  0	                  0	                  0	            2450860	            2450860
*   WBS NL-N-TS2-002-05-03-37      Replacement of HRH S	            1568696	                  0	                  0	                  0	            1568696	            1105896	            1568696	                  0	                  0	                  0	            1105896	            1105896	                  0	                  0	                  0	                  0	             462800	                  0	                  0	                  0	                  0	                  0	                  0	                  0	                  0	                  0	                  0	                  0	                  0	                  0	                  0	                  0	                  0	                  0	                  0	                  0	            1568696	                  0	                  0	                  0	            1568696	            1568696
*   WBS NL-N-TS2-002-05-03-38      Replacement of HRH S	             552948	                  0	                  0	                  0	             552948	             552948	             552948	                  0	                  0	                  0	             552948	             552948	                  0	                  0	                  0	                  0	                  0	                  0	                  0	                  0	                  0	                  0	                  0	                  0	                  0	                  0	                  0	                  0	                  0	                  0	                  0	                  0	                  0	                  0	                  0	                  0	             552948	                  0	                  0	                  0	             552948	             552948
*   WBS NL-N-TS2-002-05-03-39      Procurement of SSB C	            1894450	                  0	                  0	                  0	            1894450	            1894450	            1894450	                  0	                  0	                  0	            1894450	            1894450	                  0	                  0	                  0	                  0	                  0	                  0	                  0	                  0	                  0	                  0	                  0	                  0	                  0	                  0	                  0	                  0	                  0	                  0	                  0	                  0	                  0	                  0	                  0	                  0	            1894450	                  0	                  0	                  0	            1894450	            1894450
*   WBS NL-N-TS2-002-05-03-40      Procu of St-II SSB P	            4773265	                  0	                  0	                  0	            4773265	            4773265	            4773265	                  0	                  0	                  0	            4773265	            4773265	                  0	                  0	                  0	                  0	                  0	                  0	                  0	                  0	                  0	                  0	                  0	                  0	                  0	                  0	                  0	                  0	                  0	                  0	                  0	                  0	                  0	                  0	                  0	                  0	            4773265	                  0	                  0	                  0	            4773265	            4773265
*   WBS NL-N-TS2-002-05-03-41      Procure of fuel oil	             747223	                  0	                  0	                  0	             747223	                  0	             747223	                  0	                  0	                  0	                  0	                  0	                  0	                  0	                  0	                  0	             747223	                  0	                  0	                  0	                  0	                  0	                  0	                  0	                  0	                  0	                  0	                  0	                  0	                  0	                  0	                  0	                  0	                  0	                  0	                  0	             747223	                  0	                  0	                  0	             747223	             747223
*   WBS NL-N-TS2-002-05-03-42      Purchase of pipes an	            2571250	                  0	                  0	                  0	            2571250	            1396118	            2571250	                  0	                  0	                  0	            1396118	            1396118	                  0	                  0	                  0	                  0	            1175131	                  0	                  0	                  0	                  0	                  0	                  0	                  0	                  0	                  0	                  0	                  0	                  0	                  0	                  0	                  0	                  0	                  0	                  0	                  0	            2571250	                  0	                  0	                  0	            2571250	            2571250
*   WBS NL-N-TS2-002-05-03-43      Purchase of pipes an	            1412371	                  0	                  0	                  0	            1412371	            1331753	            1412371	                  0	                  0	                  0	            1331753	            1331753	                  0	                  0	                  0	                  0	              80618	                  0	                  0	                  0	                  0	                  0	                  0	                  0	                  0	                  0	                  0	                  0	                  0	                  0	                  0	                  0	                  0	                  0	                  0	                  0	            1412371	                  0	                  0	                  0	            1412371	            1412371
*   WBS NL-N-TS2-002-05-03-44      Purchase of pipes an	            9976875	                  0	                  0	                  0	            9976875	                  0	            9976875	                  0	                  0	                  0	                  0	                  0	                  0	                  0	                  0	                  0	            9976875	                  0	                  0	                  0	                  0	                  0	                  0	                  0	                  0	                  0	                  0	                  0	                  0	                  0	                  0	                  0	                  0	                  0	                  0	                  0	            9976875	                  0	                  0	                  0	            9976875	            9976875
*   WBS NL-N-TS2-002-05-03-45      Procurement of water	            1486463	                  0	                  0	                  0	            1486463	            1486463	            1486463	                  0	                  0	                  0	            1486463	            1486463	                  0	                  0	                  0	                  0	                  0	                  0	                  0	                  0	                  0	                  0	                  0	                  0	                  0	                  0	                  0	                  0	                  0	                  0	                  0	                  0	                  0	                  0	                  0	                  0	            1486463	                  0	                  0	                  0	            1486463	            1486463
*   WBS NL-N-TS2-002-05-03-46      RLA Study in TPS-II	             824938	                  0	                  0	                  0	             824938	             792939	             824938	                  0	                  0	                  0	             792939	             792939	                  0	                  0	                  0	                  0	              31999	                  0	                  0	                  0	                  0	                  0	                  0	                  0	                  0	                  0	                  0	                  0	                  0	                  0	                  0	                  0	                  0	                  0	                  0	                  0	             824938	                  0	                  0	                  0	             824938	             824938
*   WBS NL-N-TS2-002-05-03-47      Replacement of Eco c	           12415800	                  0	                  0	                  0	           12415800	                  0	           12415800	                  0	                  0	                  0	                  0	                  0	                  0	                  0	                  0	                  0	           12415800	                  0	                  0	                  0	                  0	                  0	                  0	                  0	                  0	                  0	                  0	                  0	                  0	                  0	                  0	                  0	                  0	                  0	                  0	                  0	           12415800	                  0	                  0	                  0	           12415800	           12415800
*   WBS NL-N-TS2-002-05-03-48      Replacement of Boile	            8744700	                  0	                  0	                  0	            8744700	                  0	            8744700	                  0	                  0	                  0	                  0	                  0	                  0	                  0	                  0	                  0	            8744700	                  0	                  0	                  0	                  0	                  0	                  0	                  0	                  0	                  0	                  0	                  0	                  0	                  0	                  0	                  0	                  0	                  0	                  0	                  0	            8744700	                  0	                  0	                  0	            8744700	            8744700
*   WBS NL-N-TS2-002-05-03-49      Procurement of econo	            4674004	                  0	                  0	                  0	            4674004	                  0	            4674004	                  0	                  0	                  0	                  0	                  0	                  0	                  0	                  0	                  0	            4674004	                  0	                  0	                  0	                  0	                  0	                  0	                  0	                  0	                  0	                  0	                  0	                  0	                  0	                  0	                  0	                  0	                  0	                  0	                  0	            4674004	                  0	                  0	                  0	            4674004	            4674004
*   WBS NL-N-TS2-002-05-03-50      Procurement of econo	            3791966	                  0	                  0	                  0	            3791966	                  0	            3791966	                  0	                  0	                  0	                  0	                  0	                  0	                  0	                  0	                  0	            3791966	                  0	                  0	                  0	                  0	                  0	                  0	                  0	                  0	                  0	                  0	                  0	                  0	                  0	                  0	                  0	                  0	                  0	                  0	                  0	            3791966	                  0	                  0	                  0	            3791966	            3791966
*   WBS NL-N-TS2-002-05-03-51      Procurement of High	           24179843	                  0	                  0	                  0	           24179843	                  0	           24179843	                  0	                  0	                  0	                  0	                  0	                  0	                  0	                  0	                  0	           24179843	                  0	                  0	                  0	                  0	                  0	                  0	                  0	                  0	                  0	                  0	                  0	                  0	                  0	                  0	                  0	                  0	                  0	                  0	                  0	           24179843	                  0	                  0	                  0	           24179843	           24179843
*   WBS NL-N-TS2-002-05-03-52      Water Lance 8 stage	            2955348	                  0	                  0	                  0	            2955348	            2955348	            2955348	                  0	                  0	                  0	            2955348	            2955348	                  0	                  0	                  0	                  0	                  0	                  0	                  0	                  0	                  0	                  0	                  0	                  0	                  0	                  0	                  0	                  0	                  0	                  0	                  0	                  0	                  0	                  0	                  0	                  0	            2955348	                  0	                  0	                  0	            2955348	            2955348
*   WBS NL-N-TS2-002-05-03-53      Boiler J row pipe su	            6436074	                  0	                  0	                  0	            6436074	            6436074	            6205500	                  0	                  0	                  0	                  0	                  0	             230574	                  0	                  0	                  0	            6436074	            6436074	                  0	                  0	                  0	                  0	                  0	                  0	                  0	                  0	                  0	                  0	                  0	                  0	                  0	                  0	                  0	                  0	                  0	                  0	            6436074	                  0	                  0	                  0	            6436074	            6436074
*   WBS NL-N-TS2-002-05-03-54      Damaged Boiler Auxil	             868101	                  0	                  0	                  0	             868101	             838440	             868101	                  0	                  0	                  0	             838440	             838440	                  0	                  0	                  0	                  0	              29661	                  0	                  0	                  0	                  0	                  0	                  0	                  0	                  0	                  0	                  0	                  0	                  0	                  0	                  0	                  0	                  0	                  0	                  0	                  0	             868101	                  0	                  0	                  0	             868101	             868101
*   WBS NL-N-TS2-002-05-03-55      Purchase of Seamless	           31581166	                  0	                  0	                  0	           31581166	                  0	           31581166	                  0	                  0	                  0	                  0	                  0	                  0	                  0	                  0	                  0	           31581166	                  0	                  0	                  0	                  0	                  0	                  0	                  0	                  0	                  0	                  0	                  0	                  0	                  0	                  0	                  0	                  0	                  0	                  0	                  0	           31581166	                  0	                  0	                  0	           31581166	           31581166
*   WBS NL-N-TS2-002-05-03-56      Procurement of Water	           24101976	                  0	                  0	                  0	           24101976	                  0	           24101976	                  0	                  0	                  0	                  0	                  0	                  0	                  0	                  0	                  0	           24101976	                  0	                  0	                  0	                  0	                  0	                  0	                  0	                  0	                  0	                  0	                  0	                  0	                  0	                  0	                  0	                  0	                  0	                  0	                  0	           24101976	                  0	                  0	                  0	           24101976	           24101976
*   WBS NL-N-TS2-002-05-03-57      Replacement of Econo	            9532440	                  0	                  0	                  0	            9532440	            2193620	            9532440	                  0	                  0	                  0	            2193620	            2193620	                  0	                  0	                  0	                  0	            7338819	                  0	                  0	                  0	                  0	                  0	                  0	                  0	                  0	                  0	                  0	                  0	                  0	                  0	                  0	                  0	                  0	                  0	                  0	                  0	            9532440	                  0	                  0	                  0	            9532440	            9532440
*   WBS NL-N-TS2-002-05-03-58      Rep of damaged water	           13286999	                  0	                  0	                  0	           13286999	           13286999	           13286999	                  0	                  0	                  0	           10913266	           10913266	                  0	                  0	                  0	                  0	            2373733	            2373733	                  0	                  0	                  0	                  0	                  0	                  0	                  0	                  0	                  0	                  0	                  0	                  0	                  0	                  0	                  0	                  0	                  0	                  0	           13286999	                  0	                  0	                  0	           13286999	           13286999
*   WBS NL-N-TS2-002-05-03-59      SSB SPARES PURCHASE	            2985990	                  0	                  0	                  0	            2985990	                  0	            2985990	                  0	                  0	                  0	                  0	                  0	                  0	                  0	                  0	                  0	            2985990	                  0	                  0	                  0	                  0	                  0	                  0	                  0	                  0	                  0	                  0	                  0	                  0	                  0	                  0	                  0	                  0	                  0	                  0	                  0	            2985990	                  0	                  0	                  0	            2985990	            2985990
*   WBS NL-N-TS2-002-05-03-60      SKY CLIMBERS	           17916797	                  0	                  0	                  0	           17916797	           17916797	           16884502	                  0	                  0	                  0	                  0	                  0	            1032295	                  0	                  0	                  0	           17916797	           17916797	                  0	                  0	                  0	                  0	                  0	                  0	                  0	                  0	                  0	                  0	                  0	                  0	                  0	                  0	                  0	                  0	                  0	                  0	           17916797	                  0	                  0	                  0	           17916797	           17916797
*   WBS NL-N-TS2-002-05-03-61      RLA STUDY IN UNIT 1	            1539100	                  0	                  0	                  0	            1539100	             547128	            1539100	                  0	                  0	                  0	             547128	             547128	                  0	                  0	                  0	                  0	             991973	                  0	                  0	                  0	                  0	                  0	                  0	                  0	                  0	                  0	                  0	                  0	                  0	                  0	                  0	                  0	                  0	                  0	                  0	                  0	            1539100	                  0	                  0	                  0	            1539100	            1539100
*   WBS NL-N-TS2-002-05-03-62      PROC STRAIGHT TYPE W	           26435448	                  0	                  0	                  0	           26435448	                  0	           26435448	                  0	                  0	                  0	                  0	                  0	                  0	                  0	                  0	                  0	           26435448	                  0	                  0	                  0	                  0	                  0	                  0	                  0	                  0	                  0	                  0	                  0	                  0	                  0	                  0	                  0	                  0	                  0	                  0	                  0	           26435448	                  0	                  0	                  0	           26435448	           26435448
*   WBS NL-N-TS2-002-05-03-63      PROC- WW HOPPER BEND	            4460940	                  0	                  0	                  0	            4460940	                  0	            4460940	                  0	                  0	                  0	                  0	                  0	                  0	                  0	                  0	                  0	            4460940	                  0	                  0	                  0	                  0	                  0	                  0	                  0	                  0	                  0	                  0	                  0	                  0	                  0	                  0	                  0	                  0	                  0	                  0	                  0	            4460940	                  0	                  0	                  0	            4460940	            4460940
*   WBS NL-N-TS2-002-05-03-64      Procurement of criti	            5836599	                  0	                  0	                  0	            5836599	                  0	            5836599	                  0	                  0	                  0	                  0	                  0	                  0	                  0	                  0	                  0	            5836599	                  0	                  0	                  0	                  0	                  0	                  0	                  0	                  0	                  0	                  0	                  0	                  0	                  0	                  0	                  0	                  0	                  0	                  0	                  0	            5836599	                  0	                  0	                  0	            5836599	            5836599
*   WBS NL-N-TS2-002-05-03-65      Procurement of seaml	           13406180	                  0	                  0	                  0	           13406180	           13406180	           13406180	                  0	                  0	                  0	                  0	                  0	                  0	                  0	                  0	                  0	           13406180	           13406180	                  0	                  0	                  0	                  0	                  0	                  0	                  0	                  0	                  0	                  0	                  0	                  0	                  0	                  0	                  0	                  0	                  0	                  0	           13406180	                  0	                  0	                  0	           13406180	           13406180
*   WBS NL-N-TS2-002-05-03-66      membrane type water	           23472794	                  0	                  0	                  0	           23472794	                  0	           23472794	                  0	                  0	                  0	                  0	                  0	                  0	                  0	                  0	                  0	           23472794	                  0	                  0	                  0	                  0	                  0	                  0	                  0	                  0	                  0	                  0	                  0	                  0	                  0	                  0	                  0	                  0	                  0	                  0	                  0	           23472794	                  0	                  0	                  0	           23472794	           23472794
*   WBS NL-N-TS2-002-05-03-67      Procurement of Water	           10552151	                  0	                  0	                  0	           10552151	                  0	           10552151	                  0	                  0	                  0	                  0	                  0	                  0	                  0	                  0	                  0	           10552151	                  0	                  0	                  0	                  0	                  0	                  0	                  0	                  0	                  0	                  0	                  0	                  0	                  0	                  0	                  0	                  0	                  0	                  0	                  0	           10552151	                  0	                  0	                  0	           10552151	           10552151
*   WBS NL-N-TS2-002-05-03-68      Proc of critical tem	            7960811	                  0	                  0	                  0	            7960811	                  0	            7960811	                  0	                  0	                  0	                  0	                  0	                  0	                  0	                  0	                  0	            7960811	                  0	                  0	                  0	                  0	                  0	                  0	                  0	                  0	                  0	                  0	                  0	                  0	                  0	                  0	                  0	                  0	                  0	                  0	                  0	            7960811	                  0	                  0	                  0	            7960811	            7960811
*   WBS NL-N-TS2-002-05-03-69      Proc of High pressur	            9048729	                  0	                  0	                  0	            9048729	                  0	            9048729	                  0	                  0	                  0	                  0	                  0	                  0	                  0	                  0	                  0	            9048729	                  0	                  0	                  0	                  0	                  0	                  0	                  0	                  0	                  0	                  0	                  0	                  0	                  0	                  0	                  0	                  0	                  0	                  0	                  0	            9048729	                  0	                  0	                  0	            9048729	            9048729
*   WBS NL-N-TS2-002-05-03-70       Replacement of dama	           13237284	                  0	                  0	                  0	           13237284	           13237284	           11260169	                  0	                  0	                  0	                  0	                  0	            1977115	                  0	                  0	                  0	           13237284	           13237284	                  0	                  0	                  0	                  0	                  0	                  0	                  0	                  0	                  0	                  0	                  0	                  0	                  0	                  0	                  0	                  0	                  0	                  0	           13237284	                  0	                  0	                  0	           13237284	           13237284
*   WBS NL-N-TS2-002-05-03-71      rectification of dam	           12194741	                  0	                  0	                  0	           12194741	                  0	           12194741	                  0	                  0	                  0	                  0	                  0	                  0	                  0	                  0	                  0	           12194741	                  0	                  0	                  0	                  0	                  0	                  0	                  0	                  0	                  0	                  0	                  0	                  0	                  0	                  0	                  0	                  0	                  0	                  0	                  0	           12194741	                  0	                  0	                  0	           12194741	           12194741
*   WBS NL-N-TS2-002-05-03-72      REPAIR OF STAIRS OF	             990238	                  0	                  0	                  0	             990238	             990238	             957501	                  0	                  0	                  0	                  0	                  0	              32737	                  0	                  0	                  0	             990238	             990238	                  0	                  0	                  0	                  0	                  0	                  0	                  0	                  0	                  0	                  0	                  0	                  0	                  0	                  0	                  0	                  0	                  0	                  0	             990238	                  0	                  0	                  0	             990238	             990238
*   WBS NL-N-TS2-002-05-03-73      Critical Motor Oper	            2995614	                  0	                  0	                  0	            2995614	                  0	            2995614	                  0	                  0	                  0	                  0	                  0	                  0	                  0	                  0	                  0	            2995614	                  0	                  0	                  0	                  0	                  0	                  0	                  0	                  0	                  0	                  0	                  0	                  0	                  0	                  0	                  0	                  0	                  0	                  0	                  0	            2995614	                  0	                  0	                  0	            2995614	            2995614
*   WBS NL-N-TS2-002-05-03-74      Procurement of Indus	            2386190	                  0	                  0	                  0	            2386190	                  0	            2386190	                  0	                  0	                  0	                  0	                  0	                  0	                  0	                  0	                  0	            2386190	                  0	                  0	                  0	                  0	                  0	                  0	                  0	                  0	                  0	                  0	                  0	                  0	                  0	                  0	                  0	                  0	                  0	                  0	                  0	            2386190	                  0	                  0	                  0	            2386190	            2386190
*   WBS NL-N-TS2-002-05-03-75      Procurement of Heade	          200533802	                  0	                  0	                  0	          200533802	                  0	          200533802	                  0	                  0	                  0	                  0	                  0	                  0	                  0	                  0	                  0	          200533802	                  0	                  0	                  0	                  0	                  0	                  0	                  0	                  0	                  0	                  0	                  0	                  0	                  0	                  0	                  0	                  0	                  0	                  0	                  0	          200533802	                  0	                  0	                  0	          200533802	          200533802
*   WBS NL-N-TS2-002-05-03-76      inspection of Struct	           17163100	                  0	                  0	                  0	           17163100	           17163100	           17000000	                  0	                  0	                  0	                  0	                  0	             163100	                  0	                  0	                  0	           17163100	           17163100	                  0	                  0	                  0	                  0	                  0	                  0	                  0	                  0	                  0	                  0	                  0	                  0	                  0	                  0	                  0	                  0	                  0	                  0	           17163100	                  0	                  0	                  0	           17163100	           17163100
*   WBS NL-N-TS2-002-05-03-77      Proc BLR FW Fd water	            7900791	                  0	                  0	                  0	            7900791	            7900791	                  0	                  0	                  0	                  0	                  0	                  0	            7900791	                  0	                  0	                  0	            7900791	            7900791	                  0	                  0	                  0	                  0	                  0	                  0	                  0	                  0	                  0	                  0	                  0	                  0	                  0	                  0	                  0	                  0	                  0	                  0	            7900791	                  0	                  0	                  0	            7900791	            7900791
*   WBS NL-N-TS2-002-05-03-78      SPARE FOR WATER LANC	             966420	                  0	                  0	                  0	             966420	             966420	                  0	                  0	                  0	                  0	                  0	                  0	             966420	                  0	                  0	                  0	             966420	             966420	                  0	                  0	                  0	                  0	                  0	                  0	                  0	                  0	                  0	                  0	                  0	                  0	                  0	                  0	                  0	                  0	                  0	                  0	             966420	                  0	                  0	                  0	             966420	             966420
**  WBS NL-N-TS2-002-05-04         RAPH & FANS	          298224054	                  0	                  0	                  0	          298224054	          172347180	          298224054	                  0	                  0	                  0	          171159240	          171159240	                  0	                  0	                  0	                  0	          127064814	            1187940	                  0	                  0	                  0	                  0	                  0	                  0	                  0	                  0	                  0	                  0	                  0	                  0	                  0	                  0	                  0	                  0	                  0	                  0	          298224054	                  0	                  0	                  0	          298224054	          298224054
*   WBS NL-N-TS2-002-05-04-01      RAPH BASKETS AND BEA	           29453703	                  0	                  0	                  0	           29453703	           20105055	           29453703	                  0	                  0	                  0	           20105055	           20105055	                  0	                  0	                  0	                  0	            9348648	                  0	                  0	                  0	                  0	                  0	                  0	                  0	                  0	                  0	                  0	                  0	                  0	                  0	                  0	                  0	                  0	                  0	                  0	                  0	           29453703	                  0	                  0	                  0	           29453703	           29453703
*   WBS NL-N-TS2-002-05-04-02      Lub Oil Pump for RAP	             702336	                  0	                  0	                  0	             702336	             702336	             702336	                  0	                  0	                  0	             702336	             702336	                  0	                  0	                  0	                  0	                  0	                  0	                  0	                  0	                  0	                  0	                  0	                  0	                  0	                  0	                  0	                  0	                  0	                  0	                  0	                  0	                  0	                  0	                  0	                  0	             702336	                  0	                  0	                  0	             702336	             702336
*   WBS NL-N-TS2-002-05-04-03      Electric operate Hyd	            1618272	                  0	                  0	                  0	            1618272	            1618272	            1618272	                  0	                  0	                  0	            1618272	            1618272	                  0	                  0	                  0	                  0	                  0	                  0	                  0	                  0	                  0	                  0	                  0	                  0	                  0	                  0	                  0	                  0	                  0	                  0	                  0	                  0	                  0	                  0	                  0	                  0	            1618272	                  0	                  0	                  0	            1618272	            1618272
*   WBS NL-N-TS2-002-05-04-04      Single Bellow Compen	             446438	                  0	                  0	                  0	             446438	             446438	             446438	                  0	                  0	                  0	             446438	             446438	                  0	                  0	                  0	                  0	                  0	                  0	                  0	                  0	                  0	                  0	                  0	                  0	                  0	                  0	                  0	                  0	                  0	                  0	                  0	                  0	                  0	                  0	                  0	                  0	             446438	                  0	                  0	                  0	             446438	             446438
*   WBS NL-N-TS2-002-05-04-06      Electric Power Winch	            1087716	                  0	                  0	                  0	            1087716	            1087716	            1087716	                  0	                  0	                  0	            1087716	            1087716	                  0	                  0	                  0	                  0	                  0	                  0	                  0	                  0	                  0	                  0	                  0	                  0	                  0	                  0	                  0	                  0	                  0	                  0	                  0	                  0	                  0	                  0	                  0	                  0	            1087716	                  0	                  0	                  0	            1087716	            1087716
*   WBS NL-N-TS2-002-05-04-07      Spiral Bevel Gear an	              95969	                  0	                  0	                  0	              95969	              95969	              95969	                  0	                  0	                  0	              95969	              95969	                  0	                  0	                  0	                  0	                  0	                  0	                  0	                  0	                  0	                  0	                  0	                  0	                  0	                  0	                  0	                  0	                  0	                  0	                  0	                  0	                  0	                  0	                  0	                  0	              95969	                  0	                  0	                  0	              95969	              95969
*   WBS NL-N-TS2-002-05-04-10      RAPH Stage-I Gear Bo	            1065370	                  0	                  0	                  0	            1065370	            1060060	            1065370	                  0	                  0	                  0	            1060060	            1060060	                  0	                  0	                  0	                  0	               5310	                  0	                  0	                  0	                  0	                  0	                  0	                  0	                  0	                  0	                  0	                  0	                  0	                  0	                  0	                  0	                  0	                  0	                  0	                  0	            1065370	                  0	                  0	                  0	            1065370	            1065370
    WBS NL-N-TS2-002-05-04-10-01   Bore corre work GB h	             354000	                  0	                  0	                  0	             354000	             348690	             354000	                  0	                  0	                  0	             348690	             348690	                  0	                  0	                  0	                  0	               5310	                  0	                  0	                  0	                  0	                  0	                  0	                  0	                  0	                  0	                  0	                  0	                  0	                  0	                  0	                  0	                  0	                  0	                  0	                  0	             354000	                  0	                  0	                  0	             354000	             354000
    WBS NL-N-TS2-002-05-04-10-02   Gear Box spares for	             711370	                  0	                  0	                  0	             711370	             711370	             711370	                  0	                  0	                  0	             711370	             711370	                  0	                  0	                  0	                  0	                  0	                  0	                  0	                  0	                  0	                  0	                  0	                  0	                  0	                  0	                  0	                  0	                  0	                  0	                  0	                  0	                  0	                  0	                  0	                  0	             711370	                  0	                  0	                  0	             711370	             711370
*   WBS NL-N-TS2-002-05-04-14      ID fan Blades with C	            7827311	                  0	                  0	                  0	            7827311	            7827311	            7827311	                  0	                  0	                  0	            7827311	            7827311	                  0	                  0	                  0	                  0	                  0	                  0	                  0	                  0	                  0	                  0	                  0	                  0	                  0	                  0	                  0	                  0	                  0	                  0	                  0	                  0	                  0	                  0	                  0	                  0	            7827311	                  0	                  0	                  0	            7827311	            7827311
*   WBS NL-N-TS2-002-05-04-21      RAPH HE Basket	            9991927	                  0	                  0	                  0	            9991927	            9991927	            9991927	                  0	                  0	                  0	            9991927	            9991927	                  0	                  0	                  0	                  0	                  0	                  0	                  0	                  0	                  0	                  0	                  0	                  0	                  0	                  0	                  0	                  0	                  0	                  0	                  0	                  0	                  0	                  0	                  0	                  0	            9991927	                  0	                  0	                  0	            9991927	            9991927
*   WBS NL-N-TS2-002-05-04-24      Dambers Gearbox	            2451625	                  0	                  0	                  0	            2451625	            2451625	            2451625	                  0	                  0	                  0	            2451625	            2451625	                  0	                  0	                  0	                  0	                  0	                  0	                  0	                  0	                  0	                  0	                  0	                  0	                  0	                  0	                  0	                  0	                  0	                  0	                  0	                  0	                  0	                  0	                  0	                  0	            2451625	                  0	                  0	                  0	            2451625	            2451625
    WBS NL-N-TS2-002-05-04-24-01   Damper Gear box-AD2/	            2451625	                  0	                  0	                  0	            2451625	            2451625	            2451625	                  0	                  0	                  0	            2451625	            2451625	                  0	                  0	                  0	                  0	                  0	                  0	                  0	                  0	                  0	                  0	                  0	                  0	                  0	                  0	                  0	                  0	                  0	                  0	                  0	                  0	                  0	                  0	                  0	                  0	            2451625	                  0	                  0	                  0	            2451625	            2451625
*   WBS NL-N-TS2-002-05-04-28      thochoid lub oil pum	             375240	                  0	                  0	                  0	             375240	             375240	             375240	                  0	                  0	                  0	             375240	             375240	                  0	                  0	                  0	                  0	                  0	                  0	                  0	                  0	                  0	                  0	                  0	                  0	                  0	                  0	                  0	                  0	                  0	                  0	                  0	                  0	                  0	                  0	                  0	                  0	             375240	                  0	                  0	                  0	             375240	             375240
*   WBS NL-N-TS2-002-05-04-29      Lub oil pump for SB&	            1974001	                  0	                  0	                  0	            1974001	            1974000	            1974001	                  0	                  0	                  0	            1974000	            1974000	                  0	                  0	                  0	                  0	                  1	                  0	                  0	                  0	                  0	                  0	                  0	                  0	                  0	                  0	                  0	                  0	                  0	                  0	                  0	                  0	                  0	                  0	                  0	                  0	            1974001	                  0	                  0	                  0	            1974001	            1974001
*   WBS NL-N-TS2-002-05-04-30      Disman and Erection	            9412800	                  0	                  0	                  0	            9412800	             778800	            9412800	                  0	                  0	                  0	             778800	             778800	                  0	                  0	                  0	                  0	            8634000	                  0	                  0	                  0	                  0	                  0	                  0	                  0	                  0	                  0	                  0	                  0	                  0	                  0	                  0	                  0	                  0	                  0	                  0	                  0	            9412800	                  0	                  0	                  0	            9412800	            9412800
*   WBS NL-N-TS2-002-05-04-31      Single/Double fold b	            1595420	                  0	                  0	                  0	            1595420	            1595420	            1595420	                  0	                  0	                  0	            1595420	            1595420	                  0	                  0	                  0	                  0	                  0	                  0	                  0	                  0	                  0	                  0	                  0	                  0	                  0	                  0	                  0	                  0	                  0	                  0	                  0	                  0	                  0	                  0	                  0	                  0	            1595420	                  0	                  0	                  0	            1595420	            1595420
*   WBS NL-N-TS2-002-05-04-32      ID Fan Blades	           10974000	                  0	                  0	                  0	           10974000	           10974000	           10974000	                  0	                  0	                  0	           10974000	           10974000	                  0	                  0	                  0	                  0	                  0	                  0	                  0	                  0	                  0	                  0	                  0	                  0	                  0	                  0	                  0	                  0	                  0	                  0	                  0	                  0	                  0	                  0	                  0	                  0	           10974000	                  0	                  0	                  0	           10974000	           10974000
*   WBS NL-N-TS2-002-05-04-33      Replacement of Suppo	            2474517	                  0	                  0	                  0	            2474517	            1237258	            2474517	                  0	                  0	                  0	            1237258	            1237258	                  0	                  0	                  0	                  0	            1237258	                  0	                  0	                  0	                  0	                  0	                  0	                  0	                  0	                  0	                  0	                  0	                  0	                  0	                  0	                  0	                  0	                  0	                  0	                  0	            2474517	                  0	                  0	                  0	            2474517	            2474517
*   WBS NL-N-TS2-002-05-04-34      ID Fan Bearing shaft	            4600000	                  0	                  0	                  0	            4600000	            4600000	            4600000	                  0	                  0	                  0	            4600000	            4600000	                  0	                  0	                  0	                  0	                  0	                  0	                  0	                  0	                  0	                  0	                  0	                  0	                  0	                  0	                  0	                  0	                  0	                  0	                  0	                  0	                  0	                  0	                  0	                  0	            4600000	                  0	                  0	                  0	            4600000	            4600000
*   WBS NL-N-TS2-002-05-04-35      FD fan Impeller blad	            7210000	                  0	                  0	                  0	            7210000	            7210000	            7210000	                  0	                  0	                  0	            7210000	            7210000	                  0	                  0	                  0	                  0	                  0	                  0	                  0	                  0	                  0	                  0	                  0	                  0	                  0	                  0	                  0	                  0	                  0	                  0	                  0	                  0	                  0	                  0	                  0	                  0	            7210000	                  0	                  0	                  0	            7210000	            7210000
*   WBS NL-N-TS2-002-05-04-36      ID Fan Pressure Rele	            2583000	                  0	                  0	                  0	            2583000	            2583000	            2583000	                  0	                  0	                  0	            2583000	            2583000	                  0	                  0	                  0	                  0	                  0	                  0	                  0	                  0	                  0	                  0	                  0	                  0	                  0	                  0	                  0	                  0	                  0	                  0	                  0	                  0	                  0	                  0	                  0	                  0	            2583000	                  0	                  0	                  0	            2583000	            2583000
*   WBS NL-N-TS2-002-05-04-37      SEISA GEAR BOX FOR S	           37524000	                  0	                  0	                  0	           37524000	           37524000	           37524000	                  0	                  0	                  0	           37524000	           37524000	                  0	                  0	                  0	                  0	                  0	                  0	                  0	                  0	                  0	                  0	                  0	                  0	                  0	                  0	                  0	                  0	                  0	                  0	                  0	                  0	                  0	                  0	                  0	                  0	           37524000	                  0	                  0	                  0	           37524000	           37524000
*   WBS NL-N-TS2-002-05-04-38      Stage-I RAPH BASKETS	           56920812	                  0	                  0	                  0	           56920812	           56920812	           56920812	                  0	                  0	                  0	           56920812	           56920812	                  0	                  0	                  0	                  0	                  0	                  0	                  0	                  0	                  0	                  0	                  0	                  0	                  0	                  0	                  0	                  0	                  0	                  0	                  0	                  0	                  0	                  0	                  0	                  0	           56920812	                  0	                  0	                  0	           56920812	           56920812
*   WBS NL-N-TS2-002-05-04-39      Assembly of heating	           41094625	                  0	                  0	                  0	           41094625	                  0	           41094625	                  0	                  0	                  0	                  0	                  0	                  0	                  0	                  0	                  0	           41094625	                  0	                  0	                  0	                  0	                  0	                  0	                  0	                  0	                  0	                  0	                  0	                  0	                  0	                  0	                  0	                  0	                  0	                  0	                  0	           41094625	                  0	                  0	                  0	           41094625	           41094625
*   WBS NL-N-TS2-002-05-04-40      ID/FD fan lub oil co	            1187940	                  0	                  0	                  0	            1187940	            1187940	            1187940	                  0	                  0	                  0	                  0	                  0	                  0	                  0	                  0	                  0	            1187940	            1187940	                  0	                  0	                  0	                  0	                  0	                  0	                  0	                  0	                  0	                  0	                  0	                  0	                  0	                  0	                  0	                  0	                  0	                  0	            1187940	                  0	                  0	                  0	            1187940	            1187940
*   WBS NL-N-TS2-002-05-04-41      ID fan impeller blad	           54429121	                  0	                  0	                  0	           54429121	                  0	           54429121	                  0	                  0	                  0	                  0	                  0	                  0	                  0	                  0	                  0	           54429121	                  0	                  0	                  0	                  0	                  0	                  0	                  0	                  0	                  0	                  0	                  0	                  0	                  0	                  0	                  0	                  0	                  0	                  0	                  0	           54429121	                  0	                  0	                  0	           54429121	           54429121
*   WBS NL-N-TS2-002-05-04-42      RAPH PRV & LOP for S	            2372980	                  0	                  0	                  0	            2372980	                  0	            2372980	                  0	                  0	                  0	                  0	                  0	                  0	                  0	                  0	                  0	            2372980	                  0	                  0	                  0	                  0	                  0	                  0	                  0	                  0	                  0	                  0	                  0	                  0	                  0	                  0	                  0	                  0	                  0	                  0	                  0	            2372980	                  0	                  0	                  0	            2372980	            2372980
*   WBS NL-N-TS2-002-05-04-43      Knee Toggle Lever wi	            8754930	                  0	                  0	                  0	            8754930	                  0	            8754930	                  0	                  0	                  0	                  0	                  0	                  0	                  0	                  0	                  0	            8754930	                  0	                  0	                  0	                  0	                  0	                  0	                  0	                  0	                  0	                  0	                  0	                  0	                  0	                  0	                  0	                  0	                  0	                  0	                  0	            8754930	                  0	                  0	                  0	            8754930	            8754930
*** WBS NL-N-TS2-002-06            C & I	         1025501621	                  0	              -1610	                  0	         1025500011	          390093068	          944873089	                  0	              -1610	                  0	          300631953	          300625987	           80628531	                  0	                  0	                  0	          724868057	           89467081	                  0	                  0	                  0	                  0	                  0	                  0	                  0	                  0	                  0	                  0	                  0	                  0	                  0	                  0	                  0	                  0	                  0	                  0	         1025501621	                  0	              -1610	                  0	         1025500011	         1025494044
**  WBS NL-N-TS2-002-06-02         Temperature transmit	            1684056	                  0	                  0	                  0	            1684056	            1684056	            1684056	                  0	                  0	                  0	            1684056	            1684056	                  0	                  0	                  0	                  0	                  0	                  0	                  0	                  0	                  0	                  0	                  0	                  0	                  0	                  0	                  0	                  0	                  0	                  0	                  0	                  0	                  0	                  0	                  0	                  0	            1684056	                  0	                  0	                  0	            1684056	            1684056
**  WBS NL-N-TS2-002-06-09         Water Lance spares-	            2303181	                  0	                  0	                  0	            2303181	                  0	            2303181	                  0	                  0	                  0	                  0	                  0	                  0	                  0	                  0	                  0	            2303181	                  0	                  0	                  0	                  0	                  0	                  0	                  0	                  0	                  0	                  0	                  0	                  0	                  0	                  0	                  0	                  0	                  0	                  0	                  0	            2303181	                  0	                  0	                  0	            2303181	            2303181
**  WBS NL-N-TS2-002-06-11         CO Analyser	            2076405	                  0	                  0	                  0	            2076405	                  0	            2076405	                  0	                  0	                  0	                  0	                  0	                  0	                  0	                  0	                  0	            2076405	                  0	                  0	                  0	                  0	                  0	                  0	                  0	                  0	                  0	                  0	                  0	                  0	                  0	                  0	                  0	                  0	                  0	                  0	                  0	            2076405	                  0	                  0	                  0	            2076405	            2076405
**  WBS NL-N-TS2-002-06-13         Flame Scanner (OIL)	            2277376	                  0	                  0	                  0	            2277376	            2277376	            2277376	                  0	                  0	                  0	            2277376	            2277376	                  0	                  0	                  0	                  0	                  0	                  0	                  0	                  0	                  0	                  0	                  0	                  0	                  0	                  0	                  0	                  0	                  0	                  0	                  0	                  0	                  0	                  0	                  0	                  0	            2277376	                  0	                  0	                  0	            2277376	            2277376
**  WBS NL-N-TS2-002-06-14         Thermal Imaging came	             827610	                  0	              -1610	                  0	             826000	             826000	             827610	                  0	              -1610	                  0	             826000	             826000	                  0	                  0	                  0	                  0	                  0	                  0	                  0	                  0	                  0	                  0	                  0	                  0	                  0	                  0	                  0	                  0	                  0	                  0	                  0	                  0	                  0	                  0	                  0	                  0	             827610	                  0	              -1610	                  0	             826000	             826000
**  WBS NL-N-TS2-002-06-15         Zirconia Oxygen Anal	            8009163	                  0	                  0	                  0	            8009163	            8009163	            8009163	                  0	                  0	                  0	            8009163	            8009163	                  0	                  0	                  0	                  0	                  0	                  0	                  0	                  0	                  0	                  0	                  0	                  0	                  0	                  0	                  0	                  0	                  0	                  0	                  0	                  0	                  0	                  0	                  0	                  0	            8009163	                  0	                  0	                  0	            8009163	            8009163
**  WBS NL-N-TS2-002-06-16         Flame Scanner (LIGNI	            1801231	                  0	                  0	                  0	            1801231	            1801231	            1801231	                  0	                  0	                  0	            1801231	            1801231	                  0	                  0	                  0	                  0	                  0	                  0	                  0	                  0	                  0	                  0	                  0	                  0	                  0	                  0	                  0	                  0	                  0	                  0	                  0	                  0	                  0	                  0	                  0	                  0	            1801231	                  0	                  0	                  0	            1801231	            1801231
**  WBS NL-N-TS2-002-06-17         Hydrogen Purity Anal	            6226614	                  0	                  0	                  0	            6226614	            6226614	            6226614	                  0	                  0	                  0	            6226614	            6226614	                  0	                  0	                  0	                  0	                  0	                  0	                  0	                  0	                  0	                  0	                  0	                  0	                  0	                  0	                  0	                  0	                  0	                  0	                  0	                  0	                  0	                  0	                  0	                  0	            6226614	                  0	                  0	                  0	            6226614	            6226614
**  WBS NL-N-TS2-002-06-18         Chlorine Leak Detect	             365890	                  0	                  0	                  0	             365890	                  0	             365890	                  0	                  0	                  0	                  0	                  0	                  0	                  0	                  0	                  0	             365890	                  0	                  0	                  0	                  0	                  0	                  0	                  0	                  0	                  0	                  0	                  0	                  0	                  0	                  0	                  0	                  0	                  0	                  0	                  0	             365890	                  0	                  0	                  0	             365890	             365890
**  WBS NL-N-TS2-002-06-19         Ultra Sonic Flow Met	            1100888	                  0	                  0	                  0	            1100888	            1100888	            1100888	                  0	                  0	                  0	            1100888	            1100888	                  0	                  0	                  0	                  0	                  0	                  0	                  0	                  0	                  0	                  0	                  0	                  0	                  0	                  0	                  0	                  0	                  0	                  0	                  0	                  0	                  0	                  0	                  0	                  0	            1100888	                  0	                  0	                  0	            1100888	            1100888
**  WBS NL-N-TS2-002-06-23         Coriolis Mass Flow M	            6646586	                  0	                  0	                  0	            6646586	            6646586	            6646586	                  0	                  0	                  0	            6646586	            6646586	                  0	                  0	                  0	                  0	                  0	                  0	                  0	                  0	                  0	                  0	                  0	                  0	                  0	                  0	                  0	                  0	                  0	                  0	                  0	                  0	                  0	                  0	                  0	                  0	            6646586	                  0	                  0	                  0	            6646586	            6646586
**  WBS NL-N-TS2-002-06-24         Opacity Monitors	            1258557	                  0	                  0	                  0	            1258557	            1258557	            1258557	                  0	                  0	                  0	            1258557	            1258557	                  0	                  0	                  0	                  0	                  0	                  0	                  0	                  0	                  0	                  0	                  0	                  0	                  0	                  0	                  0	                  0	                  0	                  0	                  0	                  0	                  0	                  0	                  0	                  0	            1258557	                  0	                  0	                  0	            1258557	            1258557
**  WBS NL-N-TS2-002-06-25         Gas Detectors-Portab	             139650	                  0	                  0	                  0	             139650	             139650	             139650	                  0	                  0	                  0	             139650	             139650	                  0	                  0	                  0	                  0	                  0	                  0	                  0	                  0	                  0	                  0	                  0	                  0	                  0	                  0	                  0	                  0	                  0	                  0	                  0	                  0	                  0	                  0	                  0	                  0	             139650	                  0	                  0	                  0	             139650	             139650
**  WBS NL-N-TS2-002-06-26         Coriolis Flow Meters	            6153700	                  0	                  0	                  0	            6153700	            6153700	            6153700	                  0	                  0	                  0	            6153700	            6153700	                  0	                  0	                  0	                  0	                  0	                  0	                  0	                  0	                  0	                  0	                  0	                  0	                  0	                  0	                  0	                  0	                  0	                  0	                  0	                  0	                  0	                  0	                  0	                  0	            6153700	                  0	                  0	                  0	            6153700	            6153700
**  WBS NL-N-TS2-002-06-27         Hydrogen Dew Point M	            1138700	                  0	                  0	                  0	            1138700	            1138700	            1138700	                  0	                  0	                  0	            1138700	            1138700	                  0	                  0	                  0	                  0	                  0	                  0	                  0	                  0	                  0	                  0	                  0	                  0	                  0	                  0	                  0	                  0	                  0	                  0	                  0	                  0	                  0	                  0	                  0	                  0	            1138700	                  0	                  0	                  0	            1138700	            1138700
**  WBS NL-N-TS2-002-06-28         CPU with LAN & LCM P	            9027000	                  0	                  0	                  0	            9027000	            9027000	            9027000	                  0	                  0	                  0	            9027000	            9027000	                  0	                  0	                  0	                  0	                  0	                  0	                  0	                  0	                  0	                  0	                  0	                  0	                  0	                  0	                  0	                  0	                  0	                  0	                  0	                  0	                  0	                  0	                  0	                  0	            9027000	                  0	                  0	                  0	            9027000	            9027000
**  WBS NL-N-TS2-002-06-29         SWAS with Wet & Dry	           28461837	                  0	                  0	                  0	           28461837	                  0	           28461837	                  0	                  0	                  0	                  0	                  0	                  0	                  0	                  0	                  0	           28461837	                  0	                  0	                  0	                  0	                  0	                  0	                  0	                  0	                  0	                  0	                  0	                  0	                  0	                  0	                  0	                  0	                  0	                  0	                  0	           28461837	                  0	                  0	                  0	           28461837	           28461837
**  WBS NL-N-TS2-002-06-30         Hydrogen Gas Density	             952850	                  0	                  0	                  0	             952850	             952850	             952850	                  0	                  0	                  0	             952850	             952850	                  0	                  0	                  0	                  0	                  0	                  0	                  0	                  0	                  0	                  0	                  0	                  0	                  0	                  0	                  0	                  0	                  0	                  0	                  0	                  0	                  0	                  0	                  0	                  0	             952850	                  0	                  0	                  0	             952850	             952850
**  WBS NL-N-TS2-002-06-31         Control System and H	              29500	                  0	                  0	                  0	              29500	                  0	              29500	                  0	                  0	                  0	                  0	                  0	                  0	                  0	                  0	                  0	              29500	                  0	                  0	                  0	                  0	                  0	                  0	                  0	                  0	                  0	                  0	                  0	                  0	                  0	                  0	                  0	                  0	                  0	                  0	                  0	              29500	                  0	                  0	                  0	              29500	              29500
**  WBS NL-N-TS2-002-06-32         Electronic DLI for B	             295000	                  0	                  0	                  0	             295000	                  0	             295000	                  0	                  0	                  0	                  0	                  0	                  0	                  0	                  0	                  0	             295000	                  0	                  0	                  0	                  0	                  0	                  0	                  0	                  0	                  0	                  0	                  0	                  0	                  0	                  0	                  0	                  0	                  0	                  0	                  0	             295000	                  0	                  0	                  0	             295000	             295000
**  WBS NL-N-TS2-002-06-33         Common Monitoring Co	            3929400	                  0	                  0	                  0	            3929400	                  0	            3929400	                  0	                  0	                  0	                  0	                  0	                  0	                  0	                  0	                  0	            3929400	                  0	                  0	                  0	                  0	                  0	                  0	                  0	                  0	                  0	                  0	                  0	                  0	                  0	                  0	                  0	                  0	                  0	                  0	                  0	            3929400	                  0	                  0	                  0	            3929400	            3929400
**  WBS NL-N-TS2-002-06-34         Steam & Water Analys	            2050722	                  0	                  0	                  0	            2050722	            2050722	            2050722	                  0	                  0	                  0	            2050722	            2050722	                  0	                  0	                  0	                  0	                  0	                  0	                  0	                  0	                  0	                  0	                  0	                  0	                  0	                  0	                  0	                  0	                  0	                  0	                  0	                  0	                  0	                  0	                  0	                  0	            2050722	                  0	                  0	                  0	            2050722	            2050722
**  WBS NL-N-TS2-002-06-35         Single Compartment T	            2248815	                  0	                  0	                  0	            2248815	                  0	            2248815	                  0	                  0	                  0	                  0	                  0	                  0	                  0	                  0	                  0	            2248815	                  0	                  0	                  0	                  0	                  0	                  0	                  0	                  0	                  0	                  0	                  0	                  0	                  0	                  0	                  0	                  0	                  0	                  0	                  0	            2248815	                  0	                  0	                  0	            2248815	            2248815
**  WBS NL-N-TS2-002-06-36         Positioner Cylinder	            1973640	                  0	                  0	                  0	            1973640	            1973640	            1973640	                  0	                  0	                  0	            1973640	            1973640	                  0	                  0	                  0	                  0	                  0	                  0	                  0	                  0	                  0	                  0	                  0	                  0	                  0	                  0	                  0	                  0	                  0	                  0	                  0	                  0	                  0	                  0	                  0	                  0	            1973640	                  0	                  0	                  0	            1973640	            1973640
**  WBS NL-N-TS2-002-06-37         Erection of Venturi&	            3159450	                  0	                  0	                  0	            3159450	            2933775	            3159450	                  0	                  0	                  0	            2933775	            2933775	                  0	                  0	                  0	                  0	             225675	                  0	                  0	                  0	                  0	                  0	                  0	                  0	                  0	                  0	                  0	                  0	                  0	                  0	                  0	                  0	                  0	                  0	                  0	                  0	            3159450	                  0	                  0	                  0	            3159450	            3159450
**  WBS NL-N-TS2-002-06-38         Erection of Venturi&	            1215282	                  0	                  0	                  0	            1215282	            1173694	            1215282	                  0	                  0	                  0	            1173694	            1173694	                  0	                  0	                  0	                  0	              41588	                  0	                  0	                  0	                  0	                  0	                  0	                  0	                  0	                  0	                  0	                  0	                  0	                  0	                  0	                  0	                  0	                  0	                  0	                  0	            1215282	                  0	                  0	                  0	            1215282	            1215282
**  WBS NL-N-TS2-002-06-39         Effluent Outlet  Flo	             649000	                  0	                  0	                  0	             649000	             649000	             649000	                  0	                  0	                  0	             649000	             649000	                  0	                  0	                  0	                  0	                  0	                  0	                  0	                  0	                  0	                  0	                  0	                  0	                  0	                  0	                  0	                  0	                  0	                  0	                  0	                  0	                  0	                  0	                  0	                  0	             649000	                  0	                  0	                  0	             649000	             649000
**  WBS NL-N-TS2-002-06-56         water lanceblowing v	            1390512	                  0	                  0	                  0	            1390512	            1390512	            1390512	                  0	                  0	                  0	            1390512	            1390512	                  0	                  0	                  0	                  0	                  0	                  0	                  0	                  0	                  0	                  0	                  0	                  0	                  0	                  0	                  0	                  0	                  0	                  0	                  0	                  0	                  0	                  0	                  0	                  0	            1390512	                  0	                  0	                  0	            1390512	            1390512
**  WBS NL-N-TS2-002-06-57         Turbo Supervisory in	            9468492	                  0	                  0	                  0	            9468492	                  0	            9468492	                  0	                  0	                  0	                  0	                  0	                  0	                  0	                  0	                  0	            9468492	                  0	                  0	                  0	                  0	                  0	                  0	                  0	                  0	                  0	                  0	                  0	                  0	                  0	                  0	                  0	                  0	                  0	                  0	                  0	            9468492	                  0	                  0	                  0	            9468492	            9468492
**  WBS NL-N-TS2-002-06-58         Keltron Make Pneu Ac	            2227010	                  0	                  0	                  0	            2227010	            2227010	            2227010	                  0	                  0	                  0	            2227010	            2227010	                  0	                  0	                  0	                  0	                  0	                  0	                  0	                  0	                  0	                  0	                  0	                  0	                  0	                  0	                  0	                  0	                  0	                  0	                  0	                  0	                  0	                  0	                  0	                  0	            2227010	                  0	                  0	                  0	            2227010	            2227010
**  WBS NL-N-TS2-002-06-59         Purchase of pfb tran	            2422486	                  0	                  0	                  0	            2422486	            2416520	            2422486	                  0	                  0	                  0	            2422486	            2416520	                  0	                  0	                  0	                  0	                  0	                  0	                  0	                  0	                  0	                  0	                  0	                  0	                  0	                  0	                  0	                  0	                  0	                  0	                  0	                  0	                  0	                  0	                  0	                  0	            2422486	                  0	                  0	                  0	            2422486	            2416520
**  WBS NL-N-TS2-002-06-60         Purchase of DCS Spar	            2404957	                  0	                  0	                  0	            2404957	            2404957	            2404957	                  0	                  0	                  0	            2404957	            2404957	                  0	                  0	                  0	                  0	                  0	                  0	                  0	                  0	                  0	                  0	                  0	                  0	                  0	                  0	                  0	                  0	                  0	                  0	                  0	                  0	                  0	                  0	                  0	                  0	            2404957	                  0	                  0	                  0	            2404957	            2404957
**  WBS NL-N-TS2-002-06-61         Purchase of Rockwin	             434018	                  0	                  0	                  0	             434018	             434018	             434018	                  0	                  0	                  0	             434018	             434018	                  0	                  0	                  0	                  0	                  0	                  0	                  0	                  0	                  0	                  0	                  0	                  0	                  0	                  0	                  0	                  0	                  0	                  0	                  0	                  0	                  0	                  0	                  0	                  0	             434018	                  0	                  0	                  0	             434018	             434018
**  WBS NL-N-TS2-002-06-62         Pur & Comm of radar	             626095	                  0	                  0	                  0	             626095	             574004	             626095	                  0	                  0	                  0	             574004	             574004	                  0	                  0	                  0	                  0	              52091	                  0	                  0	                  0	                  0	                  0	                  0	                  0	                  0	                  0	                  0	                  0	                  0	                  0	                  0	                  0	                  0	                  0	                  0	                  0	             626095	                  0	                  0	                  0	             626095	             626095
**  WBS NL-N-TS2-002-06-63         Online weighing syst	             803186	                  0	                  0	                  0	             803186	                  0	             803186	                  0	                  0	                  0	                  0	                  0	                  0	                  0	                  0	                  0	             803186	                  0	                  0	                  0	                  0	                  0	                  0	                  0	                  0	                  0	                  0	                  0	                  0	                  0	                  0	                  0	                  0	                  0	                  0	                  0	             803186	                  0	                  0	                  0	             803186	             803186
**  WBS NL-N-TS2-002-06-64         Flue gas Detector 3N	            2484606	                  0	                  0	                  0	            2484606	                  0	            2484606	                  0	                  0	                  0	                  0	                  0	                  0	                  0	                  0	                  0	            2484606	                  0	                  0	                  0	                  0	                  0	                  0	                  0	                  0	                  0	                  0	                  0	                  0	                  0	                  0	                  0	                  0	                  0	                  0	                  0	            2484606	                  0	                  0	                  0	            2484606	            2484606
**  WBS NL-N-TS2-002-06-65         Design Engg manufact	          212681688	                  0	                  0	                  0	          212681688	          191879140	          212681688	                  0	                  0	                  0	          191879140	          191879140	                  0	                  0	                  0	                  0	           20802549	                  0	                  0	                  0	                  0	                  0	                  0	                  0	                  0	                  0	                  0	                  0	                  0	                  0	                  0	                  0	                  0	                  0	                  0	                  0	          212681688	                  0	                  0	                  0	          212681688	          212681688
**  WBS NL-N-TS2-002-06-66         Purchase of Metso DN	            9209900	                  0	                  0	                  0	            9209900	            9209900	            9209900	                  0	                  0	                  0	            9209900	            9209900	                  0	                  0	                  0	                  0	                  0	                  0	                  0	                  0	                  0	                  0	                  0	                  0	                  0	                  0	                  0	                  0	                  0	                  0	                  0	                  0	                  0	                  0	                  0	                  0	            9209900	                  0	                  0	                  0	            9209900	            9209900
**  WBS NL-N-TS2-002-06-67         Purchase of Temperat	            2102551	                  0	                  0	                  0	            2102551	            2102551	            2102551	                  0	                  0	                  0	            2102551	            2102551	                  0	                  0	                  0	                  0	                  0	                  0	                  0	                  0	                  0	                  0	                  0	                  0	                  0	                  0	                  0	                  0	                  0	                  0	                  0	                  0	                  0	                  0	                  0	                  0	            2102551	                  0	                  0	                  0	            2102551	            2102551
**  WBS NL-N-TS2-002-06-68         Purchase of Metso DN	           31964172	                  0	                  0	                  0	           31964172	           31964172	           31964172	                  0	                  0	                  0	           31964172	           31964172	                  0	                  0	                  0	                  0	                  0	                  0	                  0	                  0	                  0	                  0	                  0	                  0	                  0	                  0	                  0	                  0	                  0	                  0	                  0	                  0	                  0	                  0	                  0	                  0	           31964172	                  0	                  0	                  0	           31964172	           31964172
**  WBS NL-N-TS2-002-06-69         Power supply Unit fo	            8838530	                  0	                  0	                  0	            8838530	            8838530	            8838550	                  0	                  0	                  0	                  0	                  0	                -20	                  0	                  0	                  0	            8838530	            8838530	                  0	                  0	                  0	                  0	                  0	                  0	                  0	                  0	                  0	                  0	                  0	                  0	                  0	                  0	                  0	                  0	                  0	                  0	            8838530	                  0	                  0	                  0	            8838530	            8838530
**  WBS NL-N-TS2-002-06-70         RTD Input Module for	           10550498	                  0	                  0	                  0	           10550498	                  0	           10550498	                  0	                  0	                  0	                  0	                  0	                  0	                  0	                  0	                  0	           10550498	                  0	                  0	                  0	                  0	                  0	                  0	                  0	                  0	                  0	                  0	                  0	                  0	                  0	                  0	                  0	                  0	                  0	                  0	                  0	           10550498	                  0	                  0	                  0	           10550498	           10550498
**  WBS NL-N-TS2-002-06-71         PUR-NOX GAS ANALYZER	            3220759	                  0	                  0	                  0	            3220759	                  0	            3220759	                  0	                  0	                  0	                  0	                  0	                  0	                  0	                  0	                  0	            3220759	                  0	                  0	                  0	                  0	                  0	                  0	                  0	                  0	                  0	                  0	                  0	                  0	                  0	                  0	                  0	                  0	                  0	                  0	                  0	            3220759	                  0	                  0	                  0	            3220759	            3220759
**  WBS NL-N-TS2-002-06-72         PUR OF PRESSURE TRAN	           17586725	                  0	                  0	                  0	           17586725	                  0	           17586725	                  0	                  0	                  0	                  0	                  0	                  0	                  0	                  0	                  0	           17586725	                  0	                  0	                  0	                  0	                  0	                  0	                  0	                  0	                  0	                  0	                  0	                  0	                  0	                  0	                  0	                  0	                  0	                  0	                  0	           17586725	                  0	                  0	                  0	           17586725	           17586725
**  WBS NL-N-TS2-002-06-73         Purc 16 nos of High	            6321024	                  0	                  0	                  0	            6321024	                  0	            6321024	                  0	                  0	                  0	                  0	                  0	                  0	                  0	                  0	                  0	            6321024	                  0	                  0	                  0	                  0	                  0	                  0	                  0	                  0	                  0	                  0	                  0	                  0	                  0	                  0	                  0	                  0	                  0	                  0	                  0	            6321024	                  0	                  0	                  0	            6321024	            6321024
**  WBS NL-N-TS2-002-06-74         Purchase of 7 Nos. o	            7410344	                  0	                  0	                  0	            7410344	                  0	            7410344	                  0	                  0	                  0	                  0	                  0	                  0	                  0	                  0	                  0	            7410344	                  0	                  0	                  0	                  0	                  0	                  0	                  0	                  0	                  0	                  0	                  0	                  0	                  0	                  0	                  0	                  0	                  0	                  0	                  0	            7410344	                  0	                  0	                  0	            7410344	            7410344
**  WBS NL-N-TS2-002-06-75         PURS-1 NUMBER OUTDOO	             776000	                  0	                  0	                  0	             776000	                  0	             776000	                  0	                  0	                  0	                  0	                  0	                  0	                  0	                  0	                  0	             776000	                  0	                  0	                  0	                  0	                  0	                  0	                  0	                  0	                  0	                  0	                  0	                  0	                  0	                  0	                  0	                  0	                  0	                  0	                  0	             776000	                  0	                  0	                  0	             776000	             776000
**  WBS NL-N-TS2-002-06-76         Turbine Speed Sensor	            2888640	                  0	                  0	                  0	            2888640	                  0	            2888640	                  0	                  0	                  0	                  0	                  0	                  0	                  0	                  0	                  0	            2888640	                  0	                  0	                  0	                  0	                  0	                  0	                  0	                  0	                  0	                  0	                  0	                  0	                  0	                  0	                  0	                  0	                  0	                  0	                  0	            2888640	                  0	                  0	                  0	            2888640	            2888640
**  WBS NL-N-TS2-002-06-77         Kuhme Make HFO QCVs	            8772565	                  0	                  0	                  0	            8772565	                  0	            8772565	                  0	                  0	                  0	                  0	                  0	                  0	                  0	                  0	                  0	            8772565	                  0	                  0	                  0	                  0	                  0	                  0	                  0	                  0	                  0	                  0	                  0	                  0	                  0	                  0	                  0	                  0	                  0	                  0	                  0	            8772565	                  0	                  0	                  0	            8772565	            8772565
**  WBS NL-N-TS2-002-06-78         Spares for TSI syste	            5534676	                  0	                  0	                  0	            5534676	                  0	            5534676	                  0	                  0	                  0	                  0	                  0	                  0	                  0	                  0	                  0	            5534676	                  0	                  0	                  0	                  0	                  0	                  0	                  0	                  0	                  0	                  0	                  0	                  0	                  0	                  0	                  0	                  0	                  0	                  0	                  0	            5534676	                  0	                  0	                  0	            5534676	            5534676
**  WBS NL-N-TS2-002-06-79         BHEL DCS HMI UPGRADA	          489872029	                  0	                  0	                  0	          489872029	                  0	          489872029	                  0	                  0	                  0	                  0	                  0	                  0	                  0	                  0	                  0	          489872029	                  0	                  0	                  0	                  0	                  0	                  0	                  0	                  0	                  0	                  0	                  0	                  0	                  0	                  0	                  0	                  0	                  0	                  0	                  0	          489872029	                  0	                  0	                  0	          489872029	          489872029
**  WBS NL-N-TS2-002-06-80         IR SCANNERS FOR STAG	            8879500	                  0	                  0	                  0	            8879500	                  0	            8879500	                  0	                  0	                  0	                  0	                  0	                  0	                  0	                  0	                  0	            8879500	                  0	                  0	                  0	                  0	                  0	                  0	                  0	                  0	                  0	                  0	                  0	                  0	                  0	                  0	                  0	                  0	                  0	                  0	                  0	            8879500	                  0	                  0	                  0	            8879500	            8879500
**  WBS NL-N-TS2-002-06-81         Turb Gov Solnd vlv f	            9540026	                  0	                  0	                  0	            9540026	            9540026	                  0	                  0	                  0	                  0	                  0	                  0	            9540026	                  0	                  0	                  0	            9540026	            9540026	                  0	                  0	                  0	                  0	                  0	                  0	                  0	                  0	                  0	                  0	                  0	                  0	                  0	                  0	                  0	                  0	                  0	                  0	            9540026	                  0	                  0	                  0	            9540026	            9540026
**  WBS NL-N-TS2-002-06-82         SWAS stg1,pH,O2,anal	           47959083	                  0	                  0	                  0	           47959083	           47959083	                  0	                  0	                  0	                  0	                  0	                  0	           47959083	                  0	                  0	                  0	           47959083	           47959083	                  0	                  0	                  0	                  0	                  0	                  0	                  0	                  0	                  0	                  0	                  0	                  0	                  0	                  0	                  0	                  0	                  0	                  0	           47959083	                  0	                  0	                  0	           47959083	           47959083
**  WBS NL-N-TS2-002-06-83         Pur of  MetsoDNA DCS	           23129442	                  0	                  0	                  0	           23129442	           23129442	                  0	                  0	                  0	                  0	                  0	                  0	           23129442	                  0	                  0	                  0	           23129442	           23129442	                  0	                  0	                  0	                  0	                  0	                  0	                  0	                  0	                  0	                  0	                  0	                  0	                  0	                  0	                  0	                  0	                  0	                  0	           23129442	                  0	                  0	                  0	           23129442	           23129442
*** WBS NL-N-TS2-002-07            LHS MAINTENANCE	          694679174	                  0	                  0	                  0	          694679174	          673820646	          676758351	                  0	                  0	                  0	          651633796	          651633796	           17920823	                  0	                  0	                  0	           43045379	           22186850	                  0	                  0	                  0	                  0	                  0	                  0	                  0	                  0	                  0	                  0	                  0	                  0	                  0	                  0	                  0	                  0	                  0	                  0	          694679174	                  0	                  0	                  0	          694679174	          694679174
**  WBS NL-N-TS2-002-07-01         CONVEYORS AND SYSTEM	           20939218	                  0	                  0	                  0	           20939218	           20412230	           20939218	                  0	                  0	                  0	           20412230	           20412230	                  0	                  0	                  0	                  0	             526988	                  0	                  0	                  0	                  0	                  0	                  0	                  0	                  0	                  0	                  0	                  0	                  0	                  0	                  0	                  0	                  0	                  0	                  0	                  0	           20939218	                  0	                  0	                  0	           20939218	           20939218
**  WBS NL-N-TS2-002-07-02         LIGNITE YARD RAILS R	           26848891	                  0	                  0	                  0	           26848891	           26848891	           27000001	                  0	                  0	                  0	           26848891	           26848891	            -151110	                  0	                  0	                  0	                  0	                  0	                  0	                  0	                  0	                  0	                  0	                  0	                  0	                  0	                  0	                  0	                  0	                  0	                  0	                  0	                  0	                  0	                  0	                  0	           26848891	                  0	                  0	                  0	           26848891	           26848891
**  WBS NL-N-TS2-002-07-03         BELT EQUIPMENT SYSTE	             705000	                  0	                  0	                  0	             705000	             705000	             705000	                  0	                  0	                  0	             705000	             705000	                  0	                  0	                  0	                  0	                  0	                  0	                  0	                  0	                  0	                  0	                  0	                  0	                  0	                  0	                  0	                  0	                  0	                  0	                  0	                  0	                  0	                  0	                  0	                  0	             705000	                  0	                  0	                  0	             705000	             705000
**  WBS NL-N-TS2-002-07-04         Replacement of Two R	          549498106	                  0	                  0	                  0	          549498106	          549498102	          549498106	                  0	                  0	                  0	          549498102	          549498102	                  0	                  0	                  0	                  0	                  4	                  0	                  0	                  0	                  0	                  0	                  0	                  0	                  0	                  0	                  0	                  0	                  0	                  0	                  0	                  0	                  0	                  0	                  0	                  0	          549498106	                  0	                  0	                  0	          549498106	          549498106
**  WBS NL-N-TS2-002-07-05         Vacuum Cleaners for	            1803474	                  0	                  0	                  0	            1803474	            1803474	            1803474	                  0	                  0	                  0	            1803474	            1803474	                  0	                  0	                  0	                  0	                  0	                  0	                  0	                  0	                  0	                  0	                  0	                  0	                  0	                  0	                  0	                  0	                  0	                  0	                  0	                  0	                  0	                  0	                  0	                  0	            1803474	                  0	                  0	                  0	            1803474	            1803474
**  WBS NL-N-TS2-002-07-06         Vulcanizing Equipmen	            6071696	                  0	                  0	                  0	            6071696	            6071696	            6071696	                  0	                  0	                  0	            6071696	            6071696	                  0	                  0	                  0	                  0	                  0	                  0	                  0	                  0	                  0	                  0	                  0	                  0	                  0	                  0	                  0	                  0	                  0	                  0	                  0	                  0	                  0	                  0	                  0	                  0	            6071696	                  0	                  0	                  0	            6071696	            6071696
**  WBS NL-N-TS2-002-07-07         Various Idlers	           10289088	                  0	                  0	                  0	           10289088	           10289088	           10289088	                  0	                  0	                  0	           10289088	           10289088	                  0	                  0	                  0	                  0	                  0	                  0	                  0	                  0	                  0	                  0	                  0	                  0	                  0	                  0	                  0	                  0	                  0	                  0	                  0	                  0	                  0	                  0	                  0	                  0	           10289088	                  0	                  0	                  0	           10289088	           10289088
**  WBS NL-N-TS2-002-07-08         Cam Shafts	            4196352	                  0	                  0	                  0	            4196352	            4196352	            4196352	                  0	                  0	                  0	            4196352	            4196352	                  0	                  0	                  0	                  0	                  0	                  0	                  0	                  0	                  0	                  0	                  0	                  0	                  0	                  0	                  0	                  0	                  0	                  0	                  0	                  0	                  0	                  0	                  0	                  0	            4196352	                  0	                  0	                  0	            4196352	            4196352
**  WBS NL-N-TS2-002-07-09         Structural Repair Wo	           12477114	                  0	                  0	                  0	           12477114	            9221777	           12477114	                  0	                  0	                  0	            9221777	            9221777	                  0	                  0	                  0	                  0	            3255336	                  0	                  0	                  0	                  0	                  0	                  0	                  0	                  0	                  0	                  0	                  0	                  0	                  0	                  0	                  0	                  0	                  0	                  0	                  0	           12477114	                  0	                  0	                  0	           12477114	           12477114
**  WBS NL-N-TS2-002-07-10         Compressor for DSS s	            4496421	                  0	                  0	                  0	            4496421	            4496421	            4496421	                  0	                  0	                  0	            4496421	            4496421	                  0	                  0	                  0	                  0	                  0	                  0	                  0	                  0	                  0	                  0	                  0	                  0	                  0	                  0	                  0	                  0	                  0	                  0	                  0	                  0	                  0	                  0	                  0	                  0	            4496421	                  0	                  0	                  0	            4496421	            4496421
**  WBS NL-N-TS2-002-07-11         Rack for Shuttle Con	             810662	                  0	                  0	                  0	             810662	             810662	             810662	                  0	                  0	                  0	             810662	             810662	                  0	                  0	                  0	                  0	                  0	                  0	                  0	                  0	                  0	                  0	                  0	                  0	                  0	                  0	                  0	                  0	                  0	                  0	                  0	                  0	                  0	                  0	                  0	                  0	             810662	                  0	                  0	                  0	             810662	             810662
**  WBS NL-N-TS2-002-07-12         Bunker Grill_size240	            1613507	                  0	                  0	                  0	            1613507	            1613507	            1613507	                  0	                  0	                  0	            1613507	            1613507	                  0	                  0	                  0	                  0	                  0	                  0	                  0	                  0	                  0	                  0	                  0	                  0	                  0	                  0	                  0	                  0	                  0	                  0	                  0	                  0	                  0	                  0	                  0	                  0	            1613507	                  0	                  0	                  0	            1613507	            1613507
**  WBS NL-N-TS2-002-07-13         Gear Box Spares	            8197748	                  0	                  0	                  0	            8197748	            8197748	            8197748	                  0	                  0	                  0	            8197748	            8197748	                  0	                  0	                  0	                  0	                  0	                  0	                  0	                  0	                  0	                  0	                  0	                  0	                  0	                  0	                  0	                  0	                  0	                  0	                  0	                  0	                  0	                  0	                  0	                  0	            8197748	                  0	                  0	                  0	            8197748	            8197748
**  WBS NL-N-TS2-002-07-14         Hydraulic Cylinders	            1580114	                  0	                  0	                  0	            1580114	            1580114	            1580114	                  0	                  0	                  0	            1580114	            1580114	                  0	                  0	                  0	                  0	                  0	                  0	                  0	                  0	                  0	                  0	                  0	                  0	                  0	                  0	                  0	                  0	                  0	                  0	                  0	                  0	                  0	                  0	                  0	                  0	            1580114	                  0	                  0	                  0	            1580114	            1580114
**  WBS NL-N-TS2-002-07-15         Gear box spares for	                  0	                  0	                  0	                  0	                  0	                  0	                  0	                  0	                  0	                  0	                  0	                  0	                  0	                  0	                  0	                  0	                  0	                  0	                  0	                  0	                  0	                  0	                  0	                  0	                  0	                  0	                  0	                  0	                  0	                  0	                  0	                  0	                  0	                  0	                  0	                  0	                  0	                  0	                  0	                  0	                  0	                  0
**  WBS NL-N-TS2-002-07-16         Structural repair Wo	           14125243	                  0	                  0	                  0	           14125243	            5518382	           14125243	                  0	                  0	                  0	            5518382	            5518382	                  0	                  0	                  0	                  0	            8606861	                  0	                  0	                  0	                  0	                  0	                  0	                  0	                  0	                  0	                  0	                  0	                  0	                  0	                  0	                  0	                  0	                  0	                  0	                  0	           14125243	                  0	                  0	                  0	           14125243	           14125243
**  WBS NL-N-TS2-002-07-17         PROCUREMENT OF GEAR	            8469339	                  0	                  0	                  0	            8469339	                  0	            8469339	                  0	                  0	                  0	                  0	                  0	                  0	                  0	                  0	                  0	            8469339	                  0	                  0	                  0	                  0	                  0	                  0	                  0	                  0	                  0	                  0	                  0	                  0	                  0	                  0	                  0	                  0	                  0	                  0	                  0	            8469339	                  0	                  0	                  0	            8469339	            8469339
**  WBS NL-N-TS2-002-07-20         PROCUREMENT-STACKER	             370350	                  0	                  0	                  0	             370350	             370350	             370350	                  0	                  0	                  0	             370350	             370350	                  0	                  0	                  0	                  0	                  0	                  0	                  0	                  0	                  0	                  0	                  0	                  0	                  0	                  0	                  0	                  0	                  0	                  0	                  0	                  0	                  0	                  0	                  0	                  0	             370350	                  0	                  0	                  0	             370350	             370350
**  WBS NL-N-TS2-002-07-23         RECLAIMER HYDRAULIC	             500000	                  0	                  0	                  0	             500000	             500000	                  0	                  0	                  0	                  0	                  0	                  0	             500000	                  0	                  0	                  0	             500000	             500000	                  0	                  0	                  0	                  0	                  0	                  0	                  0	                  0	                  0	                  0	                  0	                  0	                  0	                  0	                  0	                  0	                  0	                  0	             500000	                  0	                  0	                  0	             500000	             500000
**  WBS NL-N-TS2-002-07-24         DECK PLATE FOR CONVE	            2486850	                  0	                  0	                  0	            2486850	            2486850	            2486850	                  0	                  0	                  0	                  0	                  0	                  0	                  0	                  0	                  0	            2486850	            2486850	                  0	                  0	                  0	                  0	                  0	                  0	                  0	                  0	                  0	                  0	                  0	                  0	                  0	                  0	                  0	                  0	                  0	                  0	            2486850	                  0	                  0	                  0	            2486850	            2486850
**  WBS NL-N-TS2-002-07-25         FIXED AND GARLAND TY	            4700000	                  0	                  0	                  0	            4700000	            4700000	            1628067	                  0	                  0	                  0	                  0	                  0	            3071933	                  0	                  0	                  0	            4700000	            4700000	                  0	                  0	                  0	                  0	                  0	                  0	                  0	                  0	                  0	                  0	                  0	                  0	                  0	                  0	                  0	                  0	                  0	                  0	            4700000	                  0	                  0	                  0	            4700000	            4700000
**  WBS NL-N-TS2-002-07-26         Rep conveyor structu	           14500000	                  0	                  0	                  0	           14500000	           14500000	                  0	                  0	                  0	                  0	                  0	                  0	           14500000	                  0	                  0	                  0	           14500000	           14500000	                  0	                  0	                  0	                  0	                  0	                  0	                  0	                  0	                  0	                  0	                  0	                  0	                  0	                  0	                  0	                  0	                  0	                  0	           14500000	                  0	                  0	                  0	           14500000	           14500000
*** WBS NL-N-TS2-002-08            TURBINE MAINTENANCE	         1674236361	                  0	                -30	                  0	         1674236332	         1534276717	          383290707	                  0	                -30	                  0	          225825543	          225821166	         1290945654	                  0	                  0	                  0	         1448410789	         1308455550	                  0	                  0	                  0	                  0	                  0	                  0	                  0	                  0	                  0	                  0	                  0	                  0	                  0	                  0	                  0	                  0	                  0	                  0	         1674236361	                  0	                -30	                  0	         1674236332	         1674233042
**  WBS NL-N-TS2-002-08-01         MAIN TURBINE	         1330583496	                  0	                  0	                  0	         1330583496	         1301601577	           63947592	                  0	                  0	                  0	           34965673	           34965673	         1266635905	                  0	                  0	                  0	         1295617823	         1266635905	                  0	                  0	                  0	                  0	                  0	                  0	                  0	                  0	                  0	                  0	                  0	                  0	                  0	                  0	                  0	                  0	                  0	                  0	         1330583496	                  0	                  0	                  0	         1330583496	         1330583496
*   WBS NL-N-TS2-002-08-01-04      Turbine Gov system I	            2009824	                  0	                  0	                  0	            2009824	            2009824	            2009824	                  0	                  0	                  0	            2009824	            2009824	                  0	                  0	                  0	                  0	                  0	                  0	                  0	                  0	                  0	                  0	                  0	                  0	                  0	                  0	                  0	                  0	                  0	                  0	                  0	                  0	                  0	                  0	                  0	                  0	            2009824	                  0	                  0	                  0	            2009824	            2009824
*   WBS NL-N-TS2-002-08-01-05      Turbine fasteners &	            1547158	                  0	                  0	                  0	            1547158	            1547158	            1547158	                  0	                  0	                  0	            1547158	            1547158	                  0	                  0	                  0	                  0	                  0	                  0	                  0	                  0	                  0	                  0	                  0	                  0	                  0	                  0	                  0	                  0	                  0	                  0	                  0	                  0	                  0	                  0	                  0	                  0	            1547158	                  0	                  0	                  0	            1547158	            1547158
*   WBS NL-N-TS2-002-08-01-11      Clam pie T lp rotor	            5224129	                  0	                  0	                  0	            5224129	            5224129	            5224129	                  0	                  0	                  0	            5224129	            5224129	                  0	                  0	                  0	                  0	                  0	                  0	                  0	                  0	                  0	                  0	                  0	                  0	                  0	                  0	                  0	                  0	                  0	                  0	                  0	                  0	                  0	                  0	                  0	                  0	            5224129	                  0	                  0	                  0	            5224129	            5224129
*   WBS NL-N-TS2-002-08-01-17      Turbine Gl seal segm	            7020664	                  0	                  0	                  0	            7020664	                  0	            7020664	                  0	                  0	                  0	                  0	                  0	                  0	                  0	                  0	                  0	            7020664	                  0	                  0	                  0	                  0	                  0	                  0	                  0	                  0	                  0	                  0	                  0	                  0	                  0	                  0	                  0	                  0	                  0	                  0	                  0	            7020664	                  0	                  0	                  0	            7020664	            7020664
*   WBS NL-N-TS2-002-08-01-18      Helical com spring f	            1232753	                  0	                  0	                  0	            1232753	            1232753	            1232753	                  0	                  0	                  0	            1232753	            1232753	                  0	                  0	                  0	                  0	                  0	                  0	                  0	                  0	                  0	                  0	                  0	                  0	                  0	                  0	                  0	                  0	                  0	                  0	                  0	                  0	                  0	                  0	                  0	                  0	            1232753	                  0	                  0	                  0	            1232753	            1232753
*   WBS NL-N-TS2-002-08-01-19      IP Plane fastener GS	           16255330	                  0	                  0	                  0	           16255330	           15367349	           16255330	                  0	                  0	                  0	           15367349	           15367349	                  0	                  0	                  0	                  0	             887981	                  0	                  0	                  0	                  0	                  0	                  0	                  0	                  0	                  0	                  0	                  0	                  0	                  0	                  0	                  0	                  0	                  0	                  0	                  0	           16255330	                  0	                  0	                  0	           16255330	           16255330
*   WBS NL-N-TS2-002-08-01-20      Spares for main Turb	            5449597	                  0	                  0	                  0	            5449597	            5368078	            5449597	                  0	                  0	                  0	            5368078	            5368078	                  0	                  0	                  0	                  0	              81519	                  0	                  0	                  0	                  0	                  0	                  0	                  0	                  0	                  0	                  0	                  0	                  0	                  0	                  0	                  0	                  0	                  0	                  0	                  0	            5449597	                  0	                  0	                  0	            5449597	            5449597
*   WBS NL-N-TS2-002-08-01-21      Condenser Manhole Co	            1975320	                  0	                  0	                  0	            1975320	                  0	            1975320	                  0	                  0	                  0	                  0	                  0	                  0	                  0	                  0	                  0	            1975320	                  0	                  0	                  0	                  0	                  0	                  0	                  0	                  0	                  0	                  0	                  0	                  0	                  0	                  0	                  0	                  0	                  0	                  0	                  0	            1975320	                  0	                  0	                  0	            1975320	            1975320
*   WBS NL-N-TS2-002-08-01-22      Planetary unit sub a	             726500	                  0	                  0	                  0	             726500	             726500	             726500	                  0	                  0	                  0	             726500	             726500	                  0	                  0	                  0	                  0	                  0	                  0	                  0	                  0	                  0	                  0	                  0	                  0	                  0	                  0	                  0	                  0	                  0	                  0	                  0	                  0	                  0	                  0	                  0	                  0	             726500	                  0	                  0	                  0	             726500	             726500
*   WBS NL-N-TS2-002-08-01-23      Portable single phas	              20814	                  0	                  0	                  0	              20814	              20814	              20814	                  0	                  0	                  0	              20814	              20814	                  0	                  0	                  0	                  0	                  0	                  0	                  0	                  0	                  0	                  0	                  0	                  0	                  0	                  0	                  0	                  0	                  0	                  0	                  0	                  0	                  0	                  0	                  0	                  0	              20814	                  0	                  0	                  0	              20814	              20814
*   WBS NL-N-TS2-002-08-01-24      MOP Spares,HP stop v	            5676400	                  0	                  0	                  0	            5676400	                  0	            5676400	                  0	                  0	                  0	                  0	                  0	                  0	                  0	                  0	                  0	            5676400	                  0	                  0	                  0	                  0	                  0	                  0	                  0	                  0	                  0	                  0	                  0	                  0	                  0	                  0	                  0	                  0	                  0	                  0	                  0	            5676400	                  0	                  0	                  0	            5676400	            5676400
*   WBS NL-N-TS2-002-08-01-25      Main Oil pump impell	           10775100	                  0	                  0	                  0	           10775100	                  0	           10775100	                  0	                  0	                  0	                  0	                  0	                  0	                  0	                  0	                  0	           10775100	                  0	                  0	                  0	                  0	                  0	                  0	                  0	                  0	                  0	                  0	                  0	                  0	                  0	                  0	                  0	                  0	                  0	                  0	                  0	           10775100	                  0	                  0	                  0	           10775100	           10775100
*   WBS NL-N-TS2-002-08-01-26      Boll &Kirch Filter E	            3469068	                  0	                  0	                  0	            3469068	            3469068	            3469068	                  0	                  0	                  0	            3469068	            3469068	                  0	                  0	                  0	                  0	                  0	                  0	                  0	                  0	                  0	                  0	                  0	                  0	                  0	                  0	                  0	                  0	                  0	                  0	                  0	                  0	                  0	                  0	                  0	                  0	            3469068	                  0	                  0	                  0	            3469068	            3469068
*   WBS NL-N-TS2-002-08-01-27      Over speed trip rele	            2564935	                  0	                  0	                  0	            2564935	                  0	            2564935	                  0	                  0	                  0	                  0	                  0	                  0	                  0	                  0	                  0	            2564935	                  0	                  0	                  0	                  0	                  0	                  0	                  0	                  0	                  0	                  0	                  0	                  0	                  0	                  0	                  0	                  0	                  0	                  0	                  0	            2564935	                  0	                  0	                  0	            2564935	            2564935
*   WBS NL-N-TS2-002-08-01-28      purchase of Turbine	         1143426950	                  0	                  0	                  0	         1143426950	         1143426950	                  0	                  0	                  0	                  0	                  0	                  0	         1143426950	                  0	                  0	                  0	         1143426950	         1143426950	                  0	                  0	                  0	                  0	                  0	                  0	                  0	                  0	                  0	                  0	                  0	                  0	                  0	                  0	                  0	                  0	                  0	                  0	         1143426950	                  0	                  0	                  0	         1143426950	         1143426950
*   WBS NL-N-TS2-002-08-01-29      DUROMAR COATING ON S	            9996394	                  0	                  0	                  0	            9996394	            9996394	                  0	                  0	                  0	                  0	                  0	                  0	            9996394	                  0	                  0	                  0	            9996394	            9996394	                  0	                  0	                  0	                  0	                  0	                  0	                  0	                  0	                  0	                  0	                  0	                  0	                  0	                  0	                  0	                  0	                  0	                  0	            9996394	                  0	                  0	                  0	            9996394	            9996394
*   WBS NL-N-TS2-002-08-01-30      Stage-2 Turbine spar	           11771300	                  0	                  0	                  0	           11771300	           11771300	                  0	                  0	                  0	                  0	                  0	                  0	           11771300	                  0	                  0	                  0	           11771300	           11771300	                  0	                  0	                  0	                  0	                  0	                  0	                  0	                  0	                  0	                  0	                  0	                  0	                  0	                  0	                  0	                  0	                  0	                  0	           11771300	                  0	                  0	                  0	           11771300	           11771300
*   WBS NL-N-TS2-002-08-01-31      Purch LP Last stage	           97890080	                  0	                  0	                  0	           97890080	           97890080	                  0	                  0	                  0	                  0	                  0	                  0	           97890080	                  0	                  0	                  0	           97890080	           97890080	                  0	                  0	                  0	                  0	                  0	                  0	                  0	                  0	                  0	                  0	                  0	                  0	                  0	                  0	                  0	                  0	                  0	                  0	           97890080	                  0	                  0	                  0	           97890080	           97890080
*   WBS NL-N-TS2-002-08-01-32      Ceramic Fibre Insula	            3551181	                  0	                  0	                  0	            3551181	            3551181	                  0	                  0	                  0	                  0	                  0	                  0	            3551181	                  0	                  0	                  0	            3551181	            3551181	                  0	                  0	                  0	                  0	                  0	                  0	                  0	                  0	                  0	                  0	                  0	                  0	                  0	                  0	                  0	                  0	                  0	                  0	            3551181	                  0	                  0	                  0	            3551181	            3551181
**  WBS NL-N-TS2-002-08-02         BOILER FEED PUMP	          131000625	                  0	                  0	                  0	          131000625	           61914920	          110072331	                  0	                  0	                  0	           35382696	           35379406	           20928295	                  0	                  0	                  0	           95617930	           26535515	                  0	                  0	                  0	                  0	                  0	                  0	                  0	                  0	                  0	                  0	                  0	                  0	                  0	                  0	                  0	                  0	                  0	                  0	          131000625	                  0	                  0	                  0	          131000625	          130997336
*   WBS NL-N-TS2-002-08-02-02       CWP impellers & brg	            3442521	                  0	                  0	                  0	            3442521	            3442521	            3442521	                  0	                  0	                  0	            3442521	            3442521	                  0	                  0	                  0	                  0	                  0	                  0	                  0	                  0	                  0	                  0	                  0	                  0	                  0	                  0	                  0	                  0	                  0	                  0	                  0	                  0	                  0	                  0	                  0	                  0	            3442521	                  0	                  0	                  0	            3442521	            3442521
*   WBS NL-N-TS2-002-08-02-09      CWP impellers & bear	            3280820	                  0	                  0	                  0	            3280820	            3280820	            3280820	                  0	                  0	                  0	            3280820	            3280820	                  0	                  0	                  0	                  0	                  0	                  0	                  0	                  0	                  0	                  0	                  0	                  0	                  0	                  0	                  0	                  0	                  0	                  0	                  0	                  0	                  0	                  0	                  0	                  0	            3280820	                  0	                  0	                  0	            3280820	            3280820
*   WBS NL-N-TS2-002-08-02-10      CWP REJ	                  2	                  0	                  0	                  0	                  2	                  0	                  2	                  0	                  0	                  0	                  0	                  0	                  0	                  0	                  0	                  0	                  2	                  0	                  0	                  0	                  0	                  0	                  0	                  0	                  0	                  0	                  0	                  0	                  0	                  0	                  0	                  0	                  0	                  0	                  0	                  0	                  2	                  0	                  0	                  0	                  2	                  2
*   WBS NL-N-TS2-002-08-02-20      Chlorination Plant S	             817691	                  0	                  0	                  0	             817691	             817691	             817691	                  0	                  0	                  0	             817691	             817691	                  0	                  0	                  0	                  0	                  0	                  0	                  0	                  0	                  0	                  0	                  0	                  0	                  0	                  0	                  0	                  0	                  0	                  0	                  0	                  0	                  0	                  0	                  0	                  0	             817691	                  0	                  0	                  0	             817691	             817691
*   WBS NL-N-TS2-002-08-02-21      BFP Wear rings for s	            1123783	                  0	                  0	                  0	            1123783	            1123783	            1123783	                  0	                  0	                  0	            1123783	            1123783	                  0	                  0	                  0	                  0	                  0	                  0	                  0	                  0	                  0	                  0	                  0	                  0	                  0	                  0	                  0	                  0	                  0	                  0	                  0	                  0	                  0	                  0	                  0	                  0	            1123783	                  0	                  0	                  0	            1123783	            1123783
*   WBS NL-N-TS2-002-08-02-23      Boiler Feed Pump Wea	             602689	                  0	                  0	                  0	             602689	             602689	             602689	                  0	                  0	                  0	             602689	             602689	                  0	                  0	                  0	                  0	                  0	                  0	                  0	                  0	                  0	                  0	                  0	                  0	                  0	                  0	                  0	                  0	                  0	                  0	                  0	                  0	                  0	                  0	                  0	                  0	             602689	                  0	                  0	                  0	             602689	             602689
*   WBS NL-N-TS2-002-08-02-24      Condensate Extractio	            4103745	                  0	                  0	                  0	            4103745	            4103745	            4103745	                  0	                  0	                  0	            4103745	            4103745	                  0	                  0	                  0	                  0	                  0	                  0	                  0	                  0	                  0	                  0	                  0	                  0	                  0	                  0	                  0	                  0	                  0	                  0	                  0	                  0	                  0	                  0	                  0	                  0	            4103745	                  0	                  0	                  0	            4103745	            4103745
*   WBS NL-N-TS2-002-08-02-25      Spares for BFP 6WC-1	            2325187	                  0	                  0	                  0	            2325187	            2325187	            2325187	                  0	                  0	                  0	            2325187	            2325187	                  0	                  0	                  0	                  0	                  0	                  0	                  0	                  0	                  0	                  0	                  0	                  0	                  0	                  0	                  0	                  0	                  0	                  0	                  0	                  0	                  0	                  0	                  0	                  0	            2325187	                  0	                  0	                  0	            2325187	            2325187
*   WBS NL-N-TS2-002-08-02-26      Spares for BFP FK6D3	            2373599	                  0	                  0	                  0	            2373599	            2373599	            2374297	                  0	                  0	                  0	            2373599	            2373599	               -698	                  0	                  0	                  0	                  0	                  0	                  0	                  0	                  0	                  0	                  0	                  0	                  0	                  0	                  0	                  0	                  0	                  0	                  0	                  0	                  0	                  0	                  0	                  0	            2373599	                  0	                  0	                  0	            2373599	            2373599
*   WBS NL-N-TS2-002-08-02-27      Spares for st-I BFP	            2726139	                  0	                  0	                  0	            2726139	            2726139	            2726139	                  0	                  0	                  0	            2726139	            2726139	                  0	                  0	                  0	                  0	                  0	                  0	                  0	                  0	                  0	                  0	                  0	                  0	                  0	                  0	                  0	                  0	                  0	                  0	                  0	                  0	                  0	                  0	                  0	                  0	            2726139	                  0	                  0	                  0	            2726139	            2726139
*   WBS NL-N-TS2-002-08-02-28      Spares for BFP Thrus	            2237567	                  0	                  0	                  0	            2237567	            2237173	            2237567	                  0	                  0	                  0	            2237567	            2237173	                  0	                  0	                  0	                  0	                  0	                  0	                  0	                  0	                  0	                  0	                  0	                  0	                  0	                  0	                  0	                  0	                  0	                  0	                  0	                  0	                  0	                  0	                  0	                  0	            2237567	                  0	                  0	                  0	            2237567	            2237173
*   WBS NL-N-TS2-002-08-02-29      BFP Type 6WC 137/C "	            4459356	                  0	                  0	                  0	            4459356	            4459356	            4459356	                  0	                  0	                  0	            4459356	            4459356	                  0	                  0	                  0	                  0	                  0	                  0	                  0	                  0	                  0	                  0	                  0	                  0	                  0	                  0	                  0	                  0	                  0	                  0	                  0	                  0	                  0	                  0	                  0	                  0	            4459356	                  0	                  0	                  0	            4459356	            4459356
*   WBS NL-N-TS2-002-08-02-30      BFP Mech seals Spare	            2423959	                  0	                  0	                  0	            2423959	            2423959	            2423959	                  0	                  0	                  0	            2423959	            2423959	                  0	                  0	                  0	                  0	                  0	                  0	                  0	                  0	                  0	                  0	                  0	                  0	                  0	                  0	                  0	                  0	                  0	                  0	                  0	                  0	                  0	                  0	                  0	                  0	            2423959	                  0	                  0	                  0	            2423959	            2423959
*   WBS NL-N-TS2-002-08-02-31      Duplex Filter for St	             606015	                  0	                  0	                  0	             606015	             606015	             606015	                  0	                  0	                  0	             606015	             606015	                  0	                  0	                  0	                  0	                  0	                  0	                  0	                  0	                  0	                  0	                  0	                  0	                  0	                  0	                  0	                  0	                  0	                  0	                  0	                  0	                  0	                  0	                  0	                  0	             606015	                  0	                  0	                  0	             606015	             606015
*   WBS NL-N-TS2-002-08-02-32      BFP TYPE FK 6D 30 IM	            1248485	                  0	                  0	                  0	            1248485	            1248485	            1248485	                  0	                  0	                  0	            1248485	            1248485	                  0	                  0	                  0	                  0	                  0	                  0	                  0	                  0	                  0	                  0	                  0	                  0	                  0	                  0	                  0	                  0	                  0	                  0	                  0	                  0	                  0	                  0	                  0	                  0	            1248485	                  0	                  0	                  0	            1248485	            1248485
*   WBS NL-N-TS2-002-08-02-33      BFP type FK 6D 30 Di	            1272173	                  0	                  0	                  0	            1272173	                  0	            1272173	                  0	                  0	                  0	                  0	                  0	                  0	                  0	                  0	                  0	            1272173	                  0	                  0	                  0	                  0	                  0	                  0	                  0	                  0	                  0	                  0	                  0	                  0	                  0	                  0	                  0	                  0	                  0	                  0	                  0	            1272173	                  0	                  0	                  0	            1272173	            1272173
*   WBS NL-N-TS2-002-08-02-34      BRG Bracket/Lantern	            2386299	                  0	                  0	                  0	            2386299	            2383403	            2386299	                  0	                  0	                  0	            2386299	            2383403	                  0	                  0	                  0	                  0	                  0	                  0	                  0	                  0	                  0	                  0	                  0	                  0	                  0	                  0	                  0	                  0	                  0	                  0	                  0	                  0	                  0	                  0	                  0	                  0	            2386299	                  0	                  0	                  0	            2386299	            2383403
*   WBS NL-N-TS2-002-08-02-35      WOC/LOC stack assemb	                  0	                  0	                  0	                  0	                  0	                  0	                  0	                  0	                  0	                  0	                  0	                  0	                  0	                  0	                  0	                  0	                  0	                  0	                  0	                  0	                  0	                  0	                  0	                  0	                  0	                  0	                  0	                  0	                  0	                  0	                  0	                  0	                  0	                  0	                  0	                  0	                  0	                  0	                  0	                  0	                  0	                  0
*   WBS NL-N-TS2-002-08-02-36      Spare for BFP workin	            2690630	                  0	                  0	                  0	            2690630	                  0	            2690630	                  0	                  0	                  0	                  0	                  0	                  0	                  0	                  0	                  0	            2690630	                  0	                  0	                  0	                  0	                  0	                  0	                  0	                  0	                  0	                  0	                  0	                  0	                  0	                  0	                  0	                  0	                  0	                  0	                  0	            2690630	                  0	                  0	                  0	            2690630	            2690630
*   WBS NL-N-TS2-002-08-02-37      Finostos B Bearing a	            1224839	                  0	                  0	                  0	            1224839	            1224839	            1224839	                  0	                  0	                  0	            1224839	            1224839	                  0	                  0	                  0	                  0	                  0	                  0	                  0	                  0	                  0	                  0	                  0	                  0	                  0	                  0	                  0	                  0	                  0	                  0	                  0	                  0	                  0	                  0	                  0	                  0	            1224839	                  0	                  0	                  0	            1224839	            1224839
*   WBS NL-N-TS2-002-08-02-38      Providing energy eff	            1374750	                  0	                  0	                  0	            1374750	                  0	            1374750	                  0	                  0	                  0	                  0	                  0	                  0	                  0	                  0	                  0	            1374750	                  0	                  0	                  0	                  0	                  0	                  0	                  0	                  0	                  0	                  0	                  0	                  0	                  0	                  0	                  0	                  0	                  0	                  0	                  0	            1374750	                  0	                  0	                  0	            1374750	            1374750
*   WBS NL-N-TS2-002-08-02-39      Impeller Shaft and T	            3044488	                  0	                  0	                  0	            3044488	                  0	            3044488	                  0	                  0	                  0	                  0	                  0	                  0	                  0	                  0	                  0	            3044488	                  0	                  0	                  0	                  0	                  0	                  0	                  0	                  0	                  0	                  0	                  0	                  0	                  0	                  0	                  0	                  0	                  0	                  0	                  0	            3044488	                  0	                  0	                  0	            3044488	            3044488
*   WBS NL-N-TS2-002-08-02-40      SPARES FOR BFP TYPE	            2491320	                  0	                  0	                  0	            2491320	                  0	            2491320	                  0	                  0	                  0	                  0	                  0	                  0	                  0	                  0	                  0	            2491320	                  0	                  0	                  0	                  0	                  0	                  0	                  0	                  0	                  0	                  0	                  0	                  0	                  0	                  0	                  0	                  0	                  0	                  0	                  0	            2491320	                  0	                  0	                  0	            2491320	            2491320
*   WBS NL-N-TS2-002-08-02-41      Rotor assembly of BF	            6721501	                  0	                  0	                  0	            6721501	                  0	            6721501	                  0	                  0	                  0	                  0	                  0	                  0	                  0	                  0	                  0	            6721501	                  0	                  0	                  0	                  0	                  0	                  0	                  0	                  0	                  0	                  0	                  0	                  0	                  0	                  0	                  0	                  0	                  0	                  0	                  0	            6721501	                  0	                  0	                  0	            6721501	            6721501
*   WBS NL-N-TS2-002-08-02-42      Complete set of BFP	            6804201	                  0	                  0	                  0	            6804201	                  0	            6804201	                  0	                  0	                  0	                  0	                  0	                  0	                  0	                  0	                  0	            6804201	                  0	                  0	                  0	                  0	                  0	                  0	                  0	                  0	                  0	                  0	                  0	                  0	                  0	                  0	                  0	                  0	                  0	                  0	                  0	            6804201	                  0	                  0	                  0	            6804201	            6804201
*   WBS NL-N-TS2-002-08-02-43      Feed Pump Recirculat	            8891025	                  0	                  0	                  0	            8891025	                  0	            8891025	                  0	                  0	                  0	                  0	                  0	                  0	                  0	                  0	                  0	            8891025	                  0	                  0	                  0	                  0	                  0	                  0	                  0	                  0	                  0	                  0	                  0	                  0	                  0	                  0	                  0	                  0	                  0	                  0	                  0	            8891025	                  0	                  0	                  0	            8891025	            8891025
*   WBS NL-N-TS2-002-08-02-44      BEARINGS FOR HYDROCO	            6038722	                  0	                  0	                  0	            6038722	            6038722	            5606522	                  0	                  0	                  0	                  0	                  0	             432200	                  0	                  0	                  0	            6038722	            6038722	                  0	                  0	                  0	                  0	                  0	                  0	                  0	                  0	                  0	                  0	                  0	                  0	                  0	                  0	                  0	                  0	                  0	                  0	            6038722	                  0	                  0	                  0	            6038722	            6038722
*   WBS NL-N-TS2-002-08-02-45      SPARES FOR BFP EAGLE	            2846879	                  0	                  0	                  0	            2846879	                  0	            2846879	                  0	                  0	                  0	                  0	                  0	                  0	                  0	                  0	                  0	            2846879	                  0	                  0	                  0	                  0	                  0	                  0	                  0	                  0	                  0	                  0	                  0	                  0	                  0	                  0	                  0	                  0	                  0	                  0	                  0	            2846879	                  0	                  0	                  0	            2846879	            2846879
*   WBS NL-N-TS2-002-08-02-46      SPARES OF BFP HYDROC	           22492669	                  0	                  0	                  0	           22492669	                  0	           22492669	                  0	                  0	                  0	                  0	                  0	                  0	                  0	                  0	                  0	           22492669	                  0	                  0	                  0	                  0	                  0	                  0	                  0	                  0	                  0	                  0	                  0	                  0	                  0	                  0	                  0	                  0	                  0	                  0	                  0	           22492669	                  0	                  0	                  0	           22492669	           22492669
*   WBS NL-N-TS2-002-08-02-47      SPARES OF IMPELLERS	            7005987	                  0	                  0	                  0	            7005987	                  0	            7005987	                  0	                  0	                  0	                  0	                  0	                  0	                  0	                  0	                  0	            7005987	                  0	                  0	                  0	                  0	                  0	                  0	                  0	                  0	                  0	                  0	                  0	                  0	                  0	                  0	                  0	                  0	                  0	                  0	                  0	            7005987	                  0	                  0	                  0	            7005987	            7005987
*   WBS NL-N-TS2-002-08-02-48      PROCUREMENT OF STAGE	            3446790	                  0	                  0	                  0	            3446790	                  0	            3446790	                  0	                  0	                  0	                  0	                  0	                  0	                  0	                  0	                  0	            3446790	                  0	                  0	                  0	                  0	                  0	                  0	                  0	                  0	                  0	                  0	                  0	                  0	                  0	                  0	                  0	                  0	                  0	                  0	                  0	            3446790	                  0	                  0	                  0	            3446790	            3446790
*   WBS NL-N-TS2-002-08-02-50      Taper conn piece for	            7009703	                  0	                  0	                  0	            7009703	            7009703	                  0	                  0	                  0	                  0	                  0	                  0	            7009703	                  0	                  0	                  0	            7009703	            7009703	                  0	                  0	                  0	                  0	                  0	                  0	                  0	                  0	                  0	                  0	                  0	                  0	                  0	                  0	                  0	                  0	                  0	                  0	            7009703	                  0	                  0	                  0	            7009703	            7009703
*   WBS NL-N-TS2-002-08-02-51      Renewal of Complete	           10750853	                  0	                  0	                  0	           10750853	           10750853	                  0	                  0	                  0	                  0	                  0	                  0	           10750853	                  0	                  0	                  0	           10750853	           10750853	                  0	                  0	                  0	                  0	                  0	                  0	                  0	                  0	                  0	                  0	                  0	                  0	                  0	                  0	                  0	                  0	                  0	                  0	           10750853	                  0	                  0	                  0	           10750853	           10750853
*   WBS NL-N-TS2-002-08-02-52      WO & LO tube stack f	            2736237	                  0	                  0	                  0	            2736237	            2736237	                  0	                  0	                  0	                  0	                  0	                  0	            2736237	                  0	                  0	                  0	            2736237	            2736237	                  0	                  0	                  0	                  0	                  0	                  0	                  0	                  0	                  0	                  0	                  0	                  0	                  0	                  0	                  0	                  0	                  0	                  0	            2736237	                  0	                  0	                  0	            2736237	            2736237
**  WBS NL-N-TS2-002-08-03         PIPING & VALVES	           26451320	                  0	                  0	                  0	           26451320	           13545647	           27312681	                  0	                  0	                  0	            8485497	            8485497	            -861361	                  0	                  0	                  0	           17965824	            5060150	                  0	                  0	                  0	                  0	                  0	                  0	                  0	                  0	                  0	                  0	                  0	                  0	                  0	                  0	                  0	                  0	                  0	                  0	           26451320	                  0	                  0	                  0	           26451320	           26451320
*   WBS NL-N-TS2-002-08-03-01      Hand operated valves	              56050	                  0	                  0	                  0	              56050	              56050	              56050	                  0	                  0	                  0	              56050	              56050	                  0	                  0	                  0	                  0	                  0	                  0	                  0	                  0	                  0	                  0	                  0	                  0	                  0	                  0	                  0	                  0	                  0	                  0	                  0	                  0	                  0	                  0	                  0	                  0	              56050	                  0	                  0	                  0	              56050	              56050
*   WBS NL-N-TS2-002-08-03-02      MOV	             418924	                  0	                  0	                  0	             418924	             418924	             418924	                  0	                  0	                  0	             418924	             418924	                  0	                  0	                  0	                  0	                  0	                  0	                  0	                  0	                  0	                  0	                  0	                  0	                  0	                  0	                  0	                  0	                  0	                  0	                  0	                  0	                  0	                  0	                  0	                  0	             418924	                  0	                  0	                  0	             418924	             418924
*   WBS NL-N-TS2-002-08-03-03      PCV	             350862	                  0	                  0	                  0	             350862	             350862	             350862	                  0	                  0	                  0	             350862	             350862	                  0	                  0	                  0	                  0	                  0	                  0	                  0	                  0	                  0	                  0	                  0	                  0	                  0	                  0	                  0	                  0	                  0	                  0	                  0	                  0	                  0	                  0	                  0	                  0	             350862	                  0	                  0	                  0	             350862	             350862
*   WBS NL-N-TS2-002-08-03-04      RC valves replacemen	            4038595	                  0	                  0	                  0	            4038595	                  0	            4038595	                  0	                  0	                  0	                  0	                  0	                  0	                  0	                  0	                  0	            4038595	                  0	                  0	                  0	                  0	                  0	                  0	                  0	                  0	                  0	                  0	                  0	                  0	                  0	                  0	                  0	                  0	                  0	                  0	                  0	            4038595	                  0	                  0	                  0	            4038595	            4038595
*   WBS NL-N-TS2-002-08-03-06      Pipes	            1586164	                  0	                  0	                  0	            1586164	              59619	            1586164	                  0	                  0	                  0	              59619	              59619	                  0	                  0	                  0	                  0	            1526545	                  0	                  0	                  0	                  0	                  0	                  0	                  0	                  0	                  0	                  0	                  0	                  0	                  0	                  0	                  0	                  0	                  0	                  0	                  0	            1586164	                  0	                  0	                  0	            1586164	            1586164
*   WBS NL-N-TS2-002-08-03-08      Bore Well Pipes Repl	            7600042	                  0	                  0	                  0	            7600042	            7600042	            7600042	                  0	                  0	                  0	            7600042	            7600042	                  0	                  0	                  0	                  0	                  0	                  0	                  0	                  0	                  0	                  0	                  0	                  0	                  0	                  0	                  0	                  0	                  0	                  0	                  0	                  0	                  0	                  0	                  0	                  0	            7600042	                  0	                  0	                  0	            7600042	            7600042
*   WBS NL-N-TS2-002-08-03-09      Purchase of pressure	                  0	                  0	                  0	                  0	                  0	                  0	                  0	                  0	                  0	                  0	                  0	                  0	                  0	                  0	                  0	                  0	                  0	                  0	                  0	                  0	                  0	                  0	                  0	                  0	                  0	                  0	                  0	                  0	                  0	                  0	                  0	                  0	                  0	                  0	                  0	                  0	                  0	                  0	                  0	                  0	                  0	                  0
*   WBS NL-N-TS2-002-08-03-10      MAL Valves	            5060150	                  0	                  0	                  0	            5060150	            5060150	            4353531	                  0	                  0	                  0	                  0	                  0	             706619	                  0	                  0	                  0	            5060150	            5060150	                  0	                  0	                  0	                  0	                  0	                  0	                  0	                  0	                  0	                  0	                  0	                  0	                  0	                  0	                  0	                  0	                  0	                  0	            5060150	                  0	                  0	                  0	            5060150	            5060150
*   WBS NL-N-TS2-002-08-03-11      LP by pass Limiting	            5600040	                  0	                  0	                  0	            5600040	                  0	            5600040	                  0	                  0	                  0	                  0	                  0	                  0	                  0	                  0	                  0	            5600040	                  0	                  0	                  0	                  0	                  0	                  0	                  0	                  0	                  0	                  0	                  0	                  0	                  0	                  0	                  0	                  0	                  0	                  0	                  0	            5600040	                  0	                  0	                  0	            5600040	            5600040
*   WBS NL-N-TS2-002-08-03-12      LP by pass Governing	            1740494	                  0	                  0	                  0	            1740494	                  0	            3308474	                  0	                  0	                  0	                  0	                  0	           -1567980	                  0	                  0	                  0	            1740494	                  0	                  0	                  0	                  0	                  0	                  0	                  0	                  0	                  0	                  0	                  0	                  0	                  0	                  0	                  0	                  0	                  0	                  0	                  0	            1740494	                  0	                  0	                  0	            1740494	            1740494
**  WBS NL-N-TS2-002-08-04         AC PLANT	           12627030	                  0	                -30	                  0	           12627001	           11598364	           12627030	                  0	                -30	                  0	            9330189	            9329102	                  0	                  0	                  0	                  0	            3296812	            2269262	                  0	                  0	                  0	                  0	                  0	                  0	                  0	                  0	                  0	                  0	                  0	                  0	                  0	                  0	                  0	                  0	                  0	                  0	           12627030	                  0	                -30	                  0	           12627001	           12627001
*   WBS NL-N-TS2-002-08-04-02      AC Plant Pumps Spare	            4686028	                  0	                -30	                  0	            4685998	            3697362	            4686028	                  0	                -30	                  0	            3698449	            3697362	                  0	                  0	                  0	                  0	             987550	                  0	                  0	                  0	                  0	                  0	                  0	                  0	                  0	                  0	                  0	                  0	                  0	                  0	                  0	                  0	                  0	                  0	                  0	                  0	            4686028	                  0	                -30	                  0	            4685998	            4685998
*   WBS NL-N-TS2-002-08-04-04      Accel 4-100 compress	            1654231	                  0	                  0	                  0	            1654231	            1654231	            1654231	                  0	                  0	                  0	            1654231	            1654231	                  0	                  0	                  0	                  0	                  0	                  0	                  0	                  0	                  0	                  0	                  0	                  0	                  0	                  0	                  0	                  0	                  0	                  0	                  0	                  0	                  0	                  0	                  0	                  0	            1654231	                  0	                  0	                  0	            1654231	            1654231
*   WBS NL-N-TS2-002-08-04-07      Air washer unit repl	            2980261	                  0	                  0	                  0	            2980261	            2980261	            2980261	                  0	                  0	                  0	            2980261	            2980261	                  0	                  0	                  0	                  0	                  0	                  0	                  0	                  0	                  0	                  0	                  0	                  0	                  0	                  0	                  0	                  0	                  0	                  0	                  0	                  0	                  0	                  0	                  0	                  0	            2980261	                  0	                  0	                  0	            2980261	            2980261
*   WBS NL-N-TS2-002-08-04-08      Kirloskar make KC6 C	             666848	                  0	                  0	                  0	             666848	             666848	             666848	                  0	                  0	                  0	             666848	             666848	                  0	                  0	                  0	                  0	                  0	                  0	                  0	                  0	                  0	                  0	                  0	                  0	                  0	                  0	                  0	                  0	                  0	                  0	                  0	                  0	                  0	                  0	                  0	                  0	             666848	                  0	                  0	                  0	             666848	             666848
*   WBS NL-N-TS2-002-08-04-09      Rep of Unit-2 Air wa	             370400	                  0	                  0	                  0	             370400	             330400	             370400	                  0	                  0	                  0	             330400	             330400	                  0	                  0	                  0	                  0	              40000	                  0	                  0	                  0	                  0	                  0	                  0	                  0	                  0	                  0	                  0	                  0	                  0	                  0	                  0	                  0	                  0	                  0	                  0	                  0	             370400	                  0	                  0	                  0	             370400	             370400
*   WBS NL-N-TS2-002-08-04-10      AC plant St-II Beaco	            2269262	                  0	                  0	                  0	            2269262	            2269262	            2269262	                  0	                  0	                  0	                  0	                  0	                  0	                  0	                  0	                  0	            2269262	            2269262	                  0	                  0	                  0	                  0	                  0	                  0	                  0	                  0	                  0	                  0	                  0	                  0	                  0	                  0	                  0	                  0	                  0	                  0	            2269262	                  0	                  0	                  0	            2269262	            2269262
**  WBS NL-N-TS2-002-08-05         MAIN TURBINE CONTRAC	          151382368	                  0	                  0	                  0	          151382368	          137661489	          151382368	                  0	                  0	                  0	          137661489	          137661489	                  0	                  0	                  0	                  0	           13720879	                  0	                  0	                  0	                  0	                  0	                  0	                  0	                  0	                  0	                  0	                  0	                  0	                  0	                  0	                  0	                  0	                  0	                  0	                  0	          151382368	                  0	                  0	                  0	          151382368	          151382368
*   WBS NL-N-TS2-002-08-05-01      LEP Works : U-4	           21122000	                  0	                  0	                  0	           21122000	           19059360	           21122000	                  0	                  0	                  0	           19059360	           19059360	                  0	                  0	                  0	                  0	            2062640	                  0	                  0	                  0	                  0	                  0	                  0	                  0	                  0	                  0	                  0	                  0	                  0	                  0	                  0	                  0	                  0	                  0	                  0	                  0	           21122000	                  0	                  0	                  0	           21122000	           21122000
*   WBS NL-N-TS2-002-08-05-02      U-4 CONDITION ASSESS	            2891000	                  0	                  0	                  0	            2891000	            2891000	            2891000	                  0	                  0	                  0	            2891000	            2891000	                  0	                  0	                  0	                  0	                  0	                  0	                  0	                  0	                  0	                  0	                  0	                  0	                  0	                  0	                  0	                  0	                  0	                  0	                  0	                  0	                  0	                  0	                  0	                  0	            2891000	                  0	                  0	                  0	            2891000	            2891000
*   WBS NL-N-TS2-002-08-05-03      U-2 WORKS CONTRACTS	           83622310	                  0	                  0	                  0	           83622310	           76702122	           83622310	                  0	                  0	                  0	           76702122	           76702122	                  0	                  0	                  0	                  0	            6920188	                  0	                  0	                  0	                  0	                  0	                  0	                  0	                  0	                  0	                  0	                  0	                  0	                  0	                  0	                  0	                  0	                  0	                  0	                  0	           83622310	                  0	                  0	                  0	           83622310	           83622310
*   WBS NL-N-TS2-002-08-05-04      U-2 CONDITION ASSESS	            1412460	                  0	                  0	                  0	            1412460	            1355962	            1412460	                  0	                  0	                  0	            1355962	            1355962	                  0	                  0	                  0	                  0	              56498	                  0	                  0	                  0	                  0	                  0	                  0	                  0	                  0	                  0	                  0	                  0	                  0	                  0	                  0	                  0	                  0	                  0	                  0	                  0	            1412460	                  0	                  0	                  0	            1412460	            1412460
*   WBS NL-N-TS2-002-08-05-05      U-2 INSULATION CONTR	            1274400	                  0	                  0	                  0	            1274400	            1274400	            1274400	                  0	                  0	                  0	            1274400	            1274400	                  0	                  0	                  0	                  0	                  0	                  0	                  0	                  0	                  0	                  0	                  0	                  0	                  0	                  0	                  0	                  0	                  0	                  0	                  0	                  0	                  0	                  0	                  0	                  0	            1274400	                  0	                  0	                  0	            1274400	            1274400
*   WBS NL-N-TS2-002-08-05-07      Unit-4 Insulation Wo	            1475000	                  0	                  0	                  0	            1475000	            1475000	            1475000	                  0	                  0	                  0	            1475000	            1475000	                  0	                  0	                  0	                  0	                  0	                  0	                  0	                  0	                  0	                  0	                  0	                  0	                  0	                  0	                  0	                  0	                  0	                  0	                  0	                  0	                  0	                  0	                  0	                  0	            1475000	                  0	                  0	                  0	            1475000	            1475000
*   WBS NL-N-TS2-002-08-05-09      Unit-6 Condition ass	            2607800	                  0	                  0	                  0	            2607800	            2607800	            2607800	                  0	                  0	                  0	            2607800	            2607800	                  0	                  0	                  0	                  0	                  0	                  0	                  0	                  0	                  0	                  0	                  0	                  0	                  0	                  0	                  0	                  0	                  0	                  0	                  0	                  0	                  0	                  0	                  0	                  0	            2607800	                  0	                  0	                  0	            2607800	            2607800
*   WBS NL-N-TS2-002-08-05-10      Unit-6 Insulation co	            1983580	                  0	                  0	                  0	            1983580	            1983580	            1983580	                  0	                  0	                  0	            1983580	            1983580	                  0	                  0	                  0	                  0	                  0	                  0	                  0	                  0	                  0	                  0	                  0	                  0	                  0	                  0	                  0	                  0	                  0	                  0	                  0	                  0	                  0	                  0	                  0	                  0	            1983580	                  0	                  0	                  0	            1983580	            1983580
*   WBS NL-N-TS2-002-08-05-18      U-6 Turbine Capital	           33172321	                  0	                  0	                  0	           33172321	           28506229	           33172321	                  0	                  0	                  0	           28506229	           28506229	                  0	                  0	                  0	                  0	            4666092	                  0	                  0	                  0	                  0	                  0	                  0	                  0	                  0	                  0	                  0	                  0	                  0	                  0	                  0	                  0	                  0	                  0	                  0	                  0	           33172321	                  0	                  0	                  0	           33172321	           33172321
*   WBS NL-N-TS2-002-08-05-19      Duromar coating on c	            1821497	                  0	                  0	                  0	            1821497	            1806037	            1821497	                  0	                  0	                  0	            1806037	            1806037	                  0	                  0	                  0	                  0	              15460	                  0	                  0	                  0	                  0	                  0	                  0	                  0	                  0	                  0	                  0	                  0	                  0	                  0	                  0	                  0	                  0	                  0	                  0	                  0	            1821497	                  0	                  0	                  0	            1821497	            1821497
**  WBS NL-N-TS2-002-08-07         Turbine Miscelaneous	            1428899	                  0	                  0	                  0	            1428899	                  0	            1428899	                  0	                  0	                  0	                  0	                  0	                  0	                  0	                  0	                  0	            1428899	                  0	                  0	                  0	                  0	                  0	                  0	                  0	                  0	                  0	                  0	                  0	                  0	                  0	                  0	                  0	                  0	                  0	                  0	                  0	            1428899	                  0	                  0	                  0	            1428899	            1428899
*   WBS NL-N-TS2-002-08-07-01      Purchase of Mukund C	            1428899	                  0	                  0	                  0	            1428899	                  0	            1428899	                  0	                  0	                  0	                  0	                  0	                  0	                  0	                  0	                  0	            1428899	                  0	                  0	                  0	                  0	                  0	                  0	                  0	                  0	                  0	                  0	                  0	                  0	                  0	                  0	                  0	                  0	                  0	                  0	                  0	            1428899	                  0	                  0	                  0	            1428899	            1428899
**  WBS NL-N-TS2-002-08-08         Ciculating Water Pum	           20762622	                  0	                  0	                  0	           20762622	            7954719	           16519807	                  0	                  0	                  0	                  0	                  0	            4242816	                  0	                  0	                  0	           20762622	            7954719	                  0	                  0	                  0	                  0	                  0	                  0	                  0	                  0	                  0	                  0	                  0	                  0	                  0	                  0	                  0	                  0	                  0	                  0	           20762622	                  0	                  0	                  0	           20762622	           20762622
*   WBS NL-N-TS2-002-08-08-01      Impeller for Mather	            3717974	                  0	                  0	                  0	            3717974	            3717974	            3711903	                  0	                  0	                  0	                  0	                  0	               6071	                  0	                  0	                  0	            3717974	            3717974	                  0	                  0	                  0	                  0	                  0	                  0	                  0	                  0	                  0	                  0	                  0	                  0	                  0	                  0	                  0	                  0	                  0	                  0	            3717974	                  0	                  0	                  0	            3717974	            3717974
*   WBS NL-N-TS2-002-08-08-02      Line shaft and Inter	           12807904	                  0	                  0	                  0	           12807904	                  0	           12807904	                  0	                  0	                  0	                  0	                  0	                  0	                  0	                  0	                  0	           12807904	                  0	                  0	                  0	                  0	                  0	                  0	                  0	                  0	                  0	                  0	                  0	                  0	                  0	                  0	                  0	                  0	                  0	                  0	                  0	           12807904	                  0	                  0	                  0	           12807904	           12807904
*   WBS NL-N-TS2-002-08-08-03      CWP Impeller for Sta	            4236745	                  0	                  0	                  0	            4236745	            4236745	                  0	                  0	                  0	                  0	                  0	                  0	            4236745	                  0	                  0	                  0	            4236745	            4236745	                  0	                  0	                  0	                  0	                  0	                  0	                  0	                  0	                  0	                  0	                  0	                  0	                  0	                  0	                  0	                  0	                  0	                  0	            4236745	                  0	                  0	                  0	            4236745	            4236745
*** WBS NL-N-TS2-002-09            WCTP	          152764199	                  0	                  0	                  0	          152764199	          145181493	          152764199	                  0	                  0	                  0	          145181493	          145181493	                  0	                  0	                  0	                  0	            7582706	                  0	                  0	                  0	                  0	                  0	                  0	                  0	                  0	                  0	                  0	                  0	                  0	                  0	                  0	                  0	                  0	                  0	                  0	                  0	          152764199	                  0	                  0	                  0	          152764199	          152764199
**  WBS NL-N-TS2-002-09-02         Portable Dissolved O	             612018	                  0	                  0	                  0	             612018	             612018	             612018	                  0	                  0	                  0	             612018	             612018	                  0	                  0	                  0	                  0	                  0	                  0	                  0	                  0	                  0	                  0	                  0	                  0	                  0	                  0	                  0	                  0	                  0	                  0	                  0	                  0	                  0	                  0	                  0	                  0	             612018	                  0	                  0	                  0	             612018	             612018
**  WBS NL-N-TS2-002-09-03         CW Treatment System	          151508432	                  0	                  0	                  0	          151508432	          143925726	          151508432	                  0	                  0	                  0	          143925726	          143925726	                  0	                  0	                  0	                  0	            7582706	                  0	                  0	                  0	                  0	                  0	                  0	                  0	                  0	                  0	                  0	                  0	                  0	                  0	                  0	                  0	                  0	                  0	                  0	                  0	          151508432	                  0	                  0	                  0	          151508432	          151508432
**  WBS NL-N-TS2-002-09-04         UV-VISIBLE SPECTROME	             643750	                  0	                  0	                  0	             643750	             643750	             643750	                  0	                  0	                  0	             643750	             643750	                  0	                  0	                  0	                  0	                  0	                  0	                  0	                  0	                  0	                  0	                  0	                  0	                  0	                  0	                  0	                  0	                  0	                  0	                  0	                  0	                  0	                  0	                  0	                  0	             643750	                  0	                  0	                  0	             643750	             643750
*** WBS NL-N-TS2-002-10            COMPUTER	           99782097	                  0	                  0	                  0	           99782097	           55220317	           55245317	                  0	                  0	                  0	           10683537	           10683537	           44536780	                  0	                  0	                  0	           89098560	           44536780	                  0	                  0	                  0	                  0	                  0	                  0	                  0	                  0	                  0	                  0	                  0	                  0	                  0	                  0	                  0	                  0	                  0	                  0	           99782097	                  0	                  0	                  0	           99782097	           99782097
**  WBS NL-N-TS2-002-10-02         CCTV & Network for W	            2527725	                  0	                  0	                  0	            2527725	            2527725	            2527725	                  0	                  0	                  0	            2527725	            2527725	                  0	                  0	                  0	                  0	                  0	                  0	                  0	                  0	                  0	                  0	                  0	                  0	                  0	                  0	                  0	                  0	                  0	                  0	                  0	                  0	                  0	                  0	                  0	                  0	            2527725	                  0	                  0	                  0	            2527725	            2527725
**  WBS NL-N-TS2-002-10-03         CCTV Network System	            8180812	                  0	                  0	                  0	            8180812	            8155812	            8180812	                  0	                  0	                  0	            8155812	            8155812	                  0	                  0	                  0	                  0	              25000	                  0	                  0	                  0	                  0	                  0	                  0	                  0	                  0	                  0	                  0	                  0	                  0	                  0	                  0	                  0	                  0	                  0	                  0	                  0	            8180812	                  0	                  0	                  0	            8180812	            8180812
**  WBS NL-N-TS2-002-10-05         Phase-III -Proposal	                  0	                  0	                  0	                  0	                  0	                  0	                  0	                  0	                  0	                  0	                  0	                  0	                  0	                  0	                  0	                  0	                  0	                  0	                  0	                  0	                  0	                  0	                  0	                  0	                  0	                  0	                  0	                  0	                  0	                  0	                  0	                  0	                  0	                  0	                  0	                  0	                  0	                  0	                  0	                  0	                  0	                  0
**  WBS NL-N-TS2-002-10-06         proc-IP BASED CCTV P	           44536780	                  0	                  0	                  0	           44536780	                  0	           44536780	                  0	                  0	                  0	                  0	                  0	                  0	                  0	                  0	                  0	           44536780	                  0	                  0	                  0	                  0	                  0	                  0	                  0	                  0	                  0	                  0	                  0	                  0	                  0	                  0	                  0	                  0	                  0	                  0	                  0	           44536780	                  0	                  0	                  0	           44536780	           44536780
**  WBS NL-N-TS2-002-10-07         CCTV Camera Phase 3	           44536780	                  0	                  0	                  0	           44536780	           44536780	                  0	                  0	                  0	                  0	                  0	                  0	           44536780	                  0	                  0	                  0	           44536780	           44536780	                  0	                  0	                  0	                  0	                  0	                  0	                  0	                  0	                  0	                  0	                  0	                  0	                  0	                  0	                  0	                  0	                  0	                  0	           44536780	                  0	                  0	                  0	           44536780	           44536780
*** WBS NL-N-TS2-002-11            PLANNING & TECHNICAL	           13338311	                  0	                  0	                  0	           13338311	           12446234	           13338311	                  0	                  0	                  0	           12446234	           12446234	                  0	                  0	                  0	                  0	             892076	                  0	                  0	                  0	                  0	                  0	                  0	                  0	                  0	                  0	                  0	                  0	                  0	                  0	                  0	                  0	                  0	                  0	                  0	                  0	           13338311	                  0	                  0	                  0	           13338311	           13338311
**  WBS NL-N-TS2-002-11-01         Study of MoEF Norms	            3467811	                  0	                  0	                  0	            3467811	            2575734	            3467811	                  0	                  0	                  0	            2575734	            2575734	                  0	                  0	                  0	                  0	             892076	                  0	                  0	                  0	                  0	                  0	                  0	                  0	                  0	                  0	                  0	                  0	                  0	                  0	                  0	                  0	                  0	                  0	                  0	                  0	            3467811	                  0	                  0	                  0	            3467811	            3467811
**  WBS NL-N-TS2-002-11-02         Special Purpose Vehi	            9870500	                  0	                  0	                  0	            9870500	            9870500	            9870500	                  0	                  0	                  0	            9870500	            9870500	                  0	                  0	                  0	                  0	                  0	                  0	                  0	                  0	                  0	                  0	                  0	                  0	                  0	                  0	                  0	                  0	                  0	                  0	                  0	                  0	                  0	                  0	                  0	                  0	            9870500	                  0	                  0	                  0	            9870500	            9870500
*** WBS NL-N-TS2-002-12            BOILER AUXILLARY MAI	           38321703	                  0	                  0	                  0	           38321703	           12641957	           30429315	                  0	                  0	                  0	            4749569	            4749569	            7892388	                  0	                  0	                  0	           33572134	            7892388	                  0	                  0	                  0	                  0	                  0	                  0	                  0	                  0	                  0	                  0	                  0	                  0	                  0	                  0	                  0	                  0	                  0	                  0	           38321703	                  0	                  0	                  0	           38321703	           38321703
**  WBS NL-N-TS2-002-12-01         FIRE PROTECTION SYST	            8541078	                  0	                  0	                  0	            8541078	            2178678	            8541078	                  0	                  0	                  0	            2178678	            2178678	                  0	                  0	                  0	                  0	            6362400	                  0	                  0	                  0	                  0	                  0	                  0	                  0	                  0	                  0	                  0	                  0	                  0	                  0	                  0	                  0	                  0	                  0	                  0	                  0	            8541078	                  0	                  0	                  0	            8541078	            8541078
*   WBS NL-N-TS2-002-12-01-06      9 Ltr Mechanical Foa	             376998	                  0	                  0	                  0	             376998	             376998	             376998	                  0	                  0	                  0	             376998	             376998	                  0	                  0	                  0	                  0	                  0	                  0	                  0	                  0	                  0	                  0	                  0	                  0	                  0	                  0	                  0	                  0	                  0	                  0	                  0	                  0	                  0	                  0	                  0	                  0	             376998	                  0	                  0	                  0	             376998	             376998
*   WBS NL-N-TS2-002-12-01-07      4 Ton capacity Batte	             705679	                  0	                  0	                  0	             705679	             705679	             705679	                  0	                  0	                  0	             705679	             705679	                  0	                  0	                  0	                  0	                  0	                  0	                  0	                  0	                  0	                  0	                  0	                  0	                  0	                  0	                  0	                  0	                  0	                  0	                  0	                  0	                  0	                  0	                  0	                  0	             705679	                  0	                  0	                  0	             705679	             705679
*   WBS NL-N-TS2-002-12-01-08      Procurement of Dry C	             185000	                  0	                  0	                  0	             185000	             185000	             185000	                  0	                  0	                  0	             185000	             185000	                  0	                  0	                  0	                  0	                  0	                  0	                  0	                  0	                  0	                  0	                  0	                  0	                  0	                  0	                  0	                  0	                  0	                  0	                  0	                  0	                  0	                  0	                  0	                  0	             185000	                  0	                  0	                  0	             185000	             185000
*   WBS NL-N-TS2-002-12-01-09      Procurement of Fire	             891000	                  0	                  0	                  0	             891000	             891000	             891000	                  0	                  0	                  0	             891000	             891000	                  0	                  0	                  0	                  0	                  0	                  0	                  0	                  0	                  0	                  0	                  0	                  0	                  0	                  0	                  0	                  0	                  0	                  0	                  0	                  0	                  0	                  0	                  0	                  0	             891000	                  0	                  0	                  0	             891000	             891000
*   WBS NL-N-TS2-002-12-01-10      Procure of Pump/Moto	              20000	                  0	                  0	                  0	              20000	              20000	              20000	                  0	                  0	                  0	              20000	              20000	                  0	                  0	                  0	                  0	                  0	                  0	                  0	                  0	                  0	                  0	                  0	                  0	                  0	                  0	                  0	                  0	                  0	                  0	                  0	                  0	                  0	                  0	                  0	                  0	              20000	                  0	                  0	                  0	              20000	              20000
*   WBS NL-N-TS2-002-12-01-11      Procure of 22 Tons o	            2046000	                  0	                  0	                  0	            2046000	                  0	            2046000	                  0	                  0	                  0	                  0	                  0	                  0	                  0	                  0	                  0	            2046000	                  0	                  0	                  0	                  0	                  0	                  0	                  0	                  0	                  0	                  0	                  0	                  0	                  0	                  0	                  0	                  0	                  0	                  0	                  0	            2046000	                  0	                  0	                  0	            2046000	            2046000
*   WBS NL-N-TS2-002-12-01-12      PROCUREMENT-1100M-20	            4316400	                  0	                  0	                  0	            4316400	                  0	            4316400	                  0	                  0	                  0	                  0	                  0	                  0	                  0	                  0	                  0	            4316400	                  0	                  0	                  0	                  0	                  0	                  0	                  0	                  0	                  0	                  0	                  0	                  0	                  0	                  0	                  0	                  0	                  0	                  0	                  0	            4316400	                  0	                  0	                  0	            4316400	            4316400
**  WBS NL-N-TS2-002-12-02         MECHANICAL MAINTENAN	           29780625	                  0	                  0	                  0	           29780625	           10463279	           21888237	                  0	                  0	                  0	            2570891	            2570891	            7892388	                  0	                  0	                  0	           27209734	            7892388	                  0	                  0	                  0	                  0	                  0	                  0	                  0	                  0	                  0	                  0	                  0	                  0	                  0	                  0	                  0	                  0	                  0	                  0	           29780625	                  0	                  0	                  0	           29780625	           29780625
*   WBS NL-N-TS2-002-12-02-03      N2H4 Dozing Pump for	             358000	                  0	                  0	                  0	             358000	             358000	             358000	                  0	                  0	                  0	             358000	             358000	                  0	                  0	                  0	                  0	                  0	                  0	                  0	                  0	                  0	                  0	                  0	                  0	                  0	                  0	                  0	                  0	                  0	                  0	                  0	                  0	                  0	                  0	                  0	                  0	             358000	                  0	                  0	                  0	             358000	             358000
*   WBS NL-N-TS2-002-12-02-08      Battery Operated Pla	            1031653	                  0	                  0	                  0	            1031653	            1031653	            1031653	                  0	                  0	                  0	            1031653	            1031653	                  0	                  0	                  0	                  0	                  0	                  0	                  0	                  0	                  0	                  0	                  0	                  0	                  0	                  0	                  0	                  0	                  0	                  0	                  0	                  0	                  0	                  0	                  0	                  0	            1031653	                  0	                  0	                  0	            1031653	            1031653
*   WBS NL-N-TS2-002-12-02-09      Phospate dozing Pump	             923238	                  0	                  0	                  0	             923238	             923238	             923238	                  0	                  0	                  0	             923238	             923238	                  0	                  0	                  0	                  0	                  0	                  0	                  0	                  0	                  0	                  0	                  0	                  0	                  0	                  0	                  0	                  0	                  0	                  0	                  0	                  0	                  0	                  0	                  0	                  0	             923238	                  0	                  0	                  0	             923238	             923238
*   WBS NL-N-TS2-002-12-02-10      dECANTING SUMP BARE	             258000	                  0	                  0	                  0	             258000	             258000	             258000	                  0	                  0	                  0	             258000	             258000	                  0	                  0	                  0	                  0	                  0	                  0	                  0	                  0	                  0	                  0	                  0	                  0	                  0	                  0	                  0	                  0	                  0	                  0	                  0	                  0	                  0	                  0	                  0	                  0	             258000	                  0	                  0	                  0	             258000	             258000
*   WBS NL-N-TS2-002-12-02-11      Degassed water pump	            2477646	                  0	                  0	                  0	            2477646	                  0	            2477646	                  0	                  0	                  0	                  0	                  0	                  0	                  0	                  0	                  0	            2477646	                  0	                  0	                  0	                  0	                  0	                  0	                  0	                  0	                  0	                  0	                  0	                  0	                  0	                  0	                  0	                  0	                  0	                  0	                  0	            2477646	                  0	                  0	                  0	            2477646	            2477646
*   WBS NL-N-TS2-002-12-02-12      supply of service ki	            6212000	                  0	                  0	                  0	            6212000	                  0	            6212000	                  0	                  0	                  0	                  0	                  0	                  0	                  0	                  0	                  0	            6212000	                  0	                  0	                  0	                  0	                  0	                  0	                  0	                  0	                  0	                  0	                  0	                  0	                  0	                  0	                  0	                  0	                  0	                  0	                  0	            6212000	                  0	                  0	                  0	            6212000	            6212000
*   WBS NL-N-TS2-002-12-02-13      degasser water tank	           10627700	                  0	                  0	                  0	           10627700	                  0	           10627700	                  0	                  0	                  0	                  0	                  0	                  0	                  0	                  0	                  0	           10627700	                  0	                  0	                  0	                  0	                  0	                  0	                  0	                  0	                  0	                  0	                  0	                  0	                  0	                  0	                  0	                  0	                  0	                  0	                  0	           10627700	                  0	                  0	                  0	           10627700	           10627700
*   WBS NL-N-TS2-002-12-02-14      Repla & rect of supp	            7892388	                  0	                  0	                  0	            7892388	            7892388	                  0	                  0	                  0	                  0	                  0	                  0	            7892388	                  0	                  0	                  0	            7892388	            7892388	                  0	                  0	                  0	                  0	                  0	                  0	                  0	                  0	                  0	                  0	                  0	                  0	                  0	                  0	                  0	                  0	                  0	                  0	            7892388	                  0	                  0	                  0	            7892388	            7892388
Result	         7624730000	         3269450154	        -2641347718	                  0	         8252832436	         5291079315	         5630730000	         3269450154	        -2030719732	                  0	         2820744260	         2820177398	         1994000000	                  0	         -610627986	                  0	         5432088176	         2470901917	                  0	                  0	                  0	                  0	                  0	                  0	                  0	                  0	                  0	                  0	                  0	                  0	                  0	                  0	                  0	                  0	                  0	                  0	         7624730000	         3269450154	        -2641243531	                  0	         8252936623	         8139336616
